{
    "type": "FeatureCollection",
    "features": [
        {
            "type": "Feature",
            "properties": {
                "name": "20260308",
                "time": "2026-03-07T22:52:02Z",
                "coordTimes": [
                    "2026-03-07T22:52:02Z",
                    "2026-03-07T22:52:28Z",
                    "2026-03-07T22:52:58Z",
                    "2026-03-07T22:53:41Z",
                    "2026-03-07T22:54:11Z",
                    "2026-03-07T22:54:41Z",
                    "2026-03-07T22:55:07Z",
                    "2026-03-07T22:55:36Z",
                    "2026-03-07T22:56:52Z",
                    "2026-03-07T22:57:18Z",
                    "2026-03-07T22:57:56Z",
                    "2026-03-07T22:58:23Z",
                    "2026-03-07T22:58:53Z",
                    "2026-03-07T22:59:20Z",
                    "2026-03-07T23:00:42Z",
                    "2026-03-07T23:01:09Z",
                    "2026-03-07T23:02:13Z",
                    "2026-03-07T23:03:17Z",
                    "2026-03-07T23:04:04Z",
                    "2026-03-07T23:04:30Z",
                    "2026-03-07T23:04:56Z",
                    "2026-03-07T23:05:23Z",
                    "2026-03-07T23:05:50Z",
                    "2026-03-07T23:06:15Z",
                    "2026-03-07T23:06:41Z",
                    "2026-03-07T23:07:07Z",
                    "2026-03-07T23:07:34Z",
                    "2026-03-07T23:08:00Z",
                    "2026-03-07T23:08:26Z",
                    "2026-03-07T23:08:52Z",
                    "2026-03-07T23:09:17Z",
                    "2026-03-07T23:09:43Z",
                    "2026-03-07T23:10:10Z",
                    "2026-03-07T23:10:36Z",
                    "2026-03-07T23:11:02Z",
                    "2026-03-07T23:11:26Z",
                    "2026-03-07T23:11:53Z",
                    "2026-03-07T23:12:22Z",
                    "2026-03-07T23:12:49Z",
                    "2026-03-07T23:13:15Z",
                    "2026-03-07T23:13:42Z",
                    "2026-03-07T23:14:26Z",
                    "2026-03-07T23:14:51Z",
                    "2026-03-07T23:15:22Z",
                    "2026-03-07T23:15:49Z",
                    "2026-03-07T23:16:16Z",
                    "2026-03-07T23:16:43Z",
                    "2026-03-07T23:17:10Z",
                    "2026-03-07T23:17:37Z",
                    "2026-03-07T23:18:03Z",
                    "2026-03-07T23:18:30Z",
                    "2026-03-07T23:18:57Z",
                    "2026-03-07T23:19:25Z",
                    "2026-03-07T23:19:53Z",
                    "2026-03-07T23:20:20Z",
                    "2026-03-07T23:20:46Z",
                    "2026-03-07T23:21:14Z",
                    "2026-03-07T23:21:41Z",
                    "2026-03-07T23:22:08Z",
                    "2026-03-07T23:22:35Z",
                    "2026-03-07T23:23:02Z",
                    "2026-03-07T23:23:30Z",
                    "2026-03-07T23:23:59Z",
                    "2026-03-07T23:24:31Z",
                    "2026-03-07T23:25:03Z",
                    "2026-03-07T23:25:32Z",
                    "2026-03-07T23:26:03Z",
                    "2026-03-07T23:26:46Z",
                    "2026-03-07T23:27:20Z",
                    "2026-03-07T23:28:04Z",
                    "2026-03-07T23:28:56Z",
                    "2026-03-07T23:29:26Z",
                    "2026-03-07T23:29:53Z",
                    "2026-03-07T23:30:21Z",
                    "2026-03-07T23:30:52Z",
                    "2026-03-07T23:31:20Z",
                    "2026-03-07T23:31:54Z",
                    "2026-03-07T23:32:40Z",
                    "2026-03-07T23:33:48Z",
                    "2026-03-07T23:34:13Z",
                    "2026-03-07T23:34:43Z",
                    "2026-03-07T23:35:27Z",
                    "2026-03-07T23:35:56Z",
                    "2026-03-07T23:36:24Z",
                    "2026-03-07T23:36:52Z",
                    "2026-03-07T23:37:23Z",
                    "2026-03-07T23:37:51Z",
                    "2026-03-07T23:38:16Z",
                    "2026-03-07T23:38:47Z",
                    "2026-03-07T23:39:58Z",
                    "2026-03-07T23:40:19Z",
                    "2026-03-07T23:40:52Z",
                    "2026-03-07T23:41:19Z",
                    "2026-03-07T23:41:46Z",
                    "2026-03-07T23:43:19Z",
                    "2026-03-07T23:44:15Z",
                    "2026-03-07T23:44:49Z",
                    "2026-03-07T23:45:46Z",
                    "2026-03-07T23:46:16Z",
                    "2026-03-07T23:46:43Z",
                    "2026-03-07T23:47:11Z",
                    "2026-03-07T23:47:49Z",
                    "2026-03-07T23:48:17Z",
                    "2026-03-07T23:48:44Z",
                    "2026-03-07T23:49:11Z",
                    "2026-03-07T23:50:08Z",
                    "2026-03-07T23:50:35Z",
                    "2026-03-07T23:51:02Z",
                    "2026-03-07T23:51:29Z",
                    "2026-03-07T23:51:59Z",
                    "2026-03-07T23:52:24Z",
                    "2026-03-07T23:52:52Z",
                    "2026-03-07T23:53:25Z",
                    "2026-03-07T23:53:52Z",
                    "2026-03-07T23:54:21Z",
                    "2026-03-07T23:54:50Z",
                    "2026-03-07T23:55:18Z",
                    "2026-03-07T23:55:44Z",
                    "2026-03-07T23:56:10Z",
                    "2026-03-07T23:56:37Z",
                    "2026-03-07T23:57:03Z",
                    "2026-03-07T23:57:32Z",
                    "2026-03-07T23:57:59Z",
                    "2026-03-07T23:58:30Z",
                    "2026-03-07T23:59:07Z",
                    "2026-03-07T23:59:38Z",
                    "2026-03-08T00:00:08Z",
                    "2026-03-08T00:00:47Z",
                    "2026-03-08T00:01:17Z",
                    "2026-03-08T00:01:44Z",
                    "2026-03-08T00:02:27Z",
                    "2026-03-08T00:02:56Z",
                    "2026-03-08T00:03:35Z",
                    "2026-03-08T00:04:07Z",
                    "2026-03-08T00:04:34Z",
                    "2026-03-08T00:04:59Z",
                    "2026-03-08T00:05:25Z",
                    "2026-03-08T00:05:53Z",
                    "2026-03-08T00:06:25Z",
                    "2026-03-08T00:06:56Z",
                    "2026-03-08T00:07:24Z",
                    "2026-03-08T00:07:53Z",
                    "2026-03-08T00:08:21Z",
                    "2026-03-08T00:08:48Z",
                    "2026-03-08T00:09:14Z",
                    "2026-03-08T00:09:40Z",
                    "2026-03-08T00:10:08Z",
                    "2026-03-08T00:10:36Z",
                    "2026-03-08T00:11:03Z",
                    "2026-03-08T00:11:31Z",
                    "2026-03-08T00:11:58Z",
                    "2026-03-08T00:12:26Z",
                    "2026-03-08T00:12:53Z",
                    "2026-03-08T00:13:20Z",
                    "2026-03-08T00:13:48Z",
                    "2026-03-08T00:14:15Z",
                    "2026-03-08T00:14:41Z",
                    "2026-03-08T00:15:07Z",
                    "2026-03-08T00:15:33Z",
                    "2026-03-08T00:15:58Z",
                    "2026-03-08T00:16:26Z",
                    "2026-03-08T00:17:18Z",
                    "2026-03-08T00:18:27Z",
                    "2026-03-08T00:19:24Z",
                    "2026-03-08T00:20:16Z",
                    "2026-03-08T00:21:33Z",
                    "2026-03-08T00:22:18Z",
                    "2026-03-08T00:24:16Z",
                    "2026-03-08T00:24:50Z",
                    "2026-03-08T00:25:21Z",
                    "2026-03-08T00:25:53Z",
                    "2026-03-08T00:26:19Z",
                    "2026-03-08T00:26:41Z",
                    "2026-03-08T00:27:07Z",
                    "2026-03-08T00:27:33Z",
                    "2026-03-08T00:27:59Z",
                    "2026-03-08T00:28:23Z",
                    "2026-03-08T00:28:47Z",
                    "2026-03-08T00:29:11Z",
                    "2026-03-08T00:29:37Z",
                    "2026-03-08T00:30:04Z",
                    "2026-03-08T00:30:30Z",
                    "2026-03-08T00:30:58Z",
                    "2026-03-08T00:31:25Z",
                    "2026-03-08T00:31:51Z",
                    "2026-03-08T00:32:17Z",
                    "2026-03-08T00:32:42Z",
                    "2026-03-08T00:33:12Z",
                    "2026-03-08T00:33:43Z",
                    "2026-03-08T00:34:10Z",
                    "2026-03-08T00:34:34Z",
                    "2026-03-08T00:34:57Z",
                    "2026-03-08T00:35:26Z",
                    "2026-03-08T00:35:54Z",
                    "2026-03-08T00:36:23Z",
                    "2026-03-08T00:36:51Z",
                    "2026-03-08T00:37:17Z",
                    "2026-03-08T00:37:49Z",
                    "2026-03-08T00:38:20Z",
                    "2026-03-08T00:39:11Z",
                    "2026-03-08T00:39:43Z",
                    "2026-03-08T00:40:09Z",
                    "2026-03-08T00:40:59Z",
                    "2026-03-08T00:41:40Z",
                    "2026-03-08T00:42:08Z",
                    "2026-03-08T00:42:38Z",
                    "2026-03-08T00:43:11Z",
                    "2026-03-08T00:43:41Z",
                    "2026-03-08T00:44:12Z",
                    "2026-03-08T00:44:58Z",
                    "2026-03-08T00:45:25Z",
                    "2026-03-08T00:45:53Z",
                    "2026-03-08T00:47:05Z",
                    "2026-03-08T00:47:31Z",
                    "2026-03-08T00:48:01Z",
                    "2026-03-08T00:48:52Z",
                    "2026-03-08T00:49:22Z",
                    "2026-03-08T00:49:47Z",
                    "2026-03-08T00:50:18Z",
                    "2026-03-08T00:50:44Z",
                    "2026-03-08T00:51:14Z",
                    "2026-03-08T00:51:44Z",
                    "2026-03-08T00:52:10Z",
                    "2026-03-08T00:52:39Z",
                    "2026-03-08T00:53:17Z",
                    "2026-03-08T00:53:43Z",
                    "2026-03-08T00:54:11Z",
                    "2026-03-08T00:54:38Z",
                    "2026-03-08T00:55:16Z",
                    "2026-03-08T00:55:47Z",
                    "2026-03-08T00:56:14Z",
                    "2026-03-08T00:56:41Z",
                    "2026-03-08T00:57:10Z",
                    "2026-03-08T00:58:04Z",
                    "2026-03-08T00:58:36Z",
                    "2026-03-08T00:59:05Z",
                    "2026-03-08T00:59:32Z",
                    "2026-03-08T00:59:58Z",
                    "2026-03-08T01:00:25Z",
                    "2026-03-08T01:00:57Z",
                    "2026-03-08T01:01:26Z",
                    "2026-03-08T01:01:58Z",
                    "2026-03-08T01:02:26Z",
                    "2026-03-08T01:02:53Z",
                    "2026-03-08T01:03:19Z",
                    "2026-03-08T01:04:02Z",
                    "2026-03-08T01:04:28Z",
                    "2026-03-08T01:04:56Z",
                    "2026-03-08T01:05:21Z",
                    "2026-03-08T01:05:52Z",
                    "2026-03-08T01:06:33Z",
                    "2026-03-08T01:07:03Z",
                    "2026-03-08T01:07:47Z",
                    "2026-03-08T01:08:19Z",
                    "2026-03-08T01:08:47Z",
                    "2026-03-08T01:09:14Z",
                    "2026-03-08T01:09:41Z",
                    "2026-03-08T01:10:08Z",
                    "2026-03-08T01:11:09Z",
                    "2026-03-08T01:11:35Z",
                    "2026-03-08T01:12:02Z",
                    "2026-03-08T01:12:29Z",
                    "2026-03-08T01:12:57Z",
                    "2026-03-08T01:13:22Z",
                    "2026-03-08T01:13:48Z",
                    "2026-03-08T01:14:17Z",
                    "2026-03-08T01:14:46Z",
                    "2026-03-08T01:15:15Z",
                    "2026-03-08T01:15:42Z",
                    "2026-03-08T01:16:08Z",
                    "2026-03-08T01:16:43Z",
                    "2026-03-08T01:17:14Z",
                    "2026-03-08T01:17:41Z",
                    "2026-03-08T01:18:12Z",
                    "2026-03-08T01:18:38Z",
                    "2026-03-08T01:19:04Z",
                    "2026-03-08T01:19:32Z",
                    "2026-03-08T01:20:00Z",
                    "2026-03-08T01:20:35Z",
                    "2026-03-08T01:21:02Z",
                    "2026-03-08T01:21:29Z",
                    "2026-03-08T01:22:00Z",
                    "2026-03-08T01:22:28Z",
                    "2026-03-08T01:22:54Z",
                    "2026-03-08T01:23:18Z",
                    "2026-03-08T01:23:44Z",
                    "2026-03-08T01:24:14Z",
                    "2026-03-08T01:24:40Z",
                    "2026-03-08T01:25:10Z",
                    "2026-03-08T01:25:39Z",
                    "2026-03-08T01:26:16Z",
                    "2026-03-08T01:27:00Z",
                    "2026-03-08T01:27:29Z",
                    "2026-03-08T01:27:56Z",
                    "2026-03-08T01:28:25Z",
                    "2026-03-08T01:28:52Z",
                    "2026-03-08T01:29:21Z",
                    "2026-03-08T01:30:06Z",
                    "2026-03-08T01:30:36Z",
                    "2026-03-08T01:31:04Z",
                    "2026-03-08T01:31:31Z",
                    "2026-03-08T01:31:59Z",
                    "2026-03-08T01:32:27Z",
                    "2026-03-08T01:32:53Z",
                    "2026-03-08T01:33:20Z",
                    "2026-03-08T01:33:45Z",
                    "2026-03-08T01:34:13Z",
                    "2026-03-08T01:34:44Z",
                    "2026-03-08T01:35:11Z",
                    "2026-03-08T01:35:37Z",
                    "2026-03-08T01:36:03Z",
                    "2026-03-08T01:36:30Z",
                    "2026-03-08T01:36:56Z",
                    "2026-03-08T01:37:22Z",
                    "2026-03-08T01:37:49Z",
                    "2026-03-08T01:38:41Z",
                    "2026-03-08T01:39:09Z",
                    "2026-03-08T01:39:39Z",
                    "2026-03-08T01:40:06Z",
                    "2026-03-08T01:40:35Z",
                    "2026-03-08T01:41:02Z",
                    "2026-03-08T01:41:29Z",
                    "2026-03-08T01:41:56Z",
                    "2026-03-08T01:42:24Z",
                    "2026-03-08T01:42:51Z",
                    "2026-03-08T01:43:20Z",
                    "2026-03-08T01:43:45Z",
                    "2026-03-08T01:44:14Z",
                    "2026-03-08T01:44:41Z",
                    "2026-03-08T01:45:07Z",
                    "2026-03-08T01:45:34Z",
                    "2026-03-08T01:46:04Z",
                    "2026-03-08T01:46:32Z",
                    "2026-03-08T01:46:59Z",
                    "2026-03-08T01:47:26Z",
                    "2026-03-08T01:47:53Z",
                    "2026-03-08T01:48:22Z",
                    "2026-03-08T01:48:51Z",
                    "2026-03-08T01:49:17Z",
                    "2026-03-08T01:49:43Z",
                    "2026-03-08T01:50:10Z",
                    "2026-03-08T01:50:36Z",
                    "2026-03-08T01:51:03Z",
                    "2026-03-08T01:51:29Z",
                    "2026-03-08T01:51:59Z",
                    "2026-03-08T01:52:45Z",
                    "2026-03-08T01:59:31Z",
                    "2026-03-08T02:00:08Z",
                    "2026-03-08T02:00:39Z",
                    "2026-03-08T02:01:07Z",
                    "2026-03-08T02:01:32Z",
                    "2026-03-08T02:02:00Z",
                    "2026-03-08T02:02:28Z",
                    "2026-03-08T02:02:55Z",
                    "2026-03-08T02:03:22Z",
                    "2026-03-08T02:03:49Z",
                    "2026-03-08T02:04:17Z",
                    "2026-03-08T02:04:45Z",
                    "2026-03-08T02:05:13Z",
                    "2026-03-08T02:05:41Z",
                    "2026-03-08T02:06:10Z",
                    "2026-03-08T02:06:37Z",
                    "2026-03-08T02:07:05Z",
                    "2026-03-08T02:07:31Z",
                    "2026-03-08T02:07:57Z",
                    "2026-03-08T02:08:24Z",
                    "2026-03-08T02:08:51Z",
                    "2026-03-08T02:09:17Z",
                    "2026-03-08T02:09:43Z",
                    "2026-03-08T02:10:09Z",
                    "2026-03-08T02:10:36Z",
                    "2026-03-08T02:11:03Z",
                    "2026-03-08T02:11:29Z",
                    "2026-03-08T02:11:57Z",
                    "2026-03-08T02:12:24Z",
                    "2026-03-08T02:12:51Z",
                    "2026-03-08T02:13:20Z",
                    "2026-03-08T02:13:47Z",
                    "2026-03-08T02:14:14Z",
                    "2026-03-08T02:14:41Z",
                    "2026-03-08T02:15:09Z",
                    "2026-03-08T02:23:54Z",
                    "2026-03-08T02:24:21Z",
                    "2026-03-08T02:24:47Z",
                    "2026-03-08T02:25:42Z",
                    "2026-03-08T02:26:28Z",
                    "2026-03-08T02:26:55Z",
                    "2026-03-08T02:27:22Z",
                    "2026-03-08T02:27:53Z",
                    "2026-03-08T02:28:39Z",
                    "2026-03-08T02:29:05Z",
                    "2026-03-08T02:29:34Z",
                    "2026-03-08T02:30:02Z",
                    "2026-03-08T02:30:29Z",
                    "2026-03-08T02:30:57Z",
                    "2026-03-08T02:31:24Z",
                    "2026-03-08T02:31:51Z",
                    "2026-03-08T02:32:19Z",
                    "2026-03-08T02:32:46Z",
                    "2026-03-08T02:33:13Z",
                    "2026-03-08T02:33:41Z",
                    "2026-03-08T02:34:31Z",
                    "2026-03-08T02:34:55Z",
                    "2026-03-08T02:35:20Z",
                    "2026-03-08T02:35:47Z",
                    "2026-03-08T02:36:14Z",
                    "2026-03-08T02:36:39Z",
                    "2026-03-08T02:37:07Z",
                    "2026-03-08T02:37:33Z",
                    "2026-03-08T02:37:59Z",
                    "2026-03-08T02:38:26Z",
                    "2026-03-08T02:38:52Z",
                    "2026-03-08T02:39:18Z",
                    "2026-03-08T02:39:44Z",
                    "2026-03-08T02:40:10Z",
                    "2026-03-08T02:40:35Z",
                    "2026-03-08T02:41:00Z",
                    "2026-03-08T02:41:27Z",
                    "2026-03-08T02:41:56Z",
                    "2026-03-08T02:42:24Z",
                    "2026-03-08T02:42:53Z",
                    "2026-03-08T02:43:19Z",
                    "2026-03-08T02:43:45Z",
                    "2026-03-08T02:44:12Z",
                    "2026-03-08T02:44:40Z",
                    "2026-03-08T02:45:09Z",
                    "2026-03-08T02:45:34Z",
                    "2026-03-08T02:46:02Z",
                    "2026-03-08T02:46:31Z",
                    "2026-03-08T02:46:56Z",
                    "2026-03-08T02:47:20Z",
                    "2026-03-08T02:47:48Z",
                    "2026-03-08T02:48:14Z",
                    "2026-03-08T02:48:45Z",
                    "2026-03-08T02:49:10Z",
                    "2026-03-08T02:49:54Z",
                    "2026-03-08T02:50:20Z",
                    "2026-03-08T02:50:47Z",
                    "2026-03-08T02:51:12Z",
                    "2026-03-08T02:51:37Z",
                    "2026-03-08T02:52:04Z",
                    "2026-03-08T02:52:30Z",
                    "2026-03-08T02:52:57Z",
                    "2026-03-08T02:53:24Z",
                    "2026-03-08T02:53:51Z",
                    "2026-03-08T02:54:18Z",
                    "2026-03-08T02:54:48Z",
                    "2026-03-08T02:55:17Z",
                    "2026-03-08T02:55:42Z",
                    "2026-03-08T02:56:19Z",
                    "2026-03-08T02:56:57Z",
                    "2026-03-08T02:57:36Z",
                    "2026-03-08T02:58:08Z",
                    "2026-03-08T02:58:36Z",
                    "2026-03-08T02:59:05Z",
                    "2026-03-08T02:59:36Z",
                    "2026-03-08T03:00:08Z",
                    "2026-03-08T03:00:38Z",
                    "2026-03-08T03:01:05Z",
                    "2026-03-08T03:01:33Z",
                    "2026-03-08T03:02:11Z",
                    "2026-03-08T03:03:09Z",
                    "2026-03-08T03:04:17Z",
                    "2026-03-08T03:04:46Z",
                    "2026-03-08T03:05:13Z",
                    "2026-03-08T03:06:08Z",
                    "2026-03-08T03:06:35Z",
                    "2026-03-08T03:07:04Z",
                    "2026-03-08T03:07:33Z",
                    "2026-03-08T03:08:01Z",
                    "2026-03-08T03:08:27Z",
                    "2026-03-08T03:08:55Z",
                    "2026-03-08T03:09:24Z",
                    "2026-03-08T03:09:51Z",
                    "2026-03-08T03:10:45Z",
                    "2026-03-08T03:11:13Z",
                    "2026-03-08T03:11:40Z",
                    "2026-03-08T03:12:08Z",
                    "2026-03-08T03:12:32Z",
                    "2026-03-08T03:13:03Z",
                    "2026-03-08T03:13:32Z",
                    "2026-03-08T03:14:00Z",
                    "2026-03-08T03:14:28Z",
                    "2026-03-08T03:14:59Z",
                    "2026-03-08T03:15:26Z",
                    "2026-03-08T03:15:52Z",
                    "2026-03-08T03:16:18Z",
                    "2026-03-08T03:16:51Z",
                    "2026-03-08T03:17:17Z",
                    "2026-03-08T03:17:43Z",
                    "2026-03-08T03:18:14Z",
                    "2026-03-08T03:18:40Z",
                    "2026-03-08T03:19:06Z",
                    "2026-03-08T03:19:31Z",
                    "2026-03-08T03:19:57Z",
                    "2026-03-08T03:20:23Z",
                    "2026-03-08T03:20:47Z",
                    "2026-03-08T03:21:13Z",
                    "2026-03-08T03:21:35Z",
                    "2026-03-08T03:22:01Z",
                    "2026-03-08T03:22:26Z",
                    "2026-03-08T03:22:52Z",
                    "2026-03-08T03:23:17Z",
                    "2026-03-08T03:23:43Z",
                    "2026-03-08T03:24:09Z",
                    "2026-03-08T03:24:36Z",
                    "2026-03-08T03:25:02Z",
                    "2026-03-08T03:25:28Z",
                    "2026-03-08T03:25:55Z",
                    "2026-03-08T03:26:20Z",
                    "2026-03-08T03:26:45Z",
                    "2026-03-08T03:27:12Z",
                    "2026-03-08T03:27:37Z",
                    "2026-03-08T03:28:03Z",
                    "2026-03-08T03:28:30Z",
                    "2026-03-08T03:28:58Z",
                    "2026-03-08T03:29:24Z",
                    "2026-03-08T03:29:49Z",
                    "2026-03-08T03:30:17Z",
                    "2026-03-08T03:30:48Z",
                    "2026-03-08T03:31:16Z",
                    "2026-03-08T03:31:44Z",
                    "2026-03-08T03:32:11Z",
                    "2026-03-08T03:32:37Z",
                    "2026-03-08T03:33:08Z",
                    "2026-03-08T03:33:54Z",
                    "2026-03-08T03:34:27Z",
                    "2026-03-08T03:34:57Z",
                    "2026-03-08T03:35:28Z",
                    "2026-03-08T03:35:59Z",
                    "2026-03-08T03:36:31Z",
                    "2026-03-08T03:37:24Z",
                    "2026-03-08T03:38:06Z",
                    "2026-03-08T03:38:36Z",
                    "2026-03-08T03:39:09Z",
                    "2026-03-08T03:39:37Z",
                    "2026-03-08T03:40:07Z",
                    "2026-03-08T03:40:38Z",
                    "2026-03-08T03:41:13Z",
                    "2026-03-08T03:42:00Z",
                    "2026-03-08T03:42:32Z",
                    "2026-03-08T03:43:08Z",
                    "2026-03-08T03:43:41Z",
                    "2026-03-08T03:44:23Z",
                    "2026-03-08T03:46:09Z",
                    "2026-03-08T03:46:36Z",
                    "2026-03-08T03:47:07Z",
                    "2026-03-08T03:48:11Z",
                    "2026-03-08T03:49:35Z",
                    "2026-03-08T03:50:16Z",
                    "2026-03-08T03:50:46Z",
                    "2026-03-08T03:51:25Z",
                    "2026-03-08T03:52:04Z",
                    "2026-03-08T03:52:51Z",
                    "2026-03-08T03:53:25Z",
                    "2026-03-08T03:53:58Z",
                    "2026-03-08T03:54:27Z",
                    "2026-03-08T03:55:12Z",
                    "2026-03-08T03:56:05Z",
                    "2026-03-08T03:56:36Z",
                    "2026-03-08T03:57:04Z",
                    "2026-03-08T03:57:32Z",
                    "2026-03-08T03:57:58Z",
                    "2026-03-08T03:58:25Z",
                    "2026-03-08T03:58:51Z",
                    "2026-03-08T03:59:17Z",
                    "2026-03-08T03:59:47Z",
                    "2026-03-08T04:00:15Z",
                    "2026-03-08T04:00:46Z",
                    "2026-03-08T04:01:16Z",
                    "2026-03-08T04:01:44Z",
                    "2026-03-08T04:02:14Z",
                    "2026-03-08T04:02:45Z",
                    "2026-03-08T04:04:31Z",
                    "2026-03-08T04:04:59Z",
                    "2026-03-08T04:05:25Z",
                    "2026-03-08T04:05:53Z",
                    "2026-03-08T04:06:45Z",
                    "2026-03-08T04:07:02Z",
                    "2026-03-08T04:34:30Z",
                    "2026-03-08T04:35:21Z",
                    "2026-03-08T04:35:52Z",
                    "2026-03-08T04:36:30Z",
                    "2026-03-08T04:38:11Z",
                    "2026-03-08T04:38:44Z",
                    "2026-03-08T04:39:34Z",
                    "2026-03-08T04:40:05Z",
                    "2026-03-08T04:40:33Z",
                    "2026-03-08T04:41:03Z",
                    "2026-03-08T04:41:35Z",
                    "2026-03-08T04:42:04Z",
                    "2026-03-08T04:42:30Z",
                    "2026-03-08T04:42:58Z",
                    "2026-03-08T04:43:32Z",
                    "2026-03-08T04:44:02Z",
                    "2026-03-08T04:44:34Z",
                    "2026-03-08T04:45:38Z",
                    "2026-03-08T04:46:11Z",
                    "2026-03-08T04:46:40Z",
                    "2026-03-08T04:47:07Z",
                    "2026-03-08T04:47:44Z",
                    "2026-03-08T04:48:27Z",
                    "2026-03-08T04:49:58Z",
                    "2026-03-08T04:50:30Z",
                    "2026-03-08T04:51:00Z",
                    "2026-03-08T04:51:32Z",
                    "2026-03-08T04:51:59Z",
                    "2026-03-08T04:53:09Z",
                    "2026-03-08T04:53:37Z",
                    "2026-03-08T04:54:09Z",
                    "2026-03-08T04:55:06Z",
                    "2026-03-08T04:55:34Z",
                    "2026-03-08T04:56:03Z",
                    "2026-03-08T04:56:30Z",
                    "2026-03-08T04:56:57Z",
                    "2026-03-08T04:57:26Z",
                    "2026-03-08T04:58:01Z",
                    "2026-03-08T04:58:28Z",
                    "2026-03-08T04:58:57Z",
                    "2026-03-08T04:59:27Z",
                    "2026-03-08T04:59:53Z",
                    "2026-03-08T05:00:19Z",
                    "2026-03-08T05:01:05Z",
                    "2026-03-08T05:01:36Z",
                    "2026-03-08T05:02:05Z",
                    "2026-03-08T05:02:33Z",
                    "2026-03-08T05:03:03Z",
                    "2026-03-08T05:03:31Z",
                    "2026-03-08T05:03:58Z",
                    "2026-03-08T05:04:24Z",
                    "2026-03-08T05:04:50Z",
                    "2026-03-08T05:05:15Z",
                    "2026-03-08T05:05:45Z",
                    "2026-03-08T05:06:11Z",
                    "2026-03-08T05:06:40Z",
                    "2026-03-08T05:07:08Z",
                    "2026-03-08T05:07:36Z",
                    "2026-03-08T05:08:17Z",
                    "2026-03-08T05:09:09Z",
                    "2026-03-08T05:09:36Z",
                    "2026-03-08T05:10:05Z",
                    "2026-03-08T05:10:33Z",
                    "2026-03-08T05:11:00Z",
                    "2026-03-08T05:11:29Z",
                    "2026-03-08T05:11:55Z",
                    "2026-03-08T05:12:20Z",
                    "2026-03-08T05:12:51Z",
                    "2026-03-08T05:13:28Z",
                    "2026-03-08T05:13:55Z",
                    "2026-03-08T05:14:26Z",
                    "2026-03-08T05:15:07Z",
                    "2026-03-08T05:15:36Z",
                    "2026-03-08T05:16:02Z",
                    "2026-03-08T05:16:32Z",
                    "2026-03-08T05:17:24Z",
                    "2026-03-08T05:17:49Z",
                    "2026-03-08T05:18:15Z",
                    "2026-03-08T05:18:41Z",
                    "2026-03-08T05:19:07Z",
                    "2026-03-08T05:19:37Z",
                    "2026-03-08T05:20:03Z",
                    "2026-03-08T05:20:29Z",
                    "2026-03-08T05:20:57Z",
                    "2026-03-08T05:21:23Z",
                    "2026-03-08T05:21:50Z",
                    "2026-03-08T05:22:20Z",
                    "2026-03-08T05:22:49Z",
                    "2026-03-08T05:23:16Z",
                    "2026-03-08T05:23:44Z",
                    "2026-03-08T05:24:12Z",
                    "2026-03-08T05:24:42Z",
                    "2026-03-08T05:25:12Z",
                    "2026-03-08T05:25:46Z",
                    "2026-03-08T05:26:15Z",
                    "2026-03-08T05:26:43Z",
                    "2026-03-08T05:27:09Z",
                    "2026-03-08T05:27:37Z",
                    "2026-03-08T05:28:05Z",
                    "2026-03-08T05:28:32Z",
                    "2026-03-08T05:29:02Z",
                    "2026-03-08T05:29:29Z",
                    "2026-03-08T05:29:59Z",
                    "2026-03-08T05:30:25Z",
                    "2026-03-08T05:30:51Z",
                    "2026-03-08T05:31:17Z",
                    "2026-03-08T05:31:43Z",
                    "2026-03-08T05:32:09Z",
                    "2026-03-08T05:32:35Z",
                    "2026-03-08T05:33:03Z",
                    "2026-03-08T05:33:32Z",
                    "2026-03-08T05:33:58Z",
                    "2026-03-08T05:34:26Z",
                    "2026-03-08T05:34:52Z",
                    "2026-03-08T05:35:21Z",
                    "2026-03-08T05:35:48Z",
                    "2026-03-08T05:36:16Z",
                    "2026-03-08T05:36:42Z",
                    "2026-03-08T05:37:09Z",
                    "2026-03-08T05:37:34Z",
                    "2026-03-08T05:38:01Z",
                    "2026-03-08T05:38:29Z",
                    "2026-03-08T05:38:56Z",
                    "2026-03-08T05:39:23Z",
                    "2026-03-08T05:39:49Z",
                    "2026-03-08T05:40:19Z",
                    "2026-03-08T05:40:47Z",
                    "2026-03-08T05:41:15Z",
                    "2026-03-08T05:41:43Z",
                    "2026-03-08T05:42:10Z",
                    "2026-03-08T05:42:37Z",
                    "2026-03-08T05:43:05Z",
                    "2026-03-08T05:43:34Z",
                    "2026-03-08T05:43:59Z",
                    "2026-03-08T05:44:27Z",
                    "2026-03-08T05:44:55Z",
                    "2026-03-08T05:45:46Z",
                    "2026-03-08T05:46:15Z",
                    "2026-03-08T05:47:26Z",
                    "2026-03-08T05:47:56Z",
                    "2026-03-08T05:48:36Z",
                    "2026-03-08T05:49:02Z",
                    "2026-03-08T05:49:31Z",
                    "2026-03-08T05:50:02Z",
                    "2026-03-08T05:50:49Z",
                    "2026-03-08T05:51:22Z"
                ]
            },
            "geometry": {
                "type": "LineString",
                "coordinates": [
                    [
                        138.9240318164602,
                        34.87277415503077,
                        348
                    ],
                    [
                        138.92409509863458,
                        34.87294612732645,
                        332
                    ],
                    [
                        138.92376636966782,
                        34.87300673989464,
                        327
                    ],
                    [
                        138.92346681502798,
                        34.872995177487205,
                        314
                    ],
                    [
                        138.92324752185164,
                        34.872792078353,
                        312
                    ],
                    [
                        138.9230696113916,
                        34.87250762189186,
                        307
                    ],
                    [
                        138.92285110205805,
                        34.8722819273579,
                        310
                    ],
                    [
                        138.92255081578259,
                        34.872213710425314,
                        320
                    ],
                    [
                        138.9227351012801,
                        34.87221175237244,
                        321
                    ],
                    [
                        138.92289079526074,
                        34.87229558921181,
                        316
                    ],
                    [
                        138.92305890208448,
                        34.87256260657152,
                        320
                    ],
                    [
                        138.92317929544265,
                        34.87274901637398,
                        317
                    ],
                    [
                        138.92333426207935,
                        34.873021935527824,
                        316
                    ],
                    [
                        138.92359823425008,
                        34.872999843349405,
                        316
                    ],
                    [
                        138.9238444332863,
                        34.872992103352566,
                        327
                    ],
                    [
                        138.92419333855304,
                        34.87291247294262,
                        331
                    ],
                    [
                        138.92441660910976,
                        34.87296989461458,
                        329
                    ],
                    [
                        138.9244692076536,
                        34.87264197614015,
                        329
                    ],
                    [
                        138.92459226189362,
                        34.872489347790236,
                        331
                    ],
                    [
                        138.92482555228136,
                        34.872231527592135,
                        337
                    ],
                    [
                        138.92505580098228,
                        34.87198947131694,
                        341
                    ],
                    [
                        138.92533214075925,
                        34.87173532280198,
                        341
                    ],
                    [
                        138.92559292702273,
                        34.87147942232828,
                        346
                    ],
                    [
                        138.92555100577,
                        34.87124457920907,
                        348
                    ],
                    [
                        138.92515940247068,
                        34.87119342549807,
                        349
                    ],
                    [
                        138.92485601618816,
                        34.871009689230895,
                        350
                    ],
                    [
                        138.92461591909264,
                        34.87072686514612,
                        356
                    ],
                    [
                        138.9243596120268,
                        34.87048081635688,
                        356
                    ],
                    [
                        138.92408536735883,
                        34.87025628713108,
                        359
                    ],
                    [
                        138.92380190403873,
                        34.87003390152056,
                        358
                    ],
                    [
                        138.92354255774387,
                        34.86979135647369,
                        360
                    ],
                    [
                        138.92326824225557,
                        34.869572029142624,
                        365
                    ],
                    [
                        138.9230122979018,
                        34.86929956573877,
                        369
                    ],
                    [
                        138.92277271240934,
                        34.86905785425404,
                        373
                    ],
                    [
                        138.92256230529247,
                        34.86878562903983,
                        378
                    ],
                    [
                        138.92239074465658,
                        34.868479814015146,
                        384
                    ],
                    [
                        138.922274391795,
                        34.868164491218614,
                        388
                    ],
                    [
                        138.92208534132234,
                        34.867877859981796,
                        396
                    ],
                    [
                        138.92194746495107,
                        34.8675820822556,
                        397
                    ],
                    [
                        138.92180237637922,
                        34.86731463976664,
                        403
                    ],
                    [
                        138.92172521905778,
                        34.86703296725872,
                        397
                    ],
                    [
                        138.9217302064926,
                        34.86679817448019,
                        401
                    ],
                    [
                        138.92161839606945,
                        34.86650359084726,
                        406
                    ],
                    [
                        138.92148795127378,
                        34.86619861288376,
                        406
                    ],
                    [
                        138.9214561277243,
                        34.865863528589955,
                        408
                    ],
                    [
                        138.92138510625733,
                        34.86553715325877,
                        410
                    ],
                    [
                        138.92131737661873,
                        34.86520704704106,
                        411
                    ],
                    [
                        138.92124902383782,
                        34.86487133067444,
                        413
                    ],
                    [
                        138.92118017667417,
                        34.8645274078088,
                        415
                    ],
                    [
                        138.9211137593452,
                        34.86421263273398,
                        418
                    ],
                    [
                        138.92104371857414,
                        34.86386758373339,
                        424
                    ],
                    [
                        138.92106838606946,
                        34.863546222174854,
                        428
                    ],
                    [
                        138.9212486053161,
                        34.86323032700299,
                        426
                    ],
                    [
                        138.92143804337906,
                        34.86294103708034,
                        428
                    ],
                    [
                        138.92160827294163,
                        34.86264505756485,
                        435
                    ],
                    [
                        138.9217702680653,
                        34.86230118843579,
                        432
                    ],
                    [
                        138.92191895239077,
                        34.8619965424431,
                        427
                    ],
                    [
                        138.92217375196432,
                        34.8618257983866,
                        429
                    ],
                    [
                        138.922500624495,
                        34.86167154917844,
                        429
                    ],
                    [
                        138.92278854233288,
                        34.861436775271635,
                        428
                    ],
                    [
                        138.92298120214437,
                        34.86120542589928,
                        433
                    ],
                    [
                        138.92308767071768,
                        34.860908857804766,
                        439
                    ],
                    [
                        138.9232398061999,
                        34.86070180644006,
                        446
                    ],
                    [
                        138.9232887506328,
                        34.86043338127416,
                        445
                    ],
                    [
                        138.92343627556954,
                        34.860289737373584,
                        450
                    ],
                    [
                        138.92346277070206,
                        34.86003078452461,
                        443
                    ],
                    [
                        138.92333183398634,
                        34.85986175852711,
                        445
                    ],
                    [
                        138.92326408524323,
                        34.859630212901905,
                        443
                    ],
                    [
                        138.92351864671775,
                        34.85954725444318,
                        441
                    ],
                    [
                        138.92344153869942,
                        34.85933321852601,
                        442
                    ],
                    [
                        138.92365520504308,
                        34.85918376188094,
                        448
                    ],
                    [
                        138.92396202033817,
                        34.85909132622878,
                        455
                    ],
                    [
                        138.9240354931685,
                        34.858833421852125,
                        450
                    ],
                    [
                        138.92430443028815,
                        34.85867366457302,
                        453
                    ],
                    [
                        138.92464516673024,
                        34.858571147100896,
                        458
                    ],
                    [
                        138.9248189987596,
                        34.85841524138459,
                        456
                    ],
                    [
                        138.92478047712424,
                        34.85818336124266,
                        446
                    ],
                    [
                        138.92487214215137,
                        34.857926077112396,
                        447
                    ],
                    [
                        138.92463583938843,
                        34.85762453413417,
                        453
                    ],
                    [
                        138.92438703327818,
                        34.857366025321326,
                        453
                    ],
                    [
                        138.92421842433296,
                        34.85724716565571,
                        455
                    ],
                    [
                        138.92391267247123,
                        34.85743030865219,
                        449
                    ],
                    [
                        138.92376706611205,
                        34.857252594704235,
                        449
                    ],
                    [
                        138.92358615672822,
                        34.85701546956758,
                        445
                    ],
                    [
                        138.92333092230663,
                        34.85678526253235,
                        446
                    ],
                    [
                        138.92325021198644,
                        34.856608175411374,
                        448
                    ],
                    [
                        138.92307058576355,
                        34.85639179910451,
                        447
                    ],
                    [
                        138.92282301478753,
                        34.85617781927955,
                        446
                    ],
                    [
                        138.92254513817616,
                        34.855983373825595,
                        445
                    ],
                    [
                        138.9225358614801,
                        34.85541064171398,
                        449
                    ],
                    [
                        138.92250606684303,
                        34.85589353555505,
                        448
                    ],
                    [
                        138.9222343318474,
                        34.85604879454542,
                        444
                    ],
                    [
                        138.92202031877193,
                        34.855871816599404,
                        445
                    ],
                    [
                        138.92190405067,
                        34.85566946711427,
                        447
                    ],
                    [
                        138.9217838687457,
                        34.855621984699155,
                        448
                    ],
                    [
                        138.92202524723933,
                        34.85566771028606,
                        449
                    ],
                    [
                        138.92202891486718,
                        34.85549582930667,
                        446
                    ],
                    [
                        138.9220552649068,
                        34.855253743811275,
                        444
                    ],
                    [
                        138.92188699699142,
                        34.85501086489683,
                        453
                    ],
                    [
                        138.92167940544064,
                        34.85482928392065,
                        454
                    ],
                    [
                        138.9216731031737,
                        34.85460031935767,
                        456
                    ],
                    [
                        138.92147280733778,
                        34.854415953511456,
                        464
                    ],
                    [
                        138.92127293729956,
                        34.85417378705414,
                        461
                    ],
                    [
                        138.92109640691572,
                        34.853884698358485,
                        462
                    ],
                    [
                        138.92091230188356,
                        34.85365251395801,
                        463
                    ],
                    [
                        138.92081400743666,
                        34.85351042514255,
                        471
                    ],
                    [
                        138.9206859329314,
                        34.85324696168828,
                        468
                    ],
                    [
                        138.92062424444262,
                        34.852949988687534,
                        468
                    ],
                    [
                        138.92049339008446,
                        34.85265322947674,
                        473
                    ],
                    [
                        138.9203803936888,
                        34.8523925552747,
                        468
                    ],
                    [
                        138.92048873274274,
                        34.85210871493026,
                        468
                    ],
                    [
                        138.92046174518015,
                        34.85183092313641,
                        467
                    ],
                    [
                        138.9201983385108,
                        34.851705480610725,
                        467
                    ],
                    [
                        138.92005576513796,
                        34.85145262289901,
                        467
                    ],
                    [
                        138.92010411270823,
                        34.851119743402286,
                        470
                    ],
                    [
                        138.92013470499296,
                        34.850920211400535,
                        474
                    ],
                    [
                        138.92002758449718,
                        34.85063720064349,
                        470
                    ],
                    [
                        138.9200612389758,
                        34.85036007409024,
                        470
                    ],
                    [
                        138.92017218667334,
                        34.85004875296477,
                        479
                    ],
                    [
                        138.9203127714884,
                        34.84977291244563,
                        470
                    ],
                    [
                        138.920539703649,
                        34.849518389581704,
                        470
                    ],
                    [
                        138.9208789343881,
                        34.84933513763081,
                        470
                    ],
                    [
                        138.92113001509915,
                        34.84913024292011,
                        471
                    ],
                    [
                        138.92101600757704,
                        34.84891819374601,
                        477
                    ],
                    [
                        138.92081744550458,
                        34.84882948136714,
                        469
                    ],
                    [
                        138.92049608267638,
                        34.84905213435104,
                        467
                    ],
                    [
                        138.9202499196205,
                        34.84913559239341,
                        464
                    ],
                    [
                        138.9201230438243,
                        34.84896861959984,
                        476
                    ],
                    [
                        138.91993401705759,
                        34.84872506827162,
                        474
                    ],
                    [
                        138.91971982421205,
                        34.84848940420817,
                        480
                    ],
                    [
                        138.91945987946806,
                        34.84822631073125,
                        481
                    ],
                    [
                        138.9193750005388,
                        34.84815741223289,
                        480
                    ],
                    [
                        138.91909320509276,
                        34.84799723271647,
                        482
                    ],
                    [
                        138.91877643362534,
                        34.84791408129453,
                        487
                    ],
                    [
                        138.91843618512326,
                        34.84788825968653,
                        484
                    ],
                    [
                        138.91815445249972,
                        34.84783916853687,
                        485
                    ],
                    [
                        138.9178229194228,
                        34.847746767313005,
                        491
                    ],
                    [
                        138.9174262560489,
                        34.84770654162579,
                        493
                    ],
                    [
                        138.91717567488513,
                        34.847738172536076,
                        494
                    ],
                    [
                        138.91683735512373,
                        34.84782438532747,
                        492
                    ],
                    [
                        138.91645621151233,
                        34.84768470919262,
                        499
                    ],
                    [
                        138.91615130215337,
                        34.847471457842076,
                        501
                    ],
                    [
                        138.9160995659639,
                        34.84722727095853,
                        493
                    ],
                    [
                        138.91581284379714,
                        34.8470764408344,
                        500
                    ],
                    [
                        138.9155260378665,
                        34.84698353456209,
                        502
                    ],
                    [
                        138.91529243256343,
                        34.847049569096825,
                        505
                    ],
                    [
                        138.91493392231047,
                        34.8469840131314,
                        514
                    ],
                    [
                        138.91467670610058,
                        34.846782336184894,
                        513
                    ],
                    [
                        138.91433103846597,
                        34.84669413950913,
                        516
                    ],
                    [
                        138.91407258446065,
                        34.84644209368435,
                        519
                    ],
                    [
                        138.91395022276117,
                        34.846179042623966,
                        524
                    ],
                    [
                        138.91401570397855,
                        34.845885843032164,
                        522
                    ],
                    [
                        138.91387528121294,
                        34.84560203438947,
                        527
                    ],
                    [
                        138.9136773728384,
                        34.84534926687912,
                        531
                    ],
                    [
                        138.91341264534856,
                        34.84514153692717,
                        534
                    ],
                    [
                        138.91318020939943,
                        34.84489933171107,
                        538
                    ],
                    [
                        138.91285808561852,
                        34.84478496708178,
                        539
                    ],
                    [
                        138.91256997392085,
                        34.84461837733853,
                        542
                    ],
                    [
                        138.91222836564222,
                        34.84454253403343,
                        548
                    ],
                    [
                        138.91192191885287,
                        34.844377142242045,
                        547
                    ],
                    [
                        138.9116553214285,
                        34.84413922469916,
                        552
                    ],
                    [
                        138.91144772940098,
                        34.84414579768014,
                        554
                    ],
                    [
                        138.9112569747441,
                        34.84421846896609,
                        569
                    ],
                    [
                        138.9114137697145,
                        34.84413622226686,
                        563
                    ],
                    [
                        138.9116717424754,
                        34.844070399469985,
                        555
                    ],
                    [
                        138.91186381273698,
                        34.84400446666768,
                        547
                    ],
                    [
                        138.91202218951975,
                        34.84402986696286,
                        547
                    ],
                    [
                        138.91176731072676,
                        34.844041308019634,
                        547
                    ],
                    [
                        138.91165379451613,
                        34.844191304580825,
                        554
                    ],
                    [
                        138.91188627897964,
                        34.844345950184525,
                        546
                    ],
                    [
                        138.91220782816941,
                        34.844481918382726,
                        546
                    ],
                    [
                        138.91267694841707,
                        34.84470200583777,
                        538
                    ],
                    [
                        138.91313558806652,
                        34.8448721266128,
                        533
                    ],
                    [
                        138.91345304330983,
                        34.845162415497484,
                        529
                    ],
                    [
                        138.91376386477663,
                        34.84548928472708,
                        528
                    ],
                    [
                        138.9139933963975,
                        34.8458598450724,
                        520
                    ],
                    [
                        138.9139411941274,
                        34.846244946466015,
                        514
                    ],
                    [
                        138.91425509232675,
                        34.84664154577749,
                        515
                    ],
                    [
                        138.91471318831302,
                        34.846830163992585,
                        507
                    ],
                    [
                        138.91504325183337,
                        34.847040264386884,
                        508
                    ],
                    [
                        138.9154523492437,
                        34.847083367825256,
                        504
                    ],
                    [
                        138.9158205586948,
                        34.84715178478651,
                        500
                    ],
                    [
                        138.9160785904743,
                        34.84739536466086,
                        498
                    ],
                    [
                        138.91632836553904,
                        34.8476370812165,
                        497
                    ],
                    [
                        138.9166613031051,
                        34.847793561572004,
                        494
                    ],
                    [
                        138.91704694582313,
                        34.84783527229,
                        495
                    ],
                    [
                        138.9172447887695,
                        34.8477168381738,
                        492
                    ],
                    [
                        138.91755684833274,
                        34.84775753348692,
                        493
                    ],
                    [
                        138.91785517482853,
                        34.84768706962823,
                        501
                    ],
                    [
                        138.91821829637004,
                        34.847854481624175,
                        489
                    ],
                    [
                        138.91855253621569,
                        34.84794010768549,
                        483
                    ],
                    [
                        138.91880751172363,
                        34.84796655285516,
                        482
                    ],
                    [
                        138.91914000338383,
                        34.84804267273345,
                        483
                    ],
                    [
                        138.91936487696088,
                        34.8482171164102,
                        481
                    ],
                    [
                        138.91952989119036,
                        34.848494157113535,
                        481
                    ],
                    [
                        138.91977683704795,
                        34.848710091059196,
                        478
                    ],
                    [
                        138.91996638372052,
                        34.84891837613573,
                        475
                    ],
                    [
                        138.92005337105664,
                        34.84906195771545,
                        479
                    ],
                    [
                        138.92009681091562,
                        34.84927060958117,
                        479
                    ],
                    [
                        138.9202353684174,
                        34.84921175300691,
                        476
                    ],
                    [
                        138.92056076687257,
                        34.84910047625067,
                        472
                    ],
                    [
                        138.9208201439329,
                        34.84886216404129,
                        474
                    ],
                    [
                        138.92112965487186,
                        34.8489345625746,
                        474
                    ],
                    [
                        138.9211283569026,
                        34.84866283929196,
                        478
                    ],
                    [
                        138.9212343284366,
                        34.84845873768584,
                        489
                    ],
                    [
                        138.92125295493054,
                        34.84819937766375,
                        489
                    ],
                    [
                        138.921256534958,
                        34.847951955843385,
                        491
                    ],
                    [
                        138.9212534920111,
                        34.847688491613184,
                        492
                    ],
                    [
                        138.92146121282684,
                        34.84751584839893,
                        498
                    ],
                    [
                        138.92162203464494,
                        34.84738243510321,
                        498
                    ],
                    [
                        138.921700252251,
                        34.84711299341822,
                        497
                    ],
                    [
                        138.92176910429086,
                        34.846825853340434,
                        499
                    ],
                    [
                        138.92203328380714,
                        34.84667593093953,
                        500
                    ],
                    [
                        138.92200289107416,
                        34.84641370980111,
                        498
                    ],
                    [
                        138.9220187186886,
                        34.84619615934649,
                        502
                    ],
                    [
                        138.92204598089307,
                        34.846095508269116,
                        505
                    ],
                    [
                        138.92185225426056,
                        34.84589226605392,
                        499
                    ],
                    [
                        138.9217212543544,
                        34.8456255397894,
                        503
                    ],
                    [
                        138.92160046217555,
                        34.84536994035023,
                        505
                    ],
                    [
                        138.9215210579797,
                        34.84509775850055,
                        505
                    ],
                    [
                        138.92162485393678,
                        34.844892331182216,
                        505
                    ],
                    [
                        138.92180407053976,
                        34.84463092938279,
                        506
                    ],
                    [
                        138.92190888221185,
                        34.84434699619301,
                        507
                    ],
                    [
                        138.92194185584313,
                        34.844066787672425,
                        513
                    ],
                    [
                        138.92190409021126,
                        34.843797231226446,
                        513
                    ],
                    [
                        138.9216310819119,
                        34.843615745118804,
                        515
                    ],
                    [
                        138.921659023777,
                        34.84336282925305,
                        511
                    ],
                    [
                        138.921735202389,
                        34.843052095125415,
                        515
                    ],
                    [
                        138.92159046931496,
                        34.84283450458461,
                        525
                    ],
                    [
                        138.92145209888466,
                        34.84255063880606,
                        520
                    ],
                    [
                        138.92118526512257,
                        34.84235459502079,
                        512
                    ],
                    [
                        138.92096417882814,
                        34.84212312584827,
                        514
                    ],
                    [
                        138.9207964244626,
                        34.84199491092532,
                        523
                    ],
                    [
                        138.92064974950694,
                        34.84179584928077,
                        523
                    ],
                    [
                        138.9203827866773,
                        34.84166324271298,
                        525
                    ],
                    [
                        138.92018583267665,
                        34.841386802384115,
                        524
                    ],
                    [
                        138.9201112072473,
                        34.84112709786148,
                        527
                    ],
                    [
                        138.9200032329706,
                        34.840890055610835,
                        528
                    ],
                    [
                        138.91992078988008,
                        34.840617481028964,
                        532
                    ],
                    [
                        138.92006936428942,
                        34.84044791770433,
                        534
                    ],
                    [
                        138.9201169283555,
                        34.84029383873683,
                        537
                    ],
                    [
                        138.92020913036612,
                        34.84002936652166,
                        542
                    ],
                    [
                        138.92041133749746,
                        34.83976188409754,
                        541
                    ],
                    [
                        138.92035781566997,
                        34.83945719367504,
                        536
                    ],
                    [
                        138.9201782826099,
                        34.83922248970972,
                        534
                    ],
                    [
                        138.92006114563134,
                        34.838932301717314,
                        535
                    ],
                    [
                        138.91992245391407,
                        34.838695473919636,
                        536
                    ],
                    [
                        138.91992336574685,
                        34.83834458082072,
                        531
                    ],
                    [
                        138.91979493188006,
                        34.838037408689935,
                        537
                    ],
                    [
                        138.9198295434669,
                        34.837880124992644,
                        535
                    ],
                    [
                        138.9198558713125,
                        34.83764439277153,
                        535
                    ],
                    [
                        138.9199355151056,
                        34.83750133714801,
                        534
                    ],
                    [
                        138.9200976421032,
                        34.83726279384833,
                        536
                    ],
                    [
                        138.92032307613698,
                        34.837002529252615,
                        538
                    ],
                    [
                        138.92042637708724,
                        34.83677550309818,
                        547
                    ],
                    [
                        138.9207382453819,
                        34.83660944266283,
                        551
                    ],
                    [
                        138.92105500387103,
                        34.83645606833773,
                        552
                    ],
                    [
                        138.92140899908145,
                        34.836371233812535,
                        555
                    ],
                    [
                        138.9217240136769,
                        34.83626599812016,
                        558
                    ],
                    [
                        138.92201163358467,
                        34.83624601136607,
                        556
                    ],
                    [
                        138.92233823470323,
                        34.8362710891314,
                        557
                    ],
                    [
                        138.922705496494,
                        34.836339958113214,
                        556
                    ],
                    [
                        138.9229986367934,
                        34.83623258612852,
                        568
                    ],
                    [
                        138.92321526446815,
                        34.836002495703674,
                        565
                    ],
                    [
                        138.92335807120034,
                        34.835788276021525,
                        562
                    ],
                    [
                        138.9236817372498,
                        34.83571676359467,
                        558
                    ],
                    [
                        138.9238831729042,
                        34.83545514665001,
                        558
                    ],
                    [
                        138.92401195225995,
                        34.8352382170332,
                        558
                    ],
                    [
                        138.92436186089995,
                        34.83506062402744,
                        569
                    ],
                    [
                        138.92460224649844,
                        34.83497720331284,
                        567
                    ],
                    [
                        138.9249414208794,
                        34.835004617340964,
                        570
                    ],
                    [
                        138.9251800817483,
                        34.835256235581014,
                        568
                    ],
                    [
                        138.92534645222653,
                        34.83552254663521,
                        565
                    ],
                    [
                        138.92546551885502,
                        34.835764652453285,
                        562
                    ],
                    [
                        138.9254976803514,
                        34.835996704831,
                        568
                    ],
                    [
                        138.9258271726529,
                        34.83597667922216,
                        576
                    ],
                    [
                        138.92617037745072,
                        34.83586857136555,
                        573
                    ],
                    [
                        138.92652018787575,
                        34.835778687403305,
                        568
                    ],
                    [
                        138.92686662909816,
                        34.835705346560935,
                        575
                    ],
                    [
                        138.92719306623832,
                        34.83566000858654,
                        577
                    ],
                    [
                        138.92750901679364,
                        34.83552653902524,
                        579
                    ],
                    [
                        138.9278714197267,
                        34.83536754040151,
                        581
                    ],
                    [
                        138.92817562936074,
                        34.83517003781768,
                        585
                    ],
                    [
                        138.92840988303718,
                        34.83496838471794,
                        588
                    ],
                    [
                        138.92866745193018,
                        34.834756761360524,
                        586
                    ],
                    [
                        138.9290537511527,
                        34.83471766935965,
                        582
                    ],
                    [
                        138.9294142013407,
                        34.83472905088016,
                        592
                    ],
                    [
                        138.92972281621783,
                        34.834882808677946,
                        591
                    ],
                    [
                        138.9296444850288,
                        34.83506191018291,
                        596
                    ],
                    [
                        138.92948729574778,
                        34.8351515008517,
                        600
                    ],
                    [
                        138.92945453645848,
                        34.835391936008044,
                        605
                    ],
                    [
                        138.92940641024668,
                        34.835536042061,
                        610
                    ],
                    [
                        138.92954987215413,
                        34.83583076889533,
                        611
                    ],
                    [
                        138.9297834935691,
                        34.83611789621501,
                        614
                    ],
                    [
                        138.92983191497643,
                        34.83644291451006,
                        618
                    ],
                    [
                        138.92995690783746,
                        34.83674743213316,
                        622
                    ],
                    [
                        138.9300927767095,
                        34.83703485389341,
                        624
                    ],
                    [
                        138.93027706285687,
                        34.837175600352516,
                        622
                    ],
                    [
                        138.93058988345692,
                        34.8373753258234,
                        623
                    ],
                    [
                        138.93080915158984,
                        34.837619989043695,
                        629
                    ],
                    [
                        138.93116213382325,
                        34.83771274302997,
                        630
                    ],
                    [
                        138.93149420259957,
                        34.83768943907783,
                        632
                    ],
                    [
                        138.93186031100396,
                        34.83756246489219,
                        636
                    ],
                    [
                        138.93214546619683,
                        34.83740588444871,
                        641
                    ],
                    [
                        138.93246512742783,
                        34.83727247236896,
                        638
                    ],
                    [
                        138.93280273053057,
                        34.83725879870387,
                        639
                    ],
                    [
                        138.93315742046582,
                        34.837178564650685,
                        641
                    ],
                    [
                        138.93352188586098,
                        34.83710234735763,
                        643
                    ],
                    [
                        138.93387755433108,
                        34.837040305679224,
                        649
                    ],
                    [
                        138.9342147973514,
                        34.836963669870876,
                        648
                    ],
                    [
                        138.93450807157322,
                        34.83676999158055,
                        650
                    ],
                    [
                        138.9348300605284,
                        34.8366115086525,
                        654
                    ],
                    [
                        138.93517427769993,
                        34.83649660962371,
                        653
                    ],
                    [
                        138.9355499844367,
                        34.836385240295854,
                        656
                    ],
                    [
                        138.93573653433145,
                        34.83615597348351,
                        658
                    ],
                    [
                        138.93542692731452,
                        34.83599390273958,
                        659
                    ],
                    [
                        138.9350688849775,
                        34.83583747333602,
                        654
                    ],
                    [
                        138.9347883218218,
                        34.83584187892319,
                        660
                    ],
                    [
                        138.93442912108813,
                        34.83595653961626,
                        658
                    ],
                    [
                        138.9342356140922,
                        34.836006753397484,
                        656
                    ],
                    [
                        138.9339551616297,
                        34.83617604471083,
                        661
                    ],
                    [
                        138.9335797832918,
                        34.836285409571076,
                        665
                    ],
                    [
                        138.9332150222508,
                        34.83637050587618,
                        666
                    ],
                    [
                        138.93279973822078,
                        34.83637038391881,
                        674
                    ],
                    [
                        138.93242392847645,
                        34.83631701050387,
                        675
                    ],
                    [
                        138.93205276158412,
                        34.836352199503125,
                        678
                    ],
                    [
                        138.9317476023138,
                        34.83650483094322,
                        680
                    ],
                    [
                        138.9314234657418,
                        34.83640555666771,
                        680
                    ],
                    [
                        138.93152411833003,
                        34.83606829614625,
                        678
                    ],
                    [
                        138.93159081308784,
                        34.83575791087408,
                        678
                    ],
                    [
                        138.93175460791153,
                        34.83545146246341,
                        681
                    ],
                    [
                        138.93183534574078,
                        34.83516118207371,
                        691
                    ],
                    [
                        138.9317524634075,
                        34.83487087188031,
                        686
                    ],
                    [
                        138.93200905888088,
                        34.83464810248151,
                        688
                    ],
                    [
                        138.93227215460493,
                        34.83442075211818,
                        697
                    ],
                    [
                        138.9325277980268,
                        34.83416731508732,
                        695
                    ],
                    [
                        138.93275402962536,
                        34.833908934815824,
                        694
                    ],
                    [
                        138.9330837312729,
                        34.83373385843423,
                        698
                    ],
                    [
                        138.93298543780102,
                        34.8335574219075,
                        708
                    ],
                    [
                        138.93262851291482,
                        34.833519983494426,
                        706
                    ],
                    [
                        138.9323220344254,
                        34.83334295239539,
                        703
                    ],
                    [
                        138.93240983698288,
                        34.83306026306216,
                        704
                    ],
                    [
                        138.93238141362752,
                        34.83282662062389,
                        710
                    ],
                    [
                        138.93252111991896,
                        34.83254923042627,
                        715
                    ],
                    [
                        138.93267682124616,
                        34.83235774199162,
                        720
                    ],
                    [
                        138.93265563967262,
                        34.832198045965065,
                        715
                    ],
                    [
                        138.93684336321672,
                        34.82963137128214,
                        746
                    ],
                    [
                        138.93696934662023,
                        34.829409724438406,
                        733
                    ],
                    [
                        138.9371820619713,
                        34.8292623900299,
                        720
                    ],
                    [
                        138.93727978978683,
                        34.82899210788661,
                        714
                    ],
                    [
                        138.93754209951976,
                        34.8288153045489,
                        711
                    ],
                    [
                        138.93793123415756,
                        34.828852268008944,
                        714
                    ],
                    [
                        138.9381788015721,
                        34.82871556021667,
                        712
                    ],
                    [
                        138.93797260764939,
                        34.828478954291874,
                        711
                    ],
                    [
                        138.93769690752055,
                        34.82828281066978,
                        705
                    ],
                    [
                        138.9374812628737,
                        34.82805222676747,
                        701
                    ],
                    [
                        138.93712216105348,
                        34.82788436027636,
                        707
                    ],
                    [
                        138.93682220466886,
                        34.82792621973495,
                        695
                    ],
                    [
                        138.93669125946195,
                        34.82763458123366,
                        693
                    ],
                    [
                        138.93640920451745,
                        34.82744046292932,
                        692
                    ],
                    [
                        138.93605402348925,
                        34.82729722946158,
                        688
                    ],
                    [
                        138.93584786679503,
                        34.82704134229987,
                        686
                    ],
                    [
                        138.9357020874322,
                        34.82672810270686,
                        683
                    ],
                    [
                        138.9357334410966,
                        34.82643005093757,
                        681
                    ],
                    [
                        138.93576212518323,
                        34.826111026312105,
                        678
                    ],
                    [
                        138.93582470295215,
                        34.82578180273027,
                        680
                    ],
                    [
                        138.93602422811998,
                        34.825490599710776,
                        677
                    ],
                    [
                        138.93635975472233,
                        34.825400110100006,
                        677
                    ],
                    [
                        138.93672313835097,
                        34.82551208172651,
                        676
                    ],
                    [
                        138.93711863062651,
                        34.82554712788643,
                        670
                    ],
                    [
                        138.9375092616575,
                        34.82546154808668,
                        667
                    ],
                    [
                        138.93790693044093,
                        34.82546573283442,
                        665
                    ],
                    [
                        138.93820177474709,
                        34.82569325169586,
                        668
                    ],
                    [
                        138.93845653062158,
                        34.82593718966738,
                        672
                    ],
                    [
                        138.93855258939163,
                        34.82581217967346,
                        662
                    ],
                    [
                        138.9384694927606,
                        34.825479052210945,
                        662
                    ],
                    [
                        138.93835061967008,
                        34.82515661464332,
                        656
                    ],
                    [
                        138.93832715489702,
                        34.82488180730856,
                        653
                    ],
                    [
                        138.9386188080995,
                        34.82503899506623,
                        655
                    ],
                    [
                        138.93895899141006,
                        34.82522179682353,
                        655
                    ],
                    [
                        138.93926406300267,
                        34.82511810532233,
                        656
                    ],
                    [
                        138.93912619478968,
                        34.824951170356904,
                        652
                    ],
                    [
                        138.93887989193274,
                        34.82468537991066,
                        648
                    ],
                    [
                        138.93878577377797,
                        34.82436892066865,
                        648
                    ],
                    [
                        138.93850344807836,
                        34.82421427876196,
                        653
                    ],
                    [
                        138.9384585718374,
                        34.82432826095709,
                        642
                    ],
                    [
                        138.93839447821622,
                        34.824101981399096,
                        649
                    ],
                    [
                        138.93807466644006,
                        34.82397403543518,
                        643
                    ],
                    [
                        138.93761950657407,
                        34.823918138659785,
                        642
                    ],
                    [
                        138.93719956199325,
                        34.824011351250526,
                        643
                    ],
                    [
                        138.93694200091974,
                        34.823827847691504,
                        634
                    ],
                    [
                        138.93674621863133,
                        34.823574803485634,
                        633
                    ],
                    [
                        138.9365099855284,
                        34.82330215607454,
                        631
                    ],
                    [
                        138.9363656054968,
                        34.823051134404,
                        629
                    ],
                    [
                        138.9360918514418,
                        34.82283970073538,
                        628
                    ],
                    [
                        138.93588516059822,
                        34.822583002190605,
                        627
                    ],
                    [
                        138.93568560128622,
                        34.82235310196598,
                        622
                    ],
                    [
                        138.93534255214936,
                        34.82233089993949,
                        622
                    ],
                    [
                        138.93549176362953,
                        34.82263383939651,
                        618
                    ],
                    [
                        138.9356534841618,
                        34.822933410198466,
                        619
                    ],
                    [
                        138.93576099177892,
                        34.82323193370934,
                        617
                    ],
                    [
                        138.9354276607643,
                        34.822936898044844,
                        604
                    ],
                    [
                        138.9350962244326,
                        34.82258781101614,
                        606
                    ],
                    [
                        138.93488918049678,
                        34.8223323271017,
                        605
                    ],
                    [
                        138.9350269412146,
                        34.82201176762968,
                        607
                    ],
                    [
                        138.93466412484216,
                        34.82203076859278,
                        606
                    ],
                    [
                        138.9343080834774,
                        34.82199066922153,
                        602
                    ],
                    [
                        138.93395948060657,
                        34.82181688715684,
                        597
                    ],
                    [
                        138.93365738656246,
                        34.82162049528801,
                        587
                    ],
                    [
                        138.93337615538766,
                        34.821378074598805,
                        587
                    ],
                    [
                        138.9334591785456,
                        34.82109852407669,
                        583
                    ],
                    [
                        138.93331042070216,
                        34.8207688287712,
                        589
                    ],
                    [
                        138.9330437013542,
                        34.8205385710871,
                        582
                    ],
                    [
                        138.93286292024862,
                        34.820280714140736,
                        577
                    ],
                    [
                        138.93295339652713,
                        34.819978849340885,
                        575
                    ],
                    [
                        138.93306664017638,
                        34.81969277925335,
                        573
                    ],
                    [
                        138.93324273520858,
                        34.81945811990242,
                        575
                    ],
                    [
                        138.9329746326968,
                        34.81916026315898,
                        577
                    ],
                    [
                        138.9327196157919,
                        34.81894252769973,
                        567
                    ],
                    [
                        138.93276614163037,
                        34.81865805907391,
                        566
                    ],
                    [
                        138.93317502219713,
                        34.81859850792599,
                        567
                    ],
                    [
                        138.9334693493135,
                        34.81840539922745,
                        569
                    ],
                    [
                        138.9331840293622,
                        34.81821926116809,
                        565
                    ],
                    [
                        138.93323398558707,
                        34.81797062616122,
                        562
                    ],
                    [
                        138.93323412370927,
                        34.81763558577164,
                        559
                    ],
                    [
                        138.9332958136626,
                        34.81738374538403,
                        550
                    ],
                    [
                        138.93364336188884,
                        34.81731110084692,
                        553
                    ],
                    [
                        138.93371189504003,
                        34.817004066092814,
                        549
                    ],
                    [
                        138.93410241506288,
                        34.816871371833685,
                        545
                    ],
                    [
                        138.93429373314905,
                        34.81661915966425,
                        551
                    ],
                    [
                        138.9339717738229,
                        34.81651976852969,
                        544
                    ],
                    [
                        138.9336558039733,
                        34.81637083543685,
                        537
                    ],
                    [
                        138.93336525956903,
                        34.816140802370114,
                        539
                    ],
                    [
                        138.93357155369432,
                        34.81585240744766,
                        542
                    ],
                    [
                        138.9338047986528,
                        34.815568363560274,
                        547
                    ],
                    [
                        138.93357671143124,
                        34.81550948619289,
                        548
                    ],
                    [
                        138.93325731959447,
                        34.815630862634315,
                        534
                    ],
                    [
                        138.93296247472492,
                        34.815488499515666,
                        525
                    ],
                    [
                        138.93277710081475,
                        34.81522347916336,
                        524
                    ],
                    [
                        138.93273306830278,
                        34.814913387423296,
                        525
                    ],
                    [
                        138.93275251351253,
                        34.814631112444246,
                        523
                    ],
                    [
                        138.9330082281125,
                        34.814400480367844,
                        524
                    ],
                    [
                        138.9332101588123,
                        34.81412576917694,
                        525
                    ],
                    [
                        138.93295971524424,
                        34.813880520009874,
                        523
                    ],
                    [
                        138.93257394598982,
                        34.813873996456344,
                        525
                    ],
                    [
                        138.9321884086786,
                        34.813900251402664,
                        516
                    ],
                    [
                        138.93191469381094,
                        34.813927119261955,
                        514
                    ],
                    [
                        138.93159272422966,
                        34.81386167653916,
                        510
                    ],
                    [
                        138.93133854538695,
                        34.813916183615355,
                        502
                    ],
                    [
                        138.93147016054053,
                        34.81405428224389,
                        500
                    ],
                    [
                        138.9314319060941,
                        34.81417701517641,
                        498
                    ],
                    [
                        138.9312436649928,
                        34.81430521253964,
                        487
                    ],
                    [
                        138.93098836013317,
                        34.81446914487718,
                        483
                    ],
                    [
                        138.93081307738734,
                        34.81463938697758,
                        478
                    ],
                    [
                        138.93050916737636,
                        34.814576109131075,
                        473
                    ],
                    [
                        138.93023938780433,
                        34.81470556696724,
                        467
                    ],
                    [
                        138.92995854996147,
                        34.8147334280129,
                        463
                    ],
                    [
                        138.92963536434115,
                        34.81488558329516,
                        460
                    ],
                    [
                        138.92934167064416,
                        34.81481182508534,
                        456
                    ],
                    [
                        138.92906857296364,
                        34.814733889082056,
                        449
                    ],
                    [
                        138.92890328747066,
                        34.81454232590447,
                        448
                    ],
                    [
                        138.92873462993214,
                        34.81462182588473,
                        443
                    ],
                    [
                        138.92884732224508,
                        34.81453976241932,
                        444
                    ],
                    [
                        138.92905145441762,
                        34.81473718789621,
                        450
                    ],
                    [
                        138.92897914441374,
                        34.81492428206145,
                        446
                    ],
                    [
                        138.9288015072259,
                        34.81497922255662,
                        446
                    ],
                    [
                        138.9284688051447,
                        34.81508356523601,
                        443
                    ],
                    [
                        138.92810122424888,
                        34.8150664567632,
                        445
                    ],
                    [
                        138.92772821284544,
                        34.81501457670873,
                        441
                    ],
                    [
                        138.92734054566648,
                        34.81502950859644,
                        442
                    ],
                    [
                        138.92701611670884,
                        34.81488422564809,
                        439
                    ],
                    [
                        138.92673318511913,
                        34.814872976266145,
                        427
                    ],
                    [
                        138.92646299537907,
                        34.81482124881313,
                        433
                    ],
                    [
                        138.92642795870788,
                        34.814584978765986,
                        430
                    ],
                    [
                        138.92605555301438,
                        34.81446415401317,
                        428
                    ],
                    [
                        138.92607666337807,
                        34.81432313077407,
                        430
                    ],
                    [
                        138.9261075883182,
                        34.814042926869185,
                        427
                    ],
                    [
                        138.92614377404897,
                        34.81368427758423,
                        421
                    ],
                    [
                        138.9261610757176,
                        34.81340895008459,
                        416
                    ],
                    [
                        138.92598220175054,
                        34.81315473255311,
                        405
                    ],
                    [
                        138.92585523448375,
                        34.8129047773694,
                        400
                    ],
                    [
                        138.92565800970212,
                        34.812666094524005,
                        397
                    ],
                    [
                        138.92531528065464,
                        34.81252387351146,
                        392
                    ],
                    [
                        138.92541078369644,
                        34.81236934353494,
                        394
                    ],
                    [
                        138.92558244750208,
                        34.81212312243398,
                        387
                    ],
                    [
                        138.9253791789351,
                        34.81176717076339,
                        382
                    ],
                    [
                        138.92530238231492,
                        34.811371461958345,
                        384
                    ],
                    [
                        138.92532628844475,
                        34.8111993321199,
                        383
                    ],
                    [
                        138.92541099842498,
                        34.81089134819643,
                        380
                    ],
                    [
                        138.9256529298333,
                        34.810658272603916,
                        376
                    ],
                    [
                        138.9257016366539,
                        34.81034048224113,
                        368
                    ],
                    [
                        138.92559266691157,
                        34.80999129276723,
                        368
                    ],
                    [
                        138.9256105185336,
                        34.809673372385284,
                        367
                    ],
                    [
                        138.92576667565467,
                        34.809463132252475,
                        369
                    ],
                    [
                        138.9261310983136,
                        34.809296473561155,
                        361
                    ],
                    [
                        138.92655193706617,
                        34.80899562222823,
                        357
                    ],
                    [
                        138.9269406958905,
                        34.80871302094931,
                        361
                    ],
                    [
                        138.9273546061473,
                        34.80848470146772,
                        361
                    ],
                    [
                        138.92766839861966,
                        34.80830205443435,
                        353
                    ],
                    [
                        138.92801525316563,
                        34.80804485387062,
                        353
                    ],
                    [
                        138.92829842300978,
                        34.80774997910046,
                        352
                    ],
                    [
                        138.92833048919405,
                        34.80738756063735,
                        351
                    ],
                    [
                        138.92840587726096,
                        34.80700092863664,
                        356
                    ],
                    [
                        138.92865439365085,
                        34.806788968820506,
                        350
                    ],
                    [
                        138.92868797714803,
                        34.80639412919239,
                        352
                    ],
                    [
                        138.92899134929678,
                        34.80614432616032,
                        356
                    ],
                    [
                        138.92929932803455,
                        34.8059051318318,
                        356
                    ],
                    [
                        138.92962659335444,
                        34.805678357618405,
                        355
                    ],
                    [
                        138.92960464688625,
                        34.805327665172875,
                        354
                    ],
                    [
                        138.92936566303803,
                        34.80490820620181,
                        347
                    ],
                    [
                        138.92942547021795,
                        34.8045338811751,
                        351
                    ],
                    [
                        138.92988808562734,
                        34.804459696793025,
                        344
                    ],
                    [
                        138.93026093976206,
                        34.804276176464676,
                        349
                    ],
                    [
                        138.93042038445608,
                        34.80395099985331,
                        337
                    ],
                    [
                        138.93074910583604,
                        34.803650030405045,
                        339
                    ],
                    [
                        138.93104581556224,
                        34.80342966332728,
                        343
                    ],
                    [
                        138.9313813588076,
                        34.8032691564814,
                        343
                    ],
                    [
                        138.9317241916101,
                        34.80321439846288,
                        339
                    ],
                    [
                        138.93199986188029,
                        34.80317041623171,
                        334
                    ],
                    [
                        138.9321833106591,
                        34.80289535284195,
                        333
                    ],
                    [
                        138.93240236588122,
                        34.80261381753491,
                        332
                    ],
                    [
                        138.93273279918972,
                        34.80249906459934,
                        323
                    ],
                    [
                        138.9331437534982,
                        34.80251140534737,
                        326
                    ],
                    [
                        138.93347366757246,
                        34.80250961146611,
                        323
                    ],
                    [
                        138.9336955077563,
                        34.8023926059876,
                        320
                    ],
                    [
                        138.93342222925736,
                        34.80236122947531,
                        324
                    ],
                    [
                        138.93310538276123,
                        34.802310930603475,
                        313
                    ],
                    [
                        138.93283698138828,
                        34.802254248089405,
                        309
                    ],
                    [
                        138.93262615357318,
                        34.80217299628995,
                        304
                    ],
                    [
                        138.93246600020086,
                        34.80206979571189,
                        301
                    ],
                    [
                        138.93217214026458,
                        34.802175610726536,
                        298
                    ],
                    [
                        138.93234252426558,
                        34.80196795545009,
                        301
                    ],
                    [
                        138.93238960535274,
                        34.80182017103471,
                        303
                    ],
                    [
                        138.9325069626716,
                        34.801628919776235,
                        304
                    ],
                    [
                        138.93260388539323,
                        34.80138729673455,
                        303
                    ],
                    [
                        138.93255202614804,
                        34.801132476170515,
                        300
                    ],
                    [
                        138.93245385213206,
                        34.800845224871125,
                        299
                    ],
                    [
                        138.93247031851033,
                        34.80062842544417,
                        298
                    ],
                    [
                        138.93245839791024,
                        34.80050147001248,
                        299
                    ],
                    [
                        138.93231341026143,
                        34.80055833110842,
                        289
                    ],
                    [
                        138.93221281716538,
                        34.800418698642034,
                        285
                    ],
                    [
                        138.9320212099286,
                        34.800472065813736,
                        291
                    ],
                    [
                        138.93197335352735,
                        34.80035127813423,
                        282
                    ],
                    [
                        138.93185049267285,
                        34.80043760479135,
                        294
                    ],
                    [
                        138.93198922689336,
                        34.80027424168493,
                        285
                    ],
                    [
                        138.93191864034065,
                        34.800144117925704,
                        277
                    ],
                    [
                        138.9318916800152,
                        34.79993164176394,
                        275
                    ],
                    [
                        138.9318058629064,
                        34.800055298995964,
                        271
                    ],
                    [
                        138.9319452291722,
                        34.79996586819113,
                        274
                    ],
                    [
                        138.93211903278043,
                        34.799787758008605,
                        269
                    ],
                    [
                        138.93217409281988,
                        34.79955909775681,
                        264
                    ],
                    [
                        138.93219508064436,
                        34.79937733249654,
                        263
                    ],
                    [
                        138.93228894979717,
                        34.79919269829024,
                        259
                    ],
                    [
                        138.93234265089362,
                        34.79891362561073,
                        252
                    ],
                    [
                        138.9323809528414,
                        34.79866307991941,
                        239
                    ],
                    [
                        138.9325009157508,
                        34.79840098550183,
                        236
                    ],
                    [
                        138.93280786673614,
                        34.79838834889226,
                        230
                    ],
                    [
                        138.93274027169508,
                        34.79825434957537,
                        231
                    ],
                    [
                        138.93254422074241,
                        34.79823423906267,
                        243
                    ],
                    [
                        138.93281965889085,
                        34.7983082803182,
                        230
                    ],
                    [
                        138.9331434649587,
                        34.798266105803016,
                        222
                    ],
                    [
                        138.93339404083028,
                        34.79811763197544,
                        219
                    ],
                    [
                        138.93366779419685,
                        34.79794551929518,
                        217
                    ],
                    [
                        138.9337791213021,
                        34.79768577840251,
                        214
                    ],
                    [
                        138.9338435180784,
                        34.79741936604283,
                        208
                    ],
                    [
                        138.93365494093277,
                        34.797163342344625,
                        212
                    ],
                    [
                        138.9334847598856,
                        34.797078532401606,
                        208
                    ],
                    [
                        138.9335322795505,
                        34.79681985969822,
                        205
                    ],
                    [
                        138.9335709649629,
                        34.79660417867358,
                        209
                    ],
                    [
                        138.93362949361548,
                        34.79630205547721,
                        204
                    ],
                    [
                        138.93366466456627,
                        34.79602462759108,
                        203
                    ],
                    [
                        138.93380441150566,
                        34.795729754223395,
                        202
                    ],
                    [
                        138.933832480788,
                        34.795460930146525,
                        197
                    ],
                    [
                        138.93381971218042,
                        34.79557715402657,
                        201
                    ],
                    [
                        138.93395226894293,
                        34.795307928117026,
                        200
                    ],
                    [
                        138.93404947607627,
                        34.79503401195958,
                        199
                    ],
                    [
                        138.93420775708665,
                        34.79476370918636,
                        199
                    ],
                    [
                        138.93438911296656,
                        34.79480658622278,
                        197
                    ],
                    [
                        138.93436822466438,
                        34.79500560129427,
                        198
                    ],
                    [
                        138.93441048388902,
                        34.79435326459949,
                        183
                    ],
                    [
                        138.93425688276508,
                        34.794174393914595,
                        196
                    ],
                    [
                        138.93427273710498,
                        34.793936897027,
                        189
                    ],
                    [
                        138.93423566278284,
                        34.793787885434206,
                        193
                    ],
                    [
                        138.93427961781842,
                        34.79402446616225,
                        193
                    ],
                    [
                        138.93432964641286,
                        34.79425698126326,
                        191
                    ],
                    [
                        138.93437368319303,
                        34.794474711333336,
                        198
                    ],
                    [
                        138.93448307228667,
                        34.794592076298464,
                        198
                    ],
                    [
                        138.93480002789926,
                        34.79442044520048,
                        200
                    ],
                    [
                        138.93515298410148,
                        34.79429561271813,
                        199
                    ],
                    [
                        138.93534478626188,
                        34.794298313523974,
                        201
                    ],
                    [
                        138.93569316576227,
                        34.79416998415859,
                        202
                    ],
                    [
                        138.93603477895186,
                        34.79404047900997,
                        201
                    ],
                    [
                        138.93632439851675,
                        34.79382423742737,
                        202
                    ],
                    [
                        138.9363049807398,
                        34.79357599611856,
                        204
                    ],
                    [
                        138.9362751753469,
                        34.79329526027857,
                        195
                    ],
                    [
                        138.9362791641796,
                        34.79304376868006,
                        190
                    ],
                    [
                        138.93610506639175,
                        34.792945616725035,
                        184
                    ],
                    [
                        138.93578329916707,
                        34.79290051432424,
                        178
                    ],
                    [
                        138.93545949497894,
                        34.79304722230798,
                        173
                    ],
                    [
                        138.93518339426453,
                        34.79316438014243,
                        170
                    ],
                    [
                        138.93494983301866,
                        34.7932941229434,
                        184
                    ],
                    [
                        138.9350649251648,
                        34.79325144051035,
                        169
                    ],
                    [
                        138.9352383945016,
                        34.79307975807992,
                        172
                    ],
                    [
                        138.93552365275386,
                        34.79297627233132,
                        172
                    ],
                    [
                        138.93582222134913,
                        34.79288140110262,
                        175
                    ],
                    [
                        138.93598833948735,
                        34.79289227343549,
                        181
                    ],
                    [
                        138.93625411623051,
                        34.792977427550056,
                        189
                    ],
                    [
                        138.93627000512936,
                        34.7932623185132,
                        195
                    ],
                    [
                        138.93628826596827,
                        34.79353857723127,
                        197
                    ],
                    [
                        138.93634711928206,
                        34.79377908730367,
                        199
                    ],
                    [
                        138.93666833443302,
                        34.7937115372049,
                        206
                    ],
                    [
                        138.93694683319475,
                        34.79350138710191,
                        203
                    ],
                    [
                        138.93723412474597,
                        34.79332139622219,
                        202
                    ],
                    [
                        138.93751631477522,
                        34.79315991370354,
                        199
                    ],
                    [
                        138.93785883064595,
                        34.7930459383943,
                        199
                    ],
                    [
                        138.9380356296878,
                        34.79280790215643,
                        197
                    ],
                    [
                        138.9382782123346,
                        34.79261414459768,
                        198
                    ],
                    [
                        138.9384551376172,
                        34.79230962489619,
                        199
                    ],
                    [
                        138.93829100700515,
                        34.792031528287595,
                        198
                    ],
                    [
                        138.93839186448912,
                        34.79170386683962,
                        199
                    ],
                    [
                        138.93866468035054,
                        34.7916018651314,
                        195
                    ],
                    [
                        138.93902158901227,
                        34.791520588639706,
                        192
                    ],
                    [
                        138.93924427307388,
                        34.791291140952474,
                        187
                    ],
                    [
                        138.9391450572031,
                        34.791005350878315,
                        185
                    ],
                    [
                        138.93924631138518,
                        34.79073192816635,
                        179
                    ],
                    [
                        138.93939717001328,
                        34.79047423962337,
                        177
                    ],
                    [
                        138.93963660140503,
                        34.79022279654402,
                        175
                    ],
                    [
                        138.93989505011896,
                        34.78998981759708,
                        174
                    ],
                    [
                        138.9400571241625,
                        34.78979225794177,
                        164
                    ],
                    [
                        138.94036734951996,
                        34.78959436255648,
                        163
                    ],
                    [
                        138.9406701871377,
                        34.78941286367398,
                        162
                    ],
                    [
                        138.94089456126022,
                        34.789259535789576,
                        165
                    ],
                    [
                        138.94118547761616,
                        34.78904852508717,
                        164
                    ],
                    [
                        138.9415230311547,
                        34.788929018081895,
                        160
                    ],
                    [
                        138.941791296184,
                        34.788787713015395,
                        161
                    ],
                    [
                        138.9420680975993,
                        34.78858209270361,
                        161
                    ],
                    [
                        138.94231813077715,
                        34.78834977423855,
                        157
                    ],
                    [
                        138.9424577678167,
                        34.788142906608705,
                        156
                    ],
                    [
                        138.9426796804697,
                        34.787920179238135,
                        154
                    ],
                    [
                        138.94294851571587,
                        34.78774473232326,
                        151
                    ],
                    [
                        138.94314805968503,
                        34.78754356546346,
                        150
                    ],
                    [
                        138.9432858161345,
                        34.78730127361704,
                        147
                    ],
                    [
                        138.94351262980712,
                        34.78709798073164,
                        147
                    ],
                    [
                        138.9435283268134,
                        34.786761801946284,
                        145
                    ],
                    [
                        138.94380246324903,
                        34.786560468770155,
                        143
                    ],
                    [
                        138.94418662944707,
                        34.78653774404926,
                        144
                    ],
                    [
                        138.94442270219312,
                        34.786458845814714,
                        143
                    ],
                    [
                        138.9447015879833,
                        34.786290087235045,
                        136
                    ],
                    [
                        138.94495656074392,
                        34.78606032781489,
                        130
                    ],
                    [
                        138.94522787643416,
                        34.78587670862314,
                        128
                    ],
                    [
                        138.94539732045078,
                        34.785635385513366,
                        126
                    ],
                    [
                        138.9456462207125,
                        34.785406044467194,
                        126
                    ],
                    [
                        138.94578158841023,
                        34.785104390849504,
                        127
                    ],
                    [
                        138.94600952863692,
                        34.784986708281195,
                        125
                    ],
                    [
                        138.9463903972505,
                        34.78504860643804,
                        123
                    ],
                    [
                        138.94650767805368,
                        34.784825806687195,
                        124
                    ],
                    [
                        138.9464900208392,
                        34.78451374899497,
                        128
                    ],
                    [
                        138.946370814337,
                        34.7842342098128,
                        127
                    ],
                    [
                        138.94607998784087,
                        34.784162476873846,
                        129
                    ],
                    [
                        138.94567573382963,
                        34.7841306340461,
                        124
                    ],
                    [
                        138.94531366379357,
                        34.78408107113576,
                        123
                    ],
                    [
                        138.94496141326687,
                        34.78401097365102,
                        123
                    ],
                    [
                        138.94463838672954,
                        34.783864355261144,
                        123
                    ],
                    [
                        138.94429044673657,
                        34.78384966456552,
                        122
                    ],
                    [
                        138.94394623075038,
                        34.78385994302405,
                        120
                    ],
                    [
                        138.94383562734558,
                        34.78356684085157,
                        115
                    ],
                    [
                        138.94348848243249,
                        34.7834633100604,
                        109
                    ],
                    [
                        138.94314508222084,
                        34.783440576560196,
                        104
                    ],
                    [
                        138.94280269126708,
                        34.78338994393118,
                        99
                    ],
                    [
                        138.94247624854196,
                        34.78334542160537,
                        96
                    ],
                    [
                        138.9421919332415,
                        34.78318629082304,
                        96
                    ],
                    [
                        138.94200551029334,
                        34.78303087602545,
                        103
                    ],
                    [
                        138.94218149181322,
                        34.782816199059766,
                        110
                    ],
                    [
                        138.9424695144616,
                        34.78273481498945,
                        109
                    ],
                    [
                        138.9427842397133,
                        34.78259615863713,
                        106
                    ],
                    [
                        138.94289160763634,
                        34.78230590538003,
                        105
                    ],
                    [
                        138.9430825001226,
                        34.782123355022215,
                        102
                    ],
                    [
                        138.9431716760566,
                        34.7818326682703,
                        105
                    ],
                    [
                        138.94330225704311,
                        34.78155869182944,
                        102
                    ],
                    [
                        138.94352665743565,
                        34.781318571191235,
                        102
                    ],
                    [
                        138.94377727313562,
                        34.781071644342155,
                        100
                    ],
                    [
                        138.94407558720584,
                        34.78083805419887,
                        99
                    ],
                    [
                        138.94425351487297,
                        34.780569434539515,
                        96
                    ],
                    [
                        138.94442767772907,
                        34.78029342039409,
                        96
                    ],
                    [
                        138.94456319864875,
                        34.78002645728084,
                        93
                    ],
                    [
                        138.94479126113217,
                        34.7798504627233,
                        89
                    ],
                    [
                        138.94503602466042,
                        34.779652396492395,
                        86
                    ],
                    [
                        138.9454025985705,
                        34.779622331182104,
                        85
                    ],
                    [
                        138.94577220214873,
                        34.77966531145165,
                        85
                    ],
                    [
                        138.9461273983711,
                        34.77976090335226,
                        88
                    ],
                    [
                        138.9463307965246,
                        34.77948868793041,
                        87
                    ],
                    [
                        138.9464953790401,
                        34.77919627357182,
                        88
                    ],
                    [
                        138.94682769653986,
                        34.77903696662328,
                        89
                    ],
                    [
                        138.94720819629669,
                        34.778936075830664,
                        86
                    ],
                    [
                        138.94759143579205,
                        34.77886883388444,
                        87
                    ],
                    [
                        138.94799318893308,
                        34.77881910398496,
                        87
                    ],
                    [
                        138.94836644093604,
                        34.7787775559703,
                        89
                    ],
                    [
                        138.94876593695278,
                        34.77871452150922,
                        89
                    ],
                    [
                        138.94911940361348,
                        34.7785851062431,
                        90
                    ],
                    [
                        138.94940031625333,
                        34.77838289627718,
                        93
                    ],
                    [
                        138.94949558718992,
                        34.77807545168881,
                        93
                    ],
                    [
                        138.94973210318614,
                        34.777857394517284,
                        91
                    ],
                    [
                        138.9497882085611,
                        34.777556673021415,
                        87
                    ],
                    [
                        138.9499198611684,
                        34.77731317986882,
                        89
                    ],
                    [
                        138.95017372473814,
                        34.77707808587057,
                        89
                    ],
                    [
                        138.9504576309267,
                        34.77685823903997,
                        86
                    ],
                    [
                        138.95081409590745,
                        34.77679334000967,
                        82
                    ],
                    [
                        138.95120809625357,
                        34.77674815699746,
                        81
                    ],
                    [
                        138.95156964036266,
                        34.77670162419925,
                        84
                    ],
                    [
                        138.95194350583353,
                        34.77666696221959,
                        83
                    ],
                    [
                        138.95232023584,
                        34.77662462659871,
                        79
                    ],
                    [
                        138.9527015865222,
                        34.77658590058437,
                        79
                    ],
                    [
                        138.9530425582166,
                        34.776543462001044,
                        76
                    ],
                    [
                        138.95344315604763,
                        34.776498857364544,
                        75
                    ],
                    [
                        138.95381562456424,
                        34.776465487996305,
                        73
                    ],
                    [
                        138.9541813547438,
                        34.77639910816298,
                        73
                    ],
                    [
                        138.95458179111958,
                        34.7762964923027,
                        72
                    ],
                    [
                        138.95421918316163,
                        34.77639854343814,
                        71
                    ],
                    [
                        138.95389226930754,
                        34.77638961472985,
                        71
                    ],
                    [
                        138.953517739469,
                        34.77639309289975,
                        72
                    ],
                    [
                        138.95315661764982,
                        34.776351242371305,
                        70
                    ],
                    [
                        138.95316255505537,
                        34.776062213978314,
                        69
                    ],
                    [
                        138.95326951368602,
                        34.775950871642046,
                        62
                    ],
                    [
                        138.95339627147922,
                        34.77571906013313,
                        54
                    ],
                    [
                        138.95320906859607,
                        34.775644678049865,
                        54
                    ]
                ]
            }
        },

        {
            "type": "Feature",
            "properties": {
                "name": "20260311",
                "time": "2026-03-11T05:38:29Z",
                "coordTimes": [
                    "2026-03-11T05:38:29Z",
                    "2026-03-11T05:39:03Z",
                    "2026-03-11T05:39:31Z",
                    "2026-03-11T05:39:59Z",
                    "2026-03-11T05:40:34Z",
                    "2026-03-11T05:41:18Z",
                    "2026-03-11T05:41:39Z",
                    "2026-03-11T05:43:10Z",
                    "2026-03-11T05:43:55Z",
                    "2026-03-11T05:44:22Z",
                    "2026-03-11T05:44:50Z",
                    "2026-03-11T05:45:18Z",
                    "2026-03-11T05:45:43Z",
                    "2026-03-11T05:46:10Z",
                    "2026-03-11T05:46:35Z",
                    "2026-03-11T05:47:01Z",
                    "2026-03-11T05:47:27Z",
                    "2026-03-11T05:47:53Z",
                    "2026-03-11T05:48:21Z",
                    "2026-03-11T05:48:50Z",
                    "2026-03-11T05:49:18Z",
                    "2026-03-11T05:49:49Z",
                    "2026-03-11T05:50:18Z",
                    "2026-03-11T05:50:45Z",
                    "2026-03-11T05:51:12Z",
                    "2026-03-11T05:51:40Z",
                    "2026-03-11T05:52:09Z",
                    "2026-03-11T05:52:38Z",
                    "2026-03-11T05:53:04Z",
                    "2026-03-11T05:53:33Z",
                    "2026-03-11T05:54:03Z",
                    "2026-03-11T05:54:34Z",
                    "2026-03-11T05:54:58Z",
                    "2026-03-11T05:55:28Z",
                    "2026-03-11T05:55:56Z",
                    "2026-03-11T05:56:23Z",
                    "2026-03-11T05:57:06Z",
                    "2026-03-11T05:57:38Z",
                    "2026-03-11T05:58:12Z",
                    "2026-03-11T05:58:59Z",
                    "2026-03-11T05:59:53Z",
                    "2026-03-11T06:00:27Z",
                    "2026-03-11T06:01:02Z",
                    "2026-03-11T06:01:32Z",
                    "2026-03-11T06:02:08Z",
                    "2026-03-11T06:02:54Z",
                    "2026-03-11T06:04:06Z",
                    "2026-03-11T06:04:45Z",
                    "2026-03-11T06:05:21Z",
                    "2026-03-11T06:05:56Z",
                    "2026-03-11T06:06:27Z",
                    "2026-03-11T06:07:00Z",
                    "2026-03-11T06:07:33Z",
                    "2026-03-11T06:08:02Z",
                    "2026-03-11T06:08:35Z",
                    "2026-03-11T06:09:06Z",
                    "2026-03-11T06:09:38Z",
                    "2026-03-11T06:11:49Z",
                    "2026-03-11T06:12:21Z",
                    "2026-03-11T06:12:54Z",
                    "2026-03-11T06:14:23Z",
                    "2026-03-11T06:21:37Z",
                    "2026-03-11T06:22:01Z",
                    "2026-03-11T06:22:24Z",
                    "2026-03-11T06:22:52Z",
                    "2026-03-11T06:23:42Z",
                    "2026-03-11T06:24:06Z",
                    "2026-03-11T06:24:34Z",
                    "2026-03-11T06:25:07Z",
                    "2026-03-11T06:25:31Z",
                    "2026-03-11T06:25:56Z",
                    "2026-03-11T06:26:41Z",
                    "2026-03-11T06:27:07Z",
                    "2026-03-11T06:27:33Z",
                    "2026-03-11T06:28:00Z",
                    "2026-03-11T06:28:27Z",
                    "2026-03-11T06:28:54Z",
                    "2026-03-11T06:29:23Z",
                    "2026-03-11T06:29:52Z",
                    "2026-03-11T06:30:19Z",
                    "2026-03-11T06:30:48Z",
                    "2026-03-11T06:31:47Z",
                    "2026-03-11T06:32:15Z",
                    "2026-03-11T06:32:40Z",
                    "2026-03-11T06:33:08Z",
                    "2026-03-11T06:33:35Z",
                    "2026-03-11T06:34:17Z",
                    "2026-03-11T06:35:12Z",
                    "2026-03-11T06:35:38Z",
                    "2026-03-11T06:36:04Z",
                    "2026-03-11T06:36:31Z",
                    "2026-03-11T06:36:55Z",
                    "2026-03-11T06:37:22Z",
                    "2026-03-11T06:37:48Z",
                    "2026-03-11T06:38:15Z",
                    "2026-03-11T06:38:41Z",
                    "2026-03-11T06:39:08Z",
                    "2026-03-11T06:39:37Z",
                    "2026-03-11T06:40:52Z",
                    "2026-03-11T06:41:18Z",
                    "2026-03-11T06:41:45Z",
                    "2026-03-11T06:42:14Z",
                    "2026-03-11T06:42:41Z",
                    "2026-03-11T06:43:25Z",
                    "2026-03-11T06:43:53Z",
                    "2026-03-11T06:44:22Z",
                    "2026-03-11T06:44:48Z",
                    "2026-03-11T06:45:18Z",
                    "2026-03-11T06:45:46Z",
                    "2026-03-11T06:46:12Z",
                    "2026-03-11T06:46:38Z",
                    "2026-03-11T06:47:06Z",
                    "2026-03-11T06:47:33Z",
                    "2026-03-11T06:47:58Z",
                    "2026-03-11T06:49:02Z",
                    "2026-03-11T06:49:35Z",
                    "2026-03-11T06:50:06Z",
                    "2026-03-11T06:50:38Z",
                    "2026-03-11T06:51:11Z",
                    "2026-03-11T06:51:42Z",
                    "2026-03-11T06:52:13Z",
                    "2026-03-11T06:52:43Z"
                ]
            },
            "geometry": {
                "type": "LineString",
                "coordinates": [
                    [
                        133.83935621223728,
                        34.27229067380534,
                        70
                    ],
                    [
                        133.83950829213651,
                        34.27252312384107,
                        80
                    ],
                    [
                        133.83973225987637,
                        34.27265951975365,
                        84
                    ],
                    [
                        133.83991106547475,
                        34.27270465802613,
                        87
                    ],
                    [
                        133.83967089184063,
                        34.27288101765792,
                        88
                    ],
                    [
                        133.83954370632173,
                        34.27284168323685,
                        89
                    ],
                    [
                        133.8399410089428,
                        34.27269895833731,
                        89
                    ],
                    [
                        133.84015310993814,
                        34.27257606737472,
                        94
                    ],
                    [
                        133.84046310127283,
                        34.27254343005525,
                        103
                    ],
                    [
                        133.84065182249145,
                        34.272555705295844,
                        109
                    ],
                    [
                        133.84060820698775,
                        34.27287652304887,
                        115
                    ],
                    [
                        133.84048045505304,
                        34.27319086427344,
                        118
                    ],
                    [
                        133.84026369636214,
                        34.27348773917253,
                        121
                    ],
                    [
                        133.8403800349405,
                        34.273822947631054,
                        124
                    ],
                    [
                        133.8404037837773,
                        34.27417740751381,
                        130
                    ],
                    [
                        133.84046736341202,
                        34.2745369618381,
                        134
                    ],
                    [
                        133.84043243821264,
                        34.27498899216774,
                        138
                    ],
                    [
                        133.84057995069793,
                        34.275290814950814,
                        145
                    ],
                    [
                        133.8407519033359,
                        34.275551306510366,
                        153
                    ],
                    [
                        133.84099095185633,
                        34.27578966631134,
                        160
                    ],
                    [
                        133.84119752863606,
                        34.275990736890996,
                        166
                    ],
                    [
                        133.84143068206754,
                        34.27617048999028,
                        173
                    ],
                    [
                        133.84165615075898,
                        34.27637554940935,
                        178
                    ],
                    [
                        133.84186856800608,
                        34.276563339302534,
                        184
                    ],
                    [
                        133.8421024489393,
                        34.27674180714441,
                        192
                    ],
                    [
                        133.8423751205959,
                        34.276840960136305,
                        198
                    ],
                    [
                        133.84273270530466,
                        34.27703722069172,
                        203
                    ],
                    [
                        133.84305891562542,
                        34.277139981311684,
                        210
                    ],
                    [
                        133.8433810680514,
                        34.277247982037856,
                        216
                    ],
                    [
                        133.84372857736034,
                        34.27733541597965,
                        224
                    ],
                    [
                        133.84404879618032,
                        34.277326696784534,
                        230
                    ],
                    [
                        133.84438261829106,
                        34.277237550312925,
                        242
                    ],
                    [
                        133.84470689045423,
                        34.27721889400703,
                        248
                    ],
                    [
                        133.84506099401804,
                        34.27720952659615,
                        256
                    ],
                    [
                        133.84539840185565,
                        34.277198528197786,
                        260
                    ],
                    [
                        133.84571696099258,
                        34.27712862716326,
                        267
                    ],
                    [
                        133.84547628994363,
                        34.27700407060082,
                        273
                    ],
                    [
                        133.84548561930328,
                        34.276867816672585,
                        284
                    ],
                    [
                        133.84567150651708,
                        34.27675846442537,
                        289
                    ],
                    [
                        133.8458812188635,
                        34.27661852129689,
                        295
                    ],
                    [
                        133.84574717941317,
                        34.276509113651706,
                        309
                    ],
                    [
                        133.84552796808882,
                        34.27641304659072,
                        318
                    ],
                    [
                        133.84550828283943,
                        34.27624841051955,
                        330
                    ],
                    [
                        133.8456816966511,
                        34.276117927620305,
                        340
                    ],
                    [
                        133.84585471617504,
                        34.27601710496477,
                        348
                    ],
                    [
                        133.84605876302345,
                        34.27590713058984,
                        349
                    ],
                    [
                        133.84589750889285,
                        34.27574430802921,
                        372
                    ],
                    [
                        133.84574087093227,
                        34.27558040552073,
                        377
                    ],
                    [
                        133.84554003823874,
                        34.275448683345545,
                        387
                    ],
                    [
                        133.84548324073165,
                        34.27524812672545,
                        400
                    ],
                    [
                        133.8457527380284,
                        34.27515017152471,
                        409
                    ],
                    [
                        133.84581564438318,
                        34.27496939518783,
                        415
                    ],
                    [
                        133.84591293347842,
                        34.27474123879349,
                        423
                    ],
                    [
                        133.84604542168785,
                        34.27449328597095,
                        426
                    ],
                    [
                        133.84604471545015,
                        34.27430583459367,
                        423
                    ],
                    [
                        133.84600281050035,
                        34.27412430834941,
                        419
                    ],
                    [
                        133.84591931973043,
                        34.27398065203559,
                        411
                    ],
                    [
                        133.8460319381596,
                        34.27414443286412,
                        422
                    ],
                    [
                        133.84621596238543,
                        34.274327401800896,
                        420
                    ],
                    [
                        133.8460353277509,
                        34.27427325340207,
                        422
                    ],
                    [
                        133.84620945275594,
                        34.27420907183707,
                        420
                    ],
                    [
                        133.84587833054323,
                        34.274265069324855,
                        420
                    ],
                    [
                        133.84533710192656,
                        34.274460472070665,
                        414
                    ],
                    [
                        133.84490509713274,
                        34.27467885677991,
                        407
                    ],
                    [
                        133.84500994181164,
                        34.27484923250163,
                        407
                    ],
                    [
                        133.8454841174544,
                        34.275059593291104,
                        407
                    ],
                    [
                        133.84595163032492,
                        34.27529210148515,
                        401
                    ],
                    [
                        133.84610669357107,
                        34.275405371997,
                        396
                    ],
                    [
                        133.84656399793124,
                        34.27561123156961,
                        388
                    ],
                    [
                        133.84713621029863,
                        34.27583669379272,
                        377
                    ],
                    [
                        133.84766419909502,
                        34.27565676155241,
                        367
                    ],
                    [
                        133.84769166718226,
                        34.27533397020117,
                        357
                    ],
                    [
                        133.84765036657757,
                        34.27498039433575,
                        354
                    ],
                    [
                        133.84764542818155,
                        34.27467344884359,
                        350
                    ],
                    [
                        133.84774396130035,
                        34.27435580112735,
                        341
                    ],
                    [
                        133.84783652353428,
                        34.27403935026242,
                        328
                    ],
                    [
                        133.8477352210226,
                        34.27370482454351,
                        326
                    ],
                    [
                        133.847596397756,
                        34.273378452036674,
                        318
                    ],
                    [
                        133.8474466300475,
                        34.273079250780846,
                        311
                    ],
                    [
                        133.8472875559776,
                        34.2728158498644,
                        306
                    ],
                    [
                        133.84704004890202,
                        34.2725726661417,
                        299
                    ],
                    [
                        133.84667305105407,
                        34.27247644677689,
                        292
                    ],
                    [
                        133.84630079039,
                        34.272443061971245,
                        286
                    ],
                    [
                        133.84597012792622,
                        34.27244364497017,
                        280
                    ],
                    [
                        133.84557595302658,
                        34.272496648412655,
                        274
                    ],
                    [
                        133.8452004937283,
                        34.2725287227493,
                        268
                    ],
                    [
                        133.8449311766917,
                        34.27258459536563,
                        261
                    ],
                    [
                        133.84459814514045,
                        34.2727272139961,
                        256
                    ],
                    [
                        133.84419149474255,
                        34.272828719173724,
                        251
                    ],
                    [
                        133.84379251396626,
                        34.272960970998696,
                        244
                    ],
                    [
                        133.84347754447225,
                        34.27308175350732,
                        237
                    ],
                    [
                        133.84314735897118,
                        34.27324013472399,
                        234
                    ],
                    [
                        133.84282304626805,
                        34.27348599454004,
                        230
                    ],
                    [
                        133.8425861668631,
                        34.27375779805501,
                        226
                    ],
                    [
                        133.8423610042415,
                        34.27403031433844,
                        224
                    ],
                    [
                        133.84220607962374,
                        34.274323238063936,
                        220
                    ],
                    [
                        133.8420610703364,
                        34.27463368172583,
                        216
                    ],
                    [
                        133.84196567426307,
                        34.274928282614816,
                        215
                    ],
                    [
                        133.8419396043338,
                        34.27523462076633,
                        209
                    ],
                    [
                        133.8419131347154,
                        34.27557290394756,
                        206
                    ],
                    [
                        133.84188965792606,
                        34.27589127468405,
                        200
                    ],
                    [
                        133.8418968908637,
                        34.276245699314664,
                        195
                    ],
                    [
                        133.8419348336194,
                        34.276534356213986,
                        188
                    ],
                    [
                        133.84172215797548,
                        34.27640685683404,
                        177
                    ],
                    [
                        133.84141918061525,
                        34.27615550656006,
                        171
                    ],
                    [
                        133.84116700705385,
                        34.27594654625367,
                        162
                    ],
                    [
                        133.84093617333608,
                        34.27571889211133,
                        156
                    ],
                    [
                        133.8407121352593,
                        34.27546825580892,
                        149
                    ],
                    [
                        133.84050112179358,
                        34.27520204759092,
                        141
                    ],
                    [
                        133.8404364286463,
                        34.27492848328302,
                        135
                    ],
                    [
                        133.84043586379775,
                        34.274612508905335,
                        134
                    ],
                    [
                        133.84038156056852,
                        34.27428823723316,
                        128
                    ],
                    [
                        133.84035371840048,
                        34.273938512834896,
                        125
                    ],
                    [
                        133.84020500026082,
                        34.273618915697476,
                        120
                    ],
                    [
                        133.83997620635395,
                        34.27349204990063,
                        112
                    ],
                    [
                        133.84006836262955,
                        34.27322746321333,
                        109
                    ],
                    [
                        133.84008357329063,
                        34.272970931291304,
                        101
                    ],
                    [
                        133.84009831684767,
                        34.27274809143066,
                        95
                    ],
                    [
                        133.83999190397614,
                        34.27257401135977,
                        87
                    ],
                    [
                        133.8396495299129,
                        34.272646118376485,
                        81
                    ],
                    [
                        133.83966820316277,
                        34.272400143521885,
                        77
                    ],
                    [
                        133.83950385917467,
                        34.272212623936554,
                        70
                    ]
                ]
            }
        },

        {
            "type": "Feature",
            "properties": {
                "name": "20260312",
                "time": "2026-03-11T22:24:16Z",
                "coordTimes": [
                    "2026-03-11T22:24:16Z",
                    "2026-03-11T22:24:37Z",
                    "2026-03-11T22:25:04Z",
                    "2026-03-11T22:25:30Z",
                    "2026-03-11T22:25:57Z",
                    "2026-03-11T22:26:24Z",
                    "2026-03-11T22:26:50Z",
                    "2026-03-11T22:27:14Z",
                    "2026-03-11T22:27:40Z",
                    "2026-03-11T22:28:06Z",
                    "2026-03-11T22:28:32Z",
                    "2026-03-11T22:28:58Z",
                    "2026-03-11T22:29:25Z",
                    "2026-03-11T22:29:51Z",
                    "2026-03-11T22:30:16Z",
                    "2026-03-11T22:30:41Z",
                    "2026-03-11T22:31:13Z",
                    "2026-03-11T22:31:39Z",
                    "2026-03-11T22:32:15Z",
                    "2026-03-11T22:32:43Z",
                    "2026-03-11T22:33:35Z",
                    "2026-03-11T22:34:07Z",
                    "2026-03-11T22:34:42Z",
                    "2026-03-11T22:38:01Z",
                    "2026-03-11T22:38:31Z",
                    "2026-03-11T22:39:02Z",
                    "2026-03-11T22:39:32Z",
                    "2026-03-11T22:39:59Z",
                    "2026-03-11T22:40:48Z",
                    "2026-03-11T22:41:22Z",
                    "2026-03-11T22:42:15Z",
                    "2026-03-11T22:42:45Z",
                    "2026-03-11T22:43:23Z",
                    "2026-03-11T22:44:06Z",
                    "2026-03-11T22:44:39Z",
                    "2026-03-11T22:45:06Z",
                    "2026-03-11T22:46:06Z",
                    "2026-03-11T22:46:35Z",
                    "2026-03-11T22:47:09Z",
                    "2026-03-11T22:47:45Z",
                    "2026-03-11T22:48:19Z",
                    "2026-03-11T22:49:02Z",
                    "2026-03-11T22:49:38Z",
                    "2026-03-11T22:50:13Z",
                    "2026-03-11T22:50:51Z",
                    "2026-03-11T22:51:20Z",
                    "2026-03-11T22:51:54Z",
                    "2026-03-11T22:52:24Z",
                    "2026-03-11T22:52:58Z",
                    "2026-03-11T22:53:33Z",
                    "2026-03-11T22:54:01Z",
                    "2026-03-11T22:54:28Z",
                    "2026-03-11T22:55:13Z",
                    "2026-03-11T22:55:48Z",
                    "2026-03-11T22:56:21Z",
                    "2026-03-11T22:56:52Z",
                    "2026-03-11T22:57:25Z",
                    "2026-03-11T22:57:58Z",
                    "2026-03-11T22:58:26Z",
                    "2026-03-11T22:59:19Z",
                    "2026-03-11T23:00:58Z",
                    "2026-03-11T23:02:01Z",
                    "2026-03-11T23:02:36Z",
                    "2026-03-11T23:03:38Z",
                    "2026-03-11T23:04:06Z",
                    "2026-03-11T23:04:33Z",
                    "2026-03-11T23:05:04Z",
                    "2026-03-11T23:05:35Z",
                    "2026-03-11T23:06:04Z",
                    "2026-03-11T23:06:42Z",
                    "2026-03-11T23:07:13Z",
                    "2026-03-11T23:07:43Z",
                    "2026-03-11T23:08:16Z",
                    "2026-03-11T23:08:45Z",
                    "2026-03-11T23:09:19Z",
                    "2026-03-11T23:09:52Z",
                    "2026-03-11T23:10:26Z",
                    "2026-03-11T23:10:58Z",
                    "2026-03-11T23:11:30Z",
                    "2026-03-11T23:12:09Z",
                    "2026-03-11T23:12:38Z",
                    "2026-03-11T23:13:08Z",
                    "2026-03-11T23:13:38Z",
                    "2026-03-11T23:14:07Z",
                    "2026-03-11T23:16:22Z",
                    "2026-03-11T23:16:52Z",
                    "2026-03-11T23:17:20Z",
                    "2026-03-11T23:17:55Z",
                    "2026-03-11T23:18:20Z",
                    "2026-03-11T23:18:44Z",
                    "2026-03-11T23:19:20Z",
                    "2026-03-11T23:19:55Z",
                    "2026-03-11T23:20:31Z",
                    "2026-03-11T23:20:57Z",
                    "2026-03-11T23:21:29Z",
                    "2026-03-11T23:21:57Z",
                    "2026-03-11T23:22:29Z",
                    "2026-03-11T23:22:59Z",
                    "2026-03-11T23:23:39Z",
                    "2026-03-11T23:24:19Z",
                    "2026-03-11T23:25:22Z",
                    "2026-03-11T23:25:59Z",
                    "2026-03-11T23:26:41Z",
                    "2026-03-11T23:27:37Z",
                    "2026-03-11T23:28:08Z",
                    "2026-03-11T23:28:40Z",
                    "2026-03-11T23:30:26Z",
                    "2026-03-11T23:33:13Z",
                    "2026-03-11T23:33:44Z",
                    "2026-03-11T23:34:15Z",
                    "2026-03-11T23:34:43Z",
                    "2026-03-11T23:35:09Z",
                    "2026-03-11T23:35:36Z",
                    "2026-03-11T23:36:01Z",
                    "2026-03-11T23:36:27Z",
                    "2026-03-11T23:36:55Z",
                    "2026-03-11T23:37:30Z",
                    "2026-03-11T23:37:56Z",
                    "2026-03-11T23:38:24Z",
                    "2026-03-11T23:38:47Z",
                    "2026-03-11T23:39:14Z",
                    "2026-03-11T23:39:39Z",
                    "2026-03-11T23:40:06Z",
                    "2026-03-11T23:40:30Z",
                    "2026-03-11T23:40:58Z",
                    "2026-03-11T23:41:36Z",
                    "2026-03-11T23:42:05Z",
                    "2026-03-11T23:42:32Z",
                    "2026-03-11T23:42:59Z",
                    "2026-03-11T23:43:37Z",
                    "2026-03-11T23:44:10Z",
                    "2026-03-11T23:44:44Z",
                    "2026-03-11T23:45:12Z",
                    "2026-03-11T23:45:39Z",
                    "2026-03-11T23:46:05Z",
                    "2026-03-11T23:46:35Z",
                    "2026-03-11T23:47:12Z",
                    "2026-03-11T23:47:45Z",
                    "2026-03-11T23:48:20Z",
                    "2026-03-11T23:48:47Z",
                    "2026-03-11T23:49:15Z",
                    "2026-03-11T23:49:46Z",
                    "2026-03-11T23:50:14Z",
                    "2026-03-11T23:50:41Z",
                    "2026-03-11T23:51:14Z",
                    "2026-03-11T23:51:44Z",
                    "2026-03-11T23:52:11Z",
                    "2026-03-11T23:52:38Z",
                    "2026-03-11T23:53:08Z",
                    "2026-03-11T23:53:38Z",
                    "2026-03-11T23:54:03Z",
                    "2026-03-11T23:54:31Z",
                    "2026-03-11T23:54:58Z",
                    "2026-03-11T23:55:41Z",
                    "2026-03-11T23:56:15Z",
                    "2026-03-11T23:56:48Z",
                    "2026-03-11T23:57:19Z",
                    "2026-03-11T23:57:48Z",
                    "2026-03-11T23:58:17Z",
                    "2026-03-11T23:58:48Z",
                    "2026-03-11T23:59:23Z",
                    "2026-03-12T00:00:00Z",
                    "2026-03-12T00:00:55Z",
                    "2026-03-12T00:01:26Z",
                    "2026-03-12T00:01:58Z",
                    "2026-03-12T00:02:27Z",
                    "2026-03-12T00:02:56Z",
                    "2026-03-12T00:03:35Z",
                    "2026-03-12T00:04:09Z",
                    "2026-03-12T00:04:45Z",
                    "2026-03-12T00:05:31Z",
                    "2026-03-12T00:06:14Z",
                    "2026-03-12T00:06:52Z",
                    "2026-03-12T00:07:36Z",
                    "2026-03-12T00:08:16Z",
                    "2026-03-12T00:08:50Z",
                    "2026-03-12T00:09:26Z",
                    "2026-03-12T00:09:58Z",
                    "2026-03-12T00:10:27Z",
                    "2026-03-12T00:11:04Z",
                    "2026-03-12T00:11:35Z",
                    "2026-03-12T00:12:16Z",
                    "2026-03-12T00:12:47Z",
                    "2026-03-12T00:13:49Z",
                    "2026-03-12T00:14:23Z",
                    "2026-03-12T00:15:08Z",
                    "2026-03-12T00:16:01Z",
                    "2026-03-12T00:16:32Z",
                    "2026-03-12T00:17:16Z",
                    "2026-03-12T00:23:42Z",
                    "2026-03-12T00:24:18Z",
                    "2026-03-12T00:24:52Z",
                    "2026-03-12T00:25:24Z",
                    "2026-03-12T00:25:51Z",
                    "2026-03-12T00:26:18Z",
                    "2026-03-12T00:26:49Z",
                    "2026-03-12T00:27:18Z",
                    "2026-03-12T00:27:47Z",
                    "2026-03-12T00:28:12Z",
                    "2026-03-12T00:28:44Z",
                    "2026-03-12T00:29:20Z",
                    "2026-03-12T00:29:50Z",
                    "2026-03-12T00:30:20Z",
                    "2026-03-12T00:30:47Z",
                    "2026-03-12T00:31:16Z",
                    "2026-03-12T00:31:43Z",
                    "2026-03-12T00:32:11Z",
                    "2026-03-12T00:32:38Z",
                    "2026-03-12T00:33:07Z",
                    "2026-03-12T00:33:38Z",
                    "2026-03-12T00:34:13Z",
                    "2026-03-12T00:34:43Z",
                    "2026-03-12T00:35:09Z",
                    "2026-03-12T00:35:37Z",
                    "2026-03-12T00:36:05Z",
                    "2026-03-12T00:36:33Z",
                    "2026-03-12T00:37:02Z",
                    "2026-03-12T00:37:31Z",
                    "2026-03-12T00:38:00Z",
                    "2026-03-12T00:38:30Z",
                    "2026-03-12T00:38:57Z",
                    "2026-03-12T00:39:25Z",
                    "2026-03-12T00:39:54Z",
                    "2026-03-12T00:40:24Z",
                    "2026-03-12T00:40:56Z",
                    "2026-03-12T00:41:49Z",
                    "2026-03-12T00:42:24Z",
                    "2026-03-12T00:42:49Z",
                    "2026-03-12T00:43:15Z",
                    "2026-03-12T00:43:40Z",
                    "2026-03-12T00:44:13Z",
                    "2026-03-12T00:44:45Z",
                    "2026-03-12T00:45:12Z",
                    "2026-03-12T00:45:49Z",
                    "2026-03-12T00:46:42Z",
                    "2026-03-12T00:47:28Z",
                    "2026-03-12T00:48:16Z",
                    "2026-03-12T00:49:37Z",
                    "2026-03-12T00:50:08Z",
                    "2026-03-12T00:50:43Z",
                    "2026-03-12T00:51:16Z",
                    "2026-03-12T00:51:45Z",
                    "2026-03-12T00:52:14Z",
                    "2026-03-12T00:56:23Z",
                    "2026-03-12T00:56:50Z",
                    "2026-03-12T00:57:17Z",
                    "2026-03-12T00:57:57Z",
                    "2026-03-12T00:58:31Z",
                    "2026-03-12T00:59:01Z",
                    "2026-03-12T00:59:29Z",
                    "2026-03-12T00:59:55Z",
                    "2026-03-12T01:00:39Z",
                    "2026-03-12T01:01:07Z",
                    "2026-03-12T01:01:35Z",
                    "2026-03-12T01:06:02Z",
                    "2026-03-12T01:06:32Z",
                    "2026-03-12T01:07:06Z",
                    "2026-03-12T01:07:40Z",
                    "2026-03-12T01:08:08Z",
                    "2026-03-12T01:08:34Z",
                    "2026-03-12T01:09:08Z",
                    "2026-03-12T01:09:48Z",
                    "2026-03-12T01:10:29Z",
                    "2026-03-12T01:11:06Z",
                    "2026-03-12T01:11:37Z",
                    "2026-03-12T01:12:07Z",
                    "2026-03-12T01:12:35Z",
                    "2026-03-12T01:13:10Z",
                    "2026-03-12T01:13:52Z",
                    "2026-03-12T01:14:34Z",
                    "2026-03-12T01:15:18Z",
                    "2026-03-12T01:16:17Z",
                    "2026-03-12T01:21:01Z",
                    "2026-03-12T01:22:07Z",
                    "2026-03-12T01:22:36Z",
                    "2026-03-12T01:23:13Z",
                    "2026-03-12T01:23:41Z",
                    "2026-03-12T01:24:07Z",
                    "2026-03-12T01:24:37Z",
                    "2026-03-12T01:25:13Z",
                    "2026-03-12T01:25:52Z",
                    "2026-03-12T01:26:33Z",
                    "2026-03-12T01:27:00Z",
                    "2026-03-12T01:27:38Z",
                    "2026-03-12T01:28:07Z",
                    "2026-03-12T01:28:39Z",
                    "2026-03-12T01:29:13Z",
                    "2026-03-12T01:29:47Z",
                    "2026-03-12T01:31:57Z",
                    "2026-03-12T01:32:27Z",
                    "2026-03-12T01:32:54Z",
                    "2026-03-12T01:33:23Z",
                    "2026-03-12T01:33:51Z",
                    "2026-03-12T01:34:20Z",
                    "2026-03-12T01:34:48Z",
                    "2026-03-12T01:35:16Z",
                    "2026-03-12T01:35:49Z",
                    "2026-03-12T01:36:19Z",
                    "2026-03-12T01:36:54Z",
                    "2026-03-12T01:37:30Z",
                    "2026-03-12T01:38:07Z",
                    "2026-03-12T01:38:41Z",
                    "2026-03-12T01:39:16Z",
                    "2026-03-12T01:40:01Z",
                    "2026-03-12T01:40:39Z",
                    "2026-03-12T01:41:11Z",
                    "2026-03-12T01:41:40Z",
                    "2026-03-12T01:42:08Z",
                    "2026-03-12T01:42:38Z",
                    "2026-03-12T01:43:05Z",
                    "2026-03-12T01:43:33Z",
                    "2026-03-12T01:44:01Z",
                    "2026-03-12T01:44:39Z",
                    "2026-03-12T01:45:06Z",
                    "2026-03-12T01:45:40Z",
                    "2026-03-12T01:46:18Z",
                    "2026-03-12T01:46:45Z",
                    "2026-03-12T01:47:11Z",
                    "2026-03-12T01:47:38Z",
                    "2026-03-12T01:48:06Z",
                    "2026-03-12T01:48:31Z",
                    "2026-03-12T01:48:58Z",
                    "2026-03-12T01:49:23Z",
                    "2026-03-12T01:49:46Z",
                    "2026-03-12T01:50:14Z",
                    "2026-03-12T01:50:38Z",
                    "2026-03-12T01:51:03Z",
                    "2026-03-12T01:51:38Z",
                    "2026-03-12T01:52:05Z",
                    "2026-03-12T01:52:31Z",
                    "2026-03-12T01:55:03Z",
                    "2026-03-12T01:55:30Z",
                    "2026-03-12T01:55:53Z",
                    "2026-03-12T01:56:17Z",
                    "2026-03-12T01:56:44Z",
                    "2026-03-12T01:57:11Z",
                    "2026-03-12T01:57:45Z",
                    "2026-03-12T01:58:09Z",
                    "2026-03-12T01:58:31Z",
                    "2026-03-12T01:58:56Z",
                    "2026-03-12T01:59:20Z",
                    "2026-03-12T01:59:47Z",
                    "2026-03-12T02:00:12Z",
                    "2026-03-12T02:00:40Z",
                    "2026-03-12T02:01:08Z",
                    "2026-03-12T02:01:34Z",
                    "2026-03-12T02:01:59Z",
                    "2026-03-12T02:02:25Z",
                    "2026-03-12T02:02:52Z",
                    "2026-03-12T02:03:18Z",
                    "2026-03-12T02:03:42Z",
                    "2026-03-12T02:04:05Z",
                    "2026-03-12T02:04:30Z",
                    "2026-03-12T02:04:54Z",
                    "2026-03-12T02:05:23Z",
                    "2026-03-12T02:06:07Z",
                    "2026-03-12T02:06:31Z",
                    "2026-03-12T02:06:54Z",
                    "2026-03-12T02:07:17Z",
                    "2026-03-12T02:07:41Z",
                    "2026-03-12T02:08:05Z",
                    "2026-03-12T02:08:32Z",
                    "2026-03-12T02:08:57Z",
                    "2026-03-12T02:09:20Z",
                    "2026-03-12T02:09:45Z",
                    "2026-03-12T02:10:08Z",
                    "2026-03-12T02:10:40Z",
                    "2026-03-12T02:11:08Z",
                    "2026-03-12T02:11:33Z",
                    "2026-03-12T02:11:55Z",
                    "2026-03-12T02:12:19Z",
                    "2026-03-12T02:12:43Z",
                    "2026-03-12T02:13:10Z",
                    "2026-03-12T02:13:37Z",
                    "2026-03-12T02:14:03Z",
                    "2026-03-12T02:14:26Z",
                    "2026-03-12T02:14:49Z",
                    "2026-03-12T02:15:14Z",
                    "2026-03-12T02:15:37Z",
                    "2026-03-12T02:16:01Z",
                    "2026-03-12T02:16:25Z",
                    "2026-03-12T02:16:50Z",
                    "2026-03-12T02:17:15Z",
                    "2026-03-12T02:17:38Z",
                    "2026-03-12T02:18:04Z",
                    "2026-03-12T02:18:31Z",
                    "2026-03-12T02:18:56Z",
                    "2026-03-12T02:19:21Z",
                    "2026-03-12T02:19:48Z",
                    "2026-03-12T02:20:15Z",
                    "2026-03-12T02:20:48Z",
                    "2026-03-12T02:23:46Z",
                    "2026-03-12T02:24:10Z",
                    "2026-03-12T02:24:33Z",
                    "2026-03-12T02:24:58Z",
                    "2026-03-12T02:25:22Z",
                    "2026-03-12T02:25:47Z",
                    "2026-03-12T02:26:14Z",
                    "2026-03-12T02:26:39Z",
                    "2026-03-12T02:27:04Z",
                    "2026-03-12T02:27:29Z",
                    "2026-03-12T02:27:54Z",
                    "2026-03-12T02:28:32Z",
                    "2026-03-12T02:29:00Z",
                    "2026-03-12T02:29:25Z",
                    "2026-03-12T02:29:51Z",
                    "2026-03-12T02:30:18Z",
                    "2026-03-12T02:30:46Z",
                    "2026-03-12T02:31:13Z",
                    "2026-03-12T02:31:38Z",
                    "2026-03-12T02:32:01Z",
                    "2026-03-12T02:32:27Z",
                    "2026-03-12T02:32:54Z",
                    "2026-03-12T02:33:21Z",
                    "2026-03-12T02:33:49Z",
                    "2026-03-12T02:34:15Z",
                    "2026-03-12T02:34:44Z",
                    "2026-03-12T02:35:10Z",
                    "2026-03-12T02:35:36Z",
                    "2026-03-12T02:36:00Z",
                    "2026-03-12T02:36:23Z",
                    "2026-03-12T02:36:48Z",
                    "2026-03-12T02:37:15Z",
                    "2026-03-12T02:37:41Z",
                    "2026-03-12T02:38:09Z",
                    "2026-03-12T02:38:36Z",
                    "2026-03-12T02:39:02Z",
                    "2026-03-12T02:39:29Z",
                    "2026-03-12T02:39:57Z",
                    "2026-03-12T02:40:23Z",
                    "2026-03-12T02:40:48Z",
                    "2026-03-12T02:41:14Z",
                    "2026-03-12T02:41:40Z",
                    "2026-03-12T02:42:06Z",
                    "2026-03-12T02:42:35Z",
                    "2026-03-12T02:43:01Z",
                    "2026-03-12T02:43:28Z",
                    "2026-03-12T02:43:55Z",
                    "2026-03-12T02:44:22Z",
                    "2026-03-12T02:44:47Z",
                    "2026-03-12T02:45:13Z",
                    "2026-03-12T02:45:39Z",
                    "2026-03-12T02:46:05Z",
                    "2026-03-12T02:46:30Z",
                    "2026-03-12T02:46:56Z",
                    "2026-03-12T02:47:23Z",
                    "2026-03-12T02:47:49Z",
                    "2026-03-12T02:48:15Z",
                    "2026-03-12T02:48:42Z",
                    "2026-03-12T02:49:10Z",
                    "2026-03-12T02:49:36Z",
                    "2026-03-12T02:50:01Z",
                    "2026-03-12T02:50:27Z",
                    "2026-03-12T02:50:53Z",
                    "2026-03-12T02:51:14Z"
                ]
            },
            "geometry": {
                "type": "LineString",
                "coordinates": [
                    [
                        134.00770395419363,
                        34.09554859233818,
                        442
                    ],
                    [
                        134.00807429816714,
                        34.09535488529352,
                        439
                    ],
                    [
                        134.008425774721,
                        34.09516612706622,
                        439
                    ],
                    [
                        134.00878834607096,
                        34.094953019161515,
                        441
                    ],
                    [
                        134.00918628673378,
                        34.09475169056808,
                        443
                    ],
                    [
                        134.00958629962548,
                        34.0945609622787,
                        442
                    ],
                    [
                        134.01000703413905,
                        34.094405756521944,
                        442
                    ],
                    [
                        134.01039769571705,
                        34.094294255035464,
                        440
                    ],
                    [
                        134.01085871169622,
                        34.094240558850984,
                        439
                    ],
                    [
                        134.01131824098422,
                        34.09421300553766,
                        445
                    ],
                    [
                        134.0117761973255,
                        34.094242321884636,
                        445
                    ],
                    [
                        134.01221950220685,
                        34.09425003396827,
                        449
                    ],
                    [
                        134.01268008518582,
                        34.09430948748683,
                        454
                    ],
                    [
                        134.013071033102,
                        34.094389805388936,
                        453
                    ],
                    [
                        134.0134809849941,
                        34.09449634389418,
                        453
                    ],
                    [
                        134.0139057981148,
                        34.09459755116533,
                        445
                    ],
                    [
                        134.01403531486423,
                        34.09430680774687,
                        450
                    ],
                    [
                        134.014371891679,
                        34.09413984778097,
                        460
                    ],
                    [
                        134.0145446443246,
                        34.09388306246629,
                        465
                    ],
                    [
                        134.01457041006276,
                        34.09356525108591,
                        468
                    ],
                    [
                        134.01480394899778,
                        34.093349696812886,
                        476
                    ],
                    [
                        134.01505469986608,
                        34.09316411187263,
                        479
                    ],
                    [
                        134.01523415991375,
                        34.09290621169942,
                        482
                    ],
                    [
                        134.01547206530904,
                        34.092798394695336,
                        487
                    ],
                    [
                        134.01552808677513,
                        34.092538918002205,
                        490
                    ],
                    [
                        134.01578544924277,
                        34.09236084562033,
                        495
                    ],
                    [
                        134.0159473888616,
                        34.09215490908962,
                        502
                    ],
                    [
                        134.01596701355174,
                        34.091957794806554,
                        508
                    ],
                    [
                        134.016036771356,
                        34.091722244506386,
                        519
                    ],
                    [
                        134.01623239009024,
                        34.09150652649687,
                        530
                    ],
                    [
                        134.0164384748839,
                        34.091348378658424,
                        533
                    ],
                    [
                        134.01649176588595,
                        34.09119753481556,
                        544
                    ],
                    [
                        134.01666829476977,
                        34.091085881950434,
                        538
                    ],
                    [
                        134.0168539131925,
                        34.09102737614623,
                        538
                    ],
                    [
                        134.01707291600624,
                        34.090832967668774,
                        546
                    ],
                    [
                        134.0172728544918,
                        34.0906772817439,
                        549
                    ],
                    [
                        134.01751495606817,
                        34.09050887481914,
                        560
                    ],
                    [
                        134.01771459621173,
                        34.090361324023874,
                        567
                    ],
                    [
                        134.01784722043342,
                        34.09022239535818,
                        563
                    ],
                    [
                        134.0180160085317,
                        34.09009529860338,
                        570
                    ],
                    [
                        134.01825463893752,
                        34.09001621217796,
                        575
                    ],
                    [
                        134.01849204131761,
                        34.08993175723143,
                        592
                    ],
                    [
                        134.0187071016028,
                        34.08978101808807,
                        599
                    ],
                    [
                        134.01880769227694,
                        34.08963675757172,
                        605
                    ],
                    [
                        134.01897769521295,
                        34.08943920016184,
                        604
                    ],
                    [
                        134.01915721137567,
                        34.089249805728095,
                        614
                    ],
                    [
                        134.01934684822552,
                        34.089085437909475,
                        626
                    ],
                    [
                        134.01953630732794,
                        34.088988646007685,
                        625
                    ],
                    [
                        134.01971842005884,
                        34.08883083113654,
                        628
                    ],
                    [
                        134.01997832957258,
                        34.088691486579286,
                        636
                    ],
                    [
                        134.020170463763,
                        34.08858096613588,
                        642
                    ],
                    [
                        134.02043410318697,
                        34.088482678093484,
                        647
                    ],
                    [
                        134.02068399559445,
                        34.08832533680396,
                        652
                    ],
                    [
                        134.02084916993977,
                        34.088203573733345,
                        657
                    ],
                    [
                        134.02108084412507,
                        34.08805506784271,
                        664
                    ],
                    [
                        134.02129083595045,
                        34.08787375888252,
                        664
                    ],
                    [
                        134.021489684677,
                        34.08776846605237,
                        670
                    ],
                    [
                        134.02172064611523,
                        34.08763282263109,
                        675
                    ],
                    [
                        134.02197832096618,
                        34.08755981182552,
                        678
                    ],
                    [
                        134.02225196043307,
                        34.08759189658545,
                        679
                    ],
                    [
                        134.0225668033632,
                        34.087526674310794,
                        687
                    ],
                    [
                        134.02277984817303,
                        34.08746178838732,
                        688
                    ],
                    [
                        134.02289606122116,
                        34.087496914005825,
                        692
                    ],
                    [
                        134.02316978605495,
                        34.08740074240949,
                        692
                    ],
                    [
                        134.02350626616794,
                        34.087350541778186,
                        694
                    ],
                    [
                        134.02382981978158,
                        34.08742268912723,
                        707
                    ],
                    [
                        134.0242128106012,
                        34.08745105947693,
                        716
                    ],
                    [
                        134.02444239556593,
                        34.08743568575591,
                        724
                    ],
                    [
                        134.0246647288259,
                        34.087410777751415,
                        717
                    ],
                    [
                        134.0249055619086,
                        34.08751004390317,
                        726
                    ],
                    [
                        134.02517416368278,
                        34.087583007659404,
                        733
                    ],
                    [
                        134.02547406751955,
                        34.08767083485817,
                        738
                    ],
                    [
                        134.02562956405404,
                        34.087886309636275,
                        751
                    ],
                    [
                        134.02572080674298,
                        34.088098097637626,
                        755
                    ],
                    [
                        134.02571553010804,
                        34.08831477053758,
                        755
                    ],
                    [
                        134.02574314255446,
                        34.08845822694447,
                        758
                    ],
                    [
                        134.02599952782901,
                        34.08836187249575,
                        762
                    ],
                    [
                        134.0261002073504,
                        34.08813232138738,
                        768
                    ],
                    [
                        134.02618507071975,
                        34.087898424292284,
                        772
                    ],
                    [
                        134.02633544326434,
                        34.08767281572185,
                        780
                    ],
                    [
                        134.02660248428637,
                        34.087521240690535,
                        784
                    ],
                    [
                        134.02691927311395,
                        34.08743925501494,
                        791
                    ],
                    [
                        134.02724130307297,
                        34.08734910544432,
                        798
                    ],
                    [
                        134.02756054347392,
                        34.08724789215374,
                        804
                    ],
                    [
                        134.02764188687783,
                        34.08739045267768,
                        804
                    ],
                    [
                        134.0271818526271,
                        34.08757911874622,
                        803
                    ],
                    [
                        134.02684661821652,
                        34.08779191272674,
                        804
                    ],
                    [
                        134.02666911027012,
                        34.0880026719074,
                        797
                    ],
                    [
                        134.02642665236758,
                        34.08841988087922,
                        787
                    ],
                    [
                        134.0262777853254,
                        34.08877196991024,
                        792
                    ],
                    [
                        134.02611529320131,
                        34.088925263156995,
                        799
                    ],
                    [
                        134.02592907821113,
                        34.0890401966826,
                        807
                    ],
                    [
                        134.02577477556065,
                        34.089289933788166,
                        815
                    ],
                    [
                        134.0257110560596,
                        34.089544464445375,
                        819
                    ],
                    [
                        134.02567523876542,
                        34.089725503249205,
                        827
                    ],
                    [
                        134.02555275637738,
                        34.08988957715108,
                        833
                    ],
                    [
                        134.02545618869203,
                        34.09012924004013,
                        838
                    ],
                    [
                        134.025501951602,
                        34.090400592761256,
                        847
                    ],
                    [
                        134.02555396924802,
                        34.090549733659216,
                        852
                    ],
                    [
                        134.02560661745764,
                        34.09070833099023,
                        858
                    ],
                    [
                        134.02564040395367,
                        34.0909162988413,
                        869
                    ],
                    [
                        134.02564943402353,
                        34.09111858266462,
                        881
                    ],
                    [
                        134.02563061935203,
                        34.091312385739926,
                        887
                    ],
                    [
                        134.0255140701344,
                        34.091515007215875,
                        896
                    ],
                    [
                        134.02541187239294,
                        34.091734990428364,
                        904
                    ],
                    [
                        134.02541953306022,
                        34.09193980199,
                        912
                    ],
                    [
                        134.02568173502775,
                        34.09200303325802,
                        910
                    ],
                    [
                        134.02597619207577,
                        34.09207158085082,
                        894
                    ],
                    [
                        134.02628672302606,
                        34.092099474235134,
                        881
                    ],
                    [
                        134.02660045801338,
                        34.09214822785595,
                        881
                    ],
                    [
                        134.02696320490872,
                        34.092319518398554,
                        883
                    ],
                    [
                        134.02720815265164,
                        34.092572460111526,
                        883
                    ],
                    [
                        134.0274801472827,
                        34.092804518656195,
                        884
                    ],
                    [
                        134.02795770005892,
                        34.09298873618915,
                        866
                    ],
                    [
                        134.02833157089373,
                        34.09320659808281,
                        873
                    ],
                    [
                        134.0284631204745,
                        34.09340894462996,
                        878
                    ],
                    [
                        134.02870852290607,
                        34.09357911325613,
                        880
                    ],
                    [
                        134.02897102300813,
                        34.0938532862375,
                        884
                    ],
                    [
                        134.02914110605275,
                        34.09410164164265,
                        891
                    ],
                    [
                        134.0290641481995,
                        34.09447193492707,
                        891
                    ],
                    [
                        134.02894911025928,
                        34.09466427250369,
                        898
                    ],
                    [
                        134.02914659039166,
                        34.094906063914536,
                        894
                    ],
                    [
                        134.0294438059339,
                        34.094970072950886,
                        890
                    ],
                    [
                        134.0296536601383,
                        34.09517881789561,
                        893
                    ],
                    [
                        134.02974675660082,
                        34.09543518056847,
                        899
                    ],
                    [
                        134.02981410594907,
                        34.09572384182185,
                        909
                    ],
                    [
                        134.02997787088975,
                        34.0959979083922,
                        911
                    ],
                    [
                        134.03020879986494,
                        34.09620516359927,
                        915
                    ],
                    [
                        134.0302249228386,
                        34.096348729392865,
                        916
                    ],
                    [
                        134.030248461985,
                        34.096505704966546,
                        917
                    ],
                    [
                        134.03034277846757,
                        34.09672297600888,
                        927
                    ],
                    [
                        134.0304812535772,
                        34.09679446515632,
                        929
                    ],
                    [
                        134.03085667281266,
                        34.09702756517097,
                        925
                    ],
                    [
                        134.03107875513038,
                        34.09729555307757,
                        932
                    ],
                    [
                        134.0311771172862,
                        34.09752137847393,
                        929
                    ],
                    [
                        134.03147203981402,
                        34.09756035008283,
                        917
                    ],
                    [
                        134.03174519722793,
                        34.09754989412431,
                        911
                    ],
                    [
                        134.0320023793985,
                        34.09758364340407,
                        901
                    ],
                    [
                        134.03241673470654,
                        34.09771413288635,
                        895
                    ],
                    [
                        134.03290262959703,
                        34.097893323081344,
                        896
                    ],
                    [
                        134.0331780184061,
                        34.09793216458793,
                        891
                    ],
                    [
                        134.03342123211453,
                        34.09788797327172,
                        879
                    ],
                    [
                        134.03385798543752,
                        34.097866868250755,
                        880
                    ],
                    [
                        134.03410050173116,
                        34.09807881808487,
                        886
                    ],
                    [
                        134.03428480843263,
                        34.098249806286375,
                        891
                    ],
                    [
                        134.03459514625123,
                        34.09845957999885,
                        894
                    ],
                    [
                        134.0348420033692,
                        34.098533052928566,
                        888
                    ],
                    [
                        134.03517438275497,
                        34.098550447542536,
                        878
                    ],
                    [
                        134.03538531744204,
                        34.09849279628509,
                        873
                    ],
                    [
                        134.03580545871068,
                        34.09844447577892,
                        858
                    ],
                    [
                        134.03618544916304,
                        34.09865866051579,
                        868
                    ],
                    [
                        134.03657761652966,
                        34.09875674074272,
                        855
                    ],
                    [
                        134.03692524949062,
                        34.09889014562771,
                        866
                    ],
                    [
                        134.03711419208432,
                        34.09906906212624,
                        873
                    ],
                    [
                        134.03722475086926,
                        34.09924603191952,
                        881
                    ],
                    [
                        134.0374127478765,
                        34.099402984189766,
                        889
                    ],
                    [
                        134.03770516217267,
                        34.0995532429915,
                        888
                    ],
                    [
                        134.0380047149005,
                        34.0996550522965,
                        893
                    ],
                    [
                        134.03862250749015,
                        34.09977786600054,
                        886
                    ],
                    [
                        134.03876082840995,
                        34.099969902720815,
                        890
                    ],
                    [
                        134.03897584748523,
                        34.100143510172316,
                        894
                    ],
                    [
                        134.03927898654837,
                        34.100199454208514,
                        888
                    ],
                    [
                        134.03943975620953,
                        34.100265918724986,
                        889
                    ],
                    [
                        134.03962625280664,
                        34.100473606939666,
                        895
                    ],
                    [
                        134.0398682507602,
                        34.10067441327493,
                        901
                    ],
                    [
                        134.04015351905642,
                        34.100894168261426,
                        902
                    ],
                    [
                        134.04032178001495,
                        34.101122150927424,
                        906
                    ],
                    [
                        134.04042364918212,
                        34.10129529483168,
                        913
                    ],
                    [
                        134.0405071608925,
                        34.10143875384798,
                        920
                    ],
                    [
                        134.0405199132841,
                        34.101605149797074,
                        927
                    ],
                    [
                        134.04059008040562,
                        34.10178473112835,
                        935
                    ],
                    [
                        134.04061701058134,
                        34.10197557396776,
                        939
                    ],
                    [
                        134.04069492448238,
                        34.10211860612033,
                        949
                    ],
                    [
                        134.0407805724569,
                        34.10230781488576,
                        956
                    ],
                    [
                        134.0408181620965,
                        34.10247985802576,
                        965
                    ],
                    [
                        134.04089067936815,
                        34.10266276443197,
                        975
                    ],
                    [
                        134.04095333938463,
                        34.1028845541008,
                        981
                    ],
                    [
                        134.04093478512067,
                        34.10321880192515,
                        988
                    ],
                    [
                        134.04094955712935,
                        34.10350013961542,
                        990
                    ],
                    [
                        134.04090753596043,
                        34.10373142332803,
                        995
                    ],
                    [
                        134.04093214863187,
                        34.10394238365175,
                        1001
                    ],
                    [
                        134.0410086314556,
                        34.10413233442877,
                        1007
                    ],
                    [
                        134.0410675943504,
                        34.10431565664661,
                        1011
                    ],
                    [
                        134.04117760321944,
                        34.10437601664829,
                        1015
                    ],
                    [
                        134.04136024595277,
                        34.104507705256765,
                        1003
                    ],
                    [
                        134.0414338222109,
                        34.10466053682767,
                        1002
                    ],
                    [
                        134.04148966860595,
                        34.10483650349198,
                        991
                    ],
                    [
                        134.04151477243948,
                        34.10502922127934,
                        986
                    ],
                    [
                        134.04155932947805,
                        34.10516578521664,
                        988
                    ],
                    [
                        134.04154822075043,
                        34.1053964691463,
                        988
                    ],
                    [
                        134.0415895695449,
                        34.105566738347605,
                        999
                    ],
                    [
                        134.0418151323775,
                        34.10572832945066,
                        1002
                    ],
                    [
                        134.04187219467184,
                        34.10596782198167,
                        1008
                    ],
                    [
                        134.04165248921535,
                        34.1062159880954,
                        1002
                    ],
                    [
                        134.04178300172376,
                        34.10645248133395,
                        994
                    ],
                    [
                        134.04200696309746,
                        34.10668330455222,
                        984
                    ],
                    [
                        134.0420251676323,
                        34.10698415581889,
                        988
                    ],
                    [
                        134.04206837112588,
                        34.10721445243441,
                        992
                    ],
                    [
                        134.04213725596455,
                        34.10748456282407,
                        996
                    ],
                    [
                        134.04212146912718,
                        34.10769814658981,
                        1002
                    ],
                    [
                        134.04200766826688,
                        34.10792766820876,
                        1010
                    ],
                    [
                        134.0419567375866,
                        34.10818368150172,
                        1015
                    ],
                    [
                        134.0420494883443,
                        34.1084258609125,
                        1018
                    ],
                    [
                        134.04218230656144,
                        34.10870582840271,
                        1023
                    ],
                    [
                        134.04229562870955,
                        34.10894036793813,
                        1028
                    ],
                    [
                        134.04231476144142,
                        34.109226378284994,
                        1030
                    ],
                    [
                        134.04222663058314,
                        34.10950564508399,
                        1034
                    ],
                    [
                        134.04218976048784,
                        34.10979560716765,
                        1036
                    ],
                    [
                        134.04226885118084,
                        34.11011169437164,
                        1037
                    ],
                    [
                        134.0423822151115,
                        34.11037954213148,
                        1034
                    ],
                    [
                        134.04257368944155,
                        34.11040122357672,
                        1028
                    ],
                    [
                        134.04282847241606,
                        34.11065569536015,
                        1022
                    ],
                    [
                        134.04319956681115,
                        34.11081735564191,
                        1014
                    ],
                    [
                        134.04338729575406,
                        34.111066927316436,
                        1022
                    ],
                    [
                        134.04359941482758,
                        34.11132901788004,
                        1021
                    ],
                    [
                        134.04379780130566,
                        34.11161670560518,
                        1021
                    ],
                    [
                        134.04380745057927,
                        34.111932902856,
                        1023
                    ],
                    [
                        134.04384698486476,
                        34.11216853406588,
                        1021
                    ],
                    [
                        134.04398792361965,
                        34.112420613107055,
                        1011
                    ],
                    [
                        134.04429861533723,
                        34.112588232025985,
                        1006
                    ],
                    [
                        134.04438429645256,
                        34.112845848315324,
                        1003
                    ],
                    [
                        134.0446852228547,
                        34.11308257751592,
                        1005
                    ],
                    [
                        134.04465452048788,
                        34.113337862349645,
                        1010
                    ],
                    [
                        134.04458100542536,
                        34.11351652272274,
                        1014
                    ],
                    [
                        134.0445716207528,
                        34.113735531583956,
                        1020
                    ],
                    [
                        134.04473377502353,
                        34.11375286006514,
                        1012
                    ],
                    [
                        134.0450872685776,
                        34.113783663148624,
                        1007
                    ],
                    [
                        134.0454590186857,
                        34.113846312875744,
                        1006
                    ],
                    [
                        134.04579094439828,
                        34.11397592695143,
                        1009
                    ],
                    [
                        134.04604655097484,
                        34.11411164186794,
                        1006
                    ],
                    [
                        134.04621574558632,
                        34.1142224121054,
                        998
                    ],
                    [
                        134.04643483695136,
                        34.11446974635098,
                        995
                    ],
                    [
                        134.0465925886411,
                        34.11464569578156,
                        998
                    ],
                    [
                        134.04671807760548,
                        34.114733116015444,
                        1006
                    ],
                    [
                        134.04679016799088,
                        34.114834274482945,
                        1018
                    ],
                    [
                        134.04694017990002,
                        34.114929230027016,
                        1023
                    ],
                    [
                        134.0470418163648,
                        34.115069453607305,
                        1036
                    ],
                    [
                        134.0473470650211,
                        34.11500798594497,
                        1039
                    ],
                    [
                        134.0475560229681,
                        34.114936140217395,
                        1040
                    ],
                    [
                        134.0478132152933,
                        34.11491193473773,
                        1049
                    ],
                    [
                        134.04805588721055,
                        34.114992201686604,
                        1059
                    ],
                    [
                        134.04819419675175,
                        34.11526703224622,
                        1058
                    ],
                    [
                        134.0482448484646,
                        34.11543539283951,
                        1062
                    ],
                    [
                        134.04848230864056,
                        34.11558764998502,
                        1056
                    ],
                    [
                        134.04860771180856,
                        34.11567068907493,
                        1052
                    ],
                    [
                        134.04832854788222,
                        34.115512309130914,
                        1057
                    ],
                    [
                        134.0482364221949,
                        34.11543690346511,
                        1060
                    ],
                    [
                        134.0485300471388,
                        34.11561604324038,
                        1055
                    ],
                    [
                        134.0486923309294,
                        34.11579077463664,
                        1046
                    ],
                    [
                        134.0486618207006,
                        34.116082246571956,
                        1045
                    ],
                    [
                        134.04878213434546,
                        34.11630489923042,
                        1038
                    ],
                    [
                        134.04895403673717,
                        34.11641617253275,
                        1034
                    ],
                    [
                        134.04913924736005,
                        34.11667542046775,
                        1037
                    ],
                    [
                        134.04932015315276,
                        34.11691139374376,
                        1034
                    ],
                    [
                        134.049370842074,
                        34.11711223779536,
                        1022
                    ],
                    [
                        134.0494856903312,
                        34.1174689778069,
                        1017
                    ],
                    [
                        134.0498697850891,
                        34.11755741091807,
                        1010
                    ],
                    [
                        134.05007800988074,
                        34.11762751367796,
                        1002
                    ],
                    [
                        134.0503426385279,
                        34.11781473832492,
                        999
                    ],
                    [
                        134.0505947949499,
                        34.11794430906488,
                        993
                    ],
                    [
                        134.05091652287368,
                        34.11797932326209,
                        988
                    ],
                    [
                        134.05117519586412,
                        34.11806929585605,
                        988
                    ],
                    [
                        134.05137778716926,
                        34.11813356080416,
                        1002
                    ],
                    [
                        134.05159097614455,
                        34.11813204793256,
                        1007
                    ],
                    [
                        134.05186982311702,
                        34.11810142170567,
                        1015
                    ],
                    [
                        134.05219522556376,
                        34.11809674416126,
                        1008
                    ],
                    [
                        134.0524822361495,
                        34.11818914814525,
                        1014
                    ],
                    [
                        134.0527201472372,
                        34.11829964477477,
                        1021
                    ],
                    [
                        134.05291816234327,
                        34.1182956597148,
                        1028
                    ],
                    [
                        134.0531201040439,
                        34.118326028781254,
                        1037
                    ],
                    [
                        134.05333198445106,
                        34.11832643562576,
                        1047
                    ],
                    [
                        134.05354769496455,
                        34.11816219342065,
                        1052
                    ],
                    [
                        134.05334040901917,
                        34.11834255670107,
                        1048
                    ],
                    [
                        134.0531405569794,
                        34.11831446979255,
                        1040
                    ],
                    [
                        134.05293524184452,
                        34.11828893814858,
                        1032
                    ],
                    [
                        134.0526947060045,
                        34.11826353560773,
                        1021
                    ],
                    [
                        134.05241155574015,
                        34.118166899255904,
                        1008
                    ],
                    [
                        134.052085181162,
                        34.11805842693251,
                        1007
                    ],
                    [
                        134.05171446887798,
                        34.11808754860123,
                        1013
                    ],
                    [
                        134.05147752110466,
                        34.11814318313543,
                        1003
                    ],
                    [
                        134.05122966067512,
                        34.11807696305557,
                        992
                    ],
                    [
                        134.05093235158697,
                        34.117996569044045,
                        986
                    ],
                    [
                        134.05068235364126,
                        34.11792608677282,
                        991
                    ],
                    [
                        134.05039592165247,
                        34.117867201,
                        995
                    ],
                    [
                        134.05021913842359,
                        34.11763372430459,
                        999
                    ],
                    [
                        134.050012395398,
                        34.11760758582934,
                        1005
                    ],
                    [
                        134.0497212365572,
                        34.117500812659976,
                        1013
                    ],
                    [
                        134.04946655602612,
                        34.117442513496805,
                        1019
                    ],
                    [
                        134.0493325038872,
                        34.117698972209816,
                        1007
                    ],
                    [
                        134.04906099737346,
                        34.117932162719875,
                        1003
                    ],
                    [
                        134.04889732504458,
                        34.118178912685536,
                        996
                    ],
                    [
                        134.04864054221142,
                        34.11834089386041,
                        991
                    ],
                    [
                        134.04858884676477,
                        34.118471215122035,
                        985
                    ],
                    [
                        134.04839279073164,
                        34.11862217267683,
                        979
                    ],
                    [
                        134.04817887763087,
                        34.118863637706156,
                        972
                    ],
                    [
                        134.0480298783808,
                        34.11898708035827,
                        965
                    ],
                    [
                        134.04773694692963,
                        34.11918604709052,
                        957
                    ],
                    [
                        134.047572015853,
                        34.11932309806711,
                        950
                    ],
                    [
                        134.0473093925775,
                        34.11938993338563,
                        938
                    ],
                    [
                        134.04702908304205,
                        34.119403444919605,
                        926
                    ],
                    [
                        134.04683825787401,
                        34.11945983163233,
                        916
                    ],
                    [
                        134.04665967539617,
                        34.119675794496544,
                        908
                    ],
                    [
                        134.04648911103126,
                        34.11992117467816,
                        903
                    ],
                    [
                        134.046349288021,
                        34.12006853894075,
                        896
                    ],
                    [
                        134.04615041113195,
                        34.12022377037496,
                        891
                    ],
                    [
                        134.04596446411176,
                        34.12033935465224,
                        876
                    ],
                    [
                        134.04573998482638,
                        34.120434611791815,
                        868
                    ],
                    [
                        134.0453925106408,
                        34.120440027297924,
                        863
                    ],
                    [
                        134.045038228011,
                        34.12042792359988,
                        854
                    ],
                    [
                        134.04478070276866,
                        34.120485285906696,
                        847
                    ],
                    [
                        134.0446164249254,
                        34.12068575396242,
                        841
                    ],
                    [
                        134.0443855911173,
                        34.120839173812676,
                        834
                    ],
                    [
                        134.0440774735121,
                        34.1209538321594,
                        825
                    ],
                    [
                        134.04384674091864,
                        34.12105827967744,
                        822
                    ],
                    [
                        134.04366498659067,
                        34.12112762605842,
                        827
                    ],
                    [
                        134.04339568785068,
                        34.12125344006884,
                        812
                    ],
                    [
                        134.0430516439908,
                        34.12134214657465,
                        806
                    ],
                    [
                        134.04271909711431,
                        34.1215961012053,
                        800
                    ],
                    [
                        134.04229001808994,
                        34.12151012255136,
                        788
                    ],
                    [
                        134.04201349515134,
                        34.1212662911823,
                        783
                    ],
                    [
                        134.04165420192084,
                        34.121153514715445,
                        773
                    ],
                    [
                        134.04111343896798,
                        34.12125383448243,
                        757
                    ],
                    [
                        134.04058501472488,
                        34.121292750595345,
                        747
                    ],
                    [
                        134.0401606115269,
                        34.12133062299139,
                        737
                    ],
                    [
                        134.03982590499447,
                        34.12121990605075,
                        728
                    ],
                    [
                        134.0394518062458,
                        34.120942536449114,
                        718
                    ],
                    [
                        134.03926380828145,
                        34.12068786527814,
                        719
                    ],
                    [
                        134.03891193189423,
                        34.1204095028995,
                        714
                    ],
                    [
                        134.03852227966698,
                        34.12057706920799,
                        712
                    ],
                    [
                        134.03834967083296,
                        34.12088620780021,
                        707
                    ],
                    [
                        134.0382212921823,
                        34.12115481503987,
                        707
                    ],
                    [
                        134.0377612384178,
                        34.121303038816066,
                        701
                    ],
                    [
                        134.0376167106405,
                        34.12084530665484,
                        694
                    ],
                    [
                        134.0376272231573,
                        34.120444396352504,
                        692
                    ],
                    [
                        134.03762828114387,
                        34.12008593683559,
                        694
                    ],
                    [
                        134.0372571998464,
                        34.11987798251972,
                        696
                    ],
                    [
                        134.03774534071673,
                        34.11986706648185,
                        684
                    ],
                    [
                        134.03752438620114,
                        34.11944859459475,
                        680
                    ],
                    [
                        134.03716509725146,
                        34.11911295944416,
                        678
                    ],
                    [
                        134.0366865073477,
                        34.11881152166197,
                        671
                    ],
                    [
                        134.03617422912666,
                        34.11858803896828,
                        665
                    ],
                    [
                        134.03554528417135,
                        34.11854803455208,
                        658
                    ],
                    [
                        134.03505713551036,
                        34.118534958806336,
                        660
                    ],
                    [
                        134.0354354633632,
                        34.118410654767146,
                        652
                    ],
                    [
                        134.03584326134205,
                        34.118285663978796,
                        648
                    ],
                    [
                        134.03630945797755,
                        34.118318066463914,
                        647
                    ],
                    [
                        134.03674643169455,
                        34.11840094386146,
                        642
                    ],
                    [
                        134.03720698551476,
                        34.11849362698056,
                        639
                    ],
                    [
                        134.03732470438425,
                        34.11847261436989,
                        637
                    ],
                    [
                        134.03684146484622,
                        34.11819159921752,
                        629
                    ],
                    [
                        134.03629484018535,
                        34.11793318467907,
                        624
                    ],
                    [
                        134.03568628744878,
                        34.117921027065655,
                        622
                    ],
                    [
                        134.03504912184923,
                        34.11790798002272,
                        616
                    ],
                    [
                        134.03452698506064,
                        34.117764270036936,
                        614
                    ],
                    [
                        134.03436459738484,
                        34.11761727949817,
                        614
                    ],
                    [
                        134.03399813037439,
                        34.11747561045102,
                        610
                    ],
                    [
                        134.033629968359,
                        34.11707811147161,
                        604
                    ],
                    [
                        134.03314236756438,
                        34.11675789747051,
                        600
                    ],
                    [
                        134.03266367548378,
                        34.11646372076913,
                        600
                    ],
                    [
                        134.03241661814542,
                        34.11622797039745,
                        598
                    ],
                    [
                        134.03201943351024,
                        34.11614120696078,
                        596
                    ],
                    [
                        134.03173187310225,
                        34.11591751144838,
                        594
                    ],
                    [
                        134.0315599722161,
                        34.115600672347604,
                        590
                    ],
                    [
                        134.03121195413866,
                        34.11521053945615,
                        588
                    ],
                    [
                        134.03064249453996,
                        34.11495127940312,
                        585
                    ],
                    [
                        134.03021822740237,
                        34.11474221826852,
                        583
                    ],
                    [
                        134.0300957379855,
                        34.11451018877564,
                        580
                    ],
                    [
                        134.02994277081464,
                        34.11418055433621,
                        584
                    ],
                    [
                        134.030003158175,
                        34.11382427480014,
                        584
                    ],
                    [
                        134.0295161766707,
                        34.113545207301925,
                        576
                    ],
                    [
                        134.02895398260276,
                        34.11325764291916,
                        575
                    ],
                    [
                        134.02860995893738,
                        34.11288327176915,
                        570
                    ],
                    [
                        134.0284196359912,
                        34.11259206651553,
                        564
                    ],
                    [
                        134.02809652936008,
                        34.11232688617108,
                        569
                    ],
                    [
                        134.02791679354505,
                        34.11194179431137,
                        572
                    ],
                    [
                        134.02783602806534,
                        34.11140119677213,
                        562
                    ],
                    [
                        134.02745828979906,
                        34.111069126109626,
                        561
                    ],
                    [
                        134.02724278491362,
                        34.110630202053486,
                        562
                    ],
                    [
                        134.02690067907045,
                        34.110239454935986,
                        556
                    ],
                    [
                        134.0264895799645,
                        34.10987969233029,
                        550
                    ],
                    [
                        134.02606207979318,
                        34.109690061089694,
                        547
                    ],
                    [
                        134.0256048269887,
                        34.10956950646553,
                        543
                    ],
                    [
                        134.0256006827124,
                        34.109134906337836,
                        551
                    ],
                    [
                        134.02584728825434,
                        34.10873103076434,
                        561
                    ],
                    [
                        134.02600445998942,
                        34.10850680295782,
                        559
                    ],
                    [
                        134.026250295244,
                        34.108200190126574,
                        554
                    ],
                    [
                        134.02646812315385,
                        34.10794636968179,
                        554
                    ],
                    [
                        134.02667522488497,
                        34.10766337945935,
                        549
                    ],
                    [
                        134.02685203995955,
                        34.107324370481635,
                        533
                    ],
                    [
                        134.02695536328994,
                        34.10698529597223,
                        523
                    ],
                    [
                        134.0269474575938,
                        34.106828525644836,
                        523
                    ],
                    [
                        134.02661471968526,
                        34.106484349197565,
                        520
                    ],
                    [
                        134.02618931101287,
                        34.106130736889575,
                        517
                    ],
                    [
                        134.0258487584153,
                        34.105758018694665,
                        514
                    ],
                    [
                        134.0255853602007,
                        34.10529561053743,
                        512
                    ],
                    [
                        134.02541237324624,
                        34.10492381722142,
                        511
                    ],
                    [
                        134.0252549319464,
                        34.104628643400005,
                        511
                    ],
                    [
                        134.02503141366242,
                        34.104290141132324,
                        515
                    ],
                    [
                        134.02482000475555,
                        34.10396456337381,
                        516
                    ],
                    [
                        134.0245306215614,
                        34.10351318181852,
                        519
                    ],
                    [
                        134.02403097387935,
                        34.1032621063978,
                        510
                    ],
                    [
                        134.0238033507371,
                        34.103212406424724,
                        514
                    ],
                    [
                        134.02343524678582,
                        34.10327845522903,
                        512
                    ],
                    [
                        134.02291283070585,
                        34.10310018848468,
                        516
                    ],
                    [
                        134.02274326694655,
                        34.102769825299355,
                        515
                    ],
                    [
                        134.0226015937943,
                        34.1024724421436,
                        513
                    ],
                    [
                        134.02245473258134,
                        34.102158214404824,
                        509
                    ],
                    [
                        134.0223457531682,
                        34.10181649052474,
                        506
                    ],
                    [
                        134.02221917863318,
                        34.10141102388938,
                        502
                    ],
                    [
                        134.02207420098077,
                        34.100914259295536,
                        499
                    ],
                    [
                        134.02156933303328,
                        34.10076137159218,
                        496
                    ],
                    [
                        134.02102016420102,
                        34.10064535202971,
                        498
                    ],
                    [
                        134.02073769912894,
                        34.100417664631586,
                        493
                    ],
                    [
                        134.02045491555077,
                        34.10015886243984,
                        493
                    ],
                    [
                        134.02013964965138,
                        34.099857037824634,
                        488
                    ],
                    [
                        134.01986745848123,
                        34.09956668321775,
                        491
                    ],
                    [
                        134.01950340622767,
                        34.099363351406694,
                        481
                    ],
                    [
                        134.01909842670227,
                        34.09928719519077,
                        480
                    ],
                    [
                        134.0186628772397,
                        34.099110405688975,
                        478
                    ],
                    [
                        134.018432844481,
                        34.09862937876781,
                        474
                    ],
                    [
                        134.01849022500832,
                        34.098179574491915,
                        469
                    ],
                    [
                        134.01848288797103,
                        34.09765759797114,
                        467
                    ],
                    [
                        134.01806923458534,
                        34.09755788490037,
                        466
                    ],
                    [
                        134.0176892469587,
                        34.09749996190304,
                        466
                    ],
                    [
                        134.01729408336809,
                        34.09734538575738,
                        466
                    ],
                    [
                        134.01696548990756,
                        34.09715460494436,
                        468
                    ],
                    [
                        134.01679550403477,
                        34.09687219949225,
                        460
                    ],
                    [
                        134.01661009281915,
                        34.096548486165034,
                        459
                    ],
                    [
                        134.01629102589123,
                        34.096402833915974,
                        456
                    ],
                    [
                        134.01590142831134,
                        34.09629093606621,
                        453
                    ],
                    [
                        134.01561644302274,
                        34.09602396868847,
                        454
                    ],
                    [
                        134.01526130724974,
                        34.09584215761014,
                        450
                    ],
                    [
                        134.01501268197686,
                        34.0955520445558,
                        450
                    ],
                    [
                        134.01478519361137,
                        34.09532906889844,
                        451
                    ],
                    [
                        134.0146259217574,
                        34.09498793896829,
                        446
                    ],
                    [
                        134.01431604846115,
                        34.09475854775962,
                        444
                    ],
                    [
                        134.01396109089558,
                        34.0945587837418,
                        447
                    ],
                    [
                        134.01355656611622,
                        34.09447353389549,
                        449
                    ],
                    [
                        134.01316230737226,
                        34.09440259044485,
                        452
                    ],
                    [
                        134.01274932182434,
                        34.094331371618416,
                        450
                    ],
                    [
                        134.01231596353085,
                        34.09424935038874,
                        448
                    ],
                    [
                        134.0118783173451,
                        34.09422661298788,
                        450
                    ],
                    [
                        134.01147342541702,
                        34.094222482580356,
                        448
                    ],
                    [
                        134.0110788344201,
                        34.09428969398994,
                        447
                    ],
                    [
                        134.01068136224671,
                        34.094335933109406,
                        447
                    ],
                    [
                        134.01027344491206,
                        34.094426576661476,
                        447
                    ],
                    [
                        134.0098610188944,
                        34.09447006372119,
                        444
                    ],
                    [
                        134.00948664215827,
                        34.09461439182205,
                        444
                    ],
                    [
                        134.0091112027507,
                        34.09477222314463,
                        444
                    ],
                    [
                        134.0087604386491,
                        34.09496190550297,
                        440
                    ],
                    [
                        134.00842445797386,
                        34.095153559570015,
                        443
                    ],
                    [
                        134.00809886068427,
                        34.09533567489834,
                        442
                    ],
                    [
                        134.00774668550073,
                        34.0955107770191,
                        441
                    ],
                    [
                        134.0074331853141,
                        34.0954103891736,
                        440
                    ],
                    [
                        134.0072164251084,
                        34.09528725363839,
                        439
                    ]
                ]
            }
        },

        {
            "type": "Feature",
            "properties": {
                "name": "20260314",
                "time": "2025-04-15T23:00:00Z",
                "coordTimes": [
                    "2025-04-15T23:00:00Z",
                    "2025-04-15T23:04:30Z",
                    "2025-04-15T23:11:34Z",
                    "2025-04-15T23:21:30Z",
                    "2025-04-15T23:24:00Z",
                    "2025-04-15T23:29:42Z",
                    "2025-04-15T23:31:39Z",
                    "2025-04-15T23:33:23Z",
                    "2025-04-15T23:44:27Z",
                    "2025-04-15T23:46:29Z",
                    "2025-04-15T23:54:41Z",
                    "2025-04-16T00:03:20Z",
                    "2025-04-16T00:08:13Z",
                    "2025-04-16T00:18:56Z",
                    "2025-04-16T00:23:15Z",
                    "2025-04-16T00:31:02Z",
                    "2025-04-16T00:36:04Z",
                    "2025-04-16T00:39:17Z",
                    "2025-04-16T00:43:35Z",
                    "2025-04-16T00:45:50Z",
                    "2025-04-16T00:50:42Z",
                    "2025-04-16T00:57:40Z",
                    "2025-04-16T01:05:43Z",
                    "2025-04-16T01:08:36Z",
                    "2025-04-16T01:12:58Z",
                    "2025-04-16T01:18:10Z",
                    "2025-04-16T01:22:27Z",
                    "2025-04-16T01:26:08Z",
                    "2025-04-16T01:28:33Z",
                    "2025-04-16T01:34:18Z",
                    "2025-04-16T01:39:28Z",
                    "2025-04-16T01:43:38Z",
                    "2025-04-16T01:48:02Z",
                    "2025-04-16T01:52:25Z",
                    "2025-04-16T01:59:34Z",
                    "2025-04-16T02:04:14Z",
                    "2025-04-16T02:10:23Z",
                    "2025-04-16T02:14:46Z",
                    "2025-04-16T02:18:24Z",
                    "2025-04-16T02:24:37Z",
                    "2025-04-16T02:28:06Z",
                    "2025-04-16T02:34:53Z",
                    "2025-04-16T02:39:56Z",
                    "2025-04-16T02:47:41Z",
                    "2025-04-16T02:50:39Z",
                    "2025-04-16T02:51:49Z",
                    "2025-04-16T02:52:36Z",
                    "2025-04-16T02:53:18Z",
                    "2025-04-16T02:54:02Z",
                    "2025-04-16T02:54:38Z",
                    "2025-04-16T02:55:26Z",
                    "2025-04-16T02:56:08Z",
                    "2025-04-16T02:56:55Z",
                    "2025-04-16T02:57:57Z",
                    "2025-04-16T02:59:07Z",
                    "2025-04-16T02:59:07Z",
                    "2025-04-16T03:00:17Z",
                    "2025-04-16T03:01:19Z",
                    "2025-04-16T03:02:07Z",
                    "2025-04-16T03:02:49Z",
                    "2025-04-16T03:03:36Z",
                    "2025-04-16T03:04:12Z",
                    "2025-04-16T03:04:57Z",
                    "2025-04-16T03:05:39Z",
                    "2025-04-16T03:05:39Z",
                    "2025-04-16T03:09:32Z",
                    "2025-04-16T03:17:21Z",
                    "2025-04-16T03:23:10Z",
                    "2025-04-16T03:29:06Z",
                    "2025-04-16T03:38:41Z",
                    "2025-04-16T03:41:16Z",
                    "2025-04-16T03:46:27Z",
                    "2025-04-16T03:51:17Z",
                    "2025-04-16T03:58:18Z",
                    "2025-04-16T04:03:42Z",
                    "2025-04-16T04:07:52Z",
                    "2025-04-16T04:13:10Z",
                    "2025-04-16T04:17:07Z",
                    "2025-04-16T04:21:31Z",
                    "2025-04-16T04:26:12Z",
                    "2025-04-16T04:29:01Z",
                    "2025-04-16T04:33:45Z",
                    "2025-04-16T04:36:59Z",
                    "2025-04-16T04:41:52Z",
                    "2025-04-16T04:46:30Z",
                    "2025-04-16T04:50:18Z",
                    "2025-04-16T04:58:03Z",
                    "2025-04-16T05:05:12Z",
                    "2025-04-16T05:08:33Z",
                    "2025-04-16T05:11:32Z",
                    "2025-04-16T05:17:55Z",
                    "2025-04-16T05:20:23Z",
                    "2025-04-16T05:25:30Z",
                    "2025-04-16T05:34:05Z",
                    "2025-04-16T05:38:09Z",
                    "2025-04-16T05:44:41Z",
                    "2025-04-16T05:49:02Z",
                    "2025-04-16T05:55:08Z",
                    "2025-04-16T06:02:01Z",
                    "2025-04-16T06:06:56Z",
                    "2025-04-16T06:11:46Z",
                    "2025-04-16T06:14:31Z",
                    "2025-04-16T06:25:52Z",
                    "2025-04-16T06:28:37Z",
                    "2025-04-16T06:29:46Z",
                    "2025-04-16T06:35:44Z",
                    "2025-04-16T06:37:37Z",
                    "2025-04-16T06:54:52Z",
                    "2025-04-16T07:00:00Z"
                ]
            },
            "geometry": {
                "type": "LineString",
                "coordinates": [
                    [
                        133.04037809371948,
                        34.125447565116126,
                        60
                    ],
                    [
                        133.03988456726074,
                        34.125660719675615,
                        61
                    ],
                    [
                        133.03934812545776,
                        34.12509230632273,
                        73
                    ],
                    [
                        133.03879022598267,
                        34.12418638964286,
                        98
                    ],
                    [
                        133.03896188735962,
                        34.12397323136632,
                        101
                    ],
                    [
                        133.0396056175232,
                        34.124204152808296,
                        88
                    ],
                    [
                        133.0397129058838,
                        34.12402652098583,
                        96
                    ],
                    [
                        133.03958415985107,
                        34.12388441525915,
                        103
                    ],
                    [
                        133.03833961486816,
                        34.12342256999795,
                        120
                    ],
                    [
                        133.03812503814697,
                        34.12352914989753,
                        122
                    ],
                    [
                        133.03836107254028,
                        34.12434625799759,
                        106
                    ],
                    [
                        133.03739547729492,
                        34.12471928298306,
                        124
                    ],
                    [
                        133.0367946624756,
                        34.124701519925836,
                        128
                    ],
                    [
                        133.0364727973938,
                        34.123635729662766,
                        145
                    ],
                    [
                        133.03597927093506,
                        34.12347585996455,
                        154
                    ],
                    [
                        133.03509950637817,
                        34.1237955990587,
                        153
                    ],
                    [
                        133.03449869155884,
                        34.123671256221314,
                        164
                    ],
                    [
                        133.0341124534607,
                        34.123742309293625,
                        163
                    ],
                    [
                        133.0336618423462,
                        34.123511386590266,
                        171
                    ],
                    [
                        133.0337691307068,
                        34.12329822661198,
                        177
                    ],
                    [
                        133.034348487854,
                        34.12342256999795,
                        174
                    ],
                    [
                        133.03520679473874,
                        34.12342256999795,
                        170
                    ],
                    [
                        133.03574323654175,
                        34.12272979737597,
                        177
                    ],
                    [
                        133.03555011749268,
                        34.12248110838356,
                        187
                    ],
                    [
                        133.03505659103394,
                        34.12230347294116,
                        202
                    ],
                    [
                        133.03503513336182,
                        34.12177056437484,
                        210
                    ],
                    [
                        133.03550720214844,
                        34.12157516372567,
                        207
                    ],
                    [
                        133.03544282913208,
                        34.121202124868816,
                        225
                    ],
                    [
                        133.0357003211975,
                        34.12107777821748,
                        226
                    ],
                    [
                        133.03627967834473,
                        34.12141529013141,
                        205
                    ],
                    [
                        133.0367088317871,
                        34.121024486739515,
                        214
                    ],
                    [
                        133.036687374115,
                        34.1205981537066,
                        223
                    ],
                    [
                        133.0371379852295,
                        34.12034945844479,
                        217
                    ],
                    [
                        133.03705215454102,
                        34.11990535794369,
                        217
                    ],
                    [
                        133.03619384765625,
                        34.119745481192375,
                        224
                    ],
                    [
                        133.0358076095581,
                        34.12010076245153,
                        241
                    ],
                    [
                        133.03527116775513,
                        34.11965666064434,
                        240
                    ],
                    [
                        133.03473472595215,
                        34.11960336827075,
                        254
                    ],
                    [
                        133.03460597991943,
                        34.11924808492185,
                        246
                    ],
                    [
                        133.03387641906738,
                        34.119052678443694,
                        257
                    ],
                    [
                        133.03353309631348,
                        34.118839507225275,
                        249
                    ],
                    [
                        133.0333399772644,
                        34.11951454757346,
                        272
                    ],
                    [
                        133.03301811218262,
                        34.11995865012698,
                        268
                    ],
                    [
                        133.0336833000183,
                        34.120527097992166,
                        277
                    ],
                    [
                        133.03404808044434,
                        34.120544861926376,
                        277
                    ],
                    [
                        133.0341124534607,
                        34.12043827826512,
                        279
                    ],
                    [
                        133.03403735161,
                        34.120389427375,
                        279
                    ],
                    [
                        133.03395688534,
                        34.120362781424,
                        280
                    ],
                    [
                        133.03387641907,
                        34.120327253475,
                        280
                    ],
                    [
                        133.03383886814,
                        34.120273961524,
                        281
                    ],
                    [
                        133.03382277489,
                        34.120194023535,
                        282
                    ],
                    [
                        133.03381741047,
                        34.120122967481,
                        283
                    ],
                    [
                        133.0337959528,
                        34.120043029349,
                        285
                    ],
                    [
                        133.03369402885,
                        34.119980855193,
                        285
                    ],
                    [
                        133.03359746933,
                        34.119892034893,
                        283
                    ],
                    [
                        133.03359746933,
                        34.119892034893,
                        283
                    ],
                    [
                        133.03369402885,
                        34.119980855193,
                        285
                    ],
                    [
                        133.0337959528,
                        34.120043029349,
                        285
                    ],
                    [
                        133.03381741047,
                        34.120122967481,
                        283
                    ],
                    [
                        133.03382277489,
                        34.120194023535,
                        282
                    ],
                    [
                        133.03383886814,
                        34.120273961524,
                        281
                    ],
                    [
                        133.03387641907,
                        34.120327253475,
                        280
                    ],
                    [
                        133.03395688534,
                        34.120362781424,
                        280
                    ],
                    [
                        133.03403735161,
                        34.120389427375,
                        279
                    ],
                    [
                        133.03403735161,
                        34.120389427375,
                        279
                    ],
                    [
                        133.0335974693298,
                        34.120544861926376,
                        276
                    ],
                    [
                        133.03301811218262,
                        34.11990535794369,
                        267
                    ],
                    [
                        133.0333399772644,
                        34.11937243426375,
                        268
                    ],
                    [
                        133.0335974693298,
                        34.11880397863664,
                        247
                    ],
                    [
                        133.03462743759155,
                        34.119283613323894,
                        246
                    ],
                    [
                        133.03473472595215,
                        34.119532311720384,
                        251
                    ],
                    [
                        133.03533554077148,
                        34.119709952984344,
                        241
                    ],
                    [
                        133.0357003211975,
                        34.12010076245153,
                        243
                    ],
                    [
                        133.03645133972168,
                        34.119745481192375,
                        221
                    ],
                    [
                        133.03707361221313,
                        34.119940886069614,
                        218
                    ],
                    [
                        133.03709506988525,
                        34.120367222416306,
                        218
                    ],
                    [
                        133.0366015434265,
                        34.120722501063256,
                        223
                    ],
                    [
                        133.03673028945923,
                        34.121113305850805,
                        211
                    ],
                    [
                        133.03627967834473,
                        34.12136199886613,
                        207
                    ],
                    [
                        133.03585052490234,
                        34.12104225056925,
                        225
                    ],
                    [
                        133.03552865982053,
                        34.12114883346921,
                        226
                    ],
                    [
                        133.03544282913208,
                        34.121628454856584,
                        206
                    ],
                    [
                        133.0351209640503,
                        34.12182385538262,
                        208
                    ],
                    [
                        133.03505659103394,
                        34.12232123650219,
                        202
                    ],
                    [
                        133.0355930328369,
                        34.12248110838356,
                        186
                    ],
                    [
                        133.035786151886,
                        34.1228363781488,
                        173
                    ],
                    [
                        133.0351424217224,
                        34.12342256999795,
                        171
                    ],
                    [
                        133.03426265716553,
                        34.12344033332389,
                        174
                    ],
                    [
                        133.0338978767395,
                        34.123280463256194,
                        178
                    ],
                    [
                        133.0335974693298,
                        34.12345809664606,
                        172
                    ],
                    [
                        133.03424119949338,
                        34.123831125550076,
                        159
                    ],
                    [
                        133.03447723388672,
                        34.123671256221314,
                        164
                    ],
                    [
                        133.03507804870605,
                        34.123831125550076,
                        152
                    ],
                    [
                        133.03600072860718,
                        34.1234048066683,
                        156
                    ],
                    [
                        133.03638696670532,
                        34.123671256221314,
                        144
                    ],
                    [
                        133.03677320480347,
                        34.124257442282264,
                        134
                    ],
                    [
                        133.03673028945923,
                        34.124701519925836,
                        128
                    ],
                    [
                        133.0374813079834,
                        34.124683756864876,
                        124
                    ],
                    [
                        133.03829669952393,
                        34.12448836294803,
                        105
                    ],
                    [
                        133.0383825302124,
                        34.123990994576566,
                        111
                    ],
                    [
                        133.03801774978638,
                        34.12360020308928,
                        123
                    ],
                    [
                        133.03829669952393,
                        34.12344033332389,
                        120
                    ],
                    [
                        133.0396056175232,
                        34.12384888879017,
                        104
                    ],
                    [
                        133.0397129058838,
                        34.12411533694372,
                        91
                    ],
                    [
                        133.03964853286743,
                        34.12422191597002,
                        87
                    ],
                    [
                        133.0389404296875,
                        34.124062047380185,
                        99
                    ],
                    [
                        133.03874731063843,
                        34.12416862647366,
                        100
                    ],
                    [
                        133.03977727890015,
                        34.12571400823152,
                        61
                    ],
                    [
                        133.04033517837524,
                        34.1254653280166,
                        60
                    ]
                ]
            }
        },

        {
            "type": "Feature",
            "properties": {
                "name": "20260315",
                "time": "2026-03-15T03:27:48Z",
                "coordTimes": [
                    "2026-03-15T03:27:48Z",
                    "2026-03-15T03:28:19Z",
                    "2026-03-15T03:28:52Z",
                    "2026-03-15T03:29:19Z",
                    "2026-03-15T03:29:52Z",
                    "2026-03-15T03:30:27Z",
                    "2026-03-15T03:31:03Z",
                    "2026-03-15T03:31:53Z",
                    "2026-03-15T03:32:42Z",
                    "2026-03-15T03:33:21Z",
                    "2026-03-15T03:33:54Z",
                    "2026-03-15T03:34:27Z",
                    "2026-03-15T03:34:57Z",
                    "2026-03-15T03:36:07Z",
                    "2026-03-15T03:37:04Z",
                    "2026-03-15T03:37:44Z",
                    "2026-03-15T03:38:23Z",
                    "2026-03-15T03:39:24Z",
                    "2026-03-15T03:40:42Z",
                    "2026-03-15T03:41:11Z",
                    "2026-03-15T03:41:40Z",
                    "2026-03-15T03:42:08Z",
                    "2026-03-15T03:42:39Z",
                    "2026-03-15T03:43:08Z",
                    "2026-03-15T03:43:57Z",
                    "2026-03-15T03:45:12Z",
                    "2026-03-15T03:46:19Z",
                    "2026-03-15T03:47:02Z",
                    "2026-03-15T03:47:33Z",
                    "2026-03-15T03:48:12Z",
                    "2026-03-15T03:52:20Z",
                    "2026-03-15T03:52:48Z",
                    "2026-03-15T03:53:40Z",
                    "2026-03-15T03:54:24Z",
                    "2026-03-15T03:55:45Z",
                    "2026-03-15T03:56:20Z",
                    "2026-03-15T03:59:49Z",
                    "2026-03-15T04:02:21Z",
                    "2026-03-15T04:02:54Z",
                    "2026-03-15T04:04:05Z",
                    "2026-03-15T04:04:42Z",
                    "2026-03-15T04:05:16Z",
                    "2026-03-15T04:05:44Z",
                    "2026-03-15T04:06:09Z",
                    "2026-03-15T04:07:35Z",
                    "2026-03-15T04:08:29Z",
                    "2026-03-15T04:09:05Z",
                    "2026-03-15T04:09:37Z",
                    "2026-03-15T04:10:27Z",
                    "2026-03-15T04:10:57Z",
                    "2026-03-15T04:12:04Z",
                    "2026-03-15T04:12:46Z",
                    "2026-03-15T04:13:24Z",
                    "2026-03-15T04:14:13Z",
                    "2026-03-15T04:14:44Z",
                    "2026-03-15T04:16:05Z",
                    "2026-03-15T04:16:37Z",
                    "2026-03-15T04:17:05Z",
                    "2026-03-15T04:17:30Z",
                    "2026-03-15T04:17:54Z",
                    "2026-03-15T04:18:18Z",
                    "2026-03-15T04:18:43Z",
                    "2026-03-15T04:19:47Z"
                ]
            },
            "geometry": {
                "type": "LineString",
                "coordinates": [
                    [
                        133.15411033507073,
                        34.34493198659029,
                        53
                    ],
                    [
                        133.1540883816301,
                        34.3452012322714,
                        57
                    ],
                    [
                        133.15409665831476,
                        34.34535807163367,
                        59
                    ],
                    [
                        133.1543371415943,
                        34.34515101593531,
                        64
                    ],
                    [
                        133.15436657508818,
                        34.34535953690974,
                        69
                    ],
                    [
                        133.1546202900124,
                        34.34526219784526,
                        78
                    ],
                    [
                        133.15480574577427,
                        34.34532508535232,
                        86
                    ],
                    [
                        133.15497087705418,
                        34.34547500572131,
                        91
                    ],
                    [
                        133.1552130521501,
                        34.34544527350295,
                        96
                    ],
                    [
                        133.15537139609424,
                        34.34564108112653,
                        105
                    ],
                    [
                        133.15550178209256,
                        34.34582925376097,
                        112
                    ],
                    [
                        133.1555027195187,
                        34.345959008434676,
                        117
                    ],
                    [
                        133.15547183985154,
                        34.34619144412966,
                        121
                    ],
                    [
                        133.15566810535285,
                        34.34616251930322,
                        129
                    ],
                    [
                        133.15579019216275,
                        34.34632006674855,
                        138
                    ],
                    [
                        133.15605202854914,
                        34.3463055066457,
                        148
                    ],
                    [
                        133.156153488341,
                        34.3463509905738,
                        154
                    ],
                    [
                        133.15634103947522,
                        34.34641198771932,
                        162
                    ],
                    [
                        133.15647748959904,
                        34.34634805084644,
                        167
                    ],
                    [
                        133.15674442448991,
                        34.34619419884151,
                        175
                    ],
                    [
                        133.15701019082636,
                        34.3459641662855,
                        179
                    ],
                    [
                        133.15722045610576,
                        34.345751620804634,
                        187
                    ],
                    [
                        133.15744280826738,
                        34.3456436321903,
                        192
                    ],
                    [
                        133.15760960219262,
                        34.345474813514905,
                        201
                    ],
                    [
                        133.15758915226866,
                        34.34527369292015,
                        203
                    ],
                    [
                        133.1577018204777,
                        34.34522330150777,
                        211
                    ],
                    [
                        133.15778961387403,
                        34.3449935084671,
                        216
                    ],
                    [
                        133.15786884147477,
                        34.34478582004886,
                        219
                    ],
                    [
                        133.15787855253512,
                        34.344628443933104,
                        222
                    ],
                    [
                        133.15798391762254,
                        34.34456007146895,
                        222
                    ],
                    [
                        133.157896208998,
                        34.34476224635594,
                        219
                    ],
                    [
                        133.15781234639095,
                        34.34491051277314,
                        216
                    ],
                    [
                        133.15774803449133,
                        34.345131912783245,
                        219
                    ],
                    [
                        133.15774246043765,
                        34.34528598753247,
                        213
                    ],
                    [
                        133.15773917434836,
                        34.34538262471108,
                        218
                    ],
                    [
                        133.1577995356527,
                        34.345212106418224,
                        212
                    ],
                    [
                        133.1576441408263,
                        34.34520361041937,
                        218
                    ],
                    [
                        133.1578643660913,
                        34.3452929767205,
                        212
                    ],
                    [
                        133.15775643365927,
                        34.345529934497456,
                        207
                    ],
                    [
                        133.1575927256466,
                        34.345651498986264,
                        200
                    ],
                    [
                        133.15740570133926,
                        34.34574139267267,
                        190
                    ],
                    [
                        133.1571558206339,
                        34.34585427723887,
                        182
                    ],
                    [
                        133.1568018339015,
                        34.34615204845777,
                        175
                    ],
                    [
                        133.15646840598362,
                        34.346343697639945,
                        168
                    ],
                    [
                        133.15627759752488,
                        34.34639392780825,
                        158
                    ],
                    [
                        133.15609646245764,
                        34.34632431758255,
                        146
                    ],
                    [
                        133.155855692171,
                        34.346305210825754,
                        137
                    ],
                    [
                        133.15568512222654,
                        34.34616523079074,
                        129
                    ],
                    [
                        133.15547527431113,
                        34.34619347652382,
                        122
                    ],
                    [
                        133.1555225906955,
                        34.34593784769702,
                        117
                    ],
                    [
                        133.15542901786,
                        34.3457148641123,
                        106
                    ],
                    [
                        133.1552347112444,
                        34.34548416739857,
                        98
                    ],
                    [
                        133.1550051664894,
                        34.3454253556457,
                        91
                    ],
                    [
                        133.1546928362096,
                        34.3453466638822,
                        85
                    ],
                    [
                        133.15451618804448,
                        34.34530244420404,
                        75
                    ],
                    [
                        133.15439286243998,
                        34.345122043718206,
                        65
                    ],
                    [
                        133.154200740022,
                        34.34526386162543,
                        61
                    ],
                    [
                        133.15409418935099,
                        34.34522531554403,
                        56
                    ],
                    [
                        133.15399986313057,
                        34.34503371745687,
                        48
                    ],
                    [
                        133.15367686711292,
                        34.34535481725284,
                        46
                    ],
                    [
                        133.15364162121205,
                        34.344829964646436,
                        37
                    ],
                    [
                        133.1535568238165,
                        34.344649161132445,
                        35
                    ],
                    [
                        133.15347640715925,
                        34.34476620363418,
                        34
                    ]
                ]
            }
        },

        {
            "type": "Feature",
            "properties": {
                "name": "20260320",
                "time": "2026-03-20T00:59:42Z",
                "coordTimes": [
                    "2026-03-20T00:59:42Z",
                    "2026-03-20T01:00:16Z",
                    "2026-03-20T01:00:44Z",
                    "2026-03-20T01:01:12Z",
                    "2026-03-20T01:01:47Z",
                    "2026-03-20T01:02:28Z",
                    "2026-03-20T01:02:55Z",
                    "2026-03-20T01:03:22Z",
                    "2026-03-20T01:03:48Z",
                    "2026-03-20T01:04:17Z",
                    "2026-03-20T01:04:43Z",
                    "2026-03-20T01:05:13Z",
                    "2026-03-20T01:05:39Z",
                    "2026-03-20T01:06:07Z",
                    "2026-03-20T01:06:37Z",
                    "2026-03-20T01:07:14Z",
                    "2026-03-20T01:08:03Z",
                    "2026-03-20T01:08:31Z",
                    "2026-03-20T01:09:04Z",
                    "2026-03-20T01:09:33Z",
                    "2026-03-20T01:10:07Z",
                    "2026-03-20T01:10:57Z",
                    "2026-03-20T01:11:20Z",
                    "2026-03-20T01:12:31Z",
                    "2026-03-20T01:13:01Z",
                    "2026-03-20T01:14:39Z",
                    "2026-03-20T01:15:04Z",
                    "2026-03-20T01:15:33Z",
                    "2026-03-20T01:16:19Z",
                    "2026-03-20T01:17:05Z",
                    "2026-03-20T01:17:38Z",
                    "2026-03-20T01:18:04Z",
                    "2026-03-20T01:18:28Z",
                    "2026-03-20T01:18:51Z",
                    "2026-03-20T01:19:18Z",
                    "2026-03-20T01:19:43Z",
                    "2026-03-20T01:20:05Z",
                    "2026-03-20T01:20:28Z",
                    "2026-03-20T01:20:52Z",
                    "2026-03-20T01:21:20Z",
                    "2026-03-20T01:21:46Z",
                    "2026-03-20T01:22:15Z",
                    "2026-03-20T01:22:45Z",
                    "2026-03-20T01:23:16Z",
                    "2026-03-20T01:23:46Z",
                    "2026-03-20T01:24:13Z",
                    "2026-03-20T01:24:37Z",
                    "2026-03-20T01:25:03Z",
                    "2026-03-20T01:25:26Z",
                    "2026-03-20T01:25:49Z",
                    "2026-03-20T01:26:17Z",
                    "2026-03-20T01:26:42Z",
                    "2026-03-20T01:27:09Z",
                    "2026-03-20T01:27:36Z",
                    "2026-03-20T01:28:00Z",
                    "2026-03-20T01:28:26Z",
                    "2026-03-20T01:28:53Z",
                    "2026-03-20T01:29:20Z",
                    "2026-03-20T01:29:47Z",
                    "2026-03-20T01:30:14Z",
                    "2026-03-20T01:30:42Z",
                    "2026-03-20T01:31:10Z",
                    "2026-03-20T01:31:33Z",
                    "2026-03-20T01:31:59Z",
                    "2026-03-20T01:32:22Z",
                    "2026-03-20T01:32:59Z",
                    "2026-03-20T01:33:28Z",
                    "2026-03-20T01:33:51Z",
                    "2026-03-20T01:34:16Z",
                    "2026-03-20T01:34:42Z",
                    "2026-03-20T01:35:06Z",
                    "2026-03-20T01:35:30Z",
                    "2026-03-20T01:36:07Z",
                    "2026-03-20T01:36:35Z",
                    "2026-03-20T01:37:14Z",
                    "2026-03-20T01:37:41Z",
                    "2026-03-20T01:38:11Z",
                    "2026-03-20T01:38:43Z",
                    "2026-03-20T01:39:18Z",
                    "2026-03-20T01:39:47Z",
                    "2026-03-20T01:40:11Z",
                    "2026-03-20T01:40:41Z",
                    "2026-03-20T01:41:07Z",
                    "2026-03-20T01:41:33Z",
                    "2026-03-20T01:42:02Z",
                    "2026-03-20T01:42:36Z",
                    "2026-03-20T01:43:02Z",
                    "2026-03-20T01:43:28Z",
                    "2026-03-20T01:43:56Z",
                    "2026-03-20T01:44:28Z",
                    "2026-03-20T01:44:56Z",
                    "2026-03-20T01:45:25Z",
                    "2026-03-20T01:45:58Z",
                    "2026-03-20T01:46:46Z",
                    "2026-03-20T01:47:14Z",
                    "2026-03-20T01:47:37Z",
                    "2026-03-20T01:48:04Z",
                    "2026-03-20T01:48:33Z",
                    "2026-03-20T01:49:06Z",
                    "2026-03-20T01:49:36Z",
                    "2026-03-20T01:50:02Z",
                    "2026-03-20T01:50:29Z",
                    "2026-03-20T01:50:55Z",
                    "2026-03-20T01:51:22Z",
                    "2026-03-20T01:51:46Z",
                    "2026-03-20T01:52:09Z",
                    "2026-03-20T01:52:34Z",
                    "2026-03-20T01:53:05Z",
                    "2026-03-20T01:53:33Z",
                    "2026-03-20T01:54:03Z",
                    "2026-03-20T01:54:29Z",
                    "2026-03-20T01:54:57Z",
                    "2026-03-20T01:55:25Z",
                    "2026-03-20T01:55:58Z",
                    "2026-03-20T01:56:30Z",
                    "2026-03-20T01:57:01Z",
                    "2026-03-20T01:57:41Z",
                    "2026-03-20T01:58:10Z",
                    "2026-03-20T01:58:34Z",
                    "2026-03-20T01:59:00Z",
                    "2026-03-20T01:59:38Z",
                    "2026-03-20T02:02:30Z",
                    "2026-03-20T02:02:58Z",
                    "2026-03-20T02:03:26Z",
                    "2026-03-20T02:03:53Z",
                    "2026-03-20T02:04:21Z",
                    "2026-03-20T02:04:50Z",
                    "2026-03-20T02:05:16Z",
                    "2026-03-20T02:05:44Z",
                    "2026-03-20T02:06:08Z",
                    "2026-03-20T02:06:33Z",
                    "2026-03-20T02:06:58Z",
                    "2026-03-20T02:07:24Z",
                    "2026-03-20T02:07:52Z",
                    "2026-03-20T02:08:25Z",
                    "2026-03-20T02:08:50Z",
                    "2026-03-20T02:09:16Z",
                    "2026-03-20T02:09:42Z",
                    "2026-03-20T02:10:15Z",
                    "2026-03-20T02:10:43Z",
                    "2026-03-20T02:11:09Z",
                    "2026-03-20T02:11:38Z",
                    "2026-03-20T02:12:10Z",
                    "2026-03-20T02:12:37Z",
                    "2026-03-20T02:13:16Z",
                    "2026-03-20T02:13:46Z",
                    "2026-03-20T02:14:14Z",
                    "2026-03-20T02:14:43Z",
                    "2026-03-20T02:15:13Z",
                    "2026-03-20T02:15:40Z",
                    "2026-03-20T02:16:11Z",
                    "2026-03-20T02:16:41Z",
                    "2026-03-20T02:17:07Z",
                    "2026-03-20T02:17:32Z",
                    "2026-03-20T02:18:01Z",
                    "2026-03-20T02:18:31Z",
                    "2026-03-20T02:18:57Z",
                    "2026-03-20T02:19:35Z",
                    "2026-03-20T02:20:04Z",
                    "2026-03-20T02:20:46Z",
                    "2026-03-20T02:21:12Z",
                    "2026-03-20T02:21:42Z",
                    "2026-03-20T02:26:00Z",
                    "2026-03-20T02:27:27Z",
                    "2026-03-20T02:28:13Z",
                    "2026-03-20T02:28:50Z",
                    "2026-03-20T02:29:17Z",
                    "2026-03-20T02:29:44Z",
                    "2026-03-20T02:30:12Z",
                    "2026-03-20T02:30:37Z",
                    "2026-03-20T02:31:07Z",
                    "2026-03-20T02:31:35Z",
                    "2026-03-20T02:32:00Z",
                    "2026-03-20T02:32:28Z",
                    "2026-03-20T02:32:55Z",
                    "2026-03-20T02:33:32Z",
                    "2026-03-20T02:34:01Z",
                    "2026-03-20T02:34:32Z",
                    "2026-03-20T02:35:02Z",
                    "2026-03-20T02:35:41Z",
                    "2026-03-20T02:36:16Z",
                    "2026-03-20T02:36:44Z",
                    "2026-03-20T02:37:29Z",
                    "2026-03-20T02:38:05Z",
                    "2026-03-20T02:38:29Z",
                    "2026-03-20T02:39:04Z",
                    "2026-03-20T02:39:48Z",
                    "2026-03-20T02:40:34Z",
                    "2026-03-20T02:41:11Z",
                    "2026-03-20T02:41:47Z",
                    "2026-03-20T02:42:31Z",
                    "2026-03-20T02:43:00Z",
                    "2026-03-20T02:43:33Z",
                    "2026-03-20T02:44:05Z",
                    "2026-03-20T02:44:34Z",
                    "2026-03-20T02:45:06Z",
                    "2026-03-20T02:45:34Z",
                    "2026-03-20T02:46:02Z",
                    "2026-03-20T02:46:33Z",
                    "2026-03-20T02:47:03Z",
                    "2026-03-20T02:47:57Z",
                    "2026-03-20T02:48:29Z",
                    "2026-03-20T02:49:08Z",
                    "2026-03-20T02:49:34Z",
                    "2026-03-20T02:50:11Z",
                    "2026-03-20T02:50:38Z",
                    "2026-03-20T02:51:22Z",
                    "2026-03-20T02:51:55Z",
                    "2026-03-20T02:52:20Z",
                    "2026-03-20T02:52:51Z",
                    "2026-03-20T02:53:28Z",
                    "2026-03-20T02:53:59Z",
                    "2026-03-20T02:54:23Z",
                    "2026-03-20T02:54:54Z",
                    "2026-03-20T02:55:30Z",
                    "2026-03-20T02:56:10Z",
                    "2026-03-20T02:57:10Z",
                    "2026-03-20T02:57:37Z",
                    "2026-03-20T02:58:04Z",
                    "2026-03-20T02:58:37Z",
                    "2026-03-20T02:59:08Z",
                    "2026-03-20T02:59:37Z",
                    "2026-03-20T03:00:05Z",
                    "2026-03-20T03:00:33Z",
                    "2026-03-20T03:00:58Z",
                    "2026-03-20T03:01:26Z",
                    "2026-03-20T03:01:53Z",
                    "2026-03-20T03:02:19Z",
                    "2026-03-20T03:02:52Z",
                    "2026-03-20T03:03:21Z",
                    "2026-03-20T03:03:50Z",
                    "2026-03-20T03:04:17Z",
                    "2026-03-20T03:04:54Z",
                    "2026-03-20T03:05:35Z",
                    "2026-03-20T03:06:06Z",
                    "2026-03-20T03:07:04Z",
                    "2026-03-20T03:07:46Z",
                    "2026-03-20T03:08:31Z",
                    "2026-03-20T03:09:15Z",
                    "2026-03-20T03:09:57Z",
                    "2026-03-20T03:12:00Z",
                    "2026-03-20T03:12:31Z",
                    "2026-03-20T03:13:02Z",
                    "2026-03-20T03:13:30Z",
                    "2026-03-20T03:13:59Z",
                    "2026-03-20T03:14:31Z",
                    "2026-03-20T03:14:56Z",
                    "2026-03-20T03:15:22Z",
                    "2026-03-20T03:15:50Z",
                    "2026-03-20T03:16:52Z",
                    "2026-03-20T03:17:19Z",
                    "2026-03-20T03:17:48Z",
                    "2026-03-20T03:18:17Z",
                    "2026-03-20T03:18:46Z",
                    "2026-03-20T03:19:15Z",
                    "2026-03-20T03:19:49Z",
                    "2026-03-20T03:20:20Z",
                    "2026-03-20T03:20:47Z",
                    "2026-03-20T03:21:16Z",
                    "2026-03-20T03:21:47Z",
                    "2026-03-20T03:22:15Z",
                    "2026-03-20T03:22:41Z",
                    "2026-03-20T03:23:14Z",
                    "2026-03-20T03:23:44Z",
                    "2026-03-20T03:24:13Z",
                    "2026-03-20T03:24:46Z",
                    "2026-03-20T03:25:25Z",
                    "2026-03-20T03:26:05Z",
                    "2026-03-20T03:26:40Z",
                    "2026-03-20T03:27:15Z",
                    "2026-03-20T03:27:42Z",
                    "2026-03-20T03:28:09Z",
                    "2026-03-20T03:28:38Z",
                    "2026-03-20T03:29:04Z",
                    "2026-03-20T03:29:33Z",
                    "2026-03-20T03:30:03Z",
                    "2026-03-20T03:30:31Z",
                    "2026-03-20T03:31:00Z",
                    "2026-03-20T03:31:27Z",
                    "2026-03-20T03:31:54Z",
                    "2026-03-20T03:32:23Z",
                    "2026-03-20T03:32:54Z",
                    "2026-03-20T03:33:24Z",
                    "2026-03-20T03:33:53Z",
                    "2026-03-20T03:34:21Z",
                    "2026-03-20T03:34:47Z",
                    "2026-03-20T03:35:13Z",
                    "2026-03-20T03:35:43Z",
                    "2026-03-20T03:36:22Z",
                    "2026-03-20T03:37:17Z",
                    "2026-03-20T03:37:44Z",
                    "2026-03-20T03:38:11Z",
                    "2026-03-20T03:38:38Z",
                    "2026-03-20T03:39:04Z",
                    "2026-03-20T03:39:31Z",
                    "2026-03-20T03:39:57Z",
                    "2026-03-20T03:40:23Z",
                    "2026-03-20T03:40:52Z",
                    "2026-03-20T03:41:28Z",
                    "2026-03-20T03:41:59Z",
                    "2026-03-20T03:42:28Z",
                    "2026-03-20T03:42:54Z",
                    "2026-03-20T03:43:25Z",
                    "2026-03-20T03:43:53Z",
                    "2026-03-20T03:44:20Z",
                    "2026-03-20T03:44:56Z",
                    "2026-03-20T03:45:33Z",
                    "2026-03-20T03:48:15Z",
                    "2026-03-20T03:48:56Z",
                    "2026-03-20T03:49:31Z",
                    "2026-03-20T03:50:00Z",
                    "2026-03-20T03:50:28Z",
                    "2026-03-20T03:50:59Z",
                    "2026-03-20T03:51:28Z",
                    "2026-03-20T03:51:53Z",
                    "2026-03-20T03:52:19Z",
                    "2026-03-20T03:52:47Z",
                    "2026-03-20T03:53:14Z",
                    "2026-03-20T03:53:41Z",
                    "2026-03-20T03:54:06Z",
                    "2026-03-20T03:54:48Z",
                    "2026-03-20T03:55:11Z",
                    "2026-03-20T03:55:38Z",
                    "2026-03-20T03:56:01Z",
                    "2026-03-20T03:56:25Z",
                    "2026-03-20T03:56:49Z",
                    "2026-03-20T03:57:13Z",
                    "2026-03-20T03:57:48Z",
                    "2026-03-20T03:58:16Z",
                    "2026-03-20T03:58:41Z",
                    "2026-03-20T03:59:04Z",
                    "2026-03-20T03:59:30Z",
                    "2026-03-20T03:59:54Z",
                    "2026-03-20T04:00:18Z",
                    "2026-03-20T04:00:43Z",
                    "2026-03-20T04:01:11Z",
                    "2026-03-20T04:01:42Z",
                    "2026-03-20T04:02:14Z",
                    "2026-03-20T04:02:44Z",
                    "2026-03-20T04:03:11Z",
                    "2026-03-20T04:03:40Z",
                    "2026-03-20T04:04:03Z",
                    "2026-03-20T04:04:27Z",
                    "2026-03-20T04:04:54Z",
                    "2026-03-20T04:05:20Z",
                    "2026-03-20T04:05:48Z",
                    "2026-03-20T04:06:13Z",
                    "2026-03-20T04:06:43Z",
                    "2026-03-20T04:07:12Z",
                    "2026-03-20T04:07:38Z",
                    "2026-03-20T04:08:07Z",
                    "2026-03-20T04:08:33Z",
                    "2026-03-20T04:08:57Z",
                    "2026-03-20T04:09:23Z",
                    "2026-03-20T04:09:51Z",
                    "2026-03-20T04:10:17Z",
                    "2026-03-20T04:10:44Z",
                    "2026-03-20T04:11:13Z",
                    "2026-03-20T04:11:43Z",
                    "2026-03-20T04:12:10Z",
                    "2026-03-20T04:12:38Z",
                    "2026-03-20T04:14:07Z",
                    "2026-03-20T04:15:06Z",
                    "2026-03-20T04:15:31Z",
                    "2026-03-20T04:15:58Z",
                    "2026-03-20T04:16:25Z",
                    "2026-03-20T04:16:52Z",
                    "2026-03-20T04:17:19Z",
                    "2026-03-20T04:17:46Z",
                    "2026-03-20T04:18:10Z",
                    "2026-03-20T04:18:34Z",
                    "2026-03-20T04:18:57Z",
                    "2026-03-20T04:19:20Z",
                    "2026-03-20T04:19:43Z",
                    "2026-03-20T04:20:10Z",
                    "2026-03-20T04:20:36Z",
                    "2026-03-20T04:21:01Z",
                    "2026-03-20T04:21:23Z",
                    "2026-03-20T04:21:51Z",
                    "2026-03-20T04:22:19Z",
                    "2026-03-20T04:22:48Z",
                    "2026-03-20T04:23:15Z",
                    "2026-03-20T04:23:42Z",
                    "2026-03-20T04:24:09Z",
                    "2026-03-20T04:24:33Z",
                    "2026-03-20T04:25:00Z",
                    "2026-03-20T04:25:25Z",
                    "2026-03-20T04:25:51Z",
                    "2026-03-20T04:26:15Z",
                    "2026-03-20T04:26:42Z",
                    "2026-03-20T04:27:09Z",
                    "2026-03-20T04:27:35Z",
                    "2026-03-20T04:27:59Z",
                    "2026-03-20T04:28:25Z",
                    "2026-03-20T04:28:51Z",
                    "2026-03-20T04:29:17Z",
                    "2026-03-20T04:29:44Z",
                    "2026-03-20T04:30:10Z",
                    "2026-03-20T04:30:36Z",
                    "2026-03-20T04:31:03Z",
                    "2026-03-20T04:31:31Z",
                    "2026-03-20T04:31:55Z",
                    "2026-03-20T04:32:22Z",
                    "2026-03-20T04:32:47Z",
                    "2026-03-20T04:33:12Z",
                    "2026-03-20T04:33:39Z",
                    "2026-03-20T04:34:06Z",
                    "2026-03-20T04:34:34Z",
                    "2026-03-20T04:35:01Z",
                    "2026-03-20T04:35:25Z",
                    "2026-03-20T04:35:51Z",
                    "2026-03-20T04:36:16Z",
                    "2026-03-20T04:36:45Z",
                    "2026-03-20T04:37:12Z",
                    "2026-03-20T04:37:39Z",
                    "2026-03-20T04:38:05Z",
                    "2026-03-20T04:38:32Z",
                    "2026-03-20T04:38:59Z",
                    "2026-03-20T04:39:26Z",
                    "2026-03-20T04:39:52Z",
                    "2026-03-20T04:40:19Z",
                    "2026-03-20T04:40:43Z",
                    "2026-03-20T04:41:09Z",
                    "2026-03-20T04:41:35Z",
                    "2026-03-20T04:42:04Z",
                    "2026-03-20T04:42:31Z",
                    "2026-03-20T04:42:57Z",
                    "2026-03-20T04:43:24Z",
                    "2026-03-20T04:43:59Z",
                    "2026-03-20T04:44:26Z",
                    "2026-03-20T04:45:52Z",
                    "2026-03-20T04:46:19Z",
                    "2026-03-20T04:47:18Z",
                    "2026-03-20T04:47:59Z",
                    "2026-03-20T04:48:25Z",
                    "2026-03-20T04:48:51Z",
                    "2026-03-20T04:49:17Z",
                    "2026-03-20T04:49:43Z",
                    "2026-03-20T04:50:10Z",
                    "2026-03-20T04:50:37Z",
                    "2026-03-20T04:51:02Z",
                    "2026-03-20T05:11:33Z",
                    "2026-03-20T05:12:06Z",
                    "2026-03-20T05:12:33Z",
                    "2026-03-20T05:13:00Z",
                    "2026-03-20T05:13:26Z",
                    "2026-03-20T05:13:52Z",
                    "2026-03-20T05:14:17Z",
                    "2026-03-20T05:14:43Z",
                    "2026-03-20T05:15:09Z",
                    "2026-03-20T05:15:37Z",
                    "2026-03-20T05:16:04Z",
                    "2026-03-20T05:16:30Z",
                    "2026-03-20T05:16:56Z",
                    "2026-03-20T05:17:22Z",
                    "2026-03-20T05:17:47Z",
                    "2026-03-20T05:18:14Z",
                    "2026-03-20T05:18:40Z",
                    "2026-03-20T05:19:07Z",
                    "2026-03-20T05:19:35Z",
                    "2026-03-20T05:20:04Z",
                    "2026-03-20T05:20:31Z",
                    "2026-03-20T05:21:01Z",
                    "2026-03-20T05:21:38Z",
                    "2026-03-20T05:22:06Z",
                    "2026-03-20T05:22:38Z",
                    "2026-03-20T05:23:04Z",
                    "2026-03-20T05:23:30Z",
                    "2026-03-20T05:23:59Z",
                    "2026-03-20T05:24:36Z",
                    "2026-03-20T05:25:09Z",
                    "2026-03-20T05:25:40Z",
                    "2026-03-20T05:26:08Z",
                    "2026-03-20T05:26:42Z",
                    "2026-03-20T05:27:14Z",
                    "2026-03-20T05:27:46Z",
                    "2026-03-20T05:28:17Z",
                    "2026-03-20T05:28:47Z",
                    "2026-03-20T05:29:15Z",
                    "2026-03-20T05:29:48Z",
                    "2026-03-20T05:30:17Z",
                    "2026-03-20T05:30:47Z",
                    "2026-03-20T05:31:13Z",
                    "2026-03-20T05:31:43Z",
                    "2026-03-20T05:32:10Z",
                    "2026-03-20T05:32:40Z",
                    "2026-03-20T05:33:08Z",
                    "2026-03-20T05:33:35Z",
                    "2026-03-20T05:34:01Z",
                    "2026-03-20T05:34:26Z",
                    "2026-03-20T05:34:54Z",
                    "2026-03-20T05:35:23Z",
                    "2026-03-20T05:35:50Z",
                    "2026-03-20T05:36:20Z",
                    "2026-03-20T05:36:48Z",
                    "2026-03-20T05:37:17Z",
                    "2026-03-20T05:39:20Z",
                    "2026-03-20T05:39:50Z",
                    "2026-03-20T05:40:31Z",
                    "2026-03-20T05:41:01Z",
                    "2026-03-20T05:41:34Z",
                    "2026-03-20T05:42:03Z",
                    "2026-03-20T05:42:49Z",
                    "2026-03-20T05:43:17Z",
                    "2026-03-20T05:43:43Z",
                    "2026-03-20T05:46:10Z"
                ]
            },
            "geometry": {
                "type": "LineString",
                "coordinates": [
                    [
                        133.53442867134592,
                        33.54986951575128,
                        80
                    ],
                    [
                        133.5346911545785,
                        33.54960555253337,
                        82
                    ],
                    [
                        133.5348746407546,
                        33.54928884096973,
                        81
                    ],
                    [
                        133.53492668285293,
                        33.54913205177875,
                        78
                    ],
                    [
                        133.53482091943457,
                        33.548884068711835,
                        77
                    ],
                    [
                        133.5346379435258,
                        33.54857328729257,
                        81
                    ],
                    [
                        133.53443484478117,
                        33.548279352630594,
                        84
                    ],
                    [
                        133.53422075354436,
                        33.54796416772501,
                        86
                    ],
                    [
                        133.53406835761476,
                        33.54764586771699,
                        87
                    ],
                    [
                        133.5340843409909,
                        33.54728283517387,
                        93
                    ],
                    [
                        133.5341067961379,
                        33.54695770333208,
                        96
                    ],
                    [
                        133.53392580985698,
                        33.546696083478274,
                        100
                    ],
                    [
                        133.5339178523552,
                        33.546370729518614,
                        102
                    ],
                    [
                        133.53381673792026,
                        33.54609514811856,
                        110
                    ],
                    [
                        133.53363677104386,
                        33.54600124959976,
                        118
                    ],
                    [
                        133.53344498833994,
                        33.54581724624681,
                        124
                    ],
                    [
                        133.53330733654218,
                        33.545742951362776,
                        132
                    ],
                    [
                        133.53317507529363,
                        33.54554505459081,
                        136
                    ],
                    [
                        133.53308027375962,
                        33.545305930374994,
                        143
                    ],
                    [
                        133.532968221782,
                        33.54506957861797,
                        148
                    ],
                    [
                        133.53279194985546,
                        33.5448623672516,
                        157
                    ],
                    [
                        133.53276699986884,
                        33.54464313751806,
                        163
                    ],
                    [
                        133.53281021731806,
                        33.544486757504274,
                        164
                    ],
                    [
                        133.53292293028449,
                        33.5445247603112,
                        162
                    ],
                    [
                        133.5328181931951,
                        33.54440270886224,
                        164
                    ],
                    [
                        133.53278182562542,
                        33.544045753609765,
                        158
                    ],
                    [
                        133.53286748290714,
                        33.54380010109565,
                        150
                    ],
                    [
                        133.5330234467701,
                        33.543545472514474,
                        142
                    ],
                    [
                        133.53328823201653,
                        33.54349580811216,
                        133
                    ],
                    [
                        133.5334965524546,
                        33.54343265721261,
                        122
                    ],
                    [
                        133.5336078512117,
                        33.54334657645298,
                        116
                    ],
                    [
                        133.53341707863635,
                        33.54311919270165,
                        114
                    ],
                    [
                        133.53307223290759,
                        33.542905969538594,
                        112
                    ],
                    [
                        133.53269046453292,
                        33.54241580998077,
                        107
                    ],
                    [
                        133.53242318960312,
                        33.54214506871588,
                        107
                    ],
                    [
                        133.53190660487087,
                        33.54198451640286,
                        105
                    ],
                    [
                        133.5315136729294,
                        33.54160810987576,
                        107
                    ],
                    [
                        133.53122980679194,
                        33.541201229532604,
                        102
                    ],
                    [
                        133.53070826448754,
                        33.54095119843069,
                        98
                    ],
                    [
                        133.53045060255798,
                        33.5407416000266,
                        104
                    ],
                    [
                        133.53008746788075,
                        33.54056432614367,
                        111
                    ],
                    [
                        133.5296994407701,
                        33.540485172988994,
                        112
                    ],
                    [
                        133.5294113602478,
                        33.54053453904385,
                        119
                    ],
                    [
                        133.5291179095822,
                        33.54049826323571,
                        122
                    ],
                    [
                        133.5288694958305,
                        33.5404729163997,
                        124
                    ],
                    [
                        133.52821503896635,
                        33.54036091729078,
                        124
                    ],
                    [
                        133.5280820654241,
                        33.54019653592588,
                        124
                    ],
                    [
                        133.5281267534884,
                        33.53981045981459,
                        126
                    ],
                    [
                        133.52814010382144,
                        33.539274161629,
                        125
                    ],
                    [
                        133.52823554132564,
                        33.538911074043874,
                        127
                    ],
                    [
                        133.5282795210297,
                        33.538628057729824,
                        131
                    ],
                    [
                        133.5281204889993,
                        33.53834925924133,
                        132
                    ],
                    [
                        133.52783069122088,
                        33.53813746623601,
                        134
                    ],
                    [
                        133.52756509417978,
                        33.53785338090096,
                        135
                    ],
                    [
                        133.52701770500013,
                        33.53773781300608,
                        138
                    ],
                    [
                        133.52687436895314,
                        33.53743340543841,
                        141
                    ],
                    [
                        133.52670071954935,
                        33.537152705012666,
                        145
                    ],
                    [
                        133.5265184297477,
                        33.536897980904975,
                        149
                    ],
                    [
                        133.52662547892476,
                        33.53665065553024,
                        147
                    ],
                    [
                        133.52648530649412,
                        33.53645598953697,
                        152
                    ],
                    [
                        133.5261213790418,
                        33.536268505229195,
                        154
                    ],
                    [
                        133.5259398189943,
                        33.53586925338844,
                        155
                    ],
                    [
                        133.52610530681375,
                        33.53552963912408,
                        158
                    ],
                    [
                        133.5263285648129,
                        33.535279280344746,
                        157
                    ],
                    [
                        133.526517657293,
                        33.53497412631982,
                        163
                    ],
                    [
                        133.5265826271267,
                        33.53475155458819,
                        165
                    ],
                    [
                        133.52632975756143,
                        33.53451550676416,
                        165
                    ],
                    [
                        133.52649390363376,
                        33.53435998344097,
                        166
                    ],
                    [
                        133.52673113726576,
                        33.53398986751659,
                        160
                    ],
                    [
                        133.52701229626985,
                        33.53382861454278,
                        158
                    ],
                    [
                        133.52698962334125,
                        33.53340215566783,
                        146
                    ],
                    [
                        133.52696912362865,
                        33.533104094034776,
                        150
                    ],
                    [
                        133.5266914170935,
                        33.53284963309461,
                        155
                    ],
                    [
                        133.52666099669486,
                        33.53270556097007,
                        160
                    ],
                    [
                        133.5267304280429,
                        33.53254918724474,
                        170
                    ],
                    [
                        133.5265485601718,
                        33.53238841993284,
                        173
                    ],
                    [
                        133.52667562309233,
                        33.532306420947286,
                        179
                    ],
                    [
                        133.52688304481256,
                        33.53229203181135,
                        181
                    ],
                    [
                        133.52707460861086,
                        33.53217667727728,
                        188
                    ],
                    [
                        133.52733528170788,
                        33.53208465659067,
                        198
                    ],
                    [
                        133.5276036516103,
                        33.531911142809605,
                        199
                    ],
                    [
                        133.52783030668155,
                        33.53173998607566,
                        204
                    ],
                    [
                        133.5279983729148,
                        33.53152746346399,
                        206
                    ],
                    [
                        133.52795933846008,
                        33.53121331804687,
                        213
                    ],
                    [
                        133.527859813755,
                        33.53091969129335,
                        223
                    ],
                    [
                        133.52774174875134,
                        33.530631640389785,
                        225
                    ],
                    [
                        133.52785426830545,
                        33.53048636799303,
                        233
                    ],
                    [
                        133.5281283646584,
                        33.530417374756766,
                        235
                    ],
                    [
                        133.52823920468242,
                        33.53035337666567,
                        235
                    ],
                    [
                        133.52828073317826,
                        33.53019165476195,
                        243
                    ],
                    [
                        133.52855856523732,
                        33.529938106908475,
                        244
                    ],
                    [
                        133.5287700627664,
                        33.52973772167628,
                        256
                    ],
                    [
                        133.52905038744555,
                        33.529746405834636,
                        252
                    ],
                    [
                        133.52919111627196,
                        33.52980603331985,
                        250
                    ],
                    [
                        133.5296628532821,
                        33.52992717612167,
                        245
                    ],
                    [
                        133.5299467173708,
                        33.530089225914466,
                        247
                    ],
                    [
                        133.53031213620562,
                        33.530026700910405,
                        241
                    ],
                    [
                        133.5306262334292,
                        33.530056619392454,
                        246
                    ],
                    [
                        133.5308931378899,
                        33.53008015312333,
                        245
                    ],
                    [
                        133.5312739336114,
                        33.53015777926847,
                        240
                    ],
                    [
                        133.531579883977,
                        33.53015808228383,
                        232
                    ],
                    [
                        133.53194088957002,
                        33.53031386591852,
                        233
                    ],
                    [
                        133.53216485985942,
                        33.53046520123195,
                        231
                    ],
                    [
                        133.5326077802702,
                        33.530610699363535,
                        227
                    ],
                    [
                        133.53312215265197,
                        33.530791014224704,
                        225
                    ],
                    [
                        133.5337206028749,
                        33.53079037143361,
                        223
                    ],
                    [
                        133.5341500386341,
                        33.53069410537361,
                        221
                    ],
                    [
                        133.5343649610549,
                        33.530510448424565,
                        224
                    ],
                    [
                        133.53472090945942,
                        33.53049286938675,
                        226
                    ],
                    [
                        133.53504904557548,
                        33.530543193332754,
                        231
                    ],
                    [
                        133.53540297042133,
                        33.53047692957967,
                        235
                    ],
                    [
                        133.53585927412408,
                        33.53029116290707,
                        237
                    ],
                    [
                        133.5361189708298,
                        33.530148090615135,
                        239
                    ],
                    [
                        133.5362709752432,
                        33.529941354302466,
                        245
                    ],
                    [
                        133.53622467681524,
                        33.52968758663862,
                        251
                    ],
                    [
                        133.53633963706895,
                        33.52966187694476,
                        256
                    ],
                    [
                        133.53645691923273,
                        33.5295152699442,
                        262
                    ],
                    [
                        133.53671578283027,
                        33.52946021804205,
                        264
                    ],
                    [
                        133.53711224818758,
                        33.52935505614158,
                        259
                    ],
                    [
                        133.53749240617162,
                        33.52924686001161,
                        260
                    ],
                    [
                        133.53783292320452,
                        33.52925313719462,
                        262
                    ],
                    [
                        133.5374828271361,
                        33.529234567573575,
                        261
                    ],
                    [
                        133.53708814523443,
                        33.529353743036125,
                        259
                    ],
                    [
                        133.5368117619102,
                        33.52941634035381,
                        263
                    ],
                    [
                        133.5364521132206,
                        33.529494288942274,
                        262
                    ],
                    [
                        133.5363388421759,
                        33.529634585338286,
                        257
                    ],
                    [
                        133.5362077125038,
                        33.529584041782826,
                        255
                    ],
                    [
                        133.53619573477346,
                        33.52995623894346,
                        246
                    ],
                    [
                        133.53586453304638,
                        33.53020179321524,
                        236
                    ],
                    [
                        133.53553480076235,
                        33.530416086255634,
                        234
                    ],
                    [
                        133.53517512902204,
                        33.530478524476415,
                        232
                    ],
                    [
                        133.534736500548,
                        33.530456869762645,
                        226
                    ],
                    [
                        133.53430032206913,
                        33.53049530886419,
                        221
                    ],
                    [
                        133.53401259269617,
                        33.53069603959757,
                        221
                    ],
                    [
                        133.53362984393783,
                        33.53076500110836,
                        222
                    ],
                    [
                        133.5332360845945,
                        33.53074244905996,
                        225
                    ],
                    [
                        133.53285576788494,
                        33.53069494335766,
                        225
                    ],
                    [
                        133.5326022201674,
                        33.530571413730684,
                        228
                    ],
                    [
                        133.53235213035614,
                        33.530467127844254,
                        233
                    ],
                    [
                        133.53199390170033,
                        33.53033812504501,
                        232
                    ],
                    [
                        133.53168825798517,
                        33.530156960617575,
                        234
                    ],
                    [
                        133.53140569476628,
                        33.530143950771105,
                        238
                    ],
                    [
                        133.5311194327123,
                        33.53010459468717,
                        244
                    ],
                    [
                        133.53082729271972,
                        33.53006252400733,
                        249
                    ],
                    [
                        133.5304676364228,
                        33.53001595006841,
                        246
                    ],
                    [
                        133.53010793317466,
                        33.53005122766136,
                        247
                    ],
                    [
                        133.52975250390145,
                        33.52995125337963,
                        250
                    ],
                    [
                        133.52943382533698,
                        33.529900570177155,
                        250
                    ],
                    [
                        133.52916448845198,
                        33.52970668286084,
                        251
                    ],
                    [
                        133.5289599121436,
                        33.52954018992076,
                        256
                    ],
                    [
                        133.52870070814134,
                        33.529361079901186,
                        263
                    ],
                    [
                        133.52853585687203,
                        33.52913294478995,
                        268
                    ],
                    [
                        133.52833963833228,
                        33.528869842292615,
                        269
                    ],
                    [
                        133.5280298007757,
                        33.52876690216357,
                        273
                    ],
                    [
                        133.5278586036436,
                        33.52846154400258,
                        276
                    ],
                    [
                        133.5277426399946,
                        33.528211649564135,
                        285
                    ],
                    [
                        133.52755040224662,
                        33.52804301230811,
                        289
                    ],
                    [
                        133.52732824085868,
                        33.52800586913216,
                        289
                    ],
                    [
                        133.52717709383367,
                        33.52793798186778,
                        294
                    ],
                    [
                        133.5269277005579,
                        33.52790646449096,
                        299
                    ],
                    [
                        133.52672650906524,
                        33.52795250023368,
                        303
                    ],
                    [
                        133.52643029913267,
                        33.52781458954088,
                        309
                    ],
                    [
                        133.52631452946653,
                        33.52778035872324,
                        308
                    ],
                    [
                        133.52608880288554,
                        33.52784337896703,
                        307
                    ],
                    [
                        133.5258946484514,
                        33.52783967052634,
                        303
                    ],
                    [
                        133.52562031460874,
                        33.52787901952187,
                        294
                    ],
                    [
                        133.52533551420095,
                        33.52788629936527,
                        285
                    ],
                    [
                        133.52495878273876,
                        33.52783331456876,
                        272
                    ],
                    [
                        133.5245935316701,
                        33.52783796687777,
                        265
                    ],
                    [
                        133.5242588681606,
                        33.52782797451908,
                        254
                    ],
                    [
                        133.5238878841597,
                        33.52784262455,
                        248
                    ],
                    [
                        133.52348672879265,
                        33.527721846297105,
                        247
                    ],
                    [
                        133.5230270272673,
                        33.527622021014345,
                        245
                    ],
                    [
                        133.52262686791437,
                        33.527655918514505,
                        244
                    ],
                    [
                        133.52236134176755,
                        33.5277608498912,
                        249
                    ],
                    [
                        133.52199664631613,
                        33.52772713302391,
                        248
                    ],
                    [
                        133.52171599488864,
                        33.52766088731081,
                        253
                    ],
                    [
                        133.52146839697264,
                        33.52753518157572,
                        257
                    ],
                    [
                        133.5212557385085,
                        33.52740264279617,
                        264
                    ],
                    [
                        133.52103649952983,
                        33.527322216149244,
                        270
                    ],
                    [
                        133.52078126992964,
                        33.52719171916275,
                        276
                    ],
                    [
                        133.52051971061525,
                        33.52710124271679,
                        281
                    ],
                    [
                        133.5203095805533,
                        33.52702723938409,
                        282
                    ],
                    [
                        133.52009010255276,
                        33.52695532122564,
                        278
                    ],
                    [
                        133.5197215312554,
                        33.52693597944101,
                        279
                    ],
                    [
                        133.51953537382172,
                        33.52696856021498,
                        278
                    ],
                    [
                        133.5193570939455,
                        33.52694910354661,
                        282
                    ],
                    [
                        133.51918263729786,
                        33.52690745239194,
                        290
                    ],
                    [
                        133.51896508676634,
                        33.5270075899272,
                        294
                    ],
                    [
                        133.5189084484622,
                        33.52689891458335,
                        304
                    ],
                    [
                        133.51872177981068,
                        33.52679733013242,
                        314
                    ],
                    [
                        133.51864410804131,
                        33.52658122325633,
                        321
                    ],
                    [
                        133.5185347042649,
                        33.52640514002966,
                        326
                    ],
                    [
                        133.51842090294264,
                        33.526235747040786,
                        330
                    ],
                    [
                        133.51811213000386,
                        33.52618215266996,
                        337
                    ],
                    [
                        133.5177996532288,
                        33.526150600197916,
                        341
                    ],
                    [
                        133.51754183141793,
                        33.52600269024038,
                        346
                    ],
                    [
                        133.51729810831597,
                        33.52581501365915,
                        350
                    ],
                    [
                        133.5170200350404,
                        33.52575348944595,
                        355
                    ],
                    [
                        133.5167690580913,
                        33.525711769041735,
                        359
                    ],
                    [
                        133.51654953972383,
                        33.52577121092635,
                        361
                    ],
                    [
                        133.51668068161575,
                        33.52583070791023,
                        359
                    ],
                    [
                        133.51649172277362,
                        33.52597457678548,
                        358
                    ],
                    [
                        133.51627839202007,
                        33.52579585449693,
                        354
                    ],
                    [
                        133.51595859239825,
                        33.525759768433474,
                        347
                    ],
                    [
                        133.51570577447634,
                        33.52557510063512,
                        339
                    ],
                    [
                        133.5153959551093,
                        33.52552352983215,
                        331
                    ],
                    [
                        133.51513106874523,
                        33.52573663873463,
                        324
                    ],
                    [
                        133.5148411852738,
                        33.525819676044925,
                        315
                    ],
                    [
                        133.51461058866363,
                        33.525983596839914,
                        308
                    ],
                    [
                        133.5144857818866,
                        33.52617461148009,
                        306
                    ],
                    [
                        133.51410072694875,
                        33.52625034487595,
                        299
                    ],
                    [
                        133.51377697225976,
                        33.52629427864777,
                        299
                    ],
                    [
                        133.51351620770484,
                        33.52629727318174,
                        293
                    ],
                    [
                        133.5132111962721,
                        33.52634882064683,
                        288
                    ],
                    [
                        133.51308205571192,
                        33.52648591820153,
                        284
                    ],
                    [
                        133.51283178466383,
                        33.526637916298824,
                        276
                    ],
                    [
                        133.51251590786248,
                        33.52679453379126,
                        270
                    ],
                    [
                        133.51231845290502,
                        33.52686393052409,
                        268
                    ],
                    [
                        133.51214123705992,
                        33.52679502877128,
                        268
                    ],
                    [
                        133.51194315310968,
                        33.52676885589067,
                        264
                    ],
                    [
                        133.511678432053,
                        33.52670038060596,
                        257
                    ],
                    [
                        133.5115100801679,
                        33.52684813012152,
                        247
                    ],
                    [
                        133.511498493844,
                        33.527098519645556,
                        243
                    ],
                    [
                        133.5112694595828,
                        33.52716523978709,
                        235
                    ],
                    [
                        133.5113467051042,
                        33.52695796978301,
                        240
                    ],
                    [
                        133.51138070807008,
                        33.526631835179025,
                        246
                    ],
                    [
                        133.51156039517994,
                        33.526332301676646,
                        249
                    ],
                    [
                        133.51125603531483,
                        33.52624978332827,
                        246
                    ],
                    [
                        133.51094211293005,
                        33.526342157521256,
                        246
                    ],
                    [
                        133.51053597708204,
                        33.52629533733122,
                        246
                    ],
                    [
                        133.51023087219968,
                        33.5262389903557,
                        251
                    ],
                    [
                        133.51001844958896,
                        33.52610524429593,
                        265
                    ],
                    [
                        133.50975427075994,
                        33.52599983910433,
                        271
                    ],
                    [
                        133.5095747112526,
                        33.52582445116365,
                        280
                    ],
                    [
                        133.50950702028518,
                        33.52566448536461,
                        285
                    ],
                    [
                        133.50935551788766,
                        33.525555958714726,
                        295
                    ],
                    [
                        133.50932162951005,
                        33.525418064841176,
                        300
                    ],
                    [
                        133.50916776139303,
                        33.52530784821779,
                        308
                    ],
                    [
                        133.50913278977717,
                        33.52521741845957,
                        308
                    ],
                    [
                        133.50885515433546,
                        33.525208394267075,
                        311
                    ],
                    [
                        133.50863824102663,
                        33.52527221192656,
                        316
                    ],
                    [
                        133.50854355789227,
                        33.52504486735583,
                        314
                    ],
                    [
                        133.50841973756718,
                        33.52478888171509,
                        317
                    ],
                    [
                        133.50826499497848,
                        33.52451462071601,
                        314
                    ],
                    [
                        133.50804098855235,
                        33.524362579092404,
                        313
                    ],
                    [
                        133.50765684504873,
                        33.52429612953716,
                        313
                    ],
                    [
                        133.50740288737123,
                        33.52417039506483,
                        313
                    ],
                    [
                        133.50715415900387,
                        33.52394019455612,
                        309
                    ],
                    [
                        133.5070348439809,
                        33.523990266717156,
                        311
                    ],
                    [
                        133.5067170548653,
                        33.523815709716,
                        309
                    ],
                    [
                        133.5064504439237,
                        33.523700189602586,
                        310
                    ],
                    [
                        133.50641156914122,
                        33.523548560165814,
                        309
                    ],
                    [
                        133.50624693803067,
                        33.52327924237459,
                        309
                    ],
                    [
                        133.50598339150508,
                        33.52310253908707,
                        310
                    ],
                    [
                        133.50575535146388,
                        33.52299191856604,
                        318
                    ],
                    [
                        133.50544476489026,
                        33.52279355412371,
                        320
                    ],
                    [
                        133.5052367115642,
                        33.52256813651197,
                        318
                    ],
                    [
                        133.50509728380896,
                        33.52233742640507,
                        319
                    ],
                    [
                        133.5051033213716,
                        33.522100136352584,
                        323
                    ],
                    [
                        133.50483865630383,
                        33.52206718621644,
                        325
                    ],
                    [
                        133.50458502152952,
                        33.5220882531518,
                        327
                    ],
                    [
                        133.50433809671247,
                        33.522098967791564,
                        326
                    ],
                    [
                        133.50402164153735,
                        33.52206249825398,
                        327
                    ],
                    [
                        133.50382891208108,
                        33.522226740805436,
                        330
                    ],
                    [
                        133.50400567561542,
                        33.522067174241776,
                        330
                    ],
                    [
                        133.50439273644318,
                        33.52207621090171,
                        327
                    ],
                    [
                        133.5046755620437,
                        33.52207095644241,
                        328
                    ],
                    [
                        133.5049364067521,
                        33.522016728908355,
                        324
                    ],
                    [
                        133.50507685929125,
                        33.52218723649929,
                        315
                    ],
                    [
                        133.50516057079162,
                        33.52244165176972,
                        316
                    ],
                    [
                        133.50528288559119,
                        33.5226487125345,
                        318
                    ],
                    [
                        133.50561038378706,
                        33.52287020272637,
                        318
                    ],
                    [
                        133.50583623478565,
                        33.52301206424522,
                        314
                    ],
                    [
                        133.50612406177564,
                        33.52318530065039,
                        310
                    ],
                    [
                        133.50628593664922,
                        33.52343416932541,
                        307
                    ],
                    [
                        133.50650560126454,
                        33.523600930553144,
                        309
                    ],
                    [
                        133.5067127938564,
                        33.52381187814647,
                        312
                    ],
                    [
                        133.5070567519832,
                        33.52399674922912,
                        310
                    ],
                    [
                        133.50717228864485,
                        33.52427100927365,
                        308
                    ],
                    [
                        133.50691224254,
                        33.52406212994854,
                        305
                    ],
                    [
                        133.50657251210464,
                        33.52395441930172,
                        303
                    ],
                    [
                        133.50617594576067,
                        33.52389527799439,
                        299
                    ],
                    [
                        133.5059233134991,
                        33.52368101532664,
                        295
                    ],
                    [
                        133.505705525314,
                        33.52344400391872,
                        299
                    ],
                    [
                        133.505420713081,
                        33.5233170878051,
                        292
                    ],
                    [
                        133.50508940738928,
                        33.52325599107775,
                        283
                    ],
                    [
                        133.50534681245753,
                        33.52345821686973,
                        279
                    ],
                    [
                        133.50542840645102,
                        33.52353379679206,
                        280
                    ],
                    [
                        133.50513577635874,
                        33.52335646771555,
                        280
                    ],
                    [
                        133.50529492420446,
                        33.523267597975575,
                        284
                    ],
                    [
                        133.5056519983973,
                        33.52338335157423,
                        298
                    ],
                    [
                        133.50589850230557,
                        33.52361641009515,
                        301
                    ],
                    [
                        133.50618208562446,
                        33.523864765656405,
                        297
                    ],
                    [
                        133.50660943526327,
                        33.52392475145907,
                        303
                    ],
                    [
                        133.506966573339,
                        33.52403389777937,
                        307
                    ],
                    [
                        133.50717830577508,
                        33.52421426026397,
                        307
                    ],
                    [
                        133.507121534165,
                        33.52395325371676,
                        312
                    ],
                    [
                        133.50730341515842,
                        33.52409524584624,
                        313
                    ],
                    [
                        133.50753000989658,
                        33.52421581477599,
                        313
                    ],
                    [
                        133.50791917721682,
                        33.52434043265445,
                        314
                    ],
                    [
                        133.50819666111227,
                        33.52444537535913,
                        318
                    ],
                    [
                        133.5083642216644,
                        33.524651649214846,
                        319
                    ],
                    [
                        133.50845639368248,
                        33.52495372775289,
                        315
                    ],
                    [
                        133.50861137567472,
                        33.52520998363201,
                        317
                    ],
                    [
                        133.50896591597242,
                        33.525197247203174,
                        310
                    ],
                    [
                        133.5091393552241,
                        33.52522413742196,
                        308
                    ],
                    [
                        133.509323818757,
                        33.52537050394122,
                        300
                    ],
                    [
                        133.50938288615293,
                        33.52550856750952,
                        294
                    ],
                    [
                        133.50954163040706,
                        33.52569509800571,
                        284
                    ],
                    [
                        133.50968021182746,
                        33.52588451858931,
                        274
                    ],
                    [
                        133.50995159360795,
                        33.52605395558735,
                        265
                    ],
                    [
                        133.51015263562653,
                        33.526180336309736,
                        254
                    ],
                    [
                        133.51047587660855,
                        33.52626981997431,
                        247
                    ],
                    [
                        133.5108322369642,
                        33.52633291886704,
                        244
                    ],
                    [
                        133.51120026959205,
                        33.52626507231039,
                        245
                    ],
                    [
                        133.51160058411526,
                        33.526254965452374,
                        245
                    ],
                    [
                        133.51144105618414,
                        33.526571573895524,
                        246
                    ],
                    [
                        133.51133022487414,
                        33.526934468626564,
                        241
                    ],
                    [
                        133.51127794148974,
                        33.527198378273624,
                        234
                    ],
                    [
                        133.5111863476765,
                        33.52684820571127,
                        233
                    ],
                    [
                        133.51101611006214,
                        33.527213073114815,
                        225
                    ],
                    [
                        133.51110316922478,
                        33.527662887378156,
                        219
                    ],
                    [
                        133.51085863880792,
                        33.52780796518839,
                        205
                    ],
                    [
                        133.51138555329618,
                        33.52794519024975,
                        206
                    ],
                    [
                        133.51162669163452,
                        33.52829815425458,
                        198
                    ],
                    [
                        133.51183061118581,
                        33.528569209485006,
                        194
                    ],
                    [
                        133.51178047776503,
                        33.52874847564022,
                        191
                    ],
                    [
                        133.51187448996214,
                        33.52903809373544,
                        189
                    ],
                    [
                        133.51187496683986,
                        33.52956040073534,
                        187
                    ],
                    [
                        133.51182271025303,
                        33.530000866943,
                        185
                    ],
                    [
                        133.51169561844364,
                        33.53041569716243,
                        183
                    ],
                    [
                        133.51167433367073,
                        33.53072368881148,
                        180
                    ],
                    [
                        133.51162751182497,
                        33.53103787461292,
                        180
                    ],
                    [
                        133.51151190234157,
                        33.53127901267322,
                        183
                    ],
                    [
                        133.51127524708568,
                        33.53145410419913,
                        181
                    ],
                    [
                        133.51102478474718,
                        33.53151994906449,
                        173
                    ],
                    [
                        133.51085633778743,
                        33.53172640256965,
                        164
                    ],
                    [
                        133.5109312965168,
                        33.532028322923466,
                        157
                    ],
                    [
                        133.5110395938951,
                        33.532350004623154,
                        153
                    ],
                    [
                        133.51128053100828,
                        33.532701603891375,
                        136
                    ],
                    [
                        133.51129433881192,
                        33.53305638987788,
                        132
                    ],
                    [
                        133.51127645584094,
                        33.53336432915476,
                        129
                    ],
                    [
                        133.51110368501529,
                        33.53364675879585,
                        132
                    ],
                    [
                        133.51059742545203,
                        33.53378253669991,
                        131
                    ],
                    [
                        133.51031383155365,
                        33.533954970665626,
                        127
                    ],
                    [
                        133.5100120061447,
                        33.5341291962904,
                        125
                    ],
                    [
                        133.50979707814415,
                        33.53414677012003,
                        121
                    ],
                    [
                        133.50967945465402,
                        33.53423975794315,
                        120
                    ],
                    [
                        133.50946431983107,
                        33.53436649162094,
                        117
                    ],
                    [
                        133.509139943391,
                        33.53453598520789,
                        109
                    ],
                    [
                        133.50893801784812,
                        33.53478096696853,
                        101
                    ],
                    [
                        133.50876824045562,
                        33.53506622641272,
                        92
                    ],
                    [
                        133.50842888236147,
                        33.53537929165284,
                        87
                    ],
                    [
                        133.5083807449935,
                        33.53571732127794,
                        78
                    ],
                    [
                        133.50829032755686,
                        33.53606276260842,
                        71
                    ],
                    [
                        133.50821786025023,
                        33.53638728030954,
                        66
                    ],
                    [
                        133.50832297539495,
                        33.53663761528259,
                        60
                    ],
                    [
                        133.50844481645328,
                        33.53691517760613,
                        58
                    ],
                    [
                        133.50866180189666,
                        33.537162857231145,
                        57
                    ],
                    [
                        133.50909322370754,
                        33.53719771661294,
                        57
                    ],
                    [
                        133.50896844042634,
                        33.53721029446981,
                        58
                    ],
                    [
                        133.50862065681656,
                        33.53710859765185,
                        59
                    ],
                    [
                        133.50838138847942,
                        33.53681694565226,
                        59
                    ],
                    [
                        133.50812277752829,
                        33.5368953394795,
                        59
                    ],
                    [
                        133.5078213833448,
                        33.53709593314464,
                        57
                    ],
                    [
                        133.50779184342082,
                        33.53744349874867,
                        55
                    ],
                    [
                        133.50797366747204,
                        33.5377507064274,
                        53
                    ],
                    [
                        133.50780398797576,
                        33.538146481759725,
                        55
                    ],
                    [
                        133.50730371519597,
                        33.53848333449934,
                        57
                    ],
                    [
                        133.50687067173098,
                        33.53878988310102,
                        50
                    ],
                    [
                        133.50657595773248,
                        33.53916005463844,
                        41
                    ],
                    [
                        133.50665546935872,
                        33.53959820428295,
                        30
                    ],
                    [
                        133.5070512794431,
                        33.539941085382786,
                        26
                    ],
                    [
                        133.5072901257002,
                        33.54022257026313,
                        25
                    ],
                    [
                        133.50748563996763,
                        33.54048377447598,
                        23
                    ],
                    [
                        133.50772088133843,
                        33.54091677388837,
                        22
                    ],
                    [
                        133.50774138888963,
                        33.54126276265658,
                        19
                    ],
                    [
                        133.50780709361612,
                        33.541610472655044,
                        16
                    ],
                    [
                        133.5079852549418,
                        33.54192551089992,
                        14
                    ],
                    [
                        133.50827802733713,
                        33.54220207211547,
                        12
                    ],
                    [
                        133.5085819618995,
                        33.5424483709561,
                        12
                    ],
                    [
                        133.50888402910994,
                        33.54272047524362,
                        11
                    ],
                    [
                        133.50926658586485,
                        33.54290327481199,
                        11
                    ],
                    [
                        133.50975435212663,
                        33.54327414321788,
                        12
                    ],
                    [
                        133.51004843166658,
                        33.54349889558701,
                        13
                    ],
                    [
                        133.51031928099806,
                        33.54374401937558,
                        12
                    ],
                    [
                        133.51057291329454,
                        33.54399165526918,
                        12
                    ],
                    [
                        133.51082803598442,
                        33.54426213221202,
                        11
                    ],
                    [
                        133.51110811333731,
                        33.54454749307856,
                        11
                    ],
                    [
                        133.51136475659783,
                        33.544806455826674,
                        13
                    ],
                    [
                        133.51165173408856,
                        33.54505608770662,
                        12
                    ],
                    [
                        133.51190478152336,
                        33.545321486157945,
                        11
                    ],
                    [
                        133.5121592179664,
                        33.545587124808456,
                        10
                    ],
                    [
                        133.51239578626496,
                        33.54584494124669,
                        11
                    ],
                    [
                        133.51268730747358,
                        33.546106041859794,
                        10
                    ],
                    [
                        133.51295265584307,
                        33.546368968310276,
                        9
                    ],
                    [
                        133.51320221253835,
                        33.54663387386416,
                        10
                    ],
                    [
                        133.51345309139688,
                        33.54688979548465,
                        11
                    ],
                    [
                        133.51371903876696,
                        33.54715795922216,
                        11
                    ],
                    [
                        133.5139723756254,
                        33.54740618972757,
                        12
                    ],
                    [
                        133.5142611637999,
                        33.54768333351829,
                        12
                    ],
                    [
                        133.51451810810434,
                        33.54793795110335,
                        9
                    ],
                    [
                        133.51472469715372,
                        33.54817688831865,
                        8
                    ],
                    [
                        133.51493491952237,
                        33.54847738968719,
                        12
                    ],
                    [
                        133.5150646641795,
                        33.54881031576048,
                        11
                    ],
                    [
                        133.51519273451933,
                        33.549155097366,
                        12
                    ],
                    [
                        133.51530561641277,
                        33.54947716340097,
                        12
                    ],
                    [
                        133.51536609420089,
                        33.54979116095409,
                        12
                    ],
                    [
                        133.5155096786381,
                        33.55010663194895,
                        11
                    ],
                    [
                        133.51577995090346,
                        33.55031733732376,
                        10
                    ],
                    [
                        133.51615429744274,
                        33.55035305109019,
                        11
                    ],
                    [
                        133.51657457325004,
                        33.55036226389648,
                        10
                    ],
                    [
                        133.51700705232867,
                        33.550363479581414,
                        10
                    ],
                    [
                        133.51738331410755,
                        33.550360131355575,
                        8
                    ],
                    [
                        133.51782734742963,
                        33.55040852136381,
                        9
                    ],
                    [
                        133.5182249205906,
                        33.5504172431988,
                        8
                    ],
                    [
                        133.5186531124094,
                        33.550425643574876,
                        9
                    ],
                    [
                        133.51905254415462,
                        33.55045420995782,
                        10
                    ],
                    [
                        133.51945465160836,
                        33.550463381448324,
                        10
                    ],
                    [
                        133.51986592460506,
                        33.55045952920142,
                        12
                    ],
                    [
                        133.52024583014926,
                        33.55044493039254,
                        12
                    ],
                    [
                        133.52067026264905,
                        33.55048569976834,
                        11
                    ],
                    [
                        133.52108151841102,
                        33.55050716512139,
                        13
                    ],
                    [
                        133.52153146396495,
                        33.55052096494299,
                        10
                    ],
                    [
                        133.5219388469663,
                        33.5505487926737,
                        11
                    ],
                    [
                        133.52233100142314,
                        33.55059770346158,
                        10
                    ],
                    [
                        133.5227418682795,
                        33.55063034760075,
                        12
                    ],
                    [
                        133.52305997244022,
                        33.550648963867964,
                        11
                    ],
                    [
                        133.52306806598375,
                        33.55096748127736,
                        10
                    ],
                    [
                        133.52347284522384,
                        33.551020560736475,
                        11
                    ],
                    [
                        133.52379165069325,
                        33.55116921006701,
                        11
                    ],
                    [
                        133.52377720061105,
                        33.5509614749476,
                        9
                    ],
                    [
                        133.52408497827645,
                        33.55105854837549,
                        8
                    ],
                    [
                        133.5244751049812,
                        33.55108323625401,
                        9
                    ],
                    [
                        133.5248695494317,
                        33.55112569335632,
                        10
                    ],
                    [
                        133.52527370205055,
                        33.551159124250844,
                        9
                    ],
                    [
                        133.52566526112562,
                        33.55120083923798,
                        9
                    ],
                    [
                        133.52607459105892,
                        33.551236104022244,
                        9
                    ],
                    [
                        133.5264781275127,
                        33.551256206543634,
                        9
                    ],
                    [
                        133.52682667718804,
                        33.551291600557924,
                        9
                    ],
                    [
                        133.52692025307442,
                        33.55123286021953,
                        7
                    ],
                    [
                        133.5273008294331,
                        33.55129764190859,
                        7
                    ],
                    [
                        133.52770564563252,
                        33.55131708036275,
                        9
                    ],
                    [
                        133.52806794465468,
                        33.5513489214265,
                        10
                    ],
                    [
                        133.52844393183125,
                        33.55136816996866,
                        10
                    ],
                    [
                        133.52885846063432,
                        33.55140614370566,
                        9
                    ],
                    [
                        133.52926451829202,
                        33.5514466047618,
                        8
                    ],
                    [
                        133.5296650182127,
                        33.55147216197548,
                        10
                    ],
                    [
                        133.53004438909278,
                        33.55150490397974,
                        8
                    ],
                    [
                        133.5304626549605,
                        33.55154048659439,
                        11
                    ],
                    [
                        133.53085776626966,
                        33.5515718472253,
                        9
                    ],
                    [
                        133.53125964449754,
                        33.55159565914854,
                        12
                    ],
                    [
                        133.53162740341267,
                        33.551590526126425,
                        12
                    ],
                    [
                        133.532013698132,
                        33.551576629379326,
                        13
                    ],
                    [
                        133.53238277972247,
                        33.55157548950156,
                        12
                    ],
                    [
                        133.5327727175946,
                        33.551726720339616,
                        11
                    ],
                    [
                        133.53309900742659,
                        33.55190547522296,
                        11
                    ],
                    [
                        133.53339051732064,
                        33.552119656534614,
                        13
                    ],
                    [
                        133.53369797893703,
                        33.552355031781126,
                        15
                    ],
                    [
                        133.53402294708945,
                        33.5525801850875,
                        17
                    ],
                    [
                        133.53437694071005,
                        33.55273127996678,
                        18
                    ],
                    [
                        133.53479307596032,
                        33.55281438016192,
                        15
                    ],
                    [
                        133.5348877417519,
                        33.553088621613426,
                        13
                    ],
                    [
                        133.53507795519292,
                        33.553210211553484,
                        8
                    ],
                    [
                        133.5354066472597,
                        33.55319744662616,
                        9
                    ],
                    [
                        133.53547313905412,
                        33.55292448529431,
                        14
                    ],
                    [
                        133.53587015173068,
                        33.553056350339155,
                        12
                    ],
                    [
                        133.53616131229236,
                        33.553147001425934,
                        9
                    ],
                    [
                        133.53611656607472,
                        33.5528789146563,
                        16
                    ],
                    [
                        133.5360489888062,
                        33.55266718225925,
                        26
                    ],
                    [
                        133.5358532014916,
                        33.55257633936877,
                        33
                    ],
                    [
                        133.53554310016293,
                        33.552490286772155,
                        39
                    ],
                    [
                        133.53528996022888,
                        33.552376489136094,
                        45
                    ],
                    [
                        133.53515811266954,
                        33.55221201167303,
                        51
                    ],
                    [
                        133.53492937804427,
                        33.552082271127524,
                        54
                    ],
                    [
                        133.5347217278511,
                        33.551963321678436,
                        58
                    ],
                    [
                        133.5344970532249,
                        33.55172611684095,
                        65
                    ],
                    [
                        133.53437007915846,
                        33.5514983532082,
                        69
                    ],
                    [
                        133.53412177801903,
                        33.55129480313906,
                        72
                    ],
                    [
                        133.534105719123,
                        33.551030626682014,
                        77
                    ],
                    [
                        133.53408684635687,
                        33.55071778304054,
                        80
                    ],
                    [
                        133.53410592492412,
                        33.55046183839477,
                        83
                    ],
                    [
                        133.53419412178468,
                        33.55017582996562,
                        87
                    ],
                    [
                        133.53446177588904,
                        33.55003277762414,
                        85
                    ],
                    [
                        133.53470702568296,
                        33.550007401997966,
                        93
                    ],
                    [
                        133.53453440657165,
                        33.55029357407546,
                        98
                    ],
                    [
                        133.5345990420983,
                        33.55060529888202,
                        97
                    ],
                    [
                        133.53475737796145,
                        33.55090801193766,
                        99
                    ],
                    [
                        133.5350386969959,
                        33.551101371434,
                        102
                    ],
                    [
                        133.53540494484812,
                        33.55116081072404,
                        104
                    ],
                    [
                        133.53570907041552,
                        33.55102838182929,
                        108
                    ],
                    [
                        133.5358428740424,
                        33.55077946136066,
                        113
                    ],
                    [
                        133.53597542352188,
                        33.55052769657264,
                        119
                    ],
                    [
                        133.53582720527328,
                        33.55047433834015,
                        121
                    ],
                    [
                        133.5355318483137,
                        33.55047913618525,
                        122
                    ],
                    [
                        133.535454539371,
                        33.550235724236856,
                        125
                    ],
                    [
                        133.5354232986514,
                        33.55009080962706,
                        120
                    ],
                    [
                        133.53521408212856,
                        33.549939125113745,
                        113
                    ],
                    [
                        133.53507645538303,
                        33.5497556193051,
                        101
                    ],
                    [
                        133.5349773810808,
                        33.54956402554433,
                        89
                    ],
                    [
                        133.53489396179774,
                        33.54932141662666,
                        83
                    ],
                    [
                        133.53475244961487,
                        33.549574363427695,
                        82
                    ],
                    [
                        133.53462839579925,
                        33.54984704590282,
                        84
                    ],
                    [
                        133.53441787774273,
                        33.550002984665895,
                        82
                    ],
                    [
                        133.53435064480016,
                        33.54999792504843,
                        83
                    ]
                ]
            }
        },

        {
            "type": "Feature",
            "properties": {
                "name": "20260321",
                "time": "2026-03-21T05:04:33Z",
                "coordTimes": [
                    "2026-03-21T05:04:33Z",
                    "2026-03-21T05:04:58Z",
                    "2026-03-21T05:05:25Z",
                    "2026-03-21T05:05:52Z",
                    "2026-03-21T05:06:21Z",
                    "2026-03-21T05:06:57Z",
                    "2026-03-21T05:07:25Z",
                    "2026-03-21T05:07:51Z",
                    "2026-03-21T05:08:18Z",
                    "2026-03-21T05:08:43Z",
                    "2026-03-21T05:09:10Z",
                    "2026-03-21T05:09:37Z",
                    "2026-03-21T05:10:03Z",
                    "2026-03-21T05:10:29Z",
                    "2026-03-21T05:10:55Z",
                    "2026-03-21T05:11:22Z",
                    "2026-03-21T05:11:49Z",
                    "2026-03-21T05:12:14Z",
                    "2026-03-21T05:12:41Z",
                    "2026-03-21T05:13:04Z",
                    "2026-03-21T05:13:30Z",
                    "2026-03-21T05:13:56Z",
                    "2026-03-21T05:14:23Z",
                    "2026-03-21T05:14:50Z",
                    "2026-03-21T05:15:17Z",
                    "2026-03-21T05:15:43Z",
                    "2026-03-21T05:16:09Z",
                    "2026-03-21T05:16:37Z",
                    "2026-03-21T05:17:03Z",
                    "2026-03-21T05:17:29Z",
                    "2026-03-21T05:17:57Z",
                    "2026-03-21T05:18:24Z",
                    "2026-03-21T05:18:50Z",
                    "2026-03-21T05:19:16Z",
                    "2026-03-21T05:19:43Z",
                    "2026-03-21T05:20:08Z",
                    "2026-03-21T05:20:37Z",
                    "2026-03-21T05:21:03Z",
                    "2026-03-21T05:22:04Z",
                    "2026-03-21T05:22:31Z",
                    "2026-03-21T05:22:54Z",
                    "2026-03-21T05:23:17Z",
                    "2026-03-21T05:23:43Z",
                    "2026-03-21T05:24:08Z",
                    "2026-03-21T05:24:35Z",
                    "2026-03-21T05:25:01Z",
                    "2026-03-21T05:25:39Z",
                    "2026-03-21T05:26:04Z",
                    "2026-03-21T05:26:35Z",
                    "2026-03-21T05:27:05Z",
                    "2026-03-21T05:27:29Z",
                    "2026-03-21T05:27:52Z",
                    "2026-03-21T05:28:17Z",
                    "2026-03-21T05:28:41Z",
                    "2026-03-21T05:29:04Z",
                    "2026-03-21T05:29:28Z",
                    "2026-03-21T05:30:01Z",
                    "2026-03-21T05:30:28Z",
                    "2026-03-21T05:30:57Z",
                    "2026-03-21T05:31:22Z",
                    "2026-03-21T05:31:46Z",
                    "2026-03-21T05:32:12Z",
                    "2026-03-21T05:32:38Z",
                    "2026-03-21T05:33:05Z",
                    "2026-03-21T05:33:35Z",
                    "2026-03-21T05:34:02Z",
                    "2026-03-21T05:34:25Z",
                    "2026-03-21T05:35:18Z",
                    "2026-03-21T05:35:44Z",
                    "2026-03-21T05:36:24Z",
                    "2026-03-21T05:36:51Z",
                    "2026-03-21T05:37:14Z",
                    "2026-03-21T05:37:40Z",
                    "2026-03-21T05:38:03Z",
                    "2026-03-21T05:38:31Z",
                    "2026-03-21T05:39:01Z",
                    "2026-03-21T05:39:24Z",
                    "2026-03-21T05:40:14Z",
                    "2026-03-21T05:40:37Z",
                    "2026-03-21T05:41:09Z",
                    "2026-03-21T05:41:39Z",
                    "2026-03-21T05:42:08Z",
                    "2026-03-21T05:42:38Z",
                    "2026-03-21T05:43:07Z",
                    "2026-03-21T05:43:33Z",
                    "2026-03-21T05:44:02Z",
                    "2026-03-21T05:44:25Z",
                    "2026-03-21T05:44:52Z",
                    "2026-03-21T05:45:16Z",
                    "2026-03-21T05:46:18Z",
                    "2026-03-21T05:46:43Z",
                    "2026-03-21T05:47:06Z",
                    "2026-03-21T05:47:31Z",
                    "2026-03-21T05:47:53Z",
                    "2026-03-21T05:48:23Z",
                    "2026-03-21T05:48:50Z",
                    "2026-03-21T05:49:20Z",
                    "2026-03-21T05:49:45Z",
                    "2026-03-21T05:50:11Z",
                    "2026-03-21T05:50:35Z",
                    "2026-03-21T05:50:59Z",
                    "2026-03-21T05:51:23Z",
                    "2026-03-21T05:51:47Z",
                    "2026-03-21T05:52:13Z",
                    "2026-03-21T05:52:42Z",
                    "2026-03-21T05:53:45Z",
                    "2026-03-21T05:54:20Z",
                    "2026-03-21T05:54:54Z",
                    "2026-03-21T05:55:20Z",
                    "2026-03-21T05:55:46Z",
                    "2026-03-21T05:56:28Z",
                    "2026-03-21T05:58:17Z",
                    "2026-03-21T05:58:50Z",
                    "2026-03-21T05:59:24Z",
                    "2026-03-21T05:59:57Z",
                    "2026-03-21T06:00:24Z",
                    "2026-03-21T06:02:12Z",
                    "2026-03-21T06:02:47Z",
                    "2026-03-21T06:03:21Z",
                    "2026-03-21T06:04:20Z",
                    "2026-03-21T06:04:55Z",
                    "2026-03-21T06:05:20Z",
                    "2026-03-21T06:05:50Z",
                    "2026-03-21T06:06:23Z",
                    "2026-03-21T06:06:49Z",
                    "2026-03-21T06:07:23Z",
                    "2026-03-21T06:07:47Z",
                    "2026-03-21T06:08:56Z",
                    "2026-03-21T06:09:24Z",
                    "2026-03-21T06:09:53Z",
                    "2026-03-21T06:10:26Z",
                    "2026-03-21T06:10:59Z",
                    "2026-03-21T06:11:34Z",
                    "2026-03-21T06:12:14Z",
                    "2026-03-21T06:12:45Z",
                    "2026-03-21T06:13:24Z",
                    "2026-03-21T06:14:35Z",
                    "2026-03-21T06:15:04Z",
                    "2026-03-21T06:15:38Z",
                    "2026-03-21T06:16:06Z",
                    "2026-03-21T06:16:41Z",
                    "2026-03-21T06:17:35Z",
                    "2026-03-21T06:18:25Z",
                    "2026-03-21T06:18:53Z",
                    "2026-03-21T06:19:35Z",
                    "2026-03-21T06:20:32Z",
                    "2026-03-21T06:20:57Z",
                    "2026-03-21T06:21:23Z",
                    "2026-03-21T06:21:51Z",
                    "2026-03-21T06:22:15Z",
                    "2026-03-21T06:22:45Z",
                    "2026-03-21T06:23:13Z",
                    "2026-03-21T06:23:43Z",
                    "2026-03-21T06:24:11Z",
                    "2026-03-21T06:24:36Z",
                    "2026-03-21T06:25:01Z",
                    "2026-03-21T06:25:31Z",
                    "2026-03-21T06:25:55Z",
                    "2026-03-21T06:26:17Z",
                    "2026-03-21T06:26:50Z",
                    "2026-03-21T06:27:17Z",
                    "2026-03-21T06:27:41Z",
                    "2026-03-21T06:28:10Z",
                    "2026-03-21T06:28:37Z",
                    "2026-03-21T06:29:09Z",
                    "2026-03-21T06:29:41Z",
                    "2026-03-21T06:30:07Z",
                    "2026-03-21T06:30:33Z",
                    "2026-03-21T06:30:57Z",
                    "2026-03-21T06:31:23Z",
                    "2026-03-21T06:31:58Z",
                    "2026-03-21T06:32:23Z",
                    "2026-03-21T06:32:48Z",
                    "2026-03-21T06:33:13Z",
                    "2026-03-21T06:33:47Z",
                    "2026-03-21T06:34:11Z",
                    "2026-03-21T06:35:24Z",
                    "2026-03-21T06:35:55Z",
                    "2026-03-21T06:36:40Z",
                    "2026-03-21T06:38:24Z",
                    "2026-03-21T06:38:49Z",
                    "2026-03-21T06:39:17Z",
                    "2026-03-21T06:39:45Z",
                    "2026-03-21T06:40:12Z",
                    "2026-03-21T06:40:55Z",
                    "2026-03-21T06:41:18Z",
                    "2026-03-21T06:41:44Z",
                    "2026-03-21T06:42:10Z",
                    "2026-03-21T06:42:40Z",
                    "2026-03-21T06:43:08Z",
                    "2026-03-21T06:43:34Z",
                    "2026-03-21T06:44:00Z",
                    "2026-03-21T06:44:33Z",
                    "2026-03-21T06:45:00Z",
                    "2026-03-21T06:45:40Z",
                    "2026-03-21T06:46:07Z",
                    "2026-03-21T06:46:34Z",
                    "2026-03-21T06:47:02Z",
                    "2026-03-21T06:47:33Z",
                    "2026-03-21T06:49:00Z",
                    "2026-03-21T06:56:42Z",
                    "2026-03-21T06:57:21Z",
                    "2026-03-21T06:57:53Z",
                    "2026-03-21T06:58:15Z",
                    "2026-03-21T06:58:47Z",
                    "2026-03-21T06:59:12Z",
                    "2026-03-21T06:59:39Z",
                    "2026-03-21T07:00:09Z",
                    "2026-03-21T07:00:45Z",
                    "2026-03-21T07:01:14Z",
                    "2026-03-21T07:01:45Z",
                    "2026-03-21T07:02:21Z",
                    "2026-03-21T07:02:55Z",
                    "2026-03-21T07:03:27Z",
                    "2026-03-21T07:03:51Z",
                    "2026-03-21T07:04:23Z",
                    "2026-03-21T07:04:48Z",
                    "2026-03-21T07:05:11Z",
                    "2026-03-21T07:05:35Z",
                    "2026-03-21T07:05:59Z",
                    "2026-03-21T07:06:29Z",
                    "2026-03-21T07:06:56Z",
                    "2026-03-21T07:07:20Z",
                    "2026-03-21T07:07:48Z",
                    "2026-03-21T07:08:16Z",
                    "2026-03-21T07:08:48Z",
                    "2026-03-21T07:09:23Z",
                    "2026-03-21T07:10:05Z",
                    "2026-03-21T07:10:33Z",
                    "2026-03-21T07:11:06Z",
                    "2026-03-21T07:11:41Z",
                    "2026-03-21T07:12:21Z",
                    "2026-03-21T07:12:54Z",
                    "2026-03-21T07:13:22Z",
                    "2026-03-21T07:19:24Z",
                    "2026-03-21T07:19:50Z",
                    "2026-03-21T07:20:16Z",
                    "2026-03-21T07:20:47Z",
                    "2026-03-21T07:21:17Z",
                    "2026-03-21T07:21:48Z",
                    "2026-03-21T07:22:18Z",
                    "2026-03-21T07:22:48Z",
                    "2026-03-21T07:23:15Z",
                    "2026-03-21T07:23:45Z",
                    "2026-03-21T07:24:19Z",
                    "2026-03-21T07:24:54Z",
                    "2026-03-21T07:25:25Z",
                    "2026-03-21T07:25:57Z",
                    "2026-03-21T07:26:25Z",
                    "2026-03-21T07:26:55Z",
                    "2026-03-21T07:27:20Z",
                    "2026-03-21T07:27:46Z",
                    "2026-03-21T07:28:19Z",
                    "2026-03-21T07:28:47Z",
                    "2026-03-21T07:29:15Z",
                    "2026-03-21T07:29:45Z",
                    "2026-03-21T07:30:10Z",
                    "2026-03-21T07:30:32Z",
                    "2026-03-21T07:31:02Z",
                    "2026-03-21T07:31:29Z",
                    "2026-03-21T07:31:54Z",
                    "2026-03-21T07:32:24Z",
                    "2026-03-21T07:32:54Z",
                    "2026-03-21T07:33:41Z",
                    "2026-03-21T07:34:09Z",
                    "2026-03-21T07:34:33Z",
                    "2026-03-21T07:35:09Z",
                    "2026-03-21T07:35:44Z",
                    "2026-03-21T07:36:25Z",
                    "2026-03-21T07:36:58Z",
                    "2026-03-21T07:37:25Z",
                    "2026-03-21T07:37:50Z",
                    "2026-03-21T07:38:16Z",
                    "2026-03-21T07:38:41Z",
                    "2026-03-21T07:39:08Z",
                    "2026-03-21T07:39:34Z",
                    "2026-03-21T07:40:01Z",
                    "2026-03-21T07:40:27Z",
                    "2026-03-21T07:40:55Z",
                    "2026-03-21T07:41:21Z",
                    "2026-03-21T07:41:56Z",
                    "2026-03-21T07:42:21Z",
                    "2026-03-21T07:42:53Z",
                    "2026-03-21T07:43:23Z",
                    "2026-03-21T07:43:50Z",
                    "2026-03-21T07:44:17Z",
                    "2026-03-21T07:44:44Z",
                    "2026-03-21T07:45:11Z",
                    "2026-03-21T07:45:37Z",
                    "2026-03-21T07:46:29Z",
                    "2026-03-21T07:48:57Z",
                    "2026-03-21T07:49:46Z",
                    "2026-03-21T07:50:12Z",
                    "2026-03-21T07:50:40Z",
                    "2026-03-21T07:51:07Z",
                    "2026-03-21T07:51:33Z",
                    "2026-03-21T07:52:00Z",
                    "2026-03-21T07:52:26Z",
                    "2026-03-21T07:52:52Z",
                    "2026-03-21T07:53:19Z",
                    "2026-03-21T07:53:46Z",
                    "2026-03-21T07:54:13Z",
                    "2026-03-21T07:54:39Z",
                    "2026-03-21T07:55:06Z",
                    "2026-03-21T07:55:41Z",
                    "2026-03-21T07:56:07Z",
                    "2026-03-21T07:56:34Z",
                    "2026-03-21T07:57:14Z",
                    "2026-03-21T07:57:41Z",
                    "2026-03-21T07:58:08Z",
                    "2026-03-21T07:58:34Z",
                    "2026-03-21T07:59:00Z",
                    "2026-03-21T07:59:30Z",
                    "2026-03-21T07:59:58Z",
                    "2026-03-21T08:00:26Z",
                    "2026-03-21T08:00:50Z",
                    "2026-03-21T08:01:17Z",
                    "2026-03-21T08:01:44Z",
                    "2026-03-21T08:02:15Z",
                    "2026-03-21T08:02:41Z",
                    "2026-03-21T08:03:07Z",
                    "2026-03-21T08:03:33Z",
                    "2026-03-21T08:03:59Z",
                    "2026-03-21T08:04:27Z",
                    "2026-03-21T08:04:54Z",
                    "2026-03-21T08:05:20Z",
                    "2026-03-21T08:05:46Z",
                    "2026-03-21T08:06:12Z",
                    "2026-03-21T08:06:39Z",
                    "2026-03-21T08:07:06Z",
                    "2026-03-21T08:07:33Z",
                    "2026-03-21T08:08:00Z",
                    "2026-03-21T08:08:28Z",
                    "2026-03-21T08:08:54Z",
                    "2026-03-21T08:09:22Z",
                    "2026-03-21T08:09:48Z",
                    "2026-03-21T08:10:14Z",
                    "2026-03-21T08:10:41Z",
                    "2026-03-21T08:11:07Z",
                    "2026-03-21T08:11:35Z",
                    "2026-03-21T08:12:01Z",
                    "2026-03-21T08:12:27Z",
                    "2026-03-21T08:12:53Z",
                    "2026-03-21T08:14:35Z",
                    "2026-03-21T08:15:03Z",
                    "2026-03-21T08:15:30Z",
                    "2026-03-21T08:15:59Z",
                    "2026-03-21T08:16:25Z",
                    "2026-03-21T08:16:50Z",
                    "2026-03-21T08:17:18Z",
                    "2026-03-21T08:17:46Z",
                    "2026-03-21T08:18:15Z",
                    "2026-03-21T08:18:36Z"
                ]
            },
            "geometry": {
                "type": "LineString",
                "coordinates": [
                    [
                        134.53011751196246,
                        33.730465387058445,
                        4
                    ],
                    [
                        134.53026310389626,
                        33.730161088911586,
                        3
                    ],
                    [
                        134.53026231467558,
                        33.72981003059034,
                        5
                    ],
                    [
                        134.53030743507452,
                        33.729457051540294,
                        6
                    ],
                    [
                        134.53045516188962,
                        33.72932723060094,
                        8
                    ],
                    [
                        134.5307088039923,
                        33.729394246419446,
                        5
                    ],
                    [
                        134.531106324014,
                        33.72936388281815,
                        5
                    ],
                    [
                        134.53154914088753,
                        33.72936693980947,
                        3
                    ],
                    [
                        134.53197822478285,
                        33.72942288600703,
                        4
                    ],
                    [
                        134.53242194581014,
                        33.729460052902056,
                        2
                    ],
                    [
                        134.53284861049138,
                        33.72944794324587,
                        4
                    ],
                    [
                        134.53322053797586,
                        33.72928097525847,
                        6
                    ],
                    [
                        134.53340036867047,
                        33.728952327185475,
                        3
                    ],
                    [
                        134.53358078333014,
                        33.72862870433661,
                        4
                    ],
                    [
                        134.53377515364184,
                        33.72831842128775,
                        3
                    ],
                    [
                        134.53396966880157,
                        33.72799682110012,
                        3
                    ],
                    [
                        134.53418349801362,
                        33.727683899194744,
                        1
                    ],
                    [
                        134.53452305131063,
                        33.72750534995174,
                        4
                    ],
                    [
                        134.53493602766028,
                        33.72766247080481,
                        5
                    ],
                    [
                        134.53529970665565,
                        33.727737524909365,
                        3
                    ],
                    [
                        134.53560092233323,
                        33.72748957096809,
                        3
                    ],
                    [
                        134.5355566848486,
                        33.72715751357116,
                        3
                    ],
                    [
                        134.53541671360165,
                        33.72678553860212,
                        3
                    ],
                    [
                        134.53560898162405,
                        33.72650334176151,
                        12
                    ],
                    [
                        134.5360544940912,
                        33.726605221297774,
                        18
                    ],
                    [
                        134.53643160400273,
                        33.72672666361864,
                        22
                    ],
                    [
                        134.53654457219812,
                        33.7270135387963,
                        22
                    ],
                    [
                        134.53698735794742,
                        33.72707521769553,
                        26
                    ],
                    [
                        134.53741651635647,
                        33.72715401883294,
                        33
                    ],
                    [
                        134.5378464148221,
                        33.727171989385916,
                        39
                    ],
                    [
                        134.5380512471735,
                        33.72749430442873,
                        44
                    ],
                    [
                        134.53782833778365,
                        33.72777656203653,
                        45
                    ],
                    [
                        134.53773884466776,
                        33.72809993018228,
                        48
                    ],
                    [
                        134.5376700628712,
                        33.72848022203508,
                        52
                    ],
                    [
                        134.53730006285613,
                        33.72873846842269,
                        53
                    ],
                    [
                        134.53701015412602,
                        33.72900243208242,
                        56
                    ],
                    [
                        134.5366946411788,
                        33.7293047919167,
                        55
                    ],
                    [
                        134.53660396326228,
                        33.72925177670107,
                        53
                    ],
                    [
                        134.53685787885993,
                        33.72930945542649,
                        56
                    ],
                    [
                        134.53725608814082,
                        33.72922704146758,
                        61
                    ],
                    [
                        134.5376630698581,
                        33.72881223457229,
                        66
                    ],
                    [
                        134.53812173149126,
                        33.72869595767247,
                        61
                    ],
                    [
                        134.53855669497224,
                        33.72873167970505,
                        69
                    ],
                    [
                        134.5389988317417,
                        33.72888461234265,
                        72
                    ],
                    [
                        134.53942942204753,
                        33.72893548605773,
                        71
                    ],
                    [
                        134.53965533333667,
                        33.729232847926376,
                        74
                    ],
                    [
                        134.53961528264242,
                        33.728837864602305,
                        80
                    ],
                    [
                        134.53985030974636,
                        33.72867965212182,
                        83
                    ],
                    [
                        134.5399808195636,
                        33.728534857656406,
                        79
                    ],
                    [
                        134.53959466554963,
                        33.72844818568261,
                        78
                    ],
                    [
                        134.53914247418575,
                        33.72806223215445,
                        77
                    ],
                    [
                        134.5387954123281,
                        33.72761450058099,
                        70
                    ],
                    [
                        134.53877075049988,
                        33.7272458625912,
                        72
                    ],
                    [
                        134.5391899639714,
                        33.72680601061689,
                        74
                    ],
                    [
                        134.53957655876465,
                        33.72638064217841,
                        75
                    ],
                    [
                        134.53989130503115,
                        33.7264989695853,
                        70
                    ],
                    [
                        134.54047748658797,
                        33.72622343798256,
                        74
                    ],
                    [
                        134.5407832096592,
                        33.72596636086826,
                        73
                    ],
                    [
                        134.54071280903207,
                        33.72588638108602,
                        71
                    ],
                    [
                        134.54021583208717,
                        33.72564067181469,
                        78
                    ],
                    [
                        134.53979313657797,
                        33.725519229005364,
                        81
                    ],
                    [
                        134.53967893402827,
                        33.725207914910555,
                        87
                    ],
                    [
                        134.53963185140785,
                        33.72488793161767,
                        88
                    ],
                    [
                        134.53973759784805,
                        33.724533502270795,
                        92
                    ],
                    [
                        134.53993691169543,
                        33.724185940569555,
                        91
                    ],
                    [
                        134.54060938388488,
                        33.72410447351716,
                        89
                    ],
                    [
                        134.5409298077037,
                        33.72412994380661,
                        87
                    ],
                    [
                        134.5407088756071,
                        33.72392391665568,
                        77
                    ],
                    [
                        134.5405459952347,
                        33.72373131474449,
                        68
                    ],
                    [
                        134.5407124508394,
                        33.723684520587234,
                        65
                    ],
                    [
                        134.54044085556168,
                        33.72358827528697,
                        59
                    ],
                    [
                        134.54027664699916,
                        33.72360823482014,
                        54
                    ],
                    [
                        134.540641791391,
                        33.72359645173658,
                        55
                    ],
                    [
                        134.5409968331447,
                        33.72329235754444,
                        54
                    ],
                    [
                        134.5411121890338,
                        33.72313494762918,
                        46
                    ],
                    [
                        134.5413083327859,
                        33.72279314756951,
                        40
                    ],
                    [
                        134.54133838707278,
                        33.72233192148725,
                        46
                    ],
                    [
                        134.54166981052705,
                        33.72198858169447,
                        53
                    ],
                    [
                        134.54196954395536,
                        33.72184290477606,
                        57
                    ],
                    [
                        134.5421286317644,
                        33.721568261538735,
                        66
                    ],
                    [
                        134.54214443980024,
                        33.72128132860293,
                        75
                    ],
                    [
                        134.54213219509802,
                        33.72118948078854,
                        83
                    ],
                    [
                        134.5418389702639,
                        33.721419914142125,
                        89
                    ],
                    [
                        134.54159631363183,
                        33.72130360362245,
                        90
                    ],
                    [
                        134.54181436998115,
                        33.72112527086287,
                        95
                    ],
                    [
                        134.54192448353555,
                        33.72088901489985,
                        104
                    ],
                    [
                        134.54206791548876,
                        33.720636080127804,
                        106
                    ],
                    [
                        134.5424308460117,
                        33.72065276416083,
                        106
                    ],
                    [
                        134.54270163161144,
                        33.72080646655979,
                        104
                    ],
                    [
                        134.5422478923795,
                        33.72061785390866,
                        102
                    ],
                    [
                        134.54193309652797,
                        33.720902905142076,
                        100
                    ],
                    [
                        134.5417107267505,
                        33.72115605218674,
                        96
                    ],
                    [
                        134.54142242135777,
                        33.72081837067097,
                        100
                    ],
                    [
                        134.54132237065036,
                        33.720459566470836,
                        98
                    ],
                    [
                        134.54081054723457,
                        33.72041168129794,
                        99
                    ],
                    [
                        134.54044053519465,
                        33.72017842233585,
                        101
                    ],
                    [
                        134.54015795268316,
                        33.72008460587452,
                        106
                    ],
                    [
                        134.53983800741292,
                        33.719871123474455,
                        110
                    ],
                    [
                        134.54005387475027,
                        33.719481328587335,
                        107
                    ],
                    [
                        134.54005729179633,
                        33.71909261405939,
                        103
                    ],
                    [
                        134.54047615572284,
                        33.71882344170367,
                        103
                    ],
                    [
                        134.54038310925748,
                        33.71842767832337,
                        102
                    ],
                    [
                        134.53998484632874,
                        33.71806429033452,
                        95
                    ],
                    [
                        134.53962854613346,
                        33.718042503884895,
                        95
                    ],
                    [
                        134.53928660886615,
                        33.71783007310336,
                        87
                    ],
                    [
                        134.53900419268072,
                        33.7178102812258,
                        95
                    ],
                    [
                        134.53878675213716,
                        33.71782709563436,
                        106
                    ],
                    [
                        134.53854006800225,
                        33.71758607565928,
                        99
                    ],
                    [
                        134.53821889449102,
                        33.717467206847886,
                        109
                    ],
                    [
                        134.5380215712013,
                        33.71749709679673,
                        111
                    ],
                    [
                        134.53780831857856,
                        33.717415219248245,
                        125
                    ],
                    [
                        134.5376852546681,
                        33.717363812982654,
                        130
                    ],
                    [
                        134.5375782321646,
                        33.71717860003774,
                        116
                    ],
                    [
                        134.53744318939323,
                        33.7169623049511,
                        102
                    ],
                    [
                        134.5373169151846,
                        33.71681272276565,
                        93
                    ],
                    [
                        134.53703741341886,
                        33.716619859289615,
                        90
                    ],
                    [
                        134.5368929182806,
                        33.71657118851591,
                        86
                    ],
                    [
                        134.53666195648537,
                        33.716417695009966,
                        78
                    ],
                    [
                        134.53649522988147,
                        33.71626312826997,
                        71
                    ],
                    [
                        134.53624485087474,
                        33.716173648524666,
                        63
                    ],
                    [
                        134.53577687532115,
                        33.71642397830606,
                        63
                    ],
                    [
                        134.53534051408334,
                        33.716355109774746,
                        68
                    ],
                    [
                        134.53495344709157,
                        33.716339721846985,
                        73
                    ],
                    [
                        134.53476464376857,
                        33.716291848045884,
                        81
                    ],
                    [
                        134.5346562914524,
                        33.71617021766031,
                        84
                    ],
                    [
                        134.53453212228044,
                        33.71575867646174,
                        68
                    ],
                    [
                        134.53449461268713,
                        33.71545544148685,
                        76
                    ],
                    [
                        134.5342487861677,
                        33.715281061807225,
                        83
                    ],
                    [
                        134.5340548289123,
                        33.71505305278062,
                        90
                    ],
                    [
                        134.5338936622267,
                        33.71485598420018,
                        95
                    ],
                    [
                        134.53374204824925,
                        33.714690689004364,
                        107
                    ],
                    [
                        134.5336729719016,
                        33.71451666459191,
                        115
                    ],
                    [
                        134.53360219385772,
                        33.71440418284756,
                        127
                    ],
                    [
                        134.5334421650312,
                        33.71427706510689,
                        136
                    ],
                    [
                        134.53314100859373,
                        33.71427126336176,
                        141
                    ],
                    [
                        134.5328634593657,
                        33.71432598414223,
                        150
                    ],
                    [
                        134.53226388258506,
                        33.714983963474424,
                        160
                    ],
                    [
                        134.5322717791927,
                        33.71450143190707,
                        172
                    ],
                    [
                        134.53198475078733,
                        33.71457769743818,
                        184
                    ],
                    [
                        134.53167634118552,
                        33.714602749921454,
                        183
                    ],
                    [
                        134.53146002848356,
                        33.71457339287282,
                        196
                    ],
                    [
                        134.5315913450686,
                        33.71454544549359,
                        192
                    ],
                    [
                        134.53062189476807,
                        33.71449660383881,
                        218
                    ],
                    [
                        134.53033276268255,
                        33.714378805930416,
                        227
                    ],
                    [
                        134.53016088488613,
                        33.7142141440147,
                        231
                    ],
                    [
                        134.53008211328248,
                        33.71388561678912,
                        217
                    ],
                    [
                        134.5300663053275,
                        33.713522028935955,
                        205
                    ],
                    [
                        134.53005346824227,
                        33.71308828118845,
                        196
                    ],
                    [
                        134.5300149991099,
                        33.71276987342291,
                        184
                    ],
                    [
                        134.52996630910314,
                        33.7124951785757,
                        192
                    ],
                    [
                        134.5298543853123,
                        33.71230943518428,
                        201
                    ],
                    [
                        134.52977351535867,
                        33.71205827507127,
                        207
                    ],
                    [
                        134.5296744389128,
                        33.71177062537105,
                        212
                    ],
                    [
                        134.5294012943195,
                        33.71159432623154,
                        217
                    ],
                    [
                        134.52911468880833,
                        33.711382078120124,
                        214
                    ],
                    [
                        134.52879932089718,
                        33.7112379699227,
                        220
                    ],
                    [
                        134.52837551171294,
                        33.71107875378075,
                        212
                    ],
                    [
                        134.52778656965808,
                        33.7108404243964,
                        207
                    ],
                    [
                        134.52746564369397,
                        33.71071511901293,
                        210
                    ],
                    [
                        134.5271675768313,
                        33.71062117792802,
                        220
                    ],
                    [
                        134.5267310107623,
                        33.71042307829403,
                        219
                    ],
                    [
                        134.52645363044684,
                        33.71025954109757,
                        208
                    ],
                    [
                        134.52607208194868,
                        33.710084564011034,
                        200
                    ],
                    [
                        134.52585201294247,
                        33.70987672076435,
                        205
                    ],
                    [
                        134.52570247488526,
                        33.709855894500336,
                        216
                    ],
                    [
                        134.52549653643342,
                        33.709582949632235,
                        215
                    ],
                    [
                        134.52511604442077,
                        33.7093242347968,
                        218
                    ],
                    [
                        134.52478736788825,
                        33.70910342987872,
                        215
                    ],
                    [
                        134.52427284611952,
                        33.708928812170434,
                        210
                    ],
                    [
                        134.5239063984262,
                        33.70883288483385,
                        218
                    ],
                    [
                        134.52377796916673,
                        33.708741148428864,
                        224
                    ],
                    [
                        134.5234764760592,
                        33.70856180747001,
                        209
                    ],
                    [
                        134.52312661767215,
                        33.7084904722677,
                        207
                    ],
                    [
                        134.52269201264335,
                        33.708321021603275,
                        200
                    ],
                    [
                        134.52246341485332,
                        33.708193479562176,
                        189
                    ],
                    [
                        134.5228927474357,
                        33.708214606766596,
                        179
                    ],
                    [
                        134.52338320722552,
                        33.70762236358577,
                        166
                    ],
                    [
                        134.5214333142199,
                        33.70798462699277,
                        237
                    ],
                    [
                        134.52121825531069,
                        33.70799697933193,
                        246
                    ],
                    [
                        134.52113423011093,
                        33.7083139987009,
                        244
                    ],
                    [
                        134.5207628576809,
                        33.70831001610169,
                        239
                    ],
                    [
                        134.5204826139749,
                        33.7082251459834,
                        239
                    ],
                    [
                        134.5203203917085,
                        33.70835277118633,
                        231
                    ],
                    [
                        134.5201041579159,
                        33.70840752586339,
                        221
                    ],
                    [
                        134.5198504333921,
                        33.708534770832145,
                        204
                    ],
                    [
                        134.51946402599822,
                        33.708645722459096,
                        204
                    ],
                    [
                        134.51915377429623,
                        33.708721230100764,
                        208
                    ],
                    [
                        134.51885578352173,
                        33.708688750502326,
                        207
                    ],
                    [
                        134.518545601157,
                        33.708667619108034,
                        212
                    ],
                    [
                        134.5181381528029,
                        33.708640790203496,
                        213
                    ],
                    [
                        134.51759708486213,
                        33.70859312343164,
                        208
                    ],
                    [
                        134.51728002397698,
                        33.70858679700363,
                        212
                    ],
                    [
                        134.51702346543058,
                        33.70865916616672,
                        217
                    ],
                    [
                        134.5166674036318,
                        33.70844487103443,
                        227
                    ],
                    [
                        134.51654549727712,
                        33.70837407631874,
                        228
                    ],
                    [
                        134.51625533435075,
                        33.70824974644499,
                        231
                    ],
                    [
                        134.5159151548034,
                        33.708157130929514,
                        234
                    ],
                    [
                        134.51558888391568,
                        33.70813787651515,
                        239
                    ],
                    [
                        134.51522099047193,
                        33.7080193515664,
                        238
                    ],
                    [
                        134.51475813142505,
                        33.7079870299343,
                        245
                    ],
                    [
                        134.51450535619395,
                        33.70821611076569,
                        229
                    ],
                    [
                        134.5143510801568,
                        33.70849431307802,
                        216
                    ],
                    [
                        134.51409865851983,
                        33.70885222182953,
                        212
                    ],
                    [
                        134.51373794383514,
                        33.708966523126044,
                        199
                    ],
                    [
                        134.51349940596754,
                        33.708947611456146,
                        204
                    ],
                    [
                        134.51320904375245,
                        33.7089366690985,
                        210
                    ],
                    [
                        134.51294045458388,
                        33.70893337458136,
                        213
                    ],
                    [
                        134.51263506190685,
                        33.708919220394826,
                        219
                    ],
                    [
                        134.512397013216,
                        33.708959431178855,
                        227
                    ],
                    [
                        134.51188578104745,
                        33.70891986915368,
                        228
                    ],
                    [
                        134.51169446070182,
                        33.70888956314889,
                        240
                    ],
                    [
                        134.5115016595107,
                        33.708926886561834,
                        248
                    ],
                    [
                        134.5111906067133,
                        33.70897309223472,
                        251
                    ],
                    [
                        134.511032862147,
                        33.70896125148484,
                        259
                    ],
                    [
                        134.51069966938158,
                        33.70894873395897,
                        264
                    ],
                    [
                        134.51020103828057,
                        33.70909053644063,
                        264
                    ],
                    [
                        134.50967429329862,
                        33.70935326129115,
                        265
                    ],
                    [
                        134.50915173932714,
                        33.709617985782835,
                        265
                    ],
                    [
                        134.50876431322123,
                        33.709966155794724,
                        258
                    ],
                    [
                        134.50843899437922,
                        33.71019520086356,
                        251
                    ],
                    [
                        134.50803321219064,
                        33.71032877652122,
                        240
                    ],
                    [
                        134.50753728004753,
                        33.710422633758675,
                        224
                    ],
                    [
                        134.5071709072555,
                        33.71059142056326,
                        222
                    ],
                    [
                        134.50695378018779,
                        33.71051621206595,
                        236
                    ],
                    [
                        134.5067903601622,
                        33.71050105047811,
                        239
                    ],
                    [
                        134.50669245538592,
                        33.71035491453727,
                        239
                    ],
                    [
                        134.50651467852379,
                        33.71035819810664,
                        244
                    ],
                    [
                        134.5062319011073,
                        33.71043585788098,
                        248
                    ],
                    [
                        134.50590281241492,
                        33.710339407816555,
                        257
                    ],
                    [
                        134.50567474604995,
                        33.71032301995937,
                        267
                    ],
                    [
                        134.5054622290064,
                        33.710148935361914,
                        277
                    ],
                    [
                        134.5052090825112,
                        33.709960119613704,
                        286
                    ],
                    [
                        134.50505165497785,
                        33.70981329799085,
                        291
                    ],
                    [
                        134.5048142821508,
                        33.70970920445449,
                        296
                    ],
                    [
                        134.50455634522163,
                        33.709943797619914,
                        292
                    ],
                    [
                        134.50430836481917,
                        33.70993774776028,
                        291
                    ],
                    [
                        134.5041015844465,
                        33.709842662138065,
                        282
                    ],
                    [
                        134.50411045726662,
                        33.70957324996794,
                        276
                    ],
                    [
                        134.50405626953483,
                        33.70929860671732,
                        267
                    ],
                    [
                        134.5039501673441,
                        33.70902920065089,
                        257
                    ],
                    [
                        134.50386185418458,
                        33.70871224088401,
                        246
                    ],
                    [
                        134.50376234815866,
                        33.70841227322191,
                        241
                    ],
                    [
                        134.50366120527448,
                        33.708120607115724,
                        228
                    ],
                    [
                        134.5034034329584,
                        33.707948752461064,
                        217
                    ],
                    [
                        134.50317511070546,
                        33.70790774407927,
                        209
                    ],
                    [
                        134.5028434206147,
                        33.70784887799324,
                        195
                    ],
                    [
                        134.5026152227704,
                        33.70783843501136,
                        179
                    ],
                    [
                        134.50234477613745,
                        33.708002105518034,
                        172
                    ],
                    [
                        134.5020030677616,
                        33.7081045791049,
                        168
                    ],
                    [
                        134.501721242744,
                        33.70829453841651,
                        174
                    ],
                    [
                        134.50160449953867,
                        33.708587298175445,
                        173
                    ],
                    [
                        134.50143015491741,
                        33.70885946199872,
                        177
                    ],
                    [
                        134.50126063445614,
                        33.70907061013001,
                        173
                    ],
                    [
                        134.5011460855239,
                        33.70936960575239,
                        179
                    ],
                    [
                        134.50105139083254,
                        33.70968226854406,
                        178
                    ],
                    [
                        134.50084352585225,
                        33.709990987579936,
                        181
                    ],
                    [
                        134.5006171543674,
                        33.71018478191847,
                        185
                    ],
                    [
                        134.5004301391679,
                        33.71047703992058,
                        186
                    ],
                    [
                        134.50012261070728,
                        33.710398959207154,
                        185
                    ],
                    [
                        134.50009449034314,
                        33.710275790691206,
                        188
                    ],
                    [
                        134.50027483149657,
                        33.71002111212515,
                        188
                    ],
                    [
                        134.50031024308154,
                        33.709818432801896,
                        195
                    ],
                    [
                        134.499995904166,
                        33.70978947496746,
                        193
                    ],
                    [
                        134.49965759173827,
                        33.709693568605395,
                        194
                    ],
                    [
                        134.49943393796062,
                        33.70960059849688,
                        200
                    ],
                    [
                        134.4991481106672,
                        33.70965117167364,
                        205
                    ],
                    [
                        134.49901437592172,
                        33.709758024675885,
                        208
                    ],
                    [
                        134.49872487959428,
                        33.709795102515066,
                        210
                    ],
                    [
                        134.498350616683,
                        33.70998560089643,
                        209
                    ],
                    [
                        134.49807509864576,
                        33.70977946811328,
                        209
                    ],
                    [
                        134.49783349039055,
                        33.70953727447192,
                        200
                    ],
                    [
                        134.49746801732022,
                        33.709392525574536,
                        196
                    ],
                    [
                        134.49713786964352,
                        33.70936905530889,
                        207
                    ],
                    [
                        134.49720193242504,
                        33.70904935832582,
                        198
                    ],
                    [
                        134.49702588564065,
                        33.70885188240973,
                        188
                    ],
                    [
                        134.49677792498665,
                        33.708582095019445,
                        188
                    ],
                    [
                        134.49674239961251,
                        33.708222271008225,
                        180
                    ],
                    [
                        134.49635594868803,
                        33.708260360409604,
                        177
                    ],
                    [
                        134.49602808533373,
                        33.70802671955939,
                        172
                    ],
                    [
                        134.49592015163975,
                        33.707734761300756,
                        168
                    ],
                    [
                        134.4955725129102,
                        33.707652808689126,
                        163
                    ],
                    [
                        134.49538887860274,
                        33.70729118367826,
                        152
                    ],
                    [
                        134.4950605275014,
                        33.70716594630606,
                        143
                    ],
                    [
                        134.49481434880278,
                        33.7074337726187,
                        145
                    ],
                    [
                        134.49446078203957,
                        33.70750998135086,
                        139
                    ],
                    [
                        134.49439144239943,
                        33.7072843747391,
                        138
                    ],
                    [
                        134.4943261053919,
                        33.70695709198129,
                        134
                    ],
                    [
                        134.4941619800595,
                        33.706656978125736,
                        128
                    ],
                    [
                        134.49392774732874,
                        33.706486595646716,
                        125
                    ],
                    [
                        134.49391884194944,
                        33.70639603313345,
                        117
                    ],
                    [
                        134.49371391088746,
                        33.70625335779294,
                        114
                    ],
                    [
                        134.49335487110136,
                        33.706132430275844,
                        118
                    ],
                    [
                        134.49299196258397,
                        33.7061014833997,
                        117
                    ],
                    [
                        134.4926243306742,
                        33.70598869980314,
                        115
                    ],
                    [
                        134.49225119991522,
                        33.70590125579433,
                        115
                    ],
                    [
                        134.49187268521987,
                        33.70581761610037,
                        109
                    ],
                    [
                        134.49152587468245,
                        33.705672200491186,
                        108
                    ],
                    [
                        134.49115845732064,
                        33.70557278531833,
                        107
                    ],
                    [
                        134.49077054867445,
                        33.70556375963362,
                        108
                    ],
                    [
                        134.49038380163987,
                        33.705572570250574,
                        106
                    ],
                    [
                        134.49000397260457,
                        33.70552949059506,
                        107
                    ],
                    [
                        134.4896058594767,
                        33.705521126902426,
                        106
                    ],
                    [
                        134.48923405698793,
                        33.705457391624584,
                        103
                    ],
                    [
                        134.48896765127122,
                        33.70526829476858,
                        102
                    ],
                    [
                        134.4887490520988,
                        33.70501335207906,
                        100
                    ],
                    [
                        134.48843525373346,
                        33.7049046252484,
                        101
                    ],
                    [
                        134.48808652523465,
                        33.70497131692974,
                        99
                    ],
                    [
                        134.48786935822199,
                        33.70510546551898,
                        98
                    ],
                    [
                        134.48750784686501,
                        33.70524483346089,
                        97
                    ],
                    [
                        134.48715467986594,
                        33.705388866479055,
                        95
                    ],
                    [
                        134.48677790844744,
                        33.70552929631163,
                        95
                    ],
                    [
                        134.48644261122365,
                        33.70565272831737,
                        95
                    ],
                    [
                        134.48608050596138,
                        33.705739542549445,
                        94
                    ],
                    [
                        134.4856809746987,
                        33.705775610637104,
                        94
                    ],
                    [
                        134.48532900234983,
                        33.70578668112495,
                        94
                    ],
                    [
                        134.4849466776105,
                        33.70583070280602,
                        96
                    ],
                    [
                        134.48462263946354,
                        33.70598332371997,
                        98
                    ],
                    [
                        134.48434457729857,
                        33.706214089696935,
                        99
                    ],
                    [
                        134.4842234703101,
                        33.70649825094253,
                        97
                    ],
                    [
                        134.48424876807437,
                        33.70681422307732,
                        99
                    ],
                    [
                        134.4844531975028,
                        33.70707388372311,
                        94
                    ],
                    [
                        134.48468944279693,
                        33.70732491454693,
                        90
                    ],
                    [
                        134.48490213066458,
                        33.707600313145065,
                        89
                    ],
                    [
                        134.48500801013353,
                        33.707923326979774,
                        89
                    ],
                    [
                        134.4849349158261,
                        33.70826699182893,
                        85
                    ],
                    [
                        134.48474299356965,
                        33.70852006010719,
                        85
                    ],
                    [
                        134.48440567594525,
                        33.70866907576748,
                        82
                    ],
                    [
                        134.48407485782795,
                        33.70881677505067,
                        81
                    ],
                    [
                        134.4837128824717,
                        33.70896373980963,
                        80
                    ],
                    [
                        134.48333674366603,
                        33.70904572803996,
                        79
                    ],
                    [
                        134.48297280396852,
                        33.70918321990535,
                        79
                    ],
                    [
                        134.4826327529275,
                        33.709347890267495,
                        78
                    ],
                    [
                        134.4824381924476,
                        33.70962343826898,
                        84
                    ],
                    [
                        134.4826032648616,
                        33.70990867763966,
                        78
                    ],
                    [
                        134.48283081258543,
                        33.710167458451664,
                        78
                    ],
                    [
                        134.48296848517523,
                        33.710467174020565,
                        78
                    ],
                    [
                        134.4828157658938,
                        33.710759061785495,
                        72
                    ],
                    [
                        134.48264286529692,
                        33.711048793522785,
                        72
                    ],
                    [
                        134.482464627225,
                        33.711323613640175,
                        72
                    ],
                    [
                        134.48228071747138,
                        33.71161856031223,
                        71
                    ],
                    [
                        134.48233868129918,
                        33.7119183053094,
                        69
                    ],
                    [
                        134.4825182449226,
                        33.71219032962757,
                        67
                    ],
                    [
                        134.48273636640565,
                        33.71243397279276,
                        66
                    ],
                    [
                        134.4830181379971,
                        33.71270238409817,
                        67
                    ],
                    [
                        134.48329555449618,
                        33.7129620401293,
                        69
                    ],
                    [
                        134.48340031393028,
                        33.7132299174773,
                        69
                    ],
                    [
                        134.48365814964356,
                        33.713472457094426,
                        70
                    ],
                    [
                        134.4839332536473,
                        33.71369920321759,
                        67
                    ],
                    [
                        134.4841566977249,
                        33.7139412386779,
                        66
                    ],
                    [
                        134.4843925522621,
                        33.71421598747546,
                        66
                    ],
                    [
                        134.48462736715678,
                        33.71450088452462,
                        66
                    ],
                    [
                        134.48461376224142,
                        33.71482763555189,
                        66
                    ],
                    [
                        134.4847957193112,
                        33.71489193188901,
                        66
                    ]
                ]
            }
        },

        {
            "type": "Feature",
            "properties": {
                "name": "20260324",
                "time": "2026-03-23T23:28:09Z",
                "coordTimes": [
                    "2026-03-23T23:28:09Z",
                    "2026-03-23T23:28:36Z",
                    "2026-03-23T23:29:05Z",
                    "2026-03-23T23:29:32Z",
                    "2026-03-23T23:29:57Z",
                    "2026-03-23T23:30:25Z",
                    "2026-03-23T23:31:17Z",
                    "2026-03-23T23:31:50Z",
                    "2026-03-23T23:32:26Z",
                    "2026-03-23T23:33:01Z",
                    "2026-03-23T23:33:47Z",
                    "2026-03-23T23:34:36Z",
                    "2026-03-23T23:36:52Z",
                    "2026-03-23T23:37:58Z",
                    "2026-03-23T23:38:57Z",
                    "2026-03-23T23:39:25Z",
                    "2026-03-23T23:39:58Z",
                    "2026-03-23T23:41:44Z",
                    "2026-03-23T23:42:14Z",
                    "2026-03-23T23:42:42Z",
                    "2026-03-23T23:43:24Z",
                    "2026-03-23T23:44:03Z",
                    "2026-03-23T23:44:34Z",
                    "2026-03-23T23:45:01Z",
                    "2026-03-23T23:45:30Z",
                    "2026-03-23T23:46:03Z",
                    "2026-03-23T23:47:16Z",
                    "2026-03-23T23:47:53Z",
                    "2026-03-23T23:48:21Z",
                    "2026-03-23T23:49:57Z",
                    "2026-03-23T23:50:29Z",
                    "2026-03-23T23:50:58Z",
                    "2026-03-23T23:51:33Z",
                    "2026-03-23T23:52:02Z",
                    "2026-03-23T23:52:30Z",
                    "2026-03-23T23:53:03Z",
                    "2026-03-23T23:54:13Z",
                    "2026-03-23T23:55:09Z",
                    "2026-03-23T23:56:10Z",
                    "2026-03-23T23:59:00Z",
                    "2026-03-24T00:02:19Z",
                    "2026-03-24T00:03:02Z",
                    "2026-03-24T00:03:38Z",
                    "2026-03-24T00:04:08Z",
                    "2026-03-24T00:04:57Z",
                    "2026-03-24T00:05:27Z",
                    "2026-03-24T00:06:27Z",
                    "2026-03-24T00:07:15Z",
                    "2026-03-24T00:07:45Z",
                    "2026-03-24T00:08:33Z",
                    "2026-03-24T00:09:12Z",
                    "2026-03-24T00:09:39Z",
                    "2026-03-24T00:10:17Z",
                    "2026-03-24T00:10:57Z",
                    "2026-03-24T00:11:36Z",
                    "2026-03-24T00:12:08Z",
                    "2026-03-24T00:12:46Z",
                    "2026-03-24T00:13:30Z",
                    "2026-03-24T00:14:31Z",
                    "2026-03-24T00:15:13Z",
                    "2026-03-24T00:15:55Z",
                    "2026-03-24T00:16:29Z",
                    "2026-03-24T00:17:00Z",
                    "2026-03-24T00:17:28Z",
                    "2026-03-24T00:17:58Z",
                    "2026-03-24T00:18:29Z",
                    "2026-03-24T00:19:14Z",
                    "2026-03-24T00:19:51Z",
                    "2026-03-24T00:20:33Z",
                    "2026-03-24T00:21:03Z",
                    "2026-03-24T00:21:49Z",
                    "2026-03-24T00:22:16Z",
                    "2026-03-24T00:22:42Z",
                    "2026-03-24T00:23:14Z",
                    "2026-03-24T00:23:41Z",
                    "2026-03-24T00:24:10Z",
                    "2026-03-24T00:24:37Z",
                    "2026-03-24T00:25:19Z",
                    "2026-03-24T00:25:48Z",
                    "2026-03-24T00:26:19Z",
                    "2026-03-24T00:26:57Z",
                    "2026-03-24T00:27:35Z",
                    "2026-03-24T00:28:17Z",
                    "2026-03-24T00:28:58Z",
                    "2026-03-24T00:29:34Z",
                    "2026-03-24T00:30:05Z",
                    "2026-03-24T00:30:40Z",
                    "2026-03-24T00:31:10Z",
                    "2026-03-24T00:31:42Z",
                    "2026-03-24T00:32:19Z",
                    "2026-03-24T00:32:58Z",
                    "2026-03-24T00:33:52Z",
                    "2026-03-24T00:34:32Z",
                    "2026-03-24T00:35:07Z",
                    "2026-03-24T00:35:38Z",
                    "2026-03-24T00:36:07Z",
                    "2026-03-24T00:36:39Z",
                    "2026-03-24T00:37:12Z",
                    "2026-03-24T00:37:40Z",
                    "2026-03-24T00:38:13Z",
                    "2026-03-24T00:39:08Z",
                    "2026-03-24T00:42:27Z",
                    "2026-03-24T00:43:19Z",
                    "2026-03-24T00:44:12Z",
                    "2026-03-24T00:45:03Z",
                    "2026-03-24T00:45:43Z",
                    "2026-03-24T00:46:15Z",
                    "2026-03-24T00:47:23Z",
                    "2026-03-24T00:49:21Z",
                    "2026-03-24T00:50:16Z",
                    "2026-03-24T00:50:50Z",
                    "2026-03-24T00:51:34Z",
                    "2026-03-24T00:52:26Z",
                    "2026-03-24T00:52:55Z",
                    "2026-03-24T00:53:23Z",
                    "2026-03-24T00:53:51Z",
                    "2026-03-24T00:54:18Z",
                    "2026-03-24T00:55:01Z",
                    "2026-03-24T00:55:30Z",
                    "2026-03-24T00:55:56Z",
                    "2026-03-24T00:56:22Z",
                    "2026-03-24T00:56:50Z",
                    "2026-03-24T00:57:17Z",
                    "2026-03-24T00:57:43Z",
                    "2026-03-24T00:58:10Z",
                    "2026-03-24T00:58:36Z",
                    "2026-03-24T00:59:03Z",
                    "2026-03-24T00:59:29Z",
                    "2026-03-24T00:59:55Z",
                    "2026-03-24T01:00:22Z",
                    "2026-03-24T01:00:48Z",
                    "2026-03-24T01:01:14Z",
                    "2026-03-24T01:01:39Z",
                    "2026-03-24T01:02:05Z",
                    "2026-03-24T01:02:33Z",
                    "2026-03-24T01:02:59Z",
                    "2026-03-24T01:03:25Z",
                    "2026-03-24T01:03:54Z",
                    "2026-03-24T01:04:21Z",
                    "2026-03-24T01:04:47Z",
                    "2026-03-24T01:05:13Z",
                    "2026-03-24T01:05:40Z",
                    "2026-03-24T01:06:06Z",
                    "2026-03-24T01:06:32Z",
                    "2026-03-24T01:06:58Z",
                    "2026-03-24T01:07:24Z",
                    "2026-03-24T01:07:50Z",
                    "2026-03-24T01:08:16Z",
                    "2026-03-24T01:08:42Z",
                    "2026-03-24T01:09:07Z",
                    "2026-03-24T01:09:33Z",
                    "2026-03-24T01:09:58Z",
                    "2026-03-24T01:11:13Z",
                    "2026-03-24T01:11:50Z",
                    "2026-03-24T01:12:37Z",
                    "2026-03-24T01:13:01Z",
                    "2026-03-24T01:13:29Z",
                    "2026-03-24T01:13:55Z",
                    "2026-03-24T01:14:21Z",
                    "2026-03-24T01:14:47Z",
                    "2026-03-24T01:15:13Z",
                    "2026-03-24T01:15:39Z",
                    "2026-03-24T01:16:06Z",
                    "2026-03-24T01:16:32Z",
                    "2026-03-24T01:16:58Z",
                    "2026-03-24T01:17:24Z",
                    "2026-03-24T01:17:51Z",
                    "2026-03-24T01:18:19Z",
                    "2026-03-24T01:18:45Z",
                    "2026-03-24T01:19:11Z",
                    "2026-03-24T01:19:37Z",
                    "2026-03-24T01:20:04Z",
                    "2026-03-24T01:20:30Z",
                    "2026-03-24T01:20:56Z",
                    "2026-03-24T01:21:29Z",
                    "2026-03-24T01:22:02Z",
                    "2026-03-24T01:22:12Z"
                ]
            },
            "geometry": {
                "type": "LineString",
                "coordinates": [
                    [
                        134.306850221736,
                        35.59093189526867,
                        32
                    ],
                    [
                        134.30677967687197,
                        35.591156520879466,
                        33
                    ],
                    [
                        134.30644118503045,
                        35.59134295950517,
                        32
                    ],
                    [
                        134.30609010067886,
                        35.59152254019044,
                        32
                    ],
                    [
                        134.30566168663287,
                        35.59148257028922,
                        31
                    ],
                    [
                        134.30526185300914,
                        35.59148193909324,
                        29
                    ],
                    [
                        134.30530570968307,
                        35.59164442794756,
                        19
                    ],
                    [
                        134.3055002412838,
                        35.59177856881454,
                        11
                    ],
                    [
                        134.30561167965018,
                        35.59200853287144,
                        6
                    ],
                    [
                        134.305376274489,
                        35.59217491042986,
                        4
                    ],
                    [
                        134.30531925687853,
                        35.59236150215993,
                        3
                    ],
                    [
                        134.30529960660266,
                        35.59254858143508,
                        1
                    ],
                    [
                        134.3051307441889,
                        35.59255284279973,
                        0
                    ],
                    [
                        134.3048636779354,
                        35.59250004950797,
                        2
                    ],
                    [
                        134.30518057594932,
                        35.59244775379769,
                        2
                    ],
                    [
                        134.30534075592004,
                        35.59228340260127,
                        3
                    ],
                    [
                        134.30550967474457,
                        35.59227745738729,
                        1
                    ],
                    [
                        134.30533438784124,
                        35.59227531630287,
                        4
                    ],
                    [
                        134.30521853084085,
                        35.59244533569701,
                        4
                    ],
                    [
                        134.30511945545857,
                        35.59228288270288,
                        6
                    ],
                    [
                        134.30496595159298,
                        35.592177499939304,
                        15
                    ],
                    [
                        134.30469267471992,
                        35.59209511200593,
                        22
                    ],
                    [
                        134.30451597052812,
                        35.591926129048844,
                        23
                    ],
                    [
                        134.30444900838816,
                        35.591802370714134,
                        21
                    ],
                    [
                        134.30426492973575,
                        35.5917033753015,
                        23
                    ],
                    [
                        134.30406553541349,
                        35.591753778536805,
                        31
                    ],
                    [
                        134.30388647749058,
                        35.59173260460549,
                        43
                    ],
                    [
                        134.3035708543618,
                        35.59177341084602,
                        52
                    ],
                    [
                        134.30342235128725,
                        35.5916923975,
                        57
                    ],
                    [
                        134.30366080833193,
                        35.591588974031694,
                        43
                    ],
                    [
                        134.3037037022192,
                        35.591321200527545,
                        40
                    ],
                    [
                        134.30346708804032,
                        35.591115786186144,
                        41
                    ],
                    [
                        134.3032205278604,
                        35.59103301925493,
                        46
                    ],
                    [
                        134.30335636170722,
                        35.59076129125584,
                        43
                    ],
                    [
                        134.30344678980327,
                        35.59057808348602,
                        39
                    ],
                    [
                        134.3036435566739,
                        35.590361695292025,
                        32
                    ],
                    [
                        134.30348930799465,
                        35.5903550186423,
                        24
                    ],
                    [
                        134.30322747483723,
                        35.59032462391777,
                        7
                    ],
                    [
                        134.30304335172357,
                        35.59014504993799,
                        4
                    ],
                    [
                        134.3030602330477,
                        35.59024044313819,
                        4
                    ],
                    [
                        134.30287612886798,
                        35.59003143571347,
                        4
                    ],
                    [
                        134.30301868668133,
                        35.58996777897002,
                        7
                    ],
                    [
                        134.30292667853854,
                        35.58978347044155,
                        2
                    ],
                    [
                        134.30279726644144,
                        35.589616104461676,
                        3
                    ],
                    [
                        134.30256006466266,
                        35.589439655024776,
                        3
                    ],
                    [
                        134.30236812176443,
                        35.58932506233155,
                        0
                    ],
                    [
                        134.3022183978877,
                        35.58924557957488,
                        7
                    ],
                    [
                        134.30206160301935,
                        35.589116188751404,
                        13
                    ],
                    [
                        134.30191856082894,
                        35.58913802287221,
                        16
                    ],
                    [
                        134.30167812961295,
                        35.589208390405794,
                        14
                    ],
                    [
                        134.30155446670176,
                        35.5893370199209,
                        12
                    ],
                    [
                        134.30139082498775,
                        35.58941269738208,
                        5
                    ],
                    [
                        134.30124469565652,
                        35.589198642682135,
                        6
                    ],
                    [
                        134.30095081810785,
                        35.58914416075898,
                        4
                    ],
                    [
                        134.3008420294941,
                        35.5891028508247,
                        6
                    ],
                    [
                        134.3006842182207,
                        35.588949482904084,
                        11
                    ],
                    [
                        134.30050482143494,
                        35.58911498286954,
                        14
                    ],
                    [
                        134.30026859838586,
                        35.58914779984811,
                        14
                    ],
                    [
                        134.2999953471146,
                        35.589221154989964,
                        13
                    ],
                    [
                        134.29977501829725,
                        35.5890886675021,
                        19
                    ],
                    [
                        134.29970289509708,
                        35.58928539186032,
                        32
                    ],
                    [
                        134.29948596565427,
                        35.58939100836134,
                        36
                    ],
                    [
                        134.2991204717773,
                        35.5893895462932,
                        39
                    ],
                    [
                        134.2988032877227,
                        35.58924453989126,
                        33
                    ],
                    [
                        134.29851662146316,
                        35.58917476727446,
                        26
                    ],
                    [
                        134.2981806090129,
                        35.58910491769564,
                        26
                    ],
                    [
                        134.29812361339208,
                        35.589307286170225,
                        34
                    ],
                    [
                        134.29815744692635,
                        35.58947381267159,
                        41
                    ],
                    [
                        134.29795248779902,
                        35.58949099978154,
                        43
                    ],
                    [
                        134.29761627646246,
                        35.589643322877,
                        42
                    ],
                    [
                        134.29739155298722,
                        35.58967672745816,
                        40
                    ],
                    [
                        134.2970514649207,
                        35.58956928819422,
                        39
                    ],
                    [
                        134.2967835714274,
                        35.58951713979298,
                        42
                    ],
                    [
                        134.29650322086343,
                        35.58928967914218,
                        39
                    ],
                    [
                        134.2962122072706,
                        35.58925996202743,
                        43
                    ],
                    [
                        134.2961344494001,
                        35.5891534817969,
                        50
                    ],
                    [
                        134.29590506868274,
                        35.58906922028668,
                        56
                    ],
                    [
                        134.29564647742035,
                        35.58906435914354,
                        62
                    ],
                    [
                        134.29535527483273,
                        35.58885169968545,
                        65
                    ],
                    [
                        134.29511563749207,
                        35.58879876065136,
                        71
                    ],
                    [
                        134.29487373274307,
                        35.588741027894905,
                        74
                    ],
                    [
                        134.2947581960121,
                        35.58865884077315,
                        73
                    ],
                    [
                        134.29500755342193,
                        35.5886237211481,
                        83
                    ],
                    [
                        134.29506487315007,
                        35.58840834739973,
                        88
                    ],
                    [
                        134.2951943650313,
                        35.58834440647313,
                        92
                    ],
                    [
                        134.29525579360893,
                        35.588211629976726,
                        91
                    ],
                    [
                        134.29514721050487,
                        35.58798633914652,
                        81
                    ],
                    [
                        134.2950119621401,
                        35.587804519541066,
                        81
                    ],
                    [
                        134.29483167920407,
                        35.58768537505856,
                        75
                    ],
                    [
                        134.29469085723773,
                        35.58759822743012,
                        73
                    ],
                    [
                        134.29457771284456,
                        35.58746265615534,
                        68
                    ],
                    [
                        134.29437941975598,
                        35.58724780642001,
                        64
                    ],
                    [
                        134.29416302022094,
                        35.58726839921107,
                        58
                    ],
                    [
                        134.29389178906868,
                        35.58724834938775,
                        53
                    ],
                    [
                        134.29363267952863,
                        35.58717326043911,
                        62
                    ],
                    [
                        134.2934618606934,
                        35.58697646281871,
                        64
                    ],
                    [
                        134.29322445469873,
                        35.586954363345775,
                        59
                    ],
                    [
                        134.29301328782267,
                        35.58701508756527,
                        52
                    ],
                    [
                        134.29278163413403,
                        35.58682708844842,
                        40
                    ],
                    [
                        134.29247847508083,
                        35.586805912403676,
                        30
                    ],
                    [
                        134.292233463202,
                        35.58687110703298,
                        31
                    ],
                    [
                        134.29258712910257,
                        35.58676009320909,
                        32
                    ],
                    [
                        134.29273683483737,
                        35.58669929162345,
                        32
                    ],
                    [
                        134.29278144359725,
                        35.586574035409484,
                        28
                    ],
                    [
                        134.2928861518567,
                        35.58650918500576,
                        24
                    ],
                    [
                        134.29275888077748,
                        35.5862543195957,
                        19
                    ],
                    [
                        134.29253483253567,
                        35.586282699497566,
                        18
                    ],
                    [
                        134.29253105506803,
                        35.586390058920045,
                        13
                    ],
                    [
                        134.2924337859038,
                        35.586250890892565,
                        16
                    ],
                    [
                        134.2926848430282,
                        35.586209360866405,
                        18
                    ],
                    [
                        134.29269299022758,
                        35.586084209917516,
                        20
                    ],
                    [
                        134.29260683670807,
                        35.58593453816517,
                        23
                    ],
                    [
                        134.29237697169927,
                        35.58575567314321,
                        23
                    ],
                    [
                        134.2922116476749,
                        35.58544785223587,
                        18
                    ],
                    [
                        134.291999495635,
                        35.585219722062575,
                        15
                    ],
                    [
                        134.2919295641002,
                        35.58503372816784,
                        13
                    ],
                    [
                        134.29168187756352,
                        35.58494444936033,
                        5
                    ],
                    [
                        134.29195291048185,
                        35.584852436080105,
                        6
                    ],
                    [
                        134.2923220797274,
                        35.585018027583835,
                        6
                    ],
                    [
                        134.29268691692192,
                        35.585148025141315,
                        7
                    ],
                    [
                        134.29305329589133,
                        35.58498552750317,
                        7
                    ],
                    [
                        134.29342136189655,
                        35.585202267395395,
                        8
                    ],
                    [
                        134.29377800804565,
                        35.58544716519658,
                        10
                    ],
                    [
                        134.29405497744426,
                        35.58573331134596,
                        15
                    ],
                    [
                        134.29424339727953,
                        35.58604664941641,
                        19
                    ],
                    [
                        134.29442283149382,
                        35.58634287601696,
                        23
                    ],
                    [
                        134.2947427595457,
                        35.586573785276016,
                        25
                    ],
                    [
                        134.29512696897854,
                        35.586661353042786,
                        25
                    ],
                    [
                        134.29554839452098,
                        35.586623395565155,
                        25
                    ],
                    [
                        134.29586609018023,
                        35.58679473638025,
                        27
                    ],
                    [
                        134.29588606308238,
                        35.587138407834146,
                        35
                    ],
                    [
                        134.29622311882358,
                        35.58732933207224,
                        40
                    ],
                    [
                        134.29656408480963,
                        35.587151549858234,
                        42
                    ],
                    [
                        134.29692975971986,
                        35.58695817755463,
                        42
                    ],
                    [
                        134.29738150855934,
                        35.58700177390423,
                        48
                    ],
                    [
                        134.29782420291414,
                        35.587044346714514,
                        51
                    ],
                    [
                        134.29826954718934,
                        35.58707338305307,
                        54
                    ],
                    [
                        134.29857240074085,
                        35.58685511713155,
                        53
                    ],
                    [
                        134.29882345387202,
                        35.58659312517152,
                        56
                    ],
                    [
                        134.29913659148184,
                        35.58663456280534,
                        55
                    ],
                    [
                        134.29927944391696,
                        35.58695244587116,
                        52
                    ],
                    [
                        134.29962810814777,
                        35.587124383851496,
                        53
                    ],
                    [
                        134.2999915393741,
                        35.58728066478143,
                        52
                    ],
                    [
                        134.3003325892554,
                        35.58714290668479,
                        53
                    ],
                    [
                        134.30063231782583,
                        35.58709990512774,
                        53
                    ],
                    [
                        134.30070310275383,
                        35.587419001136226,
                        52
                    ],
                    [
                        134.30109873724282,
                        35.5874293427269,
                        54
                    ],
                    [
                        134.30125741089012,
                        35.587731819280286,
                        56
                    ],
                    [
                        134.30165078202262,
                        35.587821067120565,
                        56
                    ],
                    [
                        134.3020342197769,
                        35.58799453099345,
                        58
                    ],
                    [
                        134.30201989299135,
                        35.58838049026216,
                        63
                    ],
                    [
                        134.3016465127792,
                        35.5885933952386,
                        62
                    ],
                    [
                        134.3020347506306,
                        35.588563858835585,
                        62
                    ],
                    [
                        134.30242647418117,
                        35.58864378052335,
                        57
                    ],
                    [
                        134.30291542314384,
                        35.58857216071797,
                        56
                    ],
                    [
                        134.30335037954157,
                        35.588390916716094,
                        57
                    ],
                    [
                        134.30333807046878,
                        35.588025990132245,
                        56
                    ],
                    [
                        134.30316451419856,
                        35.587700514347624,
                        53
                    ],
                    [
                        134.30354396396922,
                        35.58750893327948,
                        50
                    ],
                    [
                        134.30392528319817,
                        35.58780920134521,
                        48
                    ],
                    [
                        134.30401374189634,
                        35.58815067585998,
                        45
                    ],
                    [
                        134.30409215144164,
                        35.58849569406332,
                        41
                    ],
                    [
                        134.30419750903445,
                        35.58884888379972,
                        39
                    ],
                    [
                        134.30424654878294,
                        35.58918857925825,
                        35
                    ],
                    [
                        134.30432506116964,
                        35.589543803754225,
                        32
                    ],
                    [
                        134.30442611348204,
                        35.58988799043826,
                        29
                    ],
                    [
                        134.30452629789224,
                        35.590232769235456,
                        27
                    ],
                    [
                        134.3046291692565,
                        35.59060760583416,
                        26
                    ],
                    [
                        134.30480371829566,
                        35.59095701061101,
                        27
                    ],
                    [
                        134.30500526025537,
                        35.59130470279093,
                        30
                    ],
                    [
                        134.3053913842173,
                        35.5914729409283,
                        30
                    ],
                    [
                        134.3058196726542,
                        35.59151626000732,
                        31
                    ],
                    [
                        134.30627376117826,
                        35.59148144138024,
                        33
                    ],
                    [
                        134.30656622258252,
                        35.5912378920792,
                        35
                    ],
                    [
                        134.30685060152476,
                        35.59097584625366,
                        33
                    ],
                    [
                        134.30721059027724,
                        35.590826725915875,
                        34
                    ],
                    [
                        134.30729866966215,
                        35.59074571446788,
                        35
                    ]
                ]
            }
        },

        {
            "type": "Feature",
            "properties": {
                "name": "20260326",
                "time": "2026-03-25T23:56:52Z",
                "coordTimes": [
                    "2026-03-25T23:56:52Z",
                    "2026-03-25T23:57:22Z",
                    "2026-03-25T23:57:49Z",
                    "2026-03-25T23:58:15Z",
                    "2026-03-25T23:58:42Z",
                    "2026-03-25T23:59:09Z",
                    "2026-03-25T23:59:38Z",
                    "2026-03-26T00:00:02Z",
                    "2026-03-26T00:00:35Z",
                    "2026-03-26T00:02:38Z",
                    "2026-03-26T00:03:04Z",
                    "2026-03-26T00:03:35Z",
                    "2026-03-26T00:04:05Z",
                    "2026-03-26T00:04:43Z",
                    "2026-03-26T00:05:21Z",
                    "2026-03-26T00:05:54Z",
                    "2026-03-26T00:06:39Z",
                    "2026-03-26T00:08:08Z",
                    "2026-03-26T00:08:45Z",
                    "2026-03-26T00:09:27Z",
                    "2026-03-26T00:10:07Z",
                    "2026-03-26T00:10:44Z",
                    "2026-03-26T00:11:23Z",
                    "2026-03-26T00:12:08Z",
                    "2026-03-26T00:12:42Z",
                    "2026-03-26T00:13:22Z",
                    "2026-03-26T00:14:02Z",
                    "2026-03-26T00:14:41Z",
                    "2026-03-26T00:15:22Z",
                    "2026-03-26T00:15:56Z",
                    "2026-03-26T00:16:32Z",
                    "2026-03-26T00:17:04Z",
                    "2026-03-26T00:17:53Z",
                    "2026-03-26T00:18:41Z",
                    "2026-03-26T00:19:21Z",
                    "2026-03-26T00:20:26Z",
                    "2026-03-26T00:21:02Z",
                    "2026-03-26T00:21:46Z",
                    "2026-03-26T00:22:40Z",
                    "2026-03-26T00:23:27Z",
                    "2026-03-26T00:24:14Z",
                    "2026-03-26T00:24:55Z",
                    "2026-03-26T00:25:30Z",
                    "2026-03-26T00:26:11Z",
                    "2026-03-26T00:26:45Z",
                    "2026-03-26T00:27:16Z",
                    "2026-03-26T00:27:53Z",
                    "2026-03-26T00:28:23Z",
                    "2026-03-26T00:28:53Z",
                    "2026-03-26T00:29:22Z",
                    "2026-03-26T00:29:49Z",
                    "2026-03-26T00:30:17Z",
                    "2026-03-26T00:30:46Z",
                    "2026-03-26T00:31:15Z",
                    "2026-03-26T00:31:50Z",
                    "2026-03-26T00:32:19Z",
                    "2026-03-26T00:32:50Z",
                    "2026-03-26T00:33:20Z",
                    "2026-03-26T00:33:48Z",
                    "2026-03-26T00:34:18Z",
                    "2026-03-26T00:34:46Z",
                    "2026-03-26T00:35:15Z",
                    "2026-03-26T00:35:42Z",
                    "2026-03-26T00:36:12Z",
                    "2026-03-26T00:36:38Z",
                    "2026-03-26T00:37:07Z",
                    "2026-03-26T00:37:39Z",
                    "2026-03-26T00:38:13Z",
                    "2026-03-26T00:38:50Z",
                    "2026-03-26T00:39:20Z",
                    "2026-03-26T00:39:52Z",
                    "2026-03-26T00:40:18Z",
                    "2026-03-26T00:40:45Z",
                    "2026-03-26T00:41:22Z",
                    "2026-03-26T00:41:48Z",
                    "2026-03-26T00:42:22Z",
                    "2026-03-26T00:43:14Z",
                    "2026-03-26T00:43:44Z",
                    "2026-03-26T00:44:10Z",
                    "2026-03-26T00:44:39Z",
                    "2026-03-26T00:45:09Z",
                    "2026-03-26T00:45:40Z",
                    "2026-03-26T00:46:09Z",
                    "2026-03-26T00:46:40Z",
                    "2026-03-26T00:47:07Z",
                    "2026-03-26T00:47:41Z",
                    "2026-03-26T00:48:15Z",
                    "2026-03-26T00:48:52Z",
                    "2026-03-26T00:49:24Z",
                    "2026-03-26T00:49:53Z",
                    "2026-03-26T00:50:22Z",
                    "2026-03-26T00:50:48Z",
                    "2026-03-26T00:51:15Z",
                    "2026-03-26T00:51:43Z",
                    "2026-03-26T00:52:11Z",
                    "2026-03-26T00:52:37Z",
                    "2026-03-26T00:53:03Z",
                    "2026-03-26T00:53:32Z",
                    "2026-03-26T00:53:59Z",
                    "2026-03-26T00:54:28Z",
                    "2026-03-26T00:54:56Z",
                    "2026-03-26T00:55:30Z",
                    "2026-03-26T00:55:59Z",
                    "2026-03-26T00:56:28Z",
                    "2026-03-26T00:56:56Z",
                    "2026-03-26T00:57:24Z",
                    "2026-03-26T00:57:57Z",
                    "2026-03-26T00:58:24Z",
                    "2026-03-26T00:58:53Z",
                    "2026-03-26T00:59:21Z",
                    "2026-03-26T01:00:01Z",
                    "2026-03-26T01:00:32Z",
                    "2026-03-26T01:01:13Z",
                    "2026-03-26T01:01:41Z",
                    "2026-03-26T01:02:08Z",
                    "2026-03-26T01:02:35Z",
                    "2026-03-26T01:04:07Z",
                    "2026-03-26T01:04:36Z",
                    "2026-03-26T01:05:03Z",
                    "2026-03-26T01:05:35Z",
                    "2026-03-26T01:06:02Z",
                    "2026-03-26T01:06:30Z",
                    "2026-03-26T01:06:58Z",
                    "2026-03-26T01:07:27Z",
                    "2026-03-26T01:07:54Z",
                    "2026-03-26T01:08:20Z",
                    "2026-03-26T01:08:51Z",
                    "2026-03-26T01:09:20Z",
                    "2026-03-26T01:09:46Z",
                    "2026-03-26T01:10:12Z",
                    "2026-03-26T01:10:42Z",
                    "2026-03-26T01:11:09Z",
                    "2026-03-26T01:11:37Z",
                    "2026-03-26T01:12:03Z",
                    "2026-03-26T01:12:29Z",
                    "2026-03-26T01:12:55Z",
                    "2026-03-26T01:13:25Z",
                    "2026-03-26T01:13:51Z",
                    "2026-03-26T01:14:19Z",
                    "2026-03-26T01:14:46Z",
                    "2026-03-26T01:15:15Z",
                    "2026-03-26T01:15:42Z",
                    "2026-03-26T01:16:11Z",
                    "2026-03-26T01:16:36Z",
                    "2026-03-26T01:17:08Z",
                    "2026-03-26T01:17:47Z",
                    "2026-03-26T01:18:24Z",
                    "2026-03-26T01:18:49Z",
                    "2026-03-26T01:19:17Z",
                    "2026-03-26T01:19:46Z",
                    "2026-03-26T01:20:14Z",
                    "2026-03-26T01:20:42Z",
                    "2026-03-26T01:21:08Z",
                    "2026-03-26T01:21:35Z",
                    "2026-03-26T01:22:07Z",
                    "2026-03-26T01:22:35Z",
                    "2026-03-26T01:23:04Z",
                    "2026-03-26T01:23:30Z",
                    "2026-03-26T01:23:53Z",
                    "2026-03-26T01:24:20Z",
                    "2026-03-26T01:24:52Z",
                    "2026-03-26T01:25:20Z",
                    "2026-03-26T01:25:44Z",
                    "2026-03-26T01:26:09Z",
                    "2026-03-26T01:26:35Z",
                    "2026-03-26T01:26:59Z",
                    "2026-03-26T01:27:26Z",
                    "2026-03-26T01:27:49Z",
                    "2026-03-26T01:28:14Z",
                    "2026-03-26T01:28:40Z",
                    "2026-03-26T01:29:07Z",
                    "2026-03-26T01:29:42Z",
                    "2026-03-26T01:30:08Z",
                    "2026-03-26T01:30:34Z",
                    "2026-03-26T01:31:02Z",
                    "2026-03-26T01:31:26Z",
                    "2026-03-26T01:31:50Z",
                    "2026-03-26T01:32:13Z",
                    "2026-03-26T01:32:43Z",
                    "2026-03-26T01:33:10Z",
                    "2026-03-26T01:33:49Z",
                    "2026-03-26T01:34:20Z",
                    "2026-03-26T01:34:50Z",
                    "2026-03-26T01:35:37Z",
                    "2026-03-26T01:36:30Z",
                    "2026-03-26T01:37:00Z",
                    "2026-03-26T01:38:06Z",
                    "2026-03-26T01:38:41Z",
                    "2026-03-26T01:39:14Z",
                    "2026-03-26T01:39:44Z",
                    "2026-03-26T01:40:17Z",
                    "2026-03-26T01:40:59Z",
                    "2026-03-26T01:41:37Z",
                    "2026-03-26T01:42:18Z",
                    "2026-03-26T01:42:52Z",
                    "2026-03-26T01:43:24Z",
                    "2026-03-26T01:44:00Z",
                    "2026-03-26T01:44:35Z",
                    "2026-03-26T01:45:09Z",
                    "2026-03-26T01:45:41Z",
                    "2026-03-26T01:46:13Z",
                    "2026-03-26T01:46:48Z",
                    "2026-03-26T01:47:14Z",
                    "2026-03-26T01:47:40Z",
                    "2026-03-26T01:48:05Z",
                    "2026-03-26T01:48:32Z",
                    "2026-03-26T01:48:59Z",
                    "2026-03-26T01:49:25Z",
                    "2026-03-26T01:49:52Z",
                    "2026-03-26T01:50:18Z",
                    "2026-03-26T01:50:44Z",
                    "2026-03-26T01:51:11Z",
                    "2026-03-26T01:51:37Z",
                    "2026-03-26T01:52:02Z",
                    "2026-03-26T01:53:42Z",
                    "2026-03-26T01:55:16Z"
                ]
            },
            "geometry": {
                "type": "LineString",
                "coordinates": [
                    [
                        135.86108387573609,
                        35.197862731007305,
                        469
                    ],
                    [
                        135.8611890610503,
                        35.19747994082717,
                        463
                    ],
                    [
                        135.86110460700624,
                        35.19714386660579,
                        463
                    ],
                    [
                        135.8608142324688,
                        35.196982165735086,
                        461
                    ],
                    [
                        135.86080256058386,
                        35.19726536901132,
                        458
                    ],
                    [
                        135.86054210545583,
                        35.197458413810594,
                        461
                    ],
                    [
                        135.86027282225538,
                        35.19767978976527,
                        467
                    ],
                    [
                        135.86010496308305,
                        35.1979510006966,
                        473
                    ],
                    [
                        135.8598901751176,
                        35.19809227764384,
                        477
                    ],
                    [
                        135.8597535166789,
                        35.19817605394332,
                        471
                    ],
                    [
                        135.8594234684438,
                        35.19828183652526,
                        481
                    ],
                    [
                        135.85911032982705,
                        35.19837906654939,
                        488
                    ],
                    [
                        135.8588960826463,
                        35.19848643838594,
                        498
                    ],
                    [
                        135.85858396811108,
                        35.198518384156465,
                        500
                    ],
                    [
                        135.85844333872404,
                        35.19837960513024,
                        509
                    ],
                    [
                        135.8583542176702,
                        35.198207395508824,
                        519
                    ],
                    [
                        135.85821668353216,
                        35.19812414942278,
                        528
                    ],
                    [
                        135.85805183587215,
                        35.19799860067373,
                        534
                    ],
                    [
                        135.85785129330063,
                        35.197966944286215,
                        542
                    ],
                    [
                        135.85769725359046,
                        35.197879330473626,
                        545
                    ],
                    [
                        135.8574530118027,
                        35.197880649684116,
                        556
                    ],
                    [
                        135.85716061077142,
                        35.19788520848536,
                        564
                    ],
                    [
                        135.85690755262323,
                        35.19787801063016,
                        573
                    ],
                    [
                        135.8567747843417,
                        35.197863543159386,
                        582
                    ],
                    [
                        135.85656343092407,
                        35.197841047392295,
                        587
                    ],
                    [
                        135.8563071908733,
                        35.197803227176074,
                        599
                    ],
                    [
                        135.85607833101497,
                        35.1977828071822,
                        605
                    ],
                    [
                        135.85586453975367,
                        35.19780576157874,
                        616
                    ],
                    [
                        135.85564343114675,
                        35.19767631841643,
                        626
                    ],
                    [
                        135.85540816328245,
                        35.19762177821614,
                        632
                    ],
                    [
                        135.85520898157174,
                        35.19754497165051,
                        643
                    ],
                    [
                        135.85507387352587,
                        35.19743917043246,
                        647
                    ],
                    [
                        135.85492702435968,
                        35.19739539220741,
                        653
                    ],
                    [
                        135.8547072636073,
                        35.197332287047274,
                        665
                    ],
                    [
                        135.8545659708094,
                        35.19712129288583,
                        675
                    ],
                    [
                        135.85443906314202,
                        35.19700487785356,
                        690
                    ],
                    [
                        135.85433397735227,
                        35.196915915408894,
                        693
                    ],
                    [
                        135.85419844445047,
                        35.19684655040954,
                        699
                    ],
                    [
                        135.85408176145924,
                        35.19666849514156,
                        709
                    ],
                    [
                        135.85396708954943,
                        35.19653450361307,
                        719
                    ],
                    [
                        135.8538771531859,
                        35.19640935166338,
                        726
                    ],
                    [
                        135.85360052505388,
                        35.19630342456925,
                        732
                    ],
                    [
                        135.85331059449808,
                        35.1961926147312,
                        735
                    ],
                    [
                        135.8531344855477,
                        35.1962372046243,
                        737
                    ],
                    [
                        135.85281201506663,
                        35.19625783996844,
                        750
                    ],
                    [
                        135.85255477816804,
                        35.19641286576363,
                        755
                    ],
                    [
                        135.8522790722764,
                        35.19652593404402,
                        762
                    ],
                    [
                        135.85206852551124,
                        35.19670579813666,
                        767
                    ],
                    [
                        135.85195474998307,
                        35.1969043307313,
                        772
                    ],
                    [
                        135.85175980523871,
                        35.1970809509898,
                        778
                    ],
                    [
                        135.85144720208032,
                        35.19715417210849,
                        783
                    ],
                    [
                        135.8512082885699,
                        35.19735043353207,
                        785
                    ],
                    [
                        135.851050809214,
                        35.197629785497824,
                        788
                    ],
                    [
                        135.8509862831579,
                        35.19782729723118,
                        791
                    ],
                    [
                        135.85104863171583,
                        35.19804263184422,
                        801
                    ],
                    [
                        135.85093983691195,
                        35.198284234180406,
                        807
                    ],
                    [
                        135.850824663036,
                        35.19847454185012,
                        814
                    ],
                    [
                        135.85071698960613,
                        35.19868267103504,
                        822
                    ],
                    [
                        135.8505321382195,
                        35.198921774173876,
                        826
                    ],
                    [
                        135.85019126074735,
                        35.19906596605896,
                        831
                    ],
                    [
                        135.84983939657798,
                        35.19922567434488,
                        832
                    ],
                    [
                        135.8494508744811,
                        35.1993830306742,
                        835
                    ],
                    [
                        135.84907742917622,
                        35.19938854154282,
                        838
                    ],
                    [
                        135.84873517385626,
                        35.19953938814987,
                        837
                    ],
                    [
                        135.84843958489478,
                        35.199763170825044,
                        835
                    ],
                    [
                        135.84816466178629,
                        35.19999562344562,
                        835
                    ],
                    [
                        135.8479553018263,
                        35.200178203482345,
                        842
                    ],
                    [
                        135.84780925232585,
                        35.20035173579089,
                        850
                    ],
                    [
                        135.84767307028105,
                        35.20058252528476,
                        859
                    ],
                    [
                        135.84760406347033,
                        35.20074510815048,
                        868
                    ],
                    [
                        135.8474044898959,
                        35.20101316888803,
                        874
                    ],
                    [
                        135.84710626260852,
                        35.20108326863809,
                        880
                    ],
                    [
                        135.84680791332437,
                        35.20106873365519,
                        885
                    ],
                    [
                        135.84659649960832,
                        35.20119402111364,
                        886
                    ],
                    [
                        135.8463323795438,
                        35.201325828349205,
                        894
                    ],
                    [
                        135.84610924388735,
                        35.20127794462625,
                        900
                    ],
                    [
                        135.84586492592211,
                        35.20134474724993,
                        903
                    ],
                    [
                        135.84565162300933,
                        35.20155372853024,
                        910
                    ],
                    [
                        135.84545994219866,
                        35.2017427184632,
                        912
                    ],
                    [
                        135.84521264934438,
                        35.201998083795615,
                        915
                    ],
                    [
                        135.84506845426014,
                        35.202189480801074,
                        918
                    ],
                    [
                        135.8448000020371,
                        35.202366322634106,
                        926
                    ],
                    [
                        135.8444806586293,
                        35.20252713250895,
                        929
                    ],
                    [
                        135.84420319603194,
                        35.20256228087174,
                        936
                    ],
                    [
                        135.84386158113043,
                        35.20251681569868,
                        936
                    ],
                    [
                        135.84356744428376,
                        35.20246240018734,
                        942
                    ],
                    [
                        135.843346842453,
                        35.20235071589421,
                        927
                    ],
                    [
                        135.8431693425264,
                        35.2021874210129,
                        923
                    ],
                    [
                        135.8428004991852,
                        35.20203748637216,
                        918
                    ],
                    [
                        135.84249190135606,
                        35.20192192156901,
                        924
                    ],
                    [
                        135.84216068948527,
                        35.20182785089844,
                        924
                    ],
                    [
                        135.84193809675918,
                        35.20161137579128,
                        928
                    ],
                    [
                        135.84155747816953,
                        35.20157686595804,
                        927
                    ],
                    [
                        135.84124369444936,
                        35.20172682880998,
                        923
                    ],
                    [
                        135.84085068550704,
                        35.20183147926785,
                        925
                    ],
                    [
                        135.84049868222462,
                        35.2018960718208,
                        930
                    ],
                    [
                        135.84009385532588,
                        35.20190974956179,
                        929
                    ],
                    [
                        135.83970909839618,
                        35.202104151472206,
                        926
                    ],
                    [
                        135.83947939278258,
                        35.20233986896449,
                        929
                    ],
                    [
                        135.83912804532002,
                        35.20253525421971,
                        930
                    ],
                    [
                        135.83881090546254,
                        35.20270323535937,
                        931
                    ],
                    [
                        135.83857409968326,
                        35.20293228164822,
                        935
                    ],
                    [
                        135.8381706981974,
                        35.2029571385711,
                        938
                    ],
                    [
                        135.83783425879454,
                        35.2029271884043,
                        945
                    ],
                    [
                        135.8375122662592,
                        35.202859148476485,
                        950
                    ],
                    [
                        135.83723166547318,
                        35.20272877862045,
                        952
                    ],
                    [
                        135.837211481495,
                        35.20247569301549,
                        952
                    ],
                    [
                        135.8369432566861,
                        35.20233511138905,
                        946
                    ],
                    [
                        135.83668897326237,
                        35.20211977511775,
                        942
                    ],
                    [
                        135.83646459113376,
                        35.20196564808452,
                        949
                    ],
                    [
                        135.83635765901911,
                        35.201804254949266,
                        955
                    ],
                    [
                        135.8361439892445,
                        35.20168503306794,
                        961
                    ],
                    [
                        135.8358516088094,
                        35.20165001522895,
                        970
                    ],
                    [
                        135.83560797866005,
                        35.20172264700894,
                        970
                    ],
                    [
                        135.83542337405274,
                        35.2019682857303,
                        967
                    ],
                    [
                        135.8351873508508,
                        35.20220691155349,
                        973
                    ],
                    [
                        135.83531223714607,
                        35.20201840087044,
                        972
                    ],
                    [
                        135.83553526708053,
                        35.20176716588494,
                        969
                    ],
                    [
                        135.83583672699032,
                        35.20158281161363,
                        967
                    ],
                    [
                        135.83607728844012,
                        35.20165364193973,
                        963
                    ],
                    [
                        135.83634472913053,
                        35.20179496146864,
                        955
                    ],
                    [
                        135.83655043586506,
                        35.201976971452375,
                        947
                    ],
                    [
                        135.8368422162586,
                        35.20220689926257,
                        943
                    ],
                    [
                        135.837082070194,
                        35.20234138390118,
                        948
                    ],
                    [
                        135.83720571336278,
                        35.202521491464076,
                        951
                    ],
                    [
                        135.83736583766347,
                        35.20275568685196,
                        954
                    ],
                    [
                        135.8376840050525,
                        35.20286472133165,
                        946
                    ],
                    [
                        135.83807020486174,
                        35.20289468313536,
                        942
                    ],
                    [
                        135.83844675565533,
                        35.20294845834741,
                        934
                    ],
                    [
                        135.83868341272156,
                        35.202773174697235,
                        932
                    ],
                    [
                        135.83894299412327,
                        35.202571980067326,
                        926
                    ],
                    [
                        135.83921411916162,
                        35.202405584662955,
                        928
                    ],
                    [
                        135.8395471416568,
                        35.20222532894603,
                        926
                    ],
                    [
                        135.83982070400083,
                        35.20200180764332,
                        923
                    ],
                    [
                        135.84012836123998,
                        35.201856382186584,
                        930
                    ],
                    [
                        135.84051383131617,
                        35.20184172952717,
                        931
                    ],
                    [
                        135.84090262692328,
                        35.2017796666744,
                        925
                    ],
                    [
                        135.84123895909443,
                        35.20166165812731,
                        923
                    ],
                    [
                        135.84162272084214,
                        35.20151600225485,
                        925
                    ],
                    [
                        135.84198963980043,
                        35.20161410519464,
                        931
                    ],
                    [
                        135.84223807763598,
                        35.20183704659959,
                        928
                    ],
                    [
                        135.84253581863356,
                        35.20191760768924,
                        923
                    ],
                    [
                        135.8428945813347,
                        35.20203322510008,
                        919
                    ],
                    [
                        135.8431665723568,
                        35.20213272753769,
                        921
                    ],
                    [
                        135.84330924858818,
                        35.202271256393594,
                        932
                    ],
                    [
                        135.84346933164167,
                        35.202396462120255,
                        941
                    ],
                    [
                        135.8438172628122,
                        35.20246490606667,
                        938
                    ],
                    [
                        135.8441423362259,
                        35.202531084726665,
                        938
                    ],
                    [
                        135.8445305629876,
                        35.20246419884919,
                        930
                    ],
                    [
                        135.8448817754025,
                        35.20228104129058,
                        926
                    ],
                    [
                        135.84508096412017,
                        35.20206972287953,
                        918
                    ],
                    [
                        135.84531921545644,
                        35.201807719205284,
                        915
                    ],
                    [
                        135.845547770895,
                        35.20156010042722,
                        912
                    ],
                    [
                        135.8458162716484,
                        35.201343188334164,
                        905
                    ],
                    [
                        135.84610987541805,
                        35.20128262769322,
                        901
                    ],
                    [
                        135.8463587129002,
                        35.20126569243842,
                        892
                    ],
                    [
                        135.8466971687201,
                        35.20107865261868,
                        880
                    ],
                    [
                        135.84711059120576,
                        35.20102844905279,
                        875
                    ],
                    [
                        135.84751054282714,
                        35.20079561484412,
                        868
                    ],
                    [
                        135.84773718829274,
                        35.20047267760711,
                        855
                    ],
                    [
                        135.84783716458034,
                        35.20024659750646,
                        847
                    ],
                    [
                        135.8481735701104,
                        35.19992630507913,
                        833
                    ],
                    [
                        135.84847701290394,
                        35.19966733993712,
                        835
                    ],
                    [
                        135.84877236210767,
                        35.19943041370065,
                        838
                    ],
                    [
                        135.84920531897316,
                        35.199342845865374,
                        834
                    ],
                    [
                        135.84960889413503,
                        35.19926130439582,
                        834
                    ],
                    [
                        135.85002119628075,
                        35.19908578033745,
                        830
                    ],
                    [
                        135.85038829966163,
                        35.198937713752464,
                        830
                    ],
                    [
                        135.85066346263895,
                        35.198581135832896,
                        818
                    ],
                    [
                        135.85088750060856,
                        35.19829247142787,
                        810
                    ],
                    [
                        135.85095879388248,
                        35.19794749051504,
                        797
                    ],
                    [
                        135.85100844296952,
                        35.19761994280131,
                        785
                    ],
                    [
                        135.8512082592528,
                        35.19730349850975,
                        782
                    ],
                    [
                        135.8515608019239,
                        35.19712238291904,
                        778
                    ],
                    [
                        135.85193813910942,
                        35.196896954963954,
                        768
                    ],
                    [
                        135.8522584072127,
                        35.196575994644135,
                        759
                    ],
                    [
                        135.8526738917448,
                        35.19628499888812,
                        749
                    ],
                    [
                        135.85318448129078,
                        35.19620599900284,
                        741
                    ],
                    [
                        135.8535513798146,
                        35.1962705512361,
                        734
                    ],
                    [
                        135.8538611513117,
                        35.19632808346149,
                        725
                    ],
                    [
                        135.8540043943383,
                        35.196461413269525,
                        718
                    ],
                    [
                        135.85408183475786,
                        35.196593165907444,
                        716
                    ],
                    [
                        135.85425057175388,
                        35.19684429557865,
                        703
                    ],
                    [
                        135.8544166949243,
                        35.196917657881684,
                        690
                    ],
                    [
                        135.85454547683477,
                        35.19709884461641,
                        677
                    ],
                    [
                        135.8547470646355,
                        35.19730956458131,
                        667
                    ],
                    [
                        135.85495709349993,
                        35.19734496316372,
                        654
                    ],
                    [
                        135.85517449184198,
                        35.19748241729487,
                        646
                    ],
                    [
                        135.85537998634115,
                        35.1975627922972,
                        634
                    ],
                    [
                        135.855680962853,
                        35.19765754110057,
                        627
                    ],
                    [
                        135.8559281341037,
                        35.19778093769428,
                        614
                    ],
                    [
                        135.85618393685166,
                        35.19780319676749,
                        600
                    ],
                    [
                        135.85647821621248,
                        35.19783566849967,
                        593
                    ],
                    [
                        135.85679118682273,
                        35.19785784869085,
                        581
                    ],
                    [
                        135.85699613441935,
                        35.19785046771432,
                        570
                    ],
                    [
                        135.85733969474379,
                        35.19783680401559,
                        563
                    ],
                    [
                        135.8576120479,
                        35.19787003371882,
                        553
                    ],
                    [
                        135.85785473398687,
                        35.197924780888805,
                        542
                    ],
                    [
                        135.85806602724418,
                        35.19796792080578,
                        532
                    ],
                    [
                        135.85829480238385,
                        35.198035309706334,
                        525
                    ],
                    [
                        135.8584197091888,
                        35.19828834856009,
                        513
                    ],
                    [
                        135.8586260092288,
                        35.19846942418036,
                        501
                    ],
                    [
                        135.85891541185518,
                        35.19841460110142,
                        495
                    ],
                    [
                        135.85927957229976,
                        35.19824197546384,
                        490
                    ],
                    [
                        135.8596392883049,
                        35.19817241107394,
                        482
                    ],
                    [
                        135.86007144197444,
                        35.19808446488656,
                        472
                    ],
                    [
                        135.8601695436308,
                        35.197749102763225,
                        474
                    ],
                    [
                        135.86043459829767,
                        35.19747152257349,
                        463
                    ],
                    [
                        135.8607548475147,
                        35.197328526177074,
                        461
                    ],
                    [
                        135.86071574490722,
                        35.197027775865045,
                        459
                    ],
                    [
                        135.8610669595693,
                        35.19708249084569,
                        463
                    ],
                    [
                        135.86124263414945,
                        35.1974286836661,
                        465
                    ],
                    [
                        135.8611304507052,
                        35.19778533685007,
                        467
                    ],
                    [
                        135.8610100795002,
                        35.19806326194951,
                        462
                    ],
                    [
                        135.8608722390749,
                        35.19807340191248,
                        461
                    ],
                    [
                        135.86094390199875,
                        35.19803628520298,
                        459
                    ]
                ]
            }
        },

        {
            "type": "Feature",
            "properties": {
                "name": "20260328",
                "time": "2026-03-27T21:01:05Z",
                "coordTimes": [
                    "2026-03-27T21:01:05Z",
                    "2026-03-27T21:01:36Z",
                    "2026-03-27T21:03:11Z",
                    "2026-03-27T21:04:41Z",
                    "2026-03-27T21:05:22Z",
                    "2026-03-27T21:06:01Z",
                    "2026-03-27T21:06:50Z",
                    "2026-03-27T21:07:58Z",
                    "2026-03-27T21:08:30Z",
                    "2026-03-27T21:09:16Z",
                    "2026-03-27T21:09:57Z",
                    "2026-03-27T21:11:00Z",
                    "2026-03-27T21:12:16Z",
                    "2026-03-27T21:12:54Z",
                    "2026-03-27T21:13:32Z",
                    "2026-03-27T21:14:08Z",
                    "2026-03-27T21:14:45Z",
                    "2026-03-27T21:15:30Z",
                    "2026-03-27T21:16:10Z",
                    "2026-03-27T21:16:41Z",
                    "2026-03-27T21:17:08Z",
                    "2026-03-27T21:17:39Z",
                    "2026-03-27T21:18:13Z",
                    "2026-03-27T21:19:04Z",
                    "2026-03-27T21:19:45Z",
                    "2026-03-27T21:20:29Z",
                    "2026-03-27T21:21:07Z",
                    "2026-03-27T21:22:37Z",
                    "2026-03-27T21:23:19Z",
                    "2026-03-27T21:24:30Z",
                    "2026-03-27T21:24:59Z",
                    "2026-03-27T21:25:27Z",
                    "2026-03-27T21:25:53Z",
                    "2026-03-27T21:26:23Z",
                    "2026-03-27T21:26:59Z",
                    "2026-03-27T21:27:32Z",
                    "2026-03-27T21:28:01Z",
                    "2026-03-27T21:28:41Z",
                    "2026-03-27T21:29:14Z",
                    "2026-03-27T21:29:47Z",
                    "2026-03-27T21:30:13Z",
                    "2026-03-27T21:30:48Z",
                    "2026-03-27T21:31:17Z",
                    "2026-03-27T21:31:47Z",
                    "2026-03-27T21:32:18Z",
                    "2026-03-27T21:32:55Z",
                    "2026-03-27T21:33:24Z",
                    "2026-03-27T21:33:50Z",
                    "2026-03-27T21:34:15Z",
                    "2026-03-27T21:34:40Z",
                    "2026-03-27T21:35:07Z",
                    "2026-03-27T21:35:40Z",
                    "2026-03-27T21:36:11Z",
                    "2026-03-27T21:36:39Z",
                    "2026-03-27T21:37:04Z",
                    "2026-03-27T21:37:27Z",
                    "2026-03-27T21:37:52Z",
                    "2026-03-27T21:38:15Z",
                    "2026-03-27T21:38:44Z",
                    "2026-03-27T21:39:36Z",
                    "2026-03-27T21:40:01Z",
                    "2026-03-27T21:40:41Z",
                    "2026-03-27T21:41:14Z",
                    "2026-03-27T21:41:38Z",
                    "2026-03-27T21:42:06Z",
                    "2026-03-27T21:42:30Z",
                    "2026-03-27T21:42:56Z",
                    "2026-03-27T21:43:24Z",
                    "2026-03-27T21:43:48Z",
                    "2026-03-27T21:44:17Z",
                    "2026-03-27T21:44:54Z",
                    "2026-03-27T21:45:37Z",
                    "2026-03-27T21:46:15Z",
                    "2026-03-27T21:46:52Z",
                    "2026-03-27T21:48:12Z",
                    "2026-03-27T21:48:48Z",
                    "2026-03-27T21:49:13Z",
                    "2026-03-27T21:49:41Z",
                    "2026-03-27T21:50:06Z",
                    "2026-03-27T21:50:31Z",
                    "2026-03-27T21:50:54Z",
                    "2026-03-27T21:51:19Z",
                    "2026-03-27T21:51:46Z",
                    "2026-03-27T21:52:18Z",
                    "2026-03-27T21:52:53Z",
                    "2026-03-27T21:53:35Z",
                    "2026-03-27T21:54:05Z",
                    "2026-03-27T21:55:09Z",
                    "2026-03-27T21:55:40Z",
                    "2026-03-27T21:56:17Z",
                    "2026-03-27T21:56:43Z",
                    "2026-03-27T21:57:07Z",
                    "2026-03-27T21:57:32Z",
                    "2026-03-27T21:57:56Z",
                    "2026-03-27T21:58:22Z",
                    "2026-03-27T21:58:49Z",
                    "2026-03-27T21:59:15Z",
                    "2026-03-27T21:59:41Z",
                    "2026-03-27T22:00:18Z",
                    "2026-03-27T22:00:47Z",
                    "2026-03-27T22:01:21Z",
                    "2026-03-27T22:01:45Z",
                    "2026-03-27T22:02:12Z",
                    "2026-03-27T22:02:37Z",
                    "2026-03-27T22:03:01Z",
                    "2026-03-27T22:03:27Z",
                    "2026-03-27T22:03:52Z",
                    "2026-03-27T22:04:44Z",
                    "2026-03-27T22:05:10Z",
                    "2026-03-27T22:05:33Z",
                    "2026-03-27T22:05:59Z",
                    "2026-03-27T22:06:28Z",
                    "2026-03-27T22:06:53Z",
                    "2026-03-27T22:07:19Z",
                    "2026-03-27T22:07:44Z",
                    "2026-03-27T22:08:08Z",
                    "2026-03-27T22:08:42Z",
                    "2026-03-27T22:09:14Z",
                    "2026-03-27T22:09:41Z",
                    "2026-03-27T22:10:07Z",
                    "2026-03-27T22:10:36Z",
                    "2026-03-27T22:11:03Z",
                    "2026-03-27T22:11:31Z",
                    "2026-03-27T22:11:59Z",
                    "2026-03-27T22:13:42Z",
                    "2026-03-27T22:14:11Z",
                    "2026-03-27T22:14:37Z",
                    "2026-03-27T22:15:11Z",
                    "2026-03-27T22:15:49Z",
                    "2026-03-27T22:16:13Z",
                    "2026-03-27T22:16:52Z",
                    "2026-03-27T22:17:18Z",
                    "2026-03-27T22:17:49Z",
                    "2026-03-27T22:18:21Z",
                    "2026-03-27T22:18:48Z",
                    "2026-03-27T22:19:16Z",
                    "2026-03-27T22:19:40Z",
                    "2026-03-27T22:20:04Z",
                    "2026-03-27T22:20:31Z",
                    "2026-03-27T22:20:58Z",
                    "2026-03-27T22:21:31Z",
                    "2026-03-27T22:22:00Z",
                    "2026-03-27T22:22:37Z",
                    "2026-03-27T22:23:09Z",
                    "2026-03-27T22:27:27Z",
                    "2026-03-27T22:28:01Z",
                    "2026-03-27T22:28:33Z",
                    "2026-03-27T22:29:13Z",
                    "2026-03-27T22:29:50Z",
                    "2026-03-27T22:30:28Z",
                    "2026-03-27T22:31:02Z",
                    "2026-03-27T22:31:25Z",
                    "2026-03-27T22:31:56Z",
                    "2026-03-27T22:32:25Z",
                    "2026-03-27T22:32:52Z",
                    "2026-03-27T22:33:18Z",
                    "2026-03-27T22:33:41Z",
                    "2026-03-27T22:34:05Z",
                    "2026-03-27T22:34:42Z",
                    "2026-03-27T22:35:17Z",
                    "2026-03-27T22:35:46Z",
                    "2026-03-27T22:36:14Z",
                    "2026-03-27T22:36:54Z",
                    "2026-03-27T22:37:51Z",
                    "2026-03-27T22:38:53Z",
                    "2026-03-27T22:39:41Z",
                    "2026-03-27T22:40:20Z",
                    "2026-03-27T22:41:03Z",
                    "2026-03-27T22:41:35Z",
                    "2026-03-27T22:42:18Z",
                    "2026-03-27T22:42:57Z",
                    "2026-03-27T22:43:37Z",
                    "2026-03-27T22:44:42Z",
                    "2026-03-27T22:45:15Z",
                    "2026-03-27T22:45:51Z",
                    "2026-03-27T22:46:30Z",
                    "2026-03-27T22:47:12Z",
                    "2026-03-27T22:47:36Z",
                    "2026-03-27T22:48:04Z",
                    "2026-03-27T22:48:29Z",
                    "2026-03-27T22:48:56Z",
                    "2026-03-27T22:49:24Z",
                    "2026-03-27T22:49:53Z",
                    "2026-03-27T22:50:47Z",
                    "2026-03-27T22:51:14Z",
                    "2026-03-27T22:51:41Z",
                    "2026-03-27T22:52:09Z",
                    "2026-03-27T22:52:39Z",
                    "2026-03-27T22:56:30Z",
                    "2026-03-27T22:56:59Z",
                    "2026-03-27T22:57:22Z",
                    "2026-03-27T22:57:55Z",
                    "2026-03-27T22:58:26Z",
                    "2026-03-27T22:58:57Z",
                    "2026-03-27T22:59:25Z",
                    "2026-03-27T22:59:54Z",
                    "2026-03-27T23:00:36Z",
                    "2026-03-27T23:01:12Z",
                    "2026-03-27T23:01:42Z",
                    "2026-03-27T23:02:07Z",
                    "2026-03-27T23:02:32Z",
                    "2026-03-27T23:03:05Z",
                    "2026-03-27T23:03:40Z",
                    "2026-03-27T23:04:10Z",
                    "2026-03-27T23:04:50Z",
                    "2026-03-27T23:05:18Z",
                    "2026-03-27T23:05:59Z",
                    "2026-03-27T23:06:35Z",
                    "2026-03-27T23:07:05Z",
                    "2026-03-27T23:07:38Z",
                    "2026-03-27T23:08:09Z",
                    "2026-03-27T23:08:33Z",
                    "2026-03-27T23:09:05Z",
                    "2026-03-27T23:09:32Z",
                    "2026-03-27T23:10:02Z",
                    "2026-03-27T23:10:34Z",
                    "2026-03-27T23:11:06Z",
                    "2026-03-27T23:11:35Z",
                    "2026-03-27T23:12:06Z",
                    "2026-03-27T23:12:34Z",
                    "2026-03-27T23:13:01Z",
                    "2026-03-27T23:13:31Z",
                    "2026-03-27T23:14:03Z",
                    "2026-03-27T23:15:13Z",
                    "2026-03-27T23:15:40Z",
                    "2026-03-27T23:16:08Z",
                    "2026-03-27T23:16:41Z",
                    "2026-03-27T23:17:13Z",
                    "2026-03-27T23:17:37Z",
                    "2026-03-27T23:18:07Z",
                    "2026-03-27T23:19:33Z",
                    "2026-03-27T23:20:30Z",
                    "2026-03-27T23:21:06Z",
                    "2026-03-27T23:21:33Z",
                    "2026-03-27T23:22:06Z",
                    "2026-03-27T23:22:48Z",
                    "2026-03-27T23:23:20Z",
                    "2026-03-27T23:23:58Z",
                    "2026-03-27T23:24:31Z",
                    "2026-03-27T23:25:07Z",
                    "2026-03-27T23:25:45Z",
                    "2026-03-27T23:26:16Z",
                    "2026-03-27T23:26:54Z",
                    "2026-03-27T23:28:30Z",
                    "2026-03-27T23:30:53Z",
                    "2026-03-27T23:31:23Z",
                    "2026-03-27T23:32:03Z",
                    "2026-03-27T23:32:47Z",
                    "2026-03-27T23:33:20Z",
                    "2026-03-27T23:33:52Z",
                    "2026-03-27T23:34:23Z",
                    "2026-03-27T23:34:46Z",
                    "2026-03-27T23:35:11Z",
                    "2026-03-27T23:35:38Z",
                    "2026-03-27T23:36:10Z",
                    "2026-03-27T23:36:44Z",
                    "2026-03-27T23:37:20Z",
                    "2026-03-27T23:37:48Z",
                    "2026-03-27T23:38:18Z",
                    "2026-03-27T23:38:46Z",
                    "2026-03-27T23:39:19Z",
                    "2026-03-27T23:39:55Z",
                    "2026-03-27T23:40:23Z",
                    "2026-03-27T23:40:48Z",
                    "2026-03-27T23:41:43Z",
                    "2026-03-27T23:42:10Z",
                    "2026-03-27T23:42:53Z",
                    "2026-03-27T23:43:37Z",
                    "2026-03-27T23:44:13Z",
                    "2026-03-27T23:44:40Z",
                    "2026-03-27T23:45:14Z",
                    "2026-03-27T23:45:45Z",
                    "2026-03-27T23:46:13Z",
                    "2026-03-27T23:46:42Z",
                    "2026-03-27T23:47:19Z",
                    "2026-03-27T23:48:22Z",
                    "2026-03-27T23:49:58Z",
                    "2026-03-27T23:50:30Z",
                    "2026-03-27T23:50:58Z",
                    "2026-03-27T23:52:02Z",
                    "2026-03-27T23:52:42Z",
                    "2026-03-27T23:53:33Z",
                    "2026-03-27T23:54:17Z",
                    "2026-03-27T23:55:01Z",
                    "2026-03-27T23:55:42Z",
                    "2026-03-27T23:56:23Z",
                    "2026-03-27T23:56:54Z",
                    "2026-03-27T23:57:28Z",
                    "2026-03-27T23:57:57Z",
                    "2026-03-27T23:58:27Z",
                    "2026-03-27T23:59:04Z",
                    "2026-03-27T23:59:40Z",
                    "2026-03-28T00:00:17Z",
                    "2026-03-28T00:00:54Z",
                    "2026-03-28T00:02:12Z",
                    "2026-03-28T00:02:46Z",
                    "2026-03-28T00:03:25Z",
                    "2026-03-28T00:04:01Z",
                    "2026-03-28T00:04:41Z",
                    "2026-03-28T00:05:10Z",
                    "2026-03-28T00:05:40Z",
                    "2026-03-28T00:06:06Z",
                    "2026-03-28T00:06:31Z",
                    "2026-03-28T00:07:06Z",
                    "2026-03-28T00:07:43Z",
                    "2026-03-28T00:08:16Z",
                    "2026-03-28T00:08:42Z",
                    "2026-03-28T00:09:06Z",
                    "2026-03-28T00:09:31Z",
                    "2026-03-28T00:09:56Z",
                    "2026-03-28T00:10:21Z",
                    "2026-03-28T00:10:50Z",
                    "2026-03-28T00:11:26Z",
                    "2026-03-28T00:12:05Z",
                    "2026-03-28T00:12:36Z",
                    "2026-03-28T00:15:34Z",
                    "2026-03-28T00:16:04Z",
                    "2026-03-28T00:16:26Z",
                    "2026-03-28T00:16:52Z",
                    "2026-03-28T00:17:21Z",
                    "2026-03-28T00:17:46Z",
                    "2026-03-28T00:18:13Z",
                    "2026-03-28T00:18:43Z",
                    "2026-03-28T00:19:16Z",
                    "2026-03-28T00:19:56Z",
                    "2026-03-28T00:20:34Z",
                    "2026-03-28T00:21:06Z",
                    "2026-03-28T00:21:38Z",
                    "2026-03-28T00:22:04Z",
                    "2026-03-28T00:22:31Z",
                    "2026-03-28T00:23:06Z",
                    "2026-03-28T00:23:36Z",
                    "2026-03-28T00:24:35Z",
                    "2026-03-28T00:25:04Z",
                    "2026-03-28T00:25:31Z",
                    "2026-03-28T00:25:56Z",
                    "2026-03-28T00:26:23Z",
                    "2026-03-28T00:26:52Z",
                    "2026-03-28T00:27:32Z",
                    "2026-03-28T00:27:58Z",
                    "2026-03-28T00:28:23Z",
                    "2026-03-28T00:28:46Z",
                    "2026-03-28T00:29:16Z",
                    "2026-03-28T00:29:42Z",
                    "2026-03-28T00:30:08Z",
                    "2026-03-28T00:30:34Z",
                    "2026-03-28T00:31:00Z",
                    "2026-03-28T00:31:28Z",
                    "2026-03-28T00:31:58Z",
                    "2026-03-28T00:32:34Z",
                    "2026-03-28T00:33:03Z",
                    "2026-03-28T00:33:39Z",
                    "2026-03-28T00:34:14Z",
                    "2026-03-28T00:34:46Z",
                    "2026-03-28T00:35:20Z",
                    "2026-03-28T00:35:53Z",
                    "2026-03-28T00:36:23Z",
                    "2026-03-28T00:36:57Z",
                    "2026-03-28T00:37:28Z",
                    "2026-03-28T00:37:59Z",
                    "2026-03-28T00:38:27Z",
                    "2026-03-28T00:38:57Z",
                    "2026-03-28T00:39:25Z",
                    "2026-03-28T00:39:54Z",
                    "2026-03-28T00:40:26Z",
                    "2026-03-28T00:40:58Z",
                    "2026-03-28T00:41:31Z",
                    "2026-03-28T00:42:04Z",
                    "2026-03-28T00:42:38Z",
                    "2026-03-28T00:43:06Z",
                    "2026-03-28T00:43:32Z",
                    "2026-03-28T00:44:00Z",
                    "2026-03-28T00:44:31Z",
                    "2026-03-28T00:45:05Z",
                    "2026-03-28T00:45:44Z",
                    "2026-03-28T00:46:14Z",
                    "2026-03-28T00:46:42Z",
                    "2026-03-28T00:47:10Z",
                    "2026-03-28T00:47:41Z",
                    "2026-03-28T00:48:11Z",
                    "2026-03-28T00:48:38Z",
                    "2026-03-28T00:49:07Z",
                    "2026-03-28T00:49:33Z",
                    "2026-03-28T00:50:04Z",
                    "2026-03-28T00:50:28Z",
                    "2026-03-28T00:50:53Z",
                    "2026-03-28T00:51:18Z",
                    "2026-03-28T00:51:47Z",
                    "2026-03-28T00:52:13Z",
                    "2026-03-28T00:52:40Z",
                    "2026-03-28T00:53:08Z",
                    "2026-03-28T00:53:43Z",
                    "2026-03-28T00:54:10Z",
                    "2026-03-28T00:54:43Z",
                    "2026-03-28T00:55:19Z",
                    "2026-03-28T00:55:50Z",
                    "2026-03-28T00:56:22Z",
                    "2026-03-28T00:56:52Z",
                    "2026-03-28T00:57:24Z",
                    "2026-03-28T00:58:00Z",
                    "2026-03-28T00:59:10Z",
                    "2026-03-28T01:00:11Z",
                    "2026-03-28T01:00:59Z",
                    "2026-03-28T01:01:35Z",
                    "2026-03-28T01:02:08Z",
                    "2026-03-28T01:02:56Z",
                    "2026-03-28T01:03:41Z",
                    "2026-03-28T01:04:08Z",
                    "2026-03-28T01:04:35Z",
                    "2026-03-28T01:05:02Z",
                    "2026-03-28T01:05:31Z",
                    "2026-03-28T01:06:09Z",
                    "2026-03-28T01:06:41Z",
                    "2026-03-28T01:10:30Z",
                    "2026-03-28T01:10:57Z",
                    "2026-03-28T01:11:25Z",
                    "2026-03-28T01:12:06Z",
                    "2026-03-28T01:12:41Z",
                    "2026-03-28T01:13:07Z",
                    "2026-03-28T01:13:35Z",
                    "2026-03-28T01:14:02Z",
                    "2026-03-28T01:14:33Z",
                    "2026-03-28T01:15:19Z",
                    "2026-03-28T01:15:59Z",
                    "2026-03-28T01:16:28Z",
                    "2026-03-28T01:17:04Z",
                    "2026-03-28T01:17:34Z",
                    "2026-03-28T01:18:12Z",
                    "2026-03-28T01:18:57Z",
                    "2026-03-28T01:19:46Z",
                    "2026-03-28T01:20:25Z",
                    "2026-03-28T01:20:54Z",
                    "2026-03-28T01:21:26Z",
                    "2026-03-28T01:21:59Z",
                    "2026-03-28T01:22:35Z",
                    "2026-03-28T01:23:05Z",
                    "2026-03-28T01:23:36Z",
                    "2026-03-28T01:24:06Z",
                    "2026-03-28T01:24:38Z",
                    "2026-03-28T01:25:08Z",
                    "2026-03-28T01:25:46Z",
                    "2026-03-28T01:26:39Z",
                    "2026-03-28T01:27:12Z",
                    "2026-03-28T01:27:59Z",
                    "2026-03-28T01:28:44Z",
                    "2026-03-28T01:29:16Z",
                    "2026-03-28T01:29:55Z",
                    "2026-03-28T01:30:34Z",
                    "2026-03-28T01:31:08Z",
                    "2026-03-28T01:31:49Z",
                    "2026-03-28T01:32:26Z",
                    "2026-03-28T01:33:09Z",
                    "2026-03-28T01:33:49Z",
                    "2026-03-28T01:34:16Z",
                    "2026-03-28T01:34:48Z",
                    "2026-03-28T01:35:23Z",
                    "2026-03-28T01:35:52Z",
                    "2026-03-28T01:36:23Z",
                    "2026-03-28T01:36:48Z",
                    "2026-03-28T01:37:45Z",
                    "2026-03-28T01:38:12Z",
                    "2026-03-28T01:38:40Z",
                    "2026-03-28T01:39:23Z",
                    "2026-03-28T01:39:49Z",
                    "2026-03-28T01:40:15Z",
                    "2026-03-28T01:40:41Z",
                    "2026-03-28T01:41:09Z",
                    "2026-03-28T01:41:58Z",
                    "2026-03-28T01:48:24Z",
                    "2026-03-28T01:48:50Z",
                    "2026-03-28T01:49:34Z",
                    "2026-03-28T01:50:15Z",
                    "2026-03-28T01:50:52Z",
                    "2026-03-28T01:51:28Z",
                    "2026-03-28T01:51:59Z",
                    "2026-03-28T01:52:37Z",
                    "2026-03-28T01:53:01Z",
                    "2026-03-28T01:53:32Z",
                    "2026-03-28T01:54:06Z",
                    "2026-03-28T01:54:34Z",
                    "2026-03-28T01:55:02Z",
                    "2026-03-28T01:55:40Z",
                    "2026-03-28T01:56:05Z",
                    "2026-03-28T01:56:41Z",
                    "2026-03-28T01:57:08Z",
                    "2026-03-28T01:57:59Z",
                    "2026-03-28T01:58:23Z",
                    "2026-03-28T01:58:47Z",
                    "2026-03-28T01:59:11Z",
                    "2026-03-28T01:59:34Z",
                    "2026-03-28T01:59:59Z",
                    "2026-03-28T02:00:24Z",
                    "2026-03-28T02:00:49Z",
                    "2026-03-28T02:01:13Z",
                    "2026-03-28T02:01:37Z",
                    "2026-03-28T02:02:06Z",
                    "2026-03-28T02:02:31Z",
                    "2026-03-28T02:03:00Z",
                    "2026-03-28T02:03:52Z",
                    "2026-03-28T02:04:16Z",
                    "2026-03-28T02:04:42Z",
                    "2026-03-28T02:05:06Z",
                    "2026-03-28T02:05:34Z",
                    "2026-03-28T02:06:00Z",
                    "2026-03-28T02:06:24Z",
                    "2026-03-28T02:06:47Z",
                    "2026-03-28T02:07:11Z",
                    "2026-03-28T02:07:37Z",
                    "2026-03-28T02:08:02Z",
                    "2026-03-28T02:08:25Z",
                    "2026-03-28T02:08:51Z",
                    "2026-03-28T02:09:21Z",
                    "2026-03-28T02:09:47Z",
                    "2026-03-28T02:10:11Z",
                    "2026-03-28T02:10:41Z",
                    "2026-03-28T02:11:17Z",
                    "2026-03-28T02:11:57Z",
                    "2026-03-28T02:12:50Z",
                    "2026-03-28T02:13:25Z",
                    "2026-03-28T02:13:53Z",
                    "2026-03-28T02:14:22Z",
                    "2026-03-28T02:14:50Z",
                    "2026-03-28T02:15:19Z",
                    "2026-03-28T02:15:50Z",
                    "2026-03-28T02:16:24Z",
                    "2026-03-28T02:16:55Z",
                    "2026-03-28T02:17:22Z",
                    "2026-03-28T02:17:48Z",
                    "2026-03-28T02:18:32Z",
                    "2026-03-28T02:18:57Z",
                    "2026-03-28T02:19:29Z",
                    "2026-03-28T02:20:00Z",
                    "2026-03-28T02:20:32Z",
                    "2026-03-28T02:21:03Z",
                    "2026-03-28T02:21:36Z",
                    "2026-03-28T02:22:07Z",
                    "2026-03-28T02:22:42Z",
                    "2026-03-28T02:23:13Z",
                    "2026-03-28T02:23:43Z",
                    "2026-03-28T02:24:13Z",
                    "2026-03-28T02:24:36Z",
                    "2026-03-28T02:25:02Z",
                    "2026-03-28T02:25:26Z",
                    "2026-03-28T02:25:52Z",
                    "2026-03-28T02:26:19Z",
                    "2026-03-28T02:26:45Z",
                    "2026-03-28T02:27:12Z",
                    "2026-03-28T02:27:40Z",
                    "2026-03-28T02:28:06Z",
                    "2026-03-28T02:28:33Z",
                    "2026-03-28T02:28:59Z",
                    "2026-03-28T02:29:26Z",
                    "2026-03-28T02:29:53Z",
                    "2026-03-28T02:30:18Z",
                    "2026-03-28T02:30:46Z",
                    "2026-03-28T02:31:13Z",
                    "2026-03-28T02:31:39Z",
                    "2026-03-28T02:32:05Z",
                    "2026-03-28T02:32:31Z",
                    "2026-03-28T02:32:55Z",
                    "2026-03-28T02:33:21Z",
                    "2026-03-28T02:33:41Z",
                    "2026-03-28T02:56:38Z",
                    "2026-03-28T02:57:11Z",
                    "2026-03-28T02:57:36Z",
                    "2026-03-28T02:58:02Z",
                    "2026-03-28T02:58:28Z",
                    "2026-03-28T02:58:54Z",
                    "2026-03-28T02:59:20Z",
                    "2026-03-28T02:59:47Z",
                    "2026-03-28T03:00:13Z",
                    "2026-03-28T03:00:40Z",
                    "2026-03-28T03:01:06Z",
                    "2026-03-28T03:01:31Z",
                    "2026-03-28T03:01:57Z",
                    "2026-03-28T03:02:24Z",
                    "2026-03-28T03:02:51Z",
                    "2026-03-28T03:03:17Z",
                    "2026-03-28T03:03:43Z",
                    "2026-03-28T03:04:10Z",
                    "2026-03-28T03:04:37Z",
                    "2026-03-28T03:05:13Z",
                    "2026-03-28T03:05:39Z",
                    "2026-03-28T03:06:05Z",
                    "2026-03-28T03:06:32Z",
                    "2026-03-28T03:06:58Z",
                    "2026-03-28T03:07:26Z",
                    "2026-03-28T03:08:02Z",
                    "2026-03-28T03:08:39Z",
                    "2026-03-28T03:09:20Z",
                    "2026-03-28T03:09:51Z",
                    "2026-03-28T03:10:19Z",
                    "2026-03-28T03:10:45Z",
                    "2026-03-28T03:11:18Z",
                    "2026-03-28T03:11:54Z",
                    "2026-03-28T03:12:27Z",
                    "2026-03-28T03:13:05Z",
                    "2026-03-28T03:14:00Z",
                    "2026-03-28T03:14:40Z",
                    "2026-03-28T03:15:18Z",
                    "2026-03-28T03:15:55Z",
                    "2026-03-28T03:16:32Z",
                    "2026-03-28T03:17:07Z",
                    "2026-03-28T03:17:33Z",
                    "2026-03-28T03:18:02Z",
                    "2026-03-28T03:18:29Z",
                    "2026-03-28T03:18:53Z",
                    "2026-03-28T03:19:19Z",
                    "2026-03-28T03:19:54Z",
                    "2026-03-28T03:20:36Z",
                    "2026-03-28T03:21:00Z",
                    "2026-03-28T03:21:25Z",
                    "2026-03-28T03:21:50Z",
                    "2026-03-28T03:22:16Z",
                    "2026-03-28T03:22:40Z",
                    "2026-03-28T03:23:08Z",
                    "2026-03-28T03:23:34Z",
                    "2026-03-28T03:23:59Z",
                    "2026-03-28T03:24:28Z",
                    "2026-03-28T03:25:36Z",
                    "2026-03-28T03:26:12Z",
                    "2026-03-28T03:26:42Z",
                    "2026-03-28T03:27:12Z",
                    "2026-03-28T03:27:40Z",
                    "2026-03-28T03:28:08Z",
                    "2026-03-28T03:28:39Z",
                    "2026-03-28T03:29:12Z",
                    "2026-03-28T03:29:42Z",
                    "2026-03-28T03:30:16Z",
                    "2026-03-28T03:30:50Z",
                    "2026-03-28T03:32:00Z",
                    "2026-03-28T03:32:34Z",
                    "2026-03-28T03:33:15Z",
                    "2026-03-28T03:33:44Z",
                    "2026-03-28T03:34:12Z",
                    "2026-03-28T03:34:39Z",
                    "2026-03-28T03:35:08Z",
                    "2026-03-28T03:35:37Z",
                    "2026-03-28T03:38:10Z",
                    "2026-03-28T03:45:16Z",
                    "2026-03-28T03:46:21Z",
                    "2026-03-28T03:46:48Z",
                    "2026-03-28T03:47:16Z",
                    "2026-03-28T03:47:43Z",
                    "2026-03-28T03:48:09Z",
                    "2026-03-28T03:48:43Z",
                    "2026-03-28T03:49:25Z",
                    "2026-03-28T03:50:06Z",
                    "2026-03-28T03:50:34Z",
                    "2026-03-28T03:51:10Z",
                    "2026-03-28T03:51:45Z",
                    "2026-03-28T03:52:28Z",
                    "2026-03-28T03:53:03Z",
                    "2026-03-28T03:53:37Z",
                    "2026-03-28T03:54:22Z",
                    "2026-03-28T03:54:53Z",
                    "2026-03-28T03:55:17Z",
                    "2026-03-28T03:55:48Z",
                    "2026-03-28T03:56:18Z",
                    "2026-03-28T03:56:57Z",
                    "2026-03-28T03:57:40Z",
                    "2026-03-28T03:58:06Z",
                    "2026-03-28T03:58:30Z",
                    "2026-03-28T03:59:02Z",
                    "2026-03-28T03:59:27Z",
                    "2026-03-28T03:59:53Z",
                    "2026-03-28T04:00:19Z",
                    "2026-03-28T04:00:47Z",
                    "2026-03-28T04:01:17Z",
                    "2026-03-28T04:01:46Z",
                    "2026-03-28T04:02:13Z",
                    "2026-03-28T04:02:43Z",
                    "2026-03-28T04:03:16Z",
                    "2026-03-28T04:03:42Z",
                    "2026-03-28T04:04:10Z",
                    "2026-03-28T04:04:38Z",
                    "2026-03-28T04:05:06Z",
                    "2026-03-28T04:05:37Z",
                    "2026-03-28T04:06:03Z",
                    "2026-03-28T04:06:30Z",
                    "2026-03-28T04:06:57Z",
                    "2026-03-28T04:07:23Z",
                    "2026-03-28T04:07:50Z",
                    "2026-03-28T04:08:15Z",
                    "2026-03-28T04:08:41Z",
                    "2026-03-28T04:09:07Z",
                    "2026-03-28T04:09:33Z",
                    "2026-03-28T04:09:59Z",
                    "2026-03-28T04:10:27Z",
                    "2026-03-28T04:10:53Z",
                    "2026-03-28T04:11:19Z",
                    "2026-03-28T04:11:46Z",
                    "2026-03-28T04:12:12Z",
                    "2026-03-28T04:12:40Z",
                    "2026-03-28T04:13:04Z",
                    "2026-03-28T04:13:31Z",
                    "2026-03-28T04:14:02Z",
                    "2026-03-28T04:14:39Z",
                    "2026-03-28T04:15:23Z",
                    "2026-03-28T04:16:04Z",
                    "2026-03-28T04:16:34Z",
                    "2026-03-28T04:17:07Z",
                    "2026-03-28T04:17:58Z",
                    "2026-03-28T04:18:31Z",
                    "2026-03-28T04:19:21Z",
                    "2026-03-28T04:19:52Z",
                    "2026-03-28T04:20:28Z",
                    "2026-03-28T04:21:07Z",
                    "2026-03-28T04:21:39Z",
                    "2026-03-28T04:22:10Z",
                    "2026-03-28T04:22:53Z",
                    "2026-03-28T04:23:37Z",
                    "2026-03-28T04:24:03Z",
                    "2026-03-28T04:24:33Z",
                    "2026-03-28T04:25:03Z",
                    "2026-03-28T04:25:36Z",
                    "2026-03-28T04:26:48Z",
                    "2026-03-28T04:27:14Z",
                    "2026-03-28T04:27:43Z",
                    "2026-03-28T04:28:16Z",
                    "2026-03-28T04:28:47Z",
                    "2026-03-28T04:29:24Z",
                    "2026-03-28T04:30:12Z",
                    "2026-03-28T04:30:38Z",
                    "2026-03-28T04:31:04Z",
                    "2026-03-28T04:33:13Z",
                    "2026-03-28T04:33:51Z",
                    "2026-03-28T04:34:39Z",
                    "2026-03-28T04:35:13Z",
                    "2026-03-28T04:36:06Z",
                    "2026-03-28T04:37:03Z",
                    "2026-03-28T04:37:56Z",
                    "2026-03-28T04:38:47Z",
                    "2026-03-28T04:39:32Z",
                    "2026-03-28T04:40:51Z",
                    "2026-03-28T04:41:46Z",
                    "2026-03-28T04:42:47Z",
                    "2026-03-28T04:43:49Z",
                    "2026-03-28T04:44:24Z",
                    "2026-03-28T04:47:08Z",
                    "2026-03-28T04:47:41Z",
                    "2026-03-28T04:48:19Z",
                    "2026-03-28T04:48:53Z",
                    "2026-03-28T04:49:34Z",
                    "2026-03-28T04:50:02Z",
                    "2026-03-28T04:50:28Z",
                    "2026-03-28T04:50:52Z",
                    "2026-03-28T04:51:18Z",
                    "2026-03-28T04:51:46Z",
                    "2026-03-28T04:52:14Z",
                    "2026-03-28T04:52:39Z",
                    "2026-03-28T04:53:13Z",
                    "2026-03-28T04:53:43Z",
                    "2026-03-28T04:54:08Z",
                    "2026-03-28T04:54:36Z",
                    "2026-03-28T04:55:05Z",
                    "2026-03-28T04:55:31Z",
                    "2026-03-28T04:55:58Z",
                    "2026-03-28T04:56:25Z",
                    "2026-03-28T04:56:52Z",
                    "2026-03-28T04:57:20Z",
                    "2026-03-28T04:57:50Z",
                    "2026-03-28T04:58:16Z",
                    "2026-03-28T04:58:43Z",
                    "2026-03-28T04:59:24Z",
                    "2026-03-28T05:00:00Z",
                    "2026-03-28T05:00:33Z",
                    "2026-03-28T05:01:06Z",
                    "2026-03-28T05:01:46Z",
                    "2026-03-28T05:02:23Z",
                    "2026-03-28T05:03:00Z",
                    "2026-03-28T05:03:31Z",
                    "2026-03-28T05:04:15Z",
                    "2026-03-28T05:04:45Z",
                    "2026-03-28T05:05:13Z",
                    "2026-03-28T05:05:42Z",
                    "2026-03-28T05:06:07Z",
                    "2026-03-28T05:06:37Z",
                    "2026-03-28T05:07:05Z",
                    "2026-03-28T05:07:31Z",
                    "2026-03-28T05:07:58Z",
                    "2026-03-28T05:08:27Z",
                    "2026-03-28T05:08:53Z",
                    "2026-03-28T05:09:19Z",
                    "2026-03-28T05:09:49Z",
                    "2026-03-28T05:10:22Z",
                    "2026-03-28T05:10:54Z",
                    "2026-03-28T05:11:28Z",
                    "2026-03-28T05:12:02Z",
                    "2026-03-28T05:12:31Z",
                    "2026-03-28T05:12:55Z",
                    "2026-03-28T05:13:21Z",
                    "2026-03-28T05:13:57Z",
                    "2026-03-28T05:14:29Z",
                    "2026-03-28T05:15:06Z",
                    "2026-03-28T05:15:45Z",
                    "2026-03-28T05:16:27Z",
                    "2026-03-28T05:17:03Z",
                    "2026-03-28T05:17:43Z",
                    "2026-03-28T05:18:29Z",
                    "2026-03-28T05:19:03Z",
                    "2026-03-28T05:20:30Z",
                    "2026-03-28T05:20:56Z",
                    "2026-03-28T05:21:23Z",
                    "2026-03-28T05:21:53Z",
                    "2026-03-28T05:22:43Z",
                    "2026-03-28T05:23:26Z",
                    "2026-03-28T05:23:52Z",
                    "2026-03-28T05:24:18Z",
                    "2026-03-28T05:24:44Z",
                    "2026-03-28T05:25:09Z",
                    "2026-03-28T05:25:37Z",
                    "2026-03-28T05:26:05Z",
                    "2026-03-28T05:26:46Z",
                    "2026-03-28T05:27:17Z",
                    "2026-03-28T05:28:17Z",
                    "2026-03-28T05:29:07Z",
                    "2026-03-28T05:29:49Z",
                    "2026-03-28T05:30:28Z",
                    "2026-03-28T05:31:44Z",
                    "2026-03-28T05:32:21Z",
                    "2026-03-28T05:33:50Z",
                    "2026-03-28T05:34:25Z",
                    "2026-03-28T05:35:03Z",
                    "2026-03-28T05:35:40Z",
                    "2026-03-28T05:36:37Z",
                    "2026-03-28T05:37:18Z",
                    "2026-03-28T05:38:01Z",
                    "2026-03-28T05:38:29Z",
                    "2026-03-28T05:38:56Z",
                    "2026-03-28T05:39:30Z",
                    "2026-03-28T05:40:04Z",
                    "2026-03-28T05:40:29Z",
                    "2026-03-28T05:40:59Z",
                    "2026-03-28T05:41:24Z",
                    "2026-03-28T05:41:52Z",
                    "2026-03-28T05:42:21Z",
                    "2026-03-28T05:42:47Z",
                    "2026-03-28T05:43:15Z",
                    "2026-03-28T05:43:51Z",
                    "2026-03-28T05:44:20Z",
                    "2026-03-28T05:44:50Z",
                    "2026-03-28T05:45:24Z",
                    "2026-03-28T05:47:49Z",
                    "2026-03-28T05:48:23Z",
                    "2026-03-28T05:49:20Z",
                    "2026-03-28T05:50:12Z",
                    "2026-03-28T05:51:06Z",
                    "2026-03-28T05:51:51Z",
                    "2026-03-28T05:52:30Z",
                    "2026-03-28T05:53:04Z",
                    "2026-03-28T05:53:35Z",
                    "2026-03-28T05:54:11Z",
                    "2026-03-28T05:54:41Z",
                    "2026-03-28T05:55:20Z",
                    "2026-03-28T05:56:04Z",
                    "2026-03-28T05:56:44Z",
                    "2026-03-28T05:57:16Z",
                    "2026-03-28T05:57:53Z",
                    "2026-03-28T05:58:52Z",
                    "2026-03-28T05:59:19Z",
                    "2026-03-28T05:59:48Z",
                    "2026-03-28T06:00:17Z",
                    "2026-03-28T06:03:28Z",
                    "2026-03-28T06:03:54Z",
                    "2026-03-28T06:04:20Z",
                    "2026-03-28T06:04:58Z",
                    "2026-03-28T06:05:24Z",
                    "2026-03-28T06:05:51Z",
                    "2026-03-28T06:06:18Z",
                    "2026-03-28T06:06:45Z",
                    "2026-03-28T06:07:11Z",
                    "2026-03-28T06:07:38Z",
                    "2026-03-28T06:08:03Z",
                    "2026-03-28T06:08:29Z",
                    "2026-03-28T06:08:56Z",
                    "2026-03-28T06:09:23Z",
                    "2026-03-28T06:09:50Z",
                    "2026-03-28T06:10:16Z",
                    "2026-03-28T06:10:42Z",
                    "2026-03-28T06:11:24Z",
                    "2026-03-28T06:11:53Z",
                    "2026-03-28T06:12:20Z",
                    "2026-03-28T06:12:51Z",
                    "2026-03-28T06:13:15Z",
                    "2026-03-28T06:13:41Z",
                    "2026-03-28T06:14:09Z",
                    "2026-03-28T06:14:35Z",
                    "2026-03-28T06:15:03Z",
                    "2026-03-28T06:15:30Z",
                    "2026-03-28T06:15:57Z",
                    "2026-03-28T06:16:23Z",
                    "2026-03-28T06:16:50Z",
                    "2026-03-28T06:17:17Z",
                    "2026-03-28T06:17:46Z",
                    "2026-03-28T06:18:12Z",
                    "2026-03-28T06:18:39Z",
                    "2026-03-28T06:19:08Z",
                    "2026-03-28T06:19:35Z",
                    "2026-03-28T06:20:01Z",
                    "2026-03-28T06:20:32Z",
                    "2026-03-28T06:21:05Z",
                    "2026-03-28T06:21:41Z",
                    "2026-03-28T06:22:21Z",
                    "2026-03-28T06:22:58Z",
                    "2026-03-28T06:23:51Z",
                    "2026-03-28T06:24:22Z",
                    "2026-03-28T06:25:16Z",
                    "2026-03-28T06:25:46Z",
                    "2026-03-28T06:26:19Z",
                    "2026-03-28T06:26:56Z",
                    "2026-03-28T06:27:32Z",
                    "2026-03-28T06:28:14Z",
                    "2026-03-28T06:28:47Z",
                    "2026-03-28T06:29:22Z",
                    "2026-03-28T06:29:57Z",
                    "2026-03-28T06:30:25Z",
                    "2026-03-28T06:30:55Z",
                    "2026-03-28T06:31:31Z",
                    "2026-03-28T06:32:12Z",
                    "2026-03-28T06:32:48Z",
                    "2026-03-28T06:33:20Z",
                    "2026-03-28T06:34:06Z",
                    "2026-03-28T06:34:41Z",
                    "2026-03-28T06:35:31Z",
                    "2026-03-28T06:37:02Z",
                    "2026-03-28T06:37:38Z",
                    "2026-03-28T06:38:21Z",
                    "2026-03-28T06:39:29Z",
                    "2026-03-28T06:40:08Z",
                    "2026-03-28T06:41:06Z",
                    "2026-03-28T06:41:44Z",
                    "2026-03-28T06:42:19Z",
                    "2026-03-28T06:42:54Z",
                    "2026-03-28T06:43:43Z",
                    "2026-03-28T06:44:20Z",
                    "2026-03-28T06:44:53Z",
                    "2026-03-28T06:46:13Z",
                    "2026-03-28T06:46:47Z",
                    "2026-03-28T06:47:28Z",
                    "2026-03-28T06:48:01Z",
                    "2026-03-28T06:48:51Z",
                    "2026-03-28T06:49:20Z",
                    "2026-03-28T06:50:01Z",
                    "2026-03-28T06:50:44Z",
                    "2026-03-28T06:51:16Z",
                    "2026-03-28T06:51:48Z",
                    "2026-03-28T06:53:10Z",
                    "2026-03-28T06:53:55Z",
                    "2026-03-28T06:54:31Z",
                    "2026-03-28T06:54:56Z",
                    "2026-03-28T06:55:27Z",
                    "2026-03-28T06:55:57Z",
                    "2026-03-28T06:56:26Z",
                    "2026-03-28T06:56:57Z",
                    "2026-03-28T06:57:26Z",
                    "2026-03-28T06:57:59Z",
                    "2026-03-28T06:58:32Z",
                    "2026-03-28T06:59:03Z",
                    "2026-03-28T06:59:34Z",
                    "2026-03-28T07:00:02Z",
                    "2026-03-28T07:00:34Z",
                    "2026-03-28T07:01:02Z",
                    "2026-03-28T07:01:28Z",
                    "2026-03-28T07:01:56Z",
                    "2026-03-28T07:02:27Z",
                    "2026-03-28T07:02:55Z",
                    "2026-03-28T07:03:36Z",
                    "2026-03-28T07:04:42Z",
                    "2026-03-28T07:06:17Z",
                    "2026-03-28T07:07:07Z",
                    "2026-03-28T07:07:56Z",
                    "2026-03-28T07:08:47Z",
                    "2026-03-28T07:09:39Z",
                    "2026-03-28T07:10:45Z",
                    "2026-03-28T07:11:26Z",
                    "2026-03-28T07:12:34Z",
                    "2026-03-28T07:13:20Z",
                    "2026-03-28T07:14:01Z",
                    "2026-03-28T07:15:09Z",
                    "2026-03-28T07:24:40Z",
                    "2026-03-28T07:25:20Z",
                    "2026-03-28T07:26:02Z",
                    "2026-03-28T07:27:06Z",
                    "2026-03-28T07:27:40Z",
                    "2026-03-28T07:28:20Z",
                    "2026-03-28T07:29:07Z",
                    "2026-03-28T07:29:50Z",
                    "2026-03-28T07:30:30Z",
                    "2026-03-28T07:32:04Z",
                    "2026-03-28T07:32:41Z",
                    "2026-03-28T07:33:22Z",
                    "2026-03-28T07:33:49Z",
                    "2026-03-28T07:34:15Z",
                    "2026-03-28T07:34:54Z",
                    "2026-03-28T07:35:44Z",
                    "2026-03-28T07:36:14Z",
                    "2026-03-28T07:36:42Z",
                    "2026-03-28T07:37:21Z",
                    "2026-03-28T07:37:57Z",
                    "2026-03-28T07:39:45Z",
                    "2026-03-28T07:40:17Z",
                    "2026-03-28T07:40:51Z",
                    "2026-03-28T07:41:57Z",
                    "2026-03-28T07:42:27Z",
                    "2026-03-28T07:42:55Z",
                    "2026-03-28T07:43:21Z",
                    "2026-03-28T07:44:10Z",
                    "2026-03-28T07:44:36Z",
                    "2026-03-28T07:45:02Z",
                    "2026-03-28T07:45:27Z",
                    "2026-03-28T07:45:52Z",
                    "2026-03-28T07:46:25Z",
                    "2026-03-28T07:46:52Z",
                    "2026-03-28T07:47:17Z",
                    "2026-03-28T07:47:43Z",
                    "2026-03-28T07:48:09Z",
                    "2026-03-28T07:48:34Z",
                    "2026-03-28T07:49:01Z",
                    "2026-03-28T07:49:28Z",
                    "2026-03-28T07:49:54Z",
                    "2026-03-28T07:50:17Z",
                    "2026-03-28T07:50:41Z",
                    "2026-03-28T07:51:08Z",
                    "2026-03-28T07:51:37Z",
                    "2026-03-28T07:52:04Z",
                    "2026-03-28T07:52:30Z",
                    "2026-03-28T07:53:00Z",
                    "2026-03-28T07:53:28Z",
                    "2026-03-28T07:53:53Z",
                    "2026-03-28T07:54:22Z",
                    "2026-03-28T07:55:14Z",
                    "2026-03-28T07:55:43Z",
                    "2026-03-28T07:56:22Z",
                    "2026-03-28T07:57:20Z",
                    "2026-03-28T07:57:57Z",
                    "2026-03-28T07:58:27Z",
                    "2026-03-28T07:59:01Z",
                    "2026-03-28T07:59:33Z",
                    "2026-03-28T08:00:02Z",
                    "2026-03-28T08:00:34Z",
                    "2026-03-28T08:01:06Z",
                    "2026-03-28T08:01:55Z",
                    "2026-03-28T08:02:37Z",
                    "2026-03-28T08:05:27Z",
                    "2026-03-28T08:06:08Z",
                    "2026-03-28T08:07:00Z",
                    "2026-03-28T08:07:45Z",
                    "2026-03-28T08:08:18Z",
                    "2026-03-28T08:08:46Z",
                    "2026-03-28T08:09:11Z",
                    "2026-03-28T08:09:37Z",
                    "2026-03-28T08:10:04Z",
                    "2026-03-28T08:10:30Z",
                    "2026-03-28T08:10:56Z",
                    "2026-03-28T08:11:36Z",
                    "2026-03-28T08:12:16Z",
                    "2026-03-28T08:12:43Z",
                    "2026-03-28T08:13:09Z",
                    "2026-03-28T08:13:37Z",
                    "2026-03-28T08:14:15Z",
                    "2026-03-28T08:14:49Z",
                    "2026-03-28T08:15:17Z",
                    "2026-03-28T08:15:41Z",
                    "2026-03-28T08:16:07Z",
                    "2026-03-28T08:16:35Z",
                    "2026-03-28T08:17:04Z",
                    "2026-03-28T08:17:42Z",
                    "2026-03-28T08:18:20Z",
                    "2026-03-28T08:18:53Z",
                    "2026-03-28T08:19:19Z",
                    "2026-03-28T08:19:52Z",
                    "2026-03-28T08:20:30Z",
                    "2026-03-28T08:21:08Z",
                    "2026-03-28T08:21:42Z",
                    "2026-03-28T08:26:36Z",
                    "2026-03-28T08:27:11Z",
                    "2026-03-28T08:27:47Z",
                    "2026-03-28T08:28:36Z",
                    "2026-03-28T08:29:13Z",
                    "2026-03-28T08:29:47Z",
                    "2026-03-28T08:30:22Z",
                    "2026-03-28T08:30:54Z",
                    "2026-03-28T08:31:37Z",
                    "2026-03-28T08:32:07Z",
                    "2026-03-28T08:32:55Z",
                    "2026-03-28T08:33:33Z",
                    "2026-03-28T08:34:11Z",
                    "2026-03-28T08:34:54Z",
                    "2026-03-28T08:36:00Z",
                    "2026-03-28T08:36:47Z",
                    "2026-03-28T08:37:21Z",
                    "2026-03-28T08:37:54Z",
                    "2026-03-28T08:38:29Z",
                    "2026-03-28T08:38:56Z",
                    "2026-03-28T08:39:25Z",
                    "2026-03-28T08:39:54Z",
                    "2026-03-28T08:40:38Z",
                    "2026-03-28T08:41:07Z",
                    "2026-03-28T08:41:37Z",
                    "2026-03-28T08:42:15Z",
                    "2026-03-28T08:42:43Z",
                    "2026-03-28T08:43:04Z"
                ]
            },
            "geometry": {
                "type": "LineString",
                "coordinates": [
                    [
                        136.96561458812968,
                        35.426191881203366,
                        73
                    ],
                    [
                        136.96538477491222,
                        35.42646616970624,
                        72
                    ],
                    [
                        136.96533039086142,
                        35.42654690162309,
                        77
                    ],
                    [
                        136.9649986394464,
                        35.42659226237855,
                        82
                    ],
                    [
                        136.96482930164112,
                        35.42638810155124,
                        84
                    ],
                    [
                        136.96490688798545,
                        35.426214763484396,
                        94
                    ],
                    [
                        136.964730860378,
                        35.42609354539125,
                        97
                    ],
                    [
                        136.9646538265798,
                        35.42595659832459,
                        120
                    ],
                    [
                        136.9644459149693,
                        35.42599155562772,
                        126
                    ],
                    [
                        136.96429665067086,
                        35.42599269052308,
                        135
                    ],
                    [
                        136.9640942234057,
                        35.42603638008987,
                        140
                    ],
                    [
                        136.96401415117964,
                        35.425968583649876,
                        151
                    ],
                    [
                        136.96384811106685,
                        35.42588882360899,
                        161
                    ],
                    [
                        136.96360636277603,
                        35.425839905185235,
                        176
                    ],
                    [
                        136.96335606655816,
                        35.42578603605692,
                        183
                    ],
                    [
                        136.96310537331283,
                        35.42573609046477,
                        190
                    ],
                    [
                        136.96285223827306,
                        35.425669149240576,
                        197
                    ],
                    [
                        136.96286039835394,
                        35.425536617029586,
                        209
                    ],
                    [
                        136.96285473587494,
                        35.425337542445,
                        214
                    ],
                    [
                        136.96308788208623,
                        35.42519900328488,
                        225
                    ],
                    [
                        136.96336420481424,
                        35.425058104270555,
                        229
                    ],
                    [
                        136.96343420324908,
                        35.42486407626531,
                        235
                    ],
                    [
                        136.96331500298098,
                        35.42477938713446,
                        234
                    ],
                    [
                        136.96311729547492,
                        35.42478075858976,
                        250
                    ],
                    [
                        136.96296052112172,
                        35.42464606392366,
                        260
                    ],
                    [
                        136.96276381687426,
                        35.42462243776794,
                        270
                    ],
                    [
                        136.96250420372735,
                        35.424515164183,
                        277
                    ],
                    [
                        136.96233597846745,
                        35.42450543431223,
                        268
                    ],
                    [
                        136.9621384595451,
                        35.42432582780063,
                        264
                    ],
                    [
                        136.96191459229476,
                        35.4242142491138,
                        269
                    ],
                    [
                        136.96170224516678,
                        35.424156842984694,
                        274
                    ],
                    [
                        136.9613021649085,
                        35.42400990986181,
                        271
                    ],
                    [
                        136.96085158046878,
                        35.42380405389875,
                        270
                    ],
                    [
                        136.9605624972413,
                        35.42374101909897,
                        273
                    ],
                    [
                        136.96033979553533,
                        35.423823445917044,
                        280
                    ],
                    [
                        136.96007348825722,
                        35.423713706635006,
                        291
                    ],
                    [
                        136.95984753538448,
                        35.423665434649635,
                        295
                    ],
                    [
                        136.95968357681883,
                        35.42361096004387,
                        305
                    ],
                    [
                        136.95937890222655,
                        35.423739385350274,
                        298
                    ],
                    [
                        136.95905786282844,
                        35.42393876459453,
                        301
                    ],
                    [
                        136.9588383438387,
                        35.42411333884343,
                        304
                    ],
                    [
                        136.95862287006278,
                        35.42425335843813,
                        312
                    ],
                    [
                        136.95823080001784,
                        35.42421548275392,
                        312
                    ],
                    [
                        136.9579508713141,
                        35.42425252651782,
                        317
                    ],
                    [
                        136.95771610148392,
                        35.42434145850204,
                        322
                    ],
                    [
                        136.95742930264345,
                        35.424377601607766,
                        330
                    ],
                    [
                        136.95719322553762,
                        35.424591910509186,
                        326
                    ],
                    [
                        136.95690622371066,
                        35.42481144168148,
                        324
                    ],
                    [
                        136.956551630177,
                        35.4250196361243,
                        328
                    ],
                    [
                        136.95629741220944,
                        35.42521289456798,
                        330
                    ],
                    [
                        136.9559635283546,
                        35.42527686197008,
                        335
                    ],
                    [
                        136.95567773017163,
                        35.42533465116315,
                        342
                    ],
                    [
                        136.95532234160558,
                        35.42549019176597,
                        346
                    ],
                    [
                        136.9549334310829,
                        35.42557051415604,
                        343
                    ],
                    [
                        136.95456501378746,
                        35.42578769643799,
                        337
                    ],
                    [
                        136.95396698664422,
                        35.42596200465796,
                        328
                    ],
                    [
                        136.9535117729183,
                        35.4262090998246,
                        326
                    ],
                    [
                        136.95311851079273,
                        35.42644090617079,
                        325
                    ],
                    [
                        136.95280950534539,
                        35.42660879821157,
                        327
                    ],
                    [
                        136.95253896444675,
                        35.426808480599995,
                        324
                    ],
                    [
                        136.9521771348986,
                        35.4270445623945,
                        322
                    ],
                    [
                        136.95203798124234,
                        35.42715747779943,
                        325
                    ],
                    [
                        136.95176611000065,
                        35.42740595407321,
                        332
                    ],
                    [
                        136.95135456949674,
                        35.427661927973965,
                        334
                    ],
                    [
                        136.9511008913186,
                        35.427945043606236,
                        336
                    ],
                    [
                        136.95077216540315,
                        35.42818230906271,
                        336
                    ],
                    [
                        136.9503780909976,
                        35.428437058318984,
                        338
                    ],
                    [
                        136.9500660426386,
                        35.428678931848566,
                        343
                    ],
                    [
                        136.9496627654705,
                        35.42883094187898,
                        343
                    ],
                    [
                        136.94943407355956,
                        35.42891667305582,
                        347
                    ],
                    [
                        136.94925172473975,
                        35.429065099461674,
                        354
                    ],
                    [
                        136.9490607072716,
                        35.42917221054262,
                        367
                    ],
                    [
                        136.94889983823794,
                        35.429285405476854,
                        376
                    ],
                    [
                        136.94868526337652,
                        35.42940341024338,
                        382
                    ],
                    [
                        136.94853557472803,
                        35.42946703159509,
                        385
                    ],
                    [
                        136.9481992397919,
                        35.429426048247954,
                        381
                    ],
                    [
                        136.9478474523799,
                        35.42935031071483,
                        379
                    ],
                    [
                        136.9474748343466,
                        35.42937796217159,
                        375
                    ],
                    [
                        136.94708628784855,
                        35.4293873170473,
                        371
                    ],
                    [
                        136.9466667792149,
                        35.42932398780349,
                        360
                    ],
                    [
                        136.9462331870202,
                        35.42931424681372,
                        365
                    ],
                    [
                        136.94584884956038,
                        35.429040000252954,
                        363
                    ],
                    [
                        136.94568803134558,
                        35.4288379849731,
                        368
                    ],
                    [
                        136.94555208724879,
                        35.428661872450704,
                        375
                    ],
                    [
                        136.94543566874603,
                        35.428558609461156,
                        383
                    ],
                    [
                        136.94541633169925,
                        35.42827384015165,
                        388
                    ],
                    [
                        136.94549035810914,
                        35.42809707409118,
                        385
                    ],
                    [
                        136.9454038650066,
                        35.42837626718564,
                        385
                    ],
                    [
                        136.94544745827997,
                        35.4285242450268,
                        381
                    ],
                    [
                        136.9456153356886,
                        35.42870494758786,
                        372
                    ],
                    [
                        136.945883234834,
                        35.42898992541249,
                        363
                    ],
                    [
                        136.9461757621209,
                        35.42926725930609,
                        365
                    ],
                    [
                        136.94666264523525,
                        35.4293096085162,
                        360
                    ],
                    [
                        136.94698494575658,
                        35.42939751678969,
                        366
                    ],
                    [
                        136.9473434244045,
                        35.42944272362165,
                        373
                    ],
                    [
                        136.94778532633018,
                        35.42942541101324,
                        375
                    ],
                    [
                        136.94817483193017,
                        35.42948336388341,
                        374
                    ],
                    [
                        136.94863411797147,
                        35.429722448028755,
                        367
                    ],
                    [
                        136.9483343717698,
                        35.4298238483894,
                        356
                    ],
                    [
                        136.94843231033119,
                        35.42989759706267,
                        357
                    ],
                    [
                        136.9488596349559,
                        35.43006946404913,
                        348
                    ],
                    [
                        136.94887425636247,
                        35.43040995854723,
                        343
                    ],
                    [
                        136.94844862780695,
                        35.43041185870896,
                        333
                    ],
                    [
                        136.9480781043388,
                        35.430843331693865,
                        323
                    ],
                    [
                        136.94767510040938,
                        35.43111853846675,
                        313
                    ],
                    [
                        136.94719394926997,
                        35.43125474736294,
                        308
                    ],
                    [
                        136.94671782223617,
                        35.43150370275861,
                        306
                    ],
                    [
                        136.94651256804337,
                        35.43158043848544,
                        297
                    ],
                    [
                        136.9461340954537,
                        35.431672927242325,
                        302
                    ],
                    [
                        136.9457389426399,
                        35.43192861125585,
                        301
                    ],
                    [
                        136.94540456552951,
                        35.43201836866479,
                        305
                    ],
                    [
                        136.94499004061078,
                        35.43210183059044,
                        311
                    ],
                    [
                        136.94455435714121,
                        35.43215378703941,
                        312
                    ],
                    [
                        136.94416811551085,
                        35.4322868884826,
                        315
                    ],
                    [
                        136.94391551895933,
                        35.432578102995116,
                        316
                    ],
                    [
                        136.94353729254522,
                        35.43273360063357,
                        314
                    ],
                    [
                        136.94330527621494,
                        35.4327074305096,
                        315
                    ],
                    [
                        136.94285604400122,
                        35.432895714563806,
                        312
                    ],
                    [
                        136.94256539906092,
                        35.43296162111637,
                        308
                    ],
                    [
                        136.94227744593334,
                        35.43303517815996,
                        300
                    ],
                    [
                        136.94181056803828,
                        35.43312973171147,
                        295
                    ],
                    [
                        136.94157613581345,
                        35.43324345617936,
                        297
                    ],
                    [
                        136.94133964780107,
                        35.43341362994078,
                        305
                    ],
                    [
                        136.94106505430295,
                        35.43358136849605,
                        312
                    ],
                    [
                        136.940818780338,
                        35.433555646503976,
                        309
                    ],
                    [
                        136.9403701302708,
                        35.43348898006648,
                        301
                    ],
                    [
                        136.9400962785419,
                        35.43340724110518,
                        290
                    ],
                    [
                        136.93983969383336,
                        35.43337356393254,
                        285
                    ],
                    [
                        136.9393440941813,
                        35.43334977557896,
                        270
                    ],
                    [
                        136.93892098686257,
                        35.43320884285961,
                        269
                    ],
                    [
                        136.93849502655078,
                        35.43311969730235,
                        262
                    ],
                    [
                        136.93793111202046,
                        35.43317094465382,
                        258
                    ],
                    [
                        136.93770221169868,
                        35.43315896384389,
                        267
                    ],
                    [
                        136.93745649879452,
                        35.43313960610709,
                        275
                    ],
                    [
                        136.93727655526598,
                        35.4330707004122,
                        275
                    ],
                    [
                        136.9366806493773,
                        35.43308167896635,
                        279
                    ],
                    [
                        136.93617387317298,
                        35.43295595349769,
                        271
                    ],
                    [
                        136.93581896595808,
                        35.43278713556738,
                        259
                    ],
                    [
                        136.93554020048538,
                        35.432664229876195,
                        253
                    ],
                    [
                        136.9353762511161,
                        35.432551856975245,
                        243
                    ],
                    [
                        136.93511060297507,
                        35.43272307272341,
                        237
                    ],
                    [
                        136.9348744925693,
                        35.43284074401434,
                        231
                    ],
                    [
                        136.93478896060327,
                        35.43263421973575,
                        221
                    ],
                    [
                        136.93462276147056,
                        35.43282237124748,
                        222
                    ],
                    [
                        136.93436644709635,
                        35.43291070597692,
                        228
                    ],
                    [
                        136.9341479462147,
                        35.433025179558385,
                        235
                    ],
                    [
                        136.9339748487896,
                        35.4331783603865,
                        241
                    ],
                    [
                        136.93375635272025,
                        35.43329863153945,
                        246
                    ],
                    [
                        136.93357328106515,
                        35.43346034370309,
                        256
                    ],
                    [
                        136.93338378125245,
                        35.43359640022932,
                        264
                    ],
                    [
                        136.93312985180916,
                        35.43389931788385,
                        269
                    ],
                    [
                        136.93281853352477,
                        35.43411855970184,
                        270
                    ],
                    [
                        136.93252317256332,
                        35.434227760060004,
                        275
                    ],
                    [
                        136.93225906861773,
                        35.43429968903174,
                        281
                    ],
                    [
                        136.93184040319034,
                        35.434385961303136,
                        285
                    ],
                    [
                        136.93141644976504,
                        35.43446266215748,
                        284
                    ],
                    [
                        136.93086864824852,
                        35.43470762553856,
                        281
                    ],
                    [
                        136.930500407937,
                        35.434744362790546,
                        282
                    ],
                    [
                        136.93027332230625,
                        35.43479677832524,
                        288
                    ],
                    [
                        136.93007436199164,
                        35.43474624033495,
                        299
                    ],
                    [
                        136.9297830079084,
                        35.434796470397224,
                        303
                    ],
                    [
                        136.92953016971632,
                        35.43476576159535,
                        308
                    ],
                    [
                        136.92925575299955,
                        35.434881138054216,
                        300
                    ],
                    [
                        136.92907437341077,
                        35.43479309397186,
                        290
                    ],
                    [
                        136.92894871360718,
                        35.43472364873339,
                        282
                    ],
                    [
                        136.9288084744906,
                        35.43470393619021,
                        271
                    ],
                    [
                        136.92864204174293,
                        35.43451016886274,
                        269
                    ],
                    [
                        136.92846612598956,
                        35.43441616463766,
                        279
                    ],
                    [
                        136.92836397113336,
                        35.43435542149986,
                        282
                    ],
                    [
                        136.92824931250254,
                        35.43442602102785,
                        289
                    ],
                    [
                        136.92799542363,
                        35.434401026131326,
                        295
                    ],
                    [
                        136.9278052653256,
                        35.434407285512016,
                        302
                    ],
                    [
                        136.92756907434293,
                        35.43441821093171,
                        309
                    ],
                    [
                        136.92732328400893,
                        35.43439997516022,
                        317
                    ],
                    [
                        136.92722231580433,
                        35.434277091961675,
                        322
                    ],
                    [
                        136.92690343611127,
                        35.434276290535415,
                        330
                    ],
                    [
                        136.92651510435078,
                        35.434242730974205,
                        332
                    ],
                    [
                        136.9261172418128,
                        35.43416518585567,
                        335
                    ],
                    [
                        136.92561291820527,
                        35.43405844678355,
                        326
                    ],
                    [
                        136.92530788296895,
                        35.43422135404855,
                        320
                    ],
                    [
                        136.92486471385402,
                        35.434383080973035,
                        312
                    ],
                    [
                        136.92462650306845,
                        35.434525141102604,
                        316
                    ],
                    [
                        136.92449433267157,
                        35.43469808457494,
                        323
                    ],
                    [
                        136.92414667499912,
                        35.43489440429607,
                        332
                    ],
                    [
                        136.9237819594444,
                        35.43507925074698,
                        332
                    ],
                    [
                        136.92341381075352,
                        35.435228927201585,
                        336
                    ],
                    [
                        136.92313168940316,
                        35.43549710426228,
                        336
                    ],
                    [
                        136.9229706916919,
                        35.4357226674536,
                        340
                    ],
                    [
                        136.92276467818175,
                        35.43576626141882,
                        330
                    ],
                    [
                        136.92218046844584,
                        35.43598844081524,
                        329
                    ],
                    [
                        136.92183253900077,
                        35.435880945367835,
                        317
                    ],
                    [
                        136.9215193079551,
                        35.43576774291208,
                        327
                    ],
                    [
                        136.92126043630776,
                        35.435832786465184,
                        328
                    ],
                    [
                        136.9210484540758,
                        35.43597788797349,
                        331
                    ],
                    [
                        136.9206895451021,
                        35.43627240115039,
                        329
                    ],
                    [
                        136.92047840561722,
                        35.43640517970521,
                        333
                    ],
                    [
                        136.9202925344827,
                        35.43647606289595,
                        342
                    ],
                    [
                        136.9201233432683,
                        35.43660576606941,
                        345
                    ],
                    [
                        136.91996648482993,
                        35.436911223833846,
                        344
                    ],
                    [
                        136.91979232063488,
                        35.437203779631766,
                        344
                    ],
                    [
                        136.9193574825193,
                        35.43743860952704,
                        337
                    ],
                    [
                        136.91911811905578,
                        35.437417835189486,
                        327
                    ],
                    [
                        136.91873122928453,
                        35.437457307714304,
                        326
                    ],
                    [
                        136.91841370046177,
                        35.437540893152736,
                        322
                    ],
                    [
                        136.91814699562627,
                        35.43753475029752,
                        330
                    ],
                    [
                        136.9179110200424,
                        35.437517547417265,
                        336
                    ],
                    [
                        136.91769586514496,
                        35.43756368103626,
                        345
                    ],
                    [
                        136.91743263212194,
                        35.43760673516989,
                        349
                    ],
                    [
                        136.9171437725358,
                        35.437696042394236,
                        341
                    ],
                    [
                        136.91687142546886,
                        35.43780344781932,
                        328
                    ],
                    [
                        136.91638665986576,
                        35.43800181385877,
                        321
                    ],
                    [
                        136.9161777374459,
                        35.43827307257084,
                        313
                    ],
                    [
                        136.9159960226813,
                        35.43851961465094,
                        302
                    ],
                    [
                        136.9157324243289,
                        35.43881004559242,
                        297
                    ],
                    [
                        136.91552342750305,
                        35.43913843059083,
                        288
                    ],
                    [
                        136.91542587900335,
                        35.4393326392377,
                        287
                    ],
                    [
                        136.91535815751394,
                        35.43953243803737,
                        295
                    ],
                    [
                        136.9151086704921,
                        35.43958865731895,
                        301
                    ],
                    [
                        136.91475957119525,
                        35.43964213119632,
                        309
                    ],
                    [
                        136.9143419500705,
                        35.439720082430505,
                        314
                    ],
                    [
                        136.91398423064584,
                        35.43978415882746,
                        317
                    ],
                    [
                        136.91373389702346,
                        35.43984314115882,
                        320
                    ],
                    [
                        136.9134910691881,
                        35.44002169791113,
                        314
                    ],
                    [
                        136.91322913661244,
                        35.4401741330347,
                        301
                    ],
                    [
                        136.9129860959326,
                        35.440398520855084,
                        291
                    ],
                    [
                        136.91264533665478,
                        35.440636657073064,
                        280
                    ],
                    [
                        136.9123553311529,
                        35.440764721115485,
                        268
                    ],
                    [
                        136.9120623794669,
                        35.44088897908625,
                        259
                    ],
                    [
                        136.91177971331376,
                        35.44102950740381,
                        255
                    ],
                    [
                        136.9115658061013,
                        35.441051472773076,
                        250
                    ],
                    [
                        136.91153307558366,
                        35.44096515886726,
                        240
                    ],
                    [
                        136.9113336996524,
                        35.44086528941345,
                        227
                    ],
                    [
                        136.9110898276394,
                        35.44087993224677,
                        219
                    ],
                    [
                        136.9107282444636,
                        35.44083384690164,
                        209
                    ],
                    [
                        136.91051560888775,
                        35.44091994927706,
                        199
                    ],
                    [
                        136.9101989091115,
                        35.44094122439162,
                        194
                    ],
                    [
                        136.90995983089664,
                        35.44101637927973,
                        199
                    ],
                    [
                        136.9097836086302,
                        35.44112158172088,
                        206
                    ],
                    [
                        136.9096072116143,
                        35.44121795081449,
                        213
                    ],
                    [
                        136.9093926241853,
                        35.44130843725221,
                        218
                    ],
                    [
                        136.90916357101068,
                        35.44140547559208,
                        228
                    ],
                    [
                        136.90896086445244,
                        35.44149220805857,
                        233
                    ],
                    [
                        136.90875722258386,
                        35.441627909812055,
                        244
                    ],
                    [
                        136.90864830933646,
                        35.44164987900198,
                        244
                    ],
                    [
                        136.9086458734236,
                        35.44177672748198,
                        244
                    ],
                    [
                        136.90858120336722,
                        35.44192949231426,
                        247
                    ],
                    [
                        136.90869889196344,
                        35.442135417762614,
                        237
                    ],
                    [
                        136.90873696338332,
                        35.44230659447728,
                        226
                    ],
                    [
                        136.90883800948092,
                        35.44251649500683,
                        217
                    ],
                    [
                        136.90897890830888,
                        35.44276808323995,
                        216
                    ],
                    [
                        136.9089550343283,
                        35.44305962002011,
                        219
                    ],
                    [
                        136.90859512524912,
                        35.44333421852551,
                        209
                    ],
                    [
                        136.9082783518801,
                        35.44363533404849,
                        213
                    ],
                    [
                        136.90810500149897,
                        35.4438743491517,
                        218
                    ],
                    [
                        136.90803038447942,
                        35.444080697295895,
                        223
                    ],
                    [
                        136.90791713212005,
                        35.44424718312163,
                        230
                    ],
                    [
                        136.90773258951884,
                        35.444495470743746,
                        238
                    ],
                    [
                        136.90741359712902,
                        35.44470875426853,
                        231
                    ],
                    [
                        136.90712760559126,
                        35.444899728818456,
                        223
                    ],
                    [
                        136.90689194150397,
                        35.44504964549289,
                        226
                    ],
                    [
                        136.9067250722741,
                        35.44514360492969,
                        234
                    ],
                    [
                        136.90639348717528,
                        35.44530965231189,
                        240
                    ],
                    [
                        136.90609855139388,
                        35.445469245998005,
                        231
                    ],
                    [
                        136.9058725974072,
                        35.44568884090451,
                        231
                    ],
                    [
                        136.9054376694253,
                        35.44578354683319,
                        229
                    ],
                    [
                        136.9050706241918,
                        35.4459067130385,
                        227
                    ],
                    [
                        136.9049184018983,
                        35.44601468012579,
                        237
                    ],
                    [
                        136.9047974294361,
                        35.4462067510501,
                        246
                    ],
                    [
                        136.9045390009893,
                        35.446325431359945,
                        256
                    ],
                    [
                        136.90422037795528,
                        35.446336329569284,
                        252
                    ],
                    [
                        136.90394118188792,
                        35.446360965512795,
                        240
                    ],
                    [
                        136.90352013728088,
                        35.44638823479438,
                        238
                    ],
                    [
                        136.90316761023328,
                        35.44638822167352,
                        243
                    ],
                    [
                        136.90285018628424,
                        35.44639555414716,
                        249
                    ],
                    [
                        136.90259465673955,
                        35.44645008197815,
                        257
                    ],
                    [
                        136.90240187394238,
                        35.44645294208906,
                        261
                    ],
                    [
                        136.90230266300333,
                        35.446249068050314,
                        251
                    ],
                    [
                        136.90213874119937,
                        35.445951176404165,
                        247
                    ],
                    [
                        136.902066191653,
                        35.445778266682446,
                        249
                    ],
                    [
                        136.9019317810943,
                        35.445667069968906,
                        264
                    ],
                    [
                        136.90192333613655,
                        35.44553522429576,
                        272
                    ],
                    [
                        136.901820853876,
                        35.44543231949329,
                        283
                    ],
                    [
                        136.90167907395244,
                        35.44533623932815,
                        293
                    ],
                    [
                        136.90158425572324,
                        35.44522086235339,
                        304
                    ],
                    [
                        136.90168142658558,
                        35.44500160661596,
                        310
                    ],
                    [
                        136.90159700231155,
                        35.44481155030856,
                        320
                    ],
                    [
                        136.90135099759488,
                        35.4447468227512,
                        324
                    ],
                    [
                        136.90119018328693,
                        35.44479034374279,
                        323
                    ],
                    [
                        136.9007656847572,
                        35.44482518804962,
                        324
                    ],
                    [
                        136.90037652116882,
                        35.44477557665532,
                        317
                    ],
                    [
                        136.90020344876862,
                        35.444640386442614,
                        306
                    ],
                    [
                        136.90009070117674,
                        35.44451300364871,
                        297
                    ],
                    [
                        136.89996283617828,
                        35.44434776927687,
                        290
                    ],
                    [
                        136.8997679578464,
                        35.44413246376955,
                        287
                    ],
                    [
                        136.89968453946682,
                        35.44400560271503,
                        295
                    ],
                    [
                        136.89950974157946,
                        35.443902234406536,
                        305
                    ],
                    [
                        136.89934437155503,
                        35.44376514671984,
                        315
                    ],
                    [
                        136.89930806276178,
                        35.44367666186415,
                        316
                    ],
                    [
                        136.8989601234064,
                        35.44360916343765,
                        310
                    ],
                    [
                        136.89861333534654,
                        35.44356824054665,
                        304
                    ],
                    [
                        136.898279108978,
                        35.44377355432734,
                        298
                    ],
                    [
                        136.89783565177584,
                        35.44376427350223,
                        288
                    ],
                    [
                        136.89743772612675,
                        35.44378781826512,
                        288
                    ],
                    [
                        136.8972093032931,
                        35.4438143320841,
                        296
                    ],
                    [
                        136.89696608271538,
                        35.44384460841034,
                        304
                    ],
                    [
                        136.89661165036486,
                        35.44389861463011,
                        306
                    ],
                    [
                        136.896224535816,
                        35.44411988290358,
                        307
                    ],
                    [
                        136.89570641143868,
                        35.444107076793436,
                        301
                    ],
                    [
                        136.89524210904557,
                        35.44416968117055,
                        292
                    ],
                    [
                        136.89490704293198,
                        35.44429593161299,
                        287
                    ],
                    [
                        136.89468802427925,
                        35.444544702116254,
                        292
                    ],
                    [
                        136.89455612809743,
                        35.444761068346445,
                        296
                    ],
                    [
                        136.89446067225512,
                        35.44495338812754,
                        303
                    ],
                    [
                        136.8943666423827,
                        35.44514263012032,
                        310
                    ],
                    [
                        136.8940752167447,
                        35.445208436535644,
                        313
                    ],
                    [
                        136.8938709167992,
                        35.44505675467121,
                        295
                    ],
                    [
                        136.89349365197796,
                        35.44472375201696,
                        294
                    ],
                    [
                        136.8928764730576,
                        35.4446572978736,
                        285
                    ],
                    [
                        136.89242563722627,
                        35.44469750146423,
                        283
                    ],
                    [
                        136.89201103311663,
                        35.444699608536034,
                        284
                    ],
                    [
                        136.89153361682835,
                        35.444777987192445,
                        274
                    ],
                    [
                        136.89116731334806,
                        35.44484014191645,
                        263
                    ],
                    [
                        136.89079870045117,
                        35.444806343171,
                        262
                    ],
                    [
                        136.8905758576302,
                        35.444845614549614,
                        269
                    ],
                    [
                        136.89031047714892,
                        35.44492668628505,
                        273
                    ],
                    [
                        136.89008427674372,
                        35.44505043123603,
                        268
                    ],
                    [
                        136.88984614599642,
                        35.44513633281017,
                        259
                    ],
                    [
                        136.8895598607256,
                        35.44522076767556,
                        251
                    ],
                    [
                        136.8893329696349,
                        35.445425861492296,
                        243
                    ],
                    [
                        136.88937934012588,
                        35.44563331100188,
                        235
                    ],
                    [
                        136.88931998081517,
                        35.445812306980564,
                        221
                    ],
                    [
                        136.88933306924807,
                        35.446148402402436,
                        215
                    ],
                    [
                        136.8889873584298,
                        35.44617389298675,
                        205
                    ],
                    [
                        136.88863968223956,
                        35.44607189868322,
                        199
                    ],
                    [
                        136.88820130889331,
                        35.44602966470645,
                        188
                    ],
                    [
                        136.88782712191025,
                        35.44588236287903,
                        177
                    ],
                    [
                        136.88720762715235,
                        35.44577894152597,
                        164
                    ],
                    [
                        136.88696548377166,
                        35.44556465420749,
                        157
                    ],
                    [
                        136.88695945214448,
                        35.44521711031361,
                        153
                    ],
                    [
                        136.88704631398215,
                        35.444909199952875,
                        153
                    ],
                    [
                        136.88706141446477,
                        35.44456429773272,
                        147
                    ],
                    [
                        136.88696320838793,
                        35.44412255459405,
                        141
                    ],
                    [
                        136.88690345305983,
                        35.44371226722493,
                        138
                    ],
                    [
                        136.8866982445485,
                        35.443428508230014,
                        136
                    ],
                    [
                        136.88646277935248,
                        35.44314534242214,
                        136
                    ],
                    [
                        136.88622452163898,
                        35.442882984604964,
                        135
                    ],
                    [
                        136.88593014407297,
                        35.442659454432416,
                        132
                    ],
                    [
                        136.88554764506503,
                        35.442570388009926,
                        130
                    ],
                    [
                        136.88524098545102,
                        35.44248302392196,
                        132
                    ],
                    [
                        136.8849216287003,
                        35.4425676181617,
                        139
                    ],
                    [
                        136.8847892474548,
                        35.44262632569669,
                        143
                    ],
                    [
                        136.88470114345603,
                        35.442738182066684,
                        149
                    ],
                    [
                        136.88450865878866,
                        35.442873664834664,
                        155
                    ],
                    [
                        136.88432864912903,
                        35.44301371266664,
                        162
                    ],
                    [
                        136.88412729194556,
                        35.4431294438563,
                        170
                    ],
                    [
                        136.8839206568138,
                        35.44327495726901,
                        176
                    ],
                    [
                        136.88375188626864,
                        35.44339046230245,
                        183
                    ],
                    [
                        136.88355148779385,
                        35.44349002347306,
                        189
                    ],
                    [
                        136.88335651475074,
                        35.44358562117044,
                        193
                    ],
                    [
                        136.88309480540764,
                        35.44372327167889,
                        198
                    ],
                    [
                        136.88283387924145,
                        35.44382656896952,
                        204
                    ],
                    [
                        136.8825617146029,
                        35.44390186760784,
                        206
                    ],
                    [
                        136.88234926661752,
                        35.44410449545115,
                        204
                    ],
                    [
                        136.8821859774656,
                        35.44430381375772,
                        209
                    ],
                    [
                        136.88197665980294,
                        35.44456791046597,
                        213
                    ],
                    [
                        136.88177841768274,
                        35.44472486310938,
                        220
                    ],
                    [
                        136.88151427246797,
                        35.44478178555506,
                        226
                    ],
                    [
                        136.88127763768287,
                        35.44484203739956,
                        230
                    ],
                    [
                        136.88101593545628,
                        35.444975470325716,
                        238
                    ],
                    [
                        136.88068597172204,
                        35.445101267502885,
                        243
                    ],
                    [
                        136.880345341857,
                        35.44527133822011,
                        238
                    ],
                    [
                        136.8799564615981,
                        35.445494961301044,
                        238
                    ],
                    [
                        136.87974316202207,
                        35.445614929150025,
                        244
                    ],
                    [
                        136.87955129257637,
                        35.4457626998456,
                        250
                    ],
                    [
                        136.87934314288879,
                        35.44588270635178,
                        258
                    ],
                    [
                        136.87896849499694,
                        35.44599260491571,
                        261
                    ],
                    [
                        136.87859657374497,
                        35.44605482896701,
                        258
                    ],
                    [
                        136.87820131213024,
                        35.44611850886355,
                        257
                    ],
                    [
                        136.87797218431365,
                        35.4462047220229,
                        262
                    ],
                    [
                        136.8776040237291,
                        35.44616789453702,
                        264
                    ],
                    [
                        136.8772358800469,
                        35.446095253867206,
                        269
                    ],
                    [
                        136.8767793090258,
                        35.446090465310064,
                        272
                    ],
                    [
                        136.87636897776665,
                        35.44615832581479,
                        272
                    ],
                    [
                        136.8760693208297,
                        35.44601072717735,
                        261
                    ],
                    [
                        136.87565312244757,
                        35.44599158986161,
                        251
                    ],
                    [
                        136.8752277145046,
                        35.44588619821886,
                        241
                    ],
                    [
                        136.87475054720133,
                        35.445809561888254,
                        241
                    ],
                    [
                        136.87439465037045,
                        35.445772713088544,
                        240
                    ],
                    [
                        136.87406343610988,
                        35.44573487706289,
                        243
                    ],
                    [
                        136.87378508286858,
                        35.44582523250961,
                        249
                    ],
                    [
                        136.87358887186977,
                        35.44591043492018,
                        253
                    ],
                    [
                        136.87337380517948,
                        35.44594304151267,
                        251
                    ],
                    [
                        136.8730488251221,
                        35.44581377185547,
                        248
                    ],
                    [
                        136.8727621579605,
                        35.44569568434281,
                        239
                    ],
                    [
                        136.87258846003448,
                        35.44555425592911,
                        230
                    ],
                    [
                        136.87224465530372,
                        35.44549035031648,
                        228
                    ],
                    [
                        136.87184241669388,
                        35.44541043240724,
                        230
                    ],
                    [
                        136.8715443654223,
                        35.44543905378608,
                        237
                    ],
                    [
                        136.87126181424392,
                        35.44548346213829,
                        243
                    ],
                    [
                        136.87106736416442,
                        35.44548641658583,
                        244
                    ],
                    [
                        136.87101503218636,
                        35.445338338696885,
                        256
                    ],
                    [
                        136.87111463965766,
                        35.44523324978259,
                        263
                    ],
                    [
                        136.8710588621223,
                        35.445111764364334,
                        274
                    ],
                    [
                        136.8709895992491,
                        35.444844157258544,
                        279
                    ],
                    [
                        136.87090165381304,
                        35.44467407639568,
                        286
                    ],
                    [
                        136.87077361033093,
                        35.44455837606818,
                        295
                    ],
                    [
                        136.87064643266132,
                        35.44438200756918,
                        303
                    ],
                    [
                        136.87030587368568,
                        35.444256649320955,
                        308
                    ],
                    [
                        136.86988109036668,
                        35.444246035221006,
                        308
                    ],
                    [
                        136.8694753827542,
                        35.444258611077714,
                        307
                    ],
                    [
                        136.86920810105892,
                        35.44416333857147,
                        314
                    ],
                    [
                        136.86874289766504,
                        35.44415946084327,
                        315
                    ],
                    [
                        136.86833292086607,
                        35.44445344826631,
                        308
                    ],
                    [
                        136.86821520471852,
                        35.44477160942805,
                        305
                    ],
                    [
                        136.86801099135573,
                        35.44510115540604,
                        303
                    ],
                    [
                        136.867649521667,
                        35.445204215819494,
                        301
                    ],
                    [
                        136.86770875182282,
                        35.44502110763048,
                        296
                    ],
                    [
                        136.8677980413171,
                        35.44473800731846,
                        292
                    ],
                    [
                        136.86775740170333,
                        35.44439792704564,
                        284
                    ],
                    [
                        136.86791765986862,
                        35.44409026612226,
                        280
                    ],
                    [
                        136.86811601386083,
                        35.44384692747909,
                        277
                    ],
                    [
                        136.86825381030715,
                        35.44369352936972,
                        273
                    ],
                    [
                        136.86836276620718,
                        35.44357786867623,
                        268
                    ],
                    [
                        136.86856130421464,
                        35.44335895867162,
                        263
                    ],
                    [
                        136.86870891540983,
                        35.44323390817556,
                        256
                    ],
                    [
                        136.86885710248376,
                        35.443080236752216,
                        250
                    ],
                    [
                        136.86909090600375,
                        35.44298959934809,
                        241
                    ],
                    [
                        136.8692580992759,
                        35.44292950785221,
                        234
                    ],
                    [
                        136.86921986227307,
                        35.44279834174713,
                        226
                    ],
                    [
                        136.86919664540568,
                        35.4426203456121,
                        217
                    ],
                    [
                        136.8692822650961,
                        35.44240030214506,
                        207
                    ],
                    [
                        136.86925235660374,
                        35.442126273382044,
                        195
                    ],
                    [
                        136.8693132006489,
                        35.44180935363679,
                        185
                    ],
                    [
                        136.86935118872987,
                        35.44163156741408,
                        185
                    ],
                    [
                        136.86924008105225,
                        35.44143578961939,
                        191
                    ],
                    [
                        136.8691611900089,
                        35.44114612329983,
                        199
                    ],
                    [
                        136.8688696392166,
                        35.44108822302393,
                        207
                    ],
                    [
                        136.86858169192226,
                        35.44109619701629,
                        209
                    ],
                    [
                        136.868314212639,
                        35.44088079398707,
                        213
                    ],
                    [
                        136.86814848773753,
                        35.440682904490444,
                        213
                    ],
                    [
                        136.86796340325284,
                        35.44056462630682,
                        218
                    ],
                    [
                        136.86789744633776,
                        35.44039795394303,
                        228
                    ],
                    [
                        136.86770423733938,
                        35.440248064424914,
                        229
                    ],
                    [
                        136.86764836863654,
                        35.44012316105911,
                        233
                    ],
                    [
                        136.86736569180832,
                        35.44003474937759,
                        238
                    ],
                    [
                        136.86709096346655,
                        35.43991187689543,
                        248
                    ],
                    [
                        136.86712990575182,
                        35.43981534098965,
                        256
                    ],
                    [
                        136.86702388425778,
                        35.439735415416635,
                        259
                    ],
                    [
                        136.8667429914707,
                        35.4395854507016,
                        262
                    ],
                    [
                        136.86695981894323,
                        35.439484159266954,
                        268
                    ],
                    [
                        136.86716148014185,
                        35.439426256539384,
                        276
                    ],
                    [
                        136.8673706516378,
                        35.43940190332624,
                        284
                    ],
                    [
                        136.86774972551262,
                        35.43933241106334,
                        287
                    ],
                    [
                        136.86808272441624,
                        35.439313406256744,
                        293
                    ],
                    [
                        136.86832277320295,
                        35.439290920996406,
                        300
                    ],
                    [
                        136.86865428495767,
                        35.439356041355595,
                        307
                    ],
                    [
                        136.86881902408007,
                        35.439301377131876,
                        309
                    ],
                    [
                        136.86903732220648,
                        35.4390860063338,
                        305
                    ],
                    [
                        136.86942089075507,
                        35.43887594449827,
                        306
                    ],
                    [
                        136.86953303851865,
                        35.43885258163954,
                        309
                    ],
                    [
                        136.86988193945908,
                        35.43876105362745,
                        306
                    ],
                    [
                        136.8701376289063,
                        35.43868513342133,
                        307
                    ],
                    [
                        136.87039285924334,
                        35.43848308142539,
                        311
                    ],
                    [
                        136.8707562700985,
                        35.43829084694824,
                        315
                    ],
                    [
                        136.8711493123434,
                        35.43818644835902,
                        316
                    ],
                    [
                        136.87149835623973,
                        35.43801978735905,
                        317
                    ],
                    [
                        136.87189447548369,
                        35.437926602049885,
                        320
                    ],
                    [
                        136.87196905022122,
                        35.43784120151797,
                        319
                    ],
                    [
                        136.87190262985726,
                        35.43791523035811,
                        319
                    ],
                    [
                        136.8720564035265,
                        35.43765956099771,
                        312
                    ],
                    [
                        136.8720154622946,
                        35.43748620371455,
                        304
                    ],
                    [
                        136.87203306005475,
                        35.43728084675513,
                        293
                    ],
                    [
                        136.87205601685287,
                        35.4370820987076,
                        282
                    ],
                    [
                        136.87207606081705,
                        35.43689922920204,
                        276
                    ],
                    [
                        136.8721292152007,
                        35.436559963426284,
                        264
                    ],
                    [
                        136.87159813433584,
                        35.43649869025366,
                        260
                    ],
                    [
                        136.87126944122227,
                        35.43640505692837,
                        265
                    ],
                    [
                        136.8710075407743,
                        35.43633722395756,
                        270
                    ],
                    [
                        136.87061413205646,
                        35.43625945182701,
                        272
                    ],
                    [
                        136.87014817092668,
                        35.43621004956286,
                        268
                    ],
                    [
                        136.86973909338855,
                        35.436153842654704,
                        271
                    ],
                    [
                        136.8694315015742,
                        35.435980324397406,
                        265
                    ],
                    [
                        136.8692808201035,
                        35.435812063657785,
                        259
                    ],
                    [
                        136.8689091457643,
                        35.43570147694595,
                        251
                    ],
                    [
                        136.8685610606262,
                        35.435735929699604,
                        248
                    ],
                    [
                        136.86827089183254,
                        35.435491874033104,
                        249
                    ],
                    [
                        136.86774385543447,
                        35.43531629527651,
                        244
                    ],
                    [
                        136.86715005598947,
                        35.435162231173905,
                        241
                    ],
                    [
                        136.86663488609074,
                        35.43499459983778,
                        235
                    ],
                    [
                        136.8660313271286,
                        35.43484082242069,
                        232
                    ],
                    [
                        136.86539983964377,
                        35.434867056024196,
                        232
                    ],
                    [
                        136.86507950542185,
                        35.43485239404177,
                        230
                    ],
                    [
                        136.86453954107054,
                        35.43464728613829,
                        224
                    ],
                    [
                        136.86404158684394,
                        35.4345964807967,
                        222
                    ],
                    [
                        136.8636155552123,
                        35.43463528333636,
                        219
                    ],
                    [
                        136.86321926931706,
                        35.434531282969225,
                        212
                    ],
                    [
                        136.86277116299266,
                        35.434450215052514,
                        213
                    ],
                    [
                        136.8624396519901,
                        35.4344260471016,
                        216
                    ],
                    [
                        136.86198181081585,
                        35.43448196942747,
                        217
                    ],
                    [
                        136.86152807287885,
                        35.43442760233026,
                        214
                    ],
                    [
                        136.86096282515155,
                        35.4343095151838,
                        211
                    ],
                    [
                        136.86037159070918,
                        35.43424279215086,
                        209
                    ],
                    [
                        136.86009110032836,
                        35.434234538998346,
                        204
                    ],
                    [
                        136.8595459160093,
                        35.43434542794603,
                        202
                    ],
                    [
                        136.85891674779793,
                        35.434384536175514,
                        201
                    ],
                    [
                        136.85840735555783,
                        35.43432594511161,
                        200
                    ],
                    [
                        136.85800149486494,
                        35.43434088913774,
                        203
                    ],
                    [
                        136.8575506841925,
                        35.434418732695185,
                        208
                    ],
                    [
                        136.85705607857037,
                        35.43450104349501,
                        209
                    ],
                    [
                        136.85645203224885,
                        35.434373322871714,
                        210
                    ],
                    [
                        136.856290912002,
                        35.43429658954417,
                        207
                    ],
                    [
                        136.85582507946097,
                        35.43427143954714,
                        206
                    ],
                    [
                        136.85535877110996,
                        35.43414909883207,
                        196
                    ],
                    [
                        136.85491349012312,
                        35.43400625004756,
                        194
                    ],
                    [
                        136.85461041903625,
                        35.43385102782304,
                        202
                    ],
                    [
                        136.8543765608724,
                        35.43377858244342,
                        209
                    ],
                    [
                        136.85413492443197,
                        35.43372373118666,
                        212
                    ],
                    [
                        136.85375467977525,
                        35.4336825450798,
                        211
                    ],
                    [
                        136.85368629105452,
                        35.433503069643955,
                        204
                    ],
                    [
                        136.853667972834,
                        35.433264078140134,
                        202
                    ],
                    [
                        136.8535300862285,
                        35.43301376849735,
                        192
                    ],
                    [
                        136.85322646045486,
                        35.432918336295714,
                        184
                    ],
                    [
                        136.85292277802324,
                        35.43287840159997,
                        175
                    ],
                    [
                        136.8526430901919,
                        35.432865497112566,
                        167
                    ],
                    [
                        136.85234049835498,
                        35.43284463303929,
                        156
                    ],
                    [
                        136.85202512460245,
                        35.43288095360232,
                        148
                    ],
                    [
                        136.85166945935484,
                        35.43297868403583,
                        138
                    ],
                    [
                        136.85134221845018,
                        35.43292114050003,
                        137
                    ],
                    [
                        136.85156508053296,
                        35.432611440653574,
                        127
                    ],
                    [
                        136.8516503092437,
                        35.43240220536847,
                        115
                    ],
                    [
                        136.85156744596446,
                        35.432179144253624,
                        105
                    ],
                    [
                        136.85143394932055,
                        35.43198110613159,
                        92
                    ],
                    [
                        136.85126466254627,
                        35.4318048495101,
                        82
                    ],
                    [
                        136.85114025624424,
                        35.43174342965402,
                        77
                    ],
                    [
                        136.85113179626808,
                        35.431562802421006,
                        71
                    ],
                    [
                        136.85120661111,
                        35.431405933413544,
                        65
                    ],
                    [
                        136.85111482266922,
                        35.431220507426566,
                        61
                    ],
                    [
                        136.85102229192066,
                        35.43114584936341,
                        61
                    ],
                    [
                        136.85068280134038,
                        35.43131242759529,
                        56
                    ],
                    [
                        136.85060603867416,
                        35.43093904086604,
                        47
                    ],
                    [
                        136.85037808706065,
                        35.43057885986276,
                        37
                    ],
                    [
                        136.85009327645653,
                        35.43022841446896,
                        33
                    ],
                    [
                        136.8497774492848,
                        35.42999758847017,
                        34
                    ],
                    [
                        136.84972579847908,
                        35.429653121061705,
                        35
                    ],
                    [
                        136.84976701147792,
                        35.429311714967525,
                        35
                    ],
                    [
                        136.84983632475212,
                        35.42898370172429,
                        33
                    ],
                    [
                        136.84978021858151,
                        35.4286820572388,
                        33
                    ],
                    [
                        136.8493470338361,
                        35.428643283485215,
                        33
                    ],
                    [
                        136.84893318491973,
                        35.4285947097439,
                        32
                    ],
                    [
                        136.84852836079284,
                        35.42855483133589,
                        33
                    ],
                    [
                        136.84808324497456,
                        35.428513329705936,
                        32
                    ],
                    [
                        136.84762553382356,
                        35.42847350626859,
                        31
                    ],
                    [
                        136.84714920613604,
                        35.428420964187055,
                        32
                    ],
                    [
                        136.8467538617339,
                        35.42840420587527,
                        33
                    ],
                    [
                        136.84628978614884,
                        35.428353565637565,
                        31
                    ],
                    [
                        136.84583673419013,
                        35.4283159624823,
                        30
                    ],
                    [
                        136.84539612861246,
                        35.42827759943744,
                        31
                    ],
                    [
                        136.84496976444504,
                        35.42823028370419,
                        32
                    ],
                    [
                        136.84452610725103,
                        35.428208701808835,
                        32
                    ],
                    [
                        136.84413596669032,
                        35.428172631500516,
                        33
                    ],
                    [
                        136.84373028587336,
                        35.428120915084016,
                        33
                    ],
                    [
                        136.84353804324815,
                        35.42816413281414,
                        34
                    ],
                    [
                        136.84344844883623,
                        35.42815130188465,
                        32
                    ],
                    [
                        136.8434976301475,
                        35.42786214041615,
                        31
                    ],
                    [
                        136.84359604347495,
                        35.427580069820046,
                        32
                    ],
                    [
                        136.8437553681395,
                        35.42725777037474,
                        31
                    ],
                    [
                        136.84392620352958,
                        35.42695248220828,
                        31
                    ],
                    [
                        136.84409551074677,
                        35.42660115280349,
                        31
                    ],
                    [
                        136.84419877499306,
                        35.426275402501524,
                        32
                    ],
                    [
                        136.84424658484474,
                        35.42592445655192,
                        32
                    ],
                    [
                        136.84399200766651,
                        35.42567036603968,
                        31
                    ],
                    [
                        136.84354142682767,
                        35.425579445164956,
                        31
                    ],
                    [
                        136.84312243900294,
                        35.425493696577995,
                        31
                    ],
                    [
                        136.8427187981155,
                        35.42547283664762,
                        31
                    ],
                    [
                        136.8422757258496,
                        35.42546478493379,
                        32
                    ],
                    [
                        136.84181740733047,
                        35.42547941984301,
                        31
                    ],
                    [
                        136.84137594788604,
                        35.42547823884442,
                        32
                    ],
                    [
                        136.84095637783142,
                        35.42548151423769,
                        31
                    ],
                    [
                        136.8405276550103,
                        35.42549176189668,
                        32
                    ],
                    [
                        136.84010386234007,
                        35.42548782805931,
                        31
                    ],
                    [
                        136.83965331021665,
                        35.42549318818786,
                        33
                    ],
                    [
                        136.8394533264488,
                        35.425644696134235,
                        34
                    ],
                    [
                        136.83944894118417,
                        35.42599833225471,
                        36
                    ],
                    [
                        136.83948228582042,
                        35.426326162861166,
                        38
                    ],
                    [
                        136.83953805283753,
                        35.426666796301824,
                        39
                    ],
                    [
                        136.83950271544992,
                        35.426966369261756,
                        39
                    ],
                    [
                        136.83956130086074,
                        35.42728940031259,
                        45
                    ],
                    [
                        136.83931128036375,
                        35.42736395905356,
                        55
                    ],
                    [
                        136.83916396439483,
                        35.42747914816447,
                        64
                    ],
                    [
                        136.83894827788524,
                        35.427637259470416,
                        72
                    ],
                    [
                        136.83866813736896,
                        35.427796654625226,
                        77
                    ],
                    [
                        136.8382686807522,
                        35.42772115938781,
                        82
                    ],
                    [
                        136.83788203095804,
                        35.4276023156847,
                        85
                    ],
                    [
                        136.83762483698246,
                        35.427605693754174,
                        89
                    ],
                    [
                        136.83778393546572,
                        35.42780303070538,
                        95
                    ],
                    [
                        136.83791925110873,
                        35.42799952660596,
                        103
                    ],
                    [
                        136.83764945043387,
                        35.42805722047043,
                        110
                    ],
                    [
                        136.8376417851952,
                        35.428184370600455,
                        115
                    ],
                    [
                        136.83770366654272,
                        35.42834191404794,
                        122
                    ],
                    [
                        136.8377360335157,
                        35.42852709750343,
                        129
                    ],
                    [
                        136.83771827618003,
                        35.42871463601898,
                        139
                    ],
                    [
                        136.83773654593634,
                        35.42892274637697,
                        148
                    ],
                    [
                        136.83737167132713,
                        35.42912174461105,
                        150
                    ],
                    [
                        136.83711395911186,
                        35.429129704225055,
                        146
                    ],
                    [
                        136.83669629294215,
                        35.42901750568278,
                        143
                    ],
                    [
                        136.8363179940064,
                        35.428944408640255,
                        147
                    ],
                    [
                        136.83592901880465,
                        35.428714969285934,
                        149
                    ],
                    [
                        136.8355782357672,
                        35.42872276801241,
                        154
                    ],
                    [
                        136.8352606315138,
                        35.428728495656635,
                        153
                    ],
                    [
                        136.8348591817842,
                        35.42870115468687,
                        152
                    ],
                    [
                        136.83431834403876,
                        35.42854502959095,
                        152
                    ],
                    [
                        136.83384278048737,
                        35.428447202324556,
                        148
                    ],
                    [
                        136.83337120342827,
                        35.428368899698384,
                        143
                    ],
                    [
                        136.83282205668746,
                        35.42834198379702,
                        141
                    ],
                    [
                        136.83229098324009,
                        35.42828202764301,
                        144
                    ],
                    [
                        136.83192813280166,
                        35.42807664747692,
                        145
                    ],
                    [
                        136.83142943598165,
                        35.42809777853173,
                        142
                    ],
                    [
                        136.83112517337048,
                        35.42811449542509,
                        147
                    ],
                    [
                        136.83088316160791,
                        35.42808414342768,
                        153
                    ],
                    [
                        136.83065857128287,
                        35.4280043808283,
                        159
                    ],
                    [
                        136.83039870922894,
                        35.42802032767847,
                        164
                    ],
                    [
                        136.8300996799994,
                        35.42804036040266,
                        169
                    ],
                    [
                        136.82977307473584,
                        35.42800622774804,
                        172
                    ],
                    [
                        136.8294949827374,
                        35.428073249141576,
                        179
                    ],
                    [
                        136.82922784650478,
                        35.42809397152444,
                        183
                    ],
                    [
                        136.82898074442895,
                        35.4281064229248,
                        189
                    ],
                    [
                        136.82870187222926,
                        35.42814167807404,
                        194
                    ],
                    [
                        136.82849654377355,
                        35.42826423025617,
                        205
                    ],
                    [
                        136.82831460432558,
                        35.4284000637365,
                        213
                    ],
                    [
                        136.82814962601475,
                        35.42847096979908,
                        220
                    ],
                    [
                        136.8280080316148,
                        35.428572208559075,
                        229
                    ],
                    [
                        136.82774749445497,
                        35.428628509726124,
                        233
                    ],
                    [
                        136.8276359049367,
                        35.42879791099131,
                        234
                    ],
                    [
                        136.8279355360352,
                        35.429007301364386,
                        235
                    ],
                    [
                        136.82823161571736,
                        35.42918766279677,
                        238
                    ],
                    [
                        136.82861312320193,
                        35.42929867729916,
                        237
                    ],
                    [
                        136.82892888195923,
                        35.429420477658,
                        239
                    ],
                    [
                        136.82917255117994,
                        35.429666219477205,
                        245
                    ],
                    [
                        136.82924652664084,
                        35.42974285450384,
                        248
                    ],
                    [
                        136.82912206725615,
                        35.42954479126581,
                        244
                    ],
                    [
                        136.82928305809415,
                        35.429766897372915,
                        246
                    ],
                    [
                        136.8296083218099,
                        35.42986516311862,
                        241
                    ],
                    [
                        136.8300888165586,
                        35.43007730722643,
                        238
                    ],
                    [
                        136.83044531069163,
                        35.430244509957454,
                        237
                    ],
                    [
                        136.83078393339323,
                        35.43038130693689,
                        229
                    ],
                    [
                        136.83089863459094,
                        35.43053800219289,
                        217
                    ],
                    [
                        136.8308879157531,
                        35.430695068269905,
                        208
                    ],
                    [
                        136.8309008680068,
                        35.43088002695722,
                        198
                    ],
                    [
                        136.83094515551164,
                        35.431106561441986,
                        189
                    ],
                    [
                        136.83095660468575,
                        35.43129042402533,
                        179
                    ],
                    [
                        136.8310659994187,
                        35.43147740215688,
                        169
                    ],
                    [
                        136.83113982913682,
                        35.431627828298325,
                        160
                    ],
                    [
                        136.83140348060516,
                        35.43166001200369,
                        150
                    ],
                    [
                        136.83153167406402,
                        35.43180165947618,
                        139
                    ],
                    [
                        136.8316560943038,
                        35.43189633276371,
                        132
                    ],
                    [
                        136.831962068759,
                        35.432085035566274,
                        123
                    ],
                    [
                        136.83230827877813,
                        35.43216715203809,
                        117
                    ],
                    [
                        136.83260100855745,
                        35.43214439979095,
                        107
                    ],
                    [
                        136.83269832818246,
                        35.431965446272855,
                        100
                    ],
                    [
                        136.83279649308005,
                        35.43185704984307,
                        95
                    ],
                    [
                        136.83308958889623,
                        35.43180846162612,
                        84
                    ],
                    [
                        136.83349260964505,
                        35.43202736295985,
                        73
                    ],
                    [
                        136.83386765753085,
                        35.432287990221646,
                        69
                    ],
                    [
                        136.83373701916813,
                        35.43264767199105,
                        64
                    ],
                    [
                        136.83345114410025,
                        35.43296983893008,
                        61
                    ],
                    [
                        136.8332028877451,
                        35.43326983514542,
                        57
                    ],
                    [
                        136.8330076727757,
                        35.433547032790074,
                        53
                    ],
                    [
                        136.83281552883116,
                        35.43381897252579,
                        52
                    ],
                    [
                        136.83264060971985,
                        35.434107049585194,
                        49
                    ],
                    [
                        136.8324526693752,
                        35.434384008908744,
                        47
                    ],
                    [
                        136.83228126551697,
                        35.434629373670134,
                        46
                    ],
                    [
                        136.83213919125276,
                        35.434860918462675,
                        45
                    ],
                    [
                        136.83179496826966,
                        35.43467433747218,
                        44
                    ],
                    [
                        136.83145162008483,
                        35.43467093031534,
                        44
                    ],
                    [
                        136.8312857462025,
                        35.43479465797304,
                        43
                    ],
                    [
                        136.83108343524802,
                        35.43506441714228,
                        42
                    ],
                    [
                        136.83073747025668,
                        35.43518846405389,
                        43
                    ],
                    [
                        136.83050377154066,
                        35.43541796770145,
                        40
                    ],
                    [
                        136.8301918681775,
                        35.43563887830015,
                        40
                    ],
                    [
                        136.82999555465673,
                        35.43591453755461,
                        40
                    ],
                    [
                        136.8299764001353,
                        35.43623664601828,
                        40
                    ],
                    [
                        136.83016257681342,
                        35.4365162878845,
                        39
                    ],
                    [
                        136.83009945088378,
                        35.43674410265374,
                        38
                    ],
                    [
                        136.83044685755235,
                        35.43697988135173,
                        40
                    ],
                    [
                        136.83035597052938,
                        35.437331661813644,
                        38
                    ],
                    [
                        136.83023747814136,
                        35.437653149230066,
                        39
                    ],
                    [
                        136.8301452359407,
                        35.43798136561814,
                        37
                    ],
                    [
                        136.83004379198385,
                        35.4382945577719,
                        37
                    ],
                    [
                        136.82995222708252,
                        35.43860587573429,
                        40
                    ],
                    [
                        136.8298794635744,
                        35.43891405290209,
                        39
                    ],
                    [
                        136.82972739721492,
                        35.43919191863199,
                        40
                    ],
                    [
                        136.8295210991242,
                        35.439494971340906,
                        40
                    ],
                    [
                        136.82966764663007,
                        35.43985464979701,
                        40
                    ],
                    [
                        136.8293503980969,
                        35.43993544712369,
                        40
                    ],
                    [
                        136.82918109808116,
                        35.44037753890693,
                        44
                    ],
                    [
                        136.8288868454779,
                        35.440595679071926,
                        48
                    ],
                    [
                        136.82863119118153,
                        35.44064945873279,
                        57
                    ],
                    [
                        136.82833572082302,
                        35.44050928590681,
                        68
                    ],
                    [
                        136.82829602552755,
                        35.440691276910265,
                        73
                    ],
                    [
                        136.82811123780786,
                        35.440738418947355,
                        80
                    ],
                    [
                        136.82808584950564,
                        35.440883748963046,
                        84
                    ],
                    [
                        136.8280048815817,
                        35.44104760570169,
                        91
                    ],
                    [
                        136.8279464505084,
                        35.44126524347834,
                        102
                    ],
                    [
                        136.82772257221603,
                        35.44117816995602,
                        107
                    ],
                    [
                        136.82762204470063,
                        35.44129912109018,
                        116
                    ],
                    [
                        136.82771876633825,
                        35.44149322751546,
                        122
                    ],
                    [
                        136.82752124031137,
                        35.44149249314313,
                        129
                    ],
                    [
                        136.82757263089485,
                        35.441682649696006,
                        138
                    ],
                    [
                        136.8273944156173,
                        35.441690513214255,
                        142
                    ],
                    [
                        136.8274631933495,
                        35.44185558469106,
                        151
                    ],
                    [
                        136.8272909918923,
                        35.4419767637446,
                        159
                    ],
                    [
                        136.8271999889154,
                        35.44215876708358,
                        163
                    ],
                    [
                        136.8268792924213,
                        35.44238635097324,
                        165
                    ],
                    [
                        136.82662021771736,
                        35.44259402244717,
                        171
                    ],
                    [
                        136.8263955419312,
                        35.44275358677621,
                        171
                    ],
                    [
                        136.82628426726166,
                        35.44281588905758,
                        170
                    ],
                    [
                        136.82656803183897,
                        35.44260899400242,
                        169
                    ],
                    [
                        136.82671635262437,
                        35.442340240962956,
                        166
                    ],
                    [
                        136.8265799384176,
                        35.44210697172546,
                        158
                    ],
                    [
                        136.8264665794276,
                        35.44187880511431,
                        145
                    ],
                    [
                        136.826374586108,
                        35.441692443342376,
                        135
                    ],
                    [
                        136.8263481588562,
                        35.44157568341009,
                        131
                    ],
                    [
                        136.82624577144753,
                        35.44136913457817,
                        122
                    ],
                    [
                        136.82609743716577,
                        35.441056091906546,
                        112
                    ],
                    [
                        136.8260268086371,
                        35.440815539740136,
                        117
                    ],
                    [
                        136.82586554774522,
                        35.4405963726857,
                        124
                    ],
                    [
                        136.82570542677058,
                        35.440450323724406,
                        131
                    ],
                    [
                        136.8256140190687,
                        35.44037087146237,
                        137
                    ],
                    [
                        136.82546660353896,
                        35.44018476360597,
                        145
                    ],
                    [
                        136.82528766856973,
                        35.440096253892,
                        156
                    ],
                    [
                        136.82517841788908,
                        35.440021806036256,
                        164
                    ],
                    [
                        136.824973554824,
                        35.440044326417414,
                        170
                    ],
                    [
                        136.82482187201546,
                        35.439975499080155,
                        181
                    ],
                    [
                        136.82477532418906,
                        35.43985026059824,
                        189
                    ],
                    [
                        136.8246102948713,
                        35.4398077899644,
                        205
                    ],
                    [
                        136.82446391786544,
                        35.43970531691348,
                        216
                    ],
                    [
                        136.8243073342599,
                        35.439618496560584,
                        226
                    ],
                    [
                        136.82406254554863,
                        35.43954825606208,
                        234
                    ],
                    [
                        136.82419139281137,
                        35.439337756326424,
                        241
                    ],
                    [
                        136.82427014753168,
                        35.43919213244592,
                        248
                    ],
                    [
                        136.82435051863823,
                        35.438993294652136,
                        255
                    ],
                    [
                        136.8243854155885,
                        35.43878038315754,
                        267
                    ],
                    [
                        136.82448693471179,
                        35.43856721955618,
                        276
                    ],
                    [
                        136.82427784793077,
                        35.438455161350156,
                        266
                    ],
                    [
                        136.82398031382613,
                        35.4382841657715,
                        258
                    ],
                    [
                        136.82359211192303,
                        35.4380687302306,
                        248
                    ],
                    [
                        136.82319623099127,
                        35.43792174227809,
                        248
                    ],
                    [
                        136.82275453714513,
                        35.43766414504242,
                        250
                    ],
                    [
                        136.82230210530048,
                        35.43773519676201,
                        244
                    ],
                    [
                        136.82179018949444,
                        35.43778008996402,
                        238
                    ],
                    [
                        136.8213336898195,
                        35.43777603969224,
                        228
                    ],
                    [
                        136.82107552616722,
                        35.437733284036874,
                        213
                    ],
                    [
                        136.8207296853421,
                        35.437675886879866,
                        204
                    ],
                    [
                        136.8203427764269,
                        35.437662994882245,
                        202
                    ],
                    [
                        136.82005749518348,
                        35.43765381905907,
                        208
                    ],
                    [
                        136.8197242963986,
                        35.437545673000685,
                        208
                    ],
                    [
                        136.81924765314787,
                        35.43744578191139,
                        198
                    ],
                    [
                        136.8187385671955,
                        35.437377802017046,
                        195
                    ],
                    [
                        136.8183770049456,
                        35.43730825766864,
                        196
                    ],
                    [
                        136.81787259343596,
                        35.43720915262942,
                        199
                    ],
                    [
                        136.8175230575563,
                        35.43713301848724,
                        203
                    ],
                    [
                        136.81714611303286,
                        35.4370432616771,
                        206
                    ],
                    [
                        136.81668910747126,
                        35.43679871579404,
                        203
                    ],
                    [
                        136.81639450608878,
                        35.43660996789018,
                        207
                    ],
                    [
                        136.81624266094846,
                        35.43656441122419,
                        208
                    ],
                    [
                        136.81608692604863,
                        35.43664083394502,
                        221
                    ],
                    [
                        136.8158998492572,
                        35.43672558727334,
                        225
                    ],
                    [
                        136.81574631853826,
                        35.43677861927464,
                        233
                    ],
                    [
                        136.81562058613542,
                        35.43688998943741,
                        239
                    ],
                    [
                        136.8154237268269,
                        35.436884399805635,
                        246
                    ],
                    [
                        136.81532808586758,
                        35.43699176143089,
                        253
                    ],
                    [
                        136.81518074650603,
                        35.43701455948888,
                        260
                    ],
                    [
                        136.8149592247087,
                        35.43711810203906,
                        262
                    ],
                    [
                        136.81450046038375,
                        35.43707480110533,
                        266
                    ],
                    [
                        136.81404499452455,
                        35.436932328247444,
                        267
                    ],
                    [
                        136.8135195561317,
                        35.43704668773462,
                        265
                    ],
                    [
                        136.8132313551465,
                        35.43716091972505,
                        265
                    ],
                    [
                        136.81286201337662,
                        35.43725557271481,
                        263
                    ],
                    [
                        136.8125068696732,
                        35.43739327700681,
                        264
                    ],
                    [
                        136.81215684009217,
                        35.43751813405766,
                        264
                    ],
                    [
                        136.81177389830899,
                        35.437539850730744,
                        261
                    ],
                    [
                        136.81136373379167,
                        35.43743320453484,
                        260
                    ],
                    [
                        136.81092277871736,
                        35.43725565130499,
                        251
                    ],
                    [
                        136.81048128439605,
                        35.43711252338566,
                        241
                    ],
                    [
                        136.81022303284044,
                        35.436997735817606,
                        230
                    ],
                    [
                        136.81003433183804,
                        35.43693232425153,
                        223
                    ],
                    [
                        136.80981380517628,
                        35.43692980962741,
                        213
                    ],
                    [
                        136.80956479516865,
                        35.43690002524674,
                        202
                    ],
                    [
                        136.80928219584476,
                        35.436947227354025,
                        192
                    ],
                    [
                        136.808901320775,
                        35.4370626987639,
                        183
                    ],
                    [
                        136.80840465841382,
                        35.437021150779465,
                        175
                    ],
                    [
                        136.80812468269824,
                        35.436914008303084,
                        168
                    ],
                    [
                        136.80784550591147,
                        35.43678282186835,
                        158
                    ],
                    [
                        136.80761305394074,
                        35.4367858920158,
                        150
                    ],
                    [
                        136.8073883994106,
                        35.43683794538768,
                        138
                    ],
                    [
                        136.80719543220482,
                        35.43688434641351,
                        127
                    ],
                    [
                        136.80699605677933,
                        35.43688667276142,
                        117
                    ],
                    [
                        136.80679681972344,
                        35.43684090049064,
                        108
                    ],
                    [
                        136.80658166580398,
                        35.43691089747841,
                        98
                    ],
                    [
                        136.80637364001902,
                        35.43700838512015,
                        88
                    ],
                    [
                        136.80612096592813,
                        35.437067096910944,
                        78
                    ],
                    [
                        136.80577567477454,
                        35.437051393509655,
                        66
                    ],
                    [
                        136.80548159128705,
                        35.4369916629942,
                        62
                    ],
                    [
                        136.8051353994484,
                        35.43692228340687,
                        51
                    ],
                    [
                        136.80477278153842,
                        35.43685352486785,
                        36
                    ],
                    [
                        136.8047041322547,
                        35.43699185155866,
                        31
                    ],
                    [
                        136.8044946278181,
                        35.43722910608805,
                        24
                    ],
                    [
                        136.80411446464288,
                        35.43707474490619,
                        25
                    ],
                    [
                        136.80375052400896,
                        35.436886706732764,
                        26
                    ],
                    [
                        136.80334286613035,
                        35.436836525173646,
                        27
                    ],
                    [
                        136.80294417815102,
                        35.436782314465624,
                        27
                    ],
                    [
                        136.80269424802162,
                        35.4365238685187,
                        28
                    ],
                    [
                        136.8027710385717,
                        35.43619163407349,
                        30
                    ],
                    [
                        136.8025480562436,
                        35.436070905554594,
                        32
                    ],
                    [
                        136.80231822428541,
                        35.436134405255046,
                        41
                    ],
                    [
                        136.80216808016496,
                        35.43621362008239,
                        48
                    ],
                    [
                        136.8019642670011,
                        35.43624500860883,
                        56
                    ],
                    [
                        136.801788823312,
                        35.43622286717048,
                        63
                    ],
                    [
                        136.80157289201196,
                        35.43617960939848,
                        71
                    ],
                    [
                        136.80140707124826,
                        35.4361240010402,
                        79
                    ],
                    [
                        136.80124242374197,
                        35.43612022176702,
                        87
                    ],
                    [
                        136.80102182352866,
                        35.4361162540641,
                        98
                    ],
                    [
                        136.80071391330029,
                        35.43603435027369,
                        101
                    ],
                    [
                        136.80075012252937,
                        35.43588511027873,
                        108
                    ],
                    [
                        136.80081016550088,
                        35.43572290844512,
                        117
                    ],
                    [
                        136.8007991242996,
                        35.43556268711693,
                        126
                    ],
                    [
                        136.8007838022429,
                        35.435420582177635,
                        131
                    ],
                    [
                        136.80102182595695,
                        35.43521588178319,
                        130
                    ],
                    [
                        136.80115910274918,
                        35.43491672727288,
                        131
                    ],
                    [
                        136.8012080117487,
                        35.43467721219179,
                        133
                    ],
                    [
                        136.80128988188196,
                        35.434462480425545,
                        141
                    ],
                    [
                        136.80134470123775,
                        35.43424762412072,
                        147
                    ],
                    [
                        136.80139344595665,
                        35.43394458037467,
                        147
                    ],
                    [
                        136.80120887787172,
                        35.43366387077957,
                        139
                    ],
                    [
                        136.80104285822458,
                        35.43338853842314,
                        138
                    ],
                    [
                        136.8007713385919,
                        35.433217899141106,
                        141
                    ],
                    [
                        136.8003601123711,
                        35.43321946138918,
                        143
                    ],
                    [
                        136.80000739643845,
                        35.433164718740734,
                        146
                    ],
                    [
                        136.79974218319268,
                        35.433078535044366,
                        152
                    ],
                    [
                        136.79950428576444,
                        35.43299883378076,
                        157
                    ],
                    [
                        136.79923106694136,
                        35.432987332151455,
                        164
                    ],
                    [
                        136.79894575186609,
                        35.43295387005015,
                        169
                    ],
                    [
                        136.79869906035162,
                        35.432925352096085,
                        175
                    ],
                    [
                        136.798480855815,
                        35.432911295909086,
                        174
                    ],
                    [
                        136.79838958406899,
                        35.432796143554356,
                        170
                    ],
                    [
                        136.79833643352845,
                        35.43269382831712,
                        164
                    ],
                    [
                        136.79824063388276,
                        35.43260794714101,
                        159
                    ],
                    [
                        136.7981188258625,
                        35.43251434840663,
                        154
                    ],
                    [
                        136.79799694474974,
                        35.43237909769245,
                        140
                    ],
                    [
                        136.79781564757948,
                        35.43223415172667,
                        128
                    ],
                    [
                        136.79763844870277,
                        35.43208618452547,
                        118
                    ],
                    [
                        136.79751971382734,
                        35.431917834337426,
                        110
                    ],
                    [
                        136.79732851330803,
                        35.43178173772883,
                        101
                    ],
                    [
                        136.79734870802218,
                        35.431574913030815,
                        94
                    ],
                    [
                        136.79737656613864,
                        35.43140558555907,
                        88
                    ],
                    [
                        136.7974246213725,
                        35.43125995006181,
                        78
                    ],
                    [
                        136.79746646006546,
                        35.43106280179311,
                        69
                    ],
                    [
                        136.79755722801542,
                        35.4308678140251,
                        60
                    ],
                    [
                        136.79762420925206,
                        35.43069325924723,
                        51
                    ],
                    [
                        136.79784002306818,
                        35.430391100801955,
                        51
                    ],
                    [
                        136.79810982332188,
                        35.430024665314875,
                        47
                    ],
                    [
                        136.79830597463567,
                        35.42977378005592,
                        44
                    ],
                    [
                        136.79849596480798,
                        35.42965610358037,
                        37
                    ],
                    [
                        136.79839995177065,
                        35.42948504156248,
                        32
                    ],
                    [
                        136.79801214386737,
                        35.42937862342573,
                        32
                    ],
                    [
                        136.79762796292115,
                        35.42927408833813,
                        29
                    ],
                    [
                        136.79742065480002,
                        35.429560334137854,
                        31
                    ],
                    [
                        136.79729595050878,
                        35.42989827141456,
                        33
                    ],
                    [
                        136.7970994929126,
                        35.430233269105656,
                        36
                    ],
                    [
                        136.79674107836053,
                        35.43044324145142,
                        35
                    ],
                    [
                        136.79639747768405,
                        35.430673301734295,
                        36
                    ],
                    [
                        136.7960666289296,
                        35.43091599487344,
                        39
                    ],
                    [
                        136.79580737820726,
                        35.43117696648112,
                        34
                    ],
                    [
                        136.79556272109224,
                        35.43143078847587,
                        30
                    ],
                    [
                        136.7952758098099,
                        35.43170910843432,
                        31
                    ],
                    [
                        136.79485380118356,
                        35.43172362413336,
                        35
                    ],
                    [
                        136.7944303846993,
                        35.43174448377851,
                        36
                    ],
                    [
                        136.79398451658165,
                        35.431699627926356,
                        36
                    ],
                    [
                        136.79365357380348,
                        35.431492814844965,
                        35
                    ],
                    [
                        136.79329353676798,
                        35.431349904662554,
                        35
                    ],
                    [
                        136.79314091275518,
                        35.431340900807335,
                        36
                    ],
                    [
                        136.79272739604468,
                        35.431342992616,
                        39
                    ],
                    [
                        136.79229516841824,
                        35.43129163418084,
                        43
                    ],
                    [
                        136.79190503769448,
                        35.43127093916483,
                        45
                    ],
                    [
                        136.79161070675747,
                        35.43125361416873,
                        44
                    ],
                    [
                        136.79121667374227,
                        35.431181188222276,
                        47
                    ],
                    [
                        136.79082265013363,
                        35.43113230597786,
                        49
                    ],
                    [
                        136.79046503470835,
                        35.431096435196295,
                        49
                    ],
                    [
                        136.79009500637525,
                        35.43103351352579,
                        54
                    ],
                    [
                        136.78968552376827,
                        35.430972796931734,
                        57
                    ],
                    [
                        136.78930943417436,
                        35.43084728792053,
                        60
                    ],
                    [
                        136.7889194894173,
                        35.43077121729565,
                        64
                    ],
                    [
                        136.78857628010516,
                        35.43067170729465,
                        67
                    ],
                    [
                        136.78819919955205,
                        35.430592923879324,
                        70
                    ],
                    [
                        136.78784733315618,
                        35.43045160536821,
                        75
                    ],
                    [
                        136.78757972418583,
                        35.43029174601585,
                        78
                    ],
                    [
                        136.78741917045855,
                        35.430227958743586,
                        82
                    ],
                    [
                        136.78709959061456,
                        35.43010207120443,
                        84
                    ],
                    [
                        136.78680317838894,
                        35.42992280268493,
                        89
                    ],
                    [
                        136.78652185876038,
                        35.42987117731536,
                        96
                    ],
                    [
                        136.78629558109256,
                        35.42988388289255,
                        100
                    ],
                    [
                        136.78606556797362,
                        35.42984589759861,
                        106
                    ],
                    [
                        136.7858525435732,
                        35.42973997770565,
                        114
                    ],
                    [
                        136.78564976822642,
                        35.42962326072637,
                        124
                    ],
                    [
                        136.7855134295404,
                        35.42939393323002,
                        133
                    ],
                    [
                        136.78533927851862,
                        35.42921359847361,
                        139
                    ],
                    [
                        136.78507276355472,
                        35.429141723542294,
                        142
                    ],
                    [
                        136.78497698721497,
                        35.42931575597704,
                        143
                    ],
                    [
                        136.78488934197543,
                        35.429519545906466,
                        145
                    ],
                    [
                        136.78480971320872,
                        35.42975600208075,
                        151
                    ],
                    [
                        136.7846663580011,
                        35.42999494700312,
                        159
                    ],
                    [
                        136.78468010049846,
                        35.430206994152584,
                        166
                    ],
                    [
                        136.78452825603037,
                        35.43035650192873,
                        169
                    ],
                    [
                        136.78438786657696,
                        35.43050823698883,
                        178
                    ],
                    [
                        136.7842346727229,
                        35.430641528452455,
                        184
                    ],
                    [
                        136.78411375567094,
                        35.43084881146086,
                        190
                    ],
                    [
                        136.78390758989184,
                        35.430994347156336,
                        192
                    ],
                    [
                        136.78360987032028,
                        35.43107882198429,
                        194
                    ],
                    [
                        136.78344567066907,
                        35.43129450760209,
                        198
                    ],
                    [
                        136.7832991386298,
                        35.4314946709657,
                        205
                    ],
                    [
                        136.7831539531356,
                        35.431665997387235,
                        213
                    ],
                    [
                        136.78299641235748,
                        35.431793012547345,
                        217
                    ],
                    [
                        136.78288015929618,
                        35.431939773954944,
                        228
                    ],
                    [
                        136.7827308373906,
                        35.43206659766023,
                        234
                    ],
                    [
                        136.78260911400974,
                        35.43222458099832,
                        242
                    ],
                    [
                        136.78237733531935,
                        35.43233522074111,
                        250
                    ],
                    [
                        136.78216692715728,
                        35.43236230565456,
                        260
                    ],
                    [
                        136.78207034606882,
                        35.432483962490004,
                        270
                    ],
                    [
                        136.7818390362229,
                        35.432532165865496,
                        279
                    ],
                    [
                        136.7816263809355,
                        35.43257304293084,
                        291
                    ],
                    [
                        136.781454006489,
                        35.43267417369124,
                        300
                    ],
                    [
                        136.78146187416976,
                        35.43281487732197,
                        308
                    ],
                    [
                        136.7813542402397,
                        35.4328343714685,
                        310
                    ],
                    [
                        136.78152278330523,
                        35.4329881601405,
                        316
                    ],
                    [
                        136.7816687994881,
                        35.43312768622266,
                        325
                    ],
                    [
                        136.78161187561108,
                        35.433359548566905,
                        328
                    ],
                    [
                        136.7816043808612,
                        35.43354767299323,
                        330
                    ],
                    [
                        136.78161536167192,
                        35.433269708063385,
                        324
                    ],
                    [
                        136.78149610150305,
                        35.433045308016226,
                        317
                    ],
                    [
                        136.78134554579034,
                        35.43285686606312,
                        308
                    ],
                    [
                        136.78143094130343,
                        35.43268052228597,
                        301
                    ],
                    [
                        136.78162325222056,
                        35.432523907760256,
                        289
                    ],
                    [
                        136.78191610985058,
                        35.43248167826656,
                        281
                    ],
                    [
                        136.7820725444796,
                        35.43243268878261,
                        267
                    ],
                    [
                        136.78231604953078,
                        35.43229016589782,
                        253
                    ],
                    [
                        136.78250919791859,
                        35.43217702766812,
                        248
                    ],
                    [
                        136.78268545353941,
                        35.43203396299498,
                        234
                    ],
                    [
                        136.7827872983893,
                        35.431992943748,
                        233
                    ],
                    [
                        136.78279329967003,
                        35.4317911731027,
                        225
                    ],
                    [
                        136.78305015161422,
                        35.431596515038606,
                        213
                    ],
                    [
                        136.78332493944833,
                        35.43145007003952,
                        205
                    ],
                    [
                        136.783511482847,
                        35.4311982119496,
                        197
                    ],
                    [
                        136.78380427033818,
                        35.431025703737774,
                        195
                    ],
                    [
                        136.78407172597045,
                        35.4308298525447,
                        189
                    ],
                    [
                        136.78426942502537,
                        35.430569751846484,
                        182
                    ],
                    [
                        136.784494039673,
                        35.43039620119524,
                        174
                    ],
                    [
                        136.78464262036638,
                        35.43022668102353,
                        167
                    ],
                    [
                        136.78464991870734,
                        35.429971461991876,
                        156
                    ],
                    [
                        136.78478235106448,
                        35.429745740709755,
                        150
                    ],
                    [
                        136.78486403197678,
                        35.42947296010904,
                        142
                    ],
                    [
                        136.78495362254503,
                        35.42916969609333,
                        140
                    ],
                    [
                        136.78500877755454,
                        35.42902507459273,
                        140
                    ],
                    [
                        136.7847883310311,
                        35.42875640143615,
                        138
                    ],
                    [
                        136.78450712987797,
                        35.428594648033,
                        131
                    ],
                    [
                        136.7842935796186,
                        35.428446993940824,
                        122
                    ],
                    [
                        136.78404549896587,
                        35.42832756108824,
                        112
                    ],
                    [
                        136.78380177001605,
                        35.42813772594329,
                        105
                    ],
                    [
                        136.7837556748185,
                        35.42805223488875,
                        100
                    ],
                    [
                        136.78384101700559,
                        35.42798366306012,
                        102
                    ],
                    [
                        136.78401377218697,
                        35.4280675549133,
                        113
                    ],
                    [
                        136.78416129366727,
                        35.42803212093148,
                        121
                    ],
                    [
                        136.78438121273615,
                        35.428102610161694,
                        130
                    ],
                    [
                        136.7844989819195,
                        35.42809550979262,
                        135
                    ],
                    [
                        136.7846884999312,
                        35.42811150769411,
                        146
                    ],
                    [
                        136.7848746847964,
                        35.428158495811104,
                        156
                    ],
                    [
                        136.78500437155742,
                        35.428195772500004,
                        160
                    ],
                    [
                        136.7852096581095,
                        35.42811266824355,
                        166
                    ],
                    [
                        136.78536583507403,
                        35.42801332885331,
                        170
                    ],
                    [
                        136.78545776753785,
                        35.42792285583512,
                        174
                    ],
                    [
                        136.78538807742507,
                        35.42783117631355,
                        172
                    ],
                    [
                        136.78550062048316,
                        35.427817232823195,
                        179
                    ],
                    [
                        136.78570224126636,
                        35.42770080014294,
                        180
                    ],
                    [
                        136.7858696150813,
                        35.42761706249549,
                        185
                    ],
                    [
                        136.78611491132284,
                        35.427645643674,
                        197
                    ],
                    [
                        136.78627311743693,
                        35.42768352156822,
                        202
                    ],
                    [
                        136.78646447744558,
                        35.427678455051534,
                        213
                    ],
                    [
                        136.78663031997567,
                        35.42758635238027,
                        216
                    ],
                    [
                        136.78672808231644,
                        35.427432937477874,
                        213
                    ],
                    [
                        136.78680920597026,
                        35.42728187503834,
                        213
                    ],
                    [
                        136.78709223341576,
                        35.427130464010645,
                        214
                    ],
                    [
                        136.7872528642177,
                        35.427095396384296,
                        217
                    ],
                    [
                        136.78769574900772,
                        35.4270769484289,
                        226
                    ],
                    [
                        136.78808054061656,
                        35.42715962778114,
                        226
                    ],
                    [
                        136.78843129124002,
                        35.427331586306344,
                        219
                    ],
                    [
                        136.7885656425284,
                        35.42724195456196,
                        216
                    ],
                    [
                        136.78843431844672,
                        35.42701068755781,
                        206
                    ],
                    [
                        136.78831367111817,
                        35.42673019738673,
                        196
                    ],
                    [
                        136.7882570761464,
                        35.42647336794913,
                        185
                    ],
                    [
                        136.7883254621509,
                        35.42624645029644,
                        171
                    ],
                    [
                        136.7883450415635,
                        35.42607150931932,
                        169
                    ],
                    [
                        136.78848937463314,
                        35.42612161923541,
                        166
                    ],
                    [
                        136.7886007924364,
                        35.42589925440346,
                        161
                    ],
                    [
                        136.7886682691172,
                        35.4257729060013,
                        155
                    ],
                    [
                        136.78882667788199,
                        35.42567840541186,
                        146
                    ],
                    [
                        136.7885317405613,
                        35.42549815889597,
                        140
                    ],
                    [
                        136.7884927637555,
                        35.42521784330781,
                        131
                    ],
                    [
                        136.78859691830277,
                        35.4249383000404,
                        125
                    ],
                    [
                        136.78876646755234,
                        35.42468748878841,
                        134
                    ],
                    [
                        136.78907211042304,
                        35.42443386166353,
                        134
                    ],
                    [
                        136.78920366522962,
                        35.42408140005412,
                        136
                    ],
                    [
                        136.78943278562375,
                        35.42373429136278,
                        138
                    ],
                    [
                        136.78964993685378,
                        35.42366608037691,
                        140
                    ],
                    [
                        136.7900293719406,
                        35.423574974098315,
                        140
                    ],
                    [
                        136.7900118871688,
                        35.42316723714224,
                        144
                    ],
                    [
                        136.7903372684046,
                        35.42277519614466,
                        143
                    ],
                    [
                        136.7906940675136,
                        35.42266168945562,
                        142
                    ],
                    [
                        136.79113062236414,
                        35.4225719304011,
                        138
                    ],
                    [
                        136.79138867194249,
                        35.42228697625029,
                        144
                    ],
                    [
                        136.79191490558455,
                        35.42213340857684,
                        139
                    ],
                    [
                        136.79214973355607,
                        35.42185580042893,
                        135
                    ],
                    [
                        136.7924803610679,
                        35.421541360212714,
                        132
                    ],
                    [
                        136.79299969044845,
                        35.42159607958431,
                        127
                    ],
                    [
                        136.7933494377391,
                        35.42157568856652,
                        126
                    ],
                    [
                        136.79369913629262,
                        35.42171753469174,
                        128
                    ],
                    [
                        136.7938664521828,
                        35.4218574310099,
                        127
                    ],
                    [
                        136.7941602762642,
                        35.42205339634216,
                        130
                    ],
                    [
                        136.79450608237164,
                        35.42210765179807,
                        128
                    ],
                    [
                        136.79496267112597,
                        35.422209756881024,
                        125
                    ],
                    [
                        136.79535205312558,
                        35.42230481629044,
                        124
                    ],
                    [
                        136.7957488295168,
                        35.42249895232875,
                        127
                    ],
                    [
                        136.79599161355074,
                        35.422634153367575,
                        132
                    ],
                    [
                        136.79616770842645,
                        35.42269133259943,
                        136
                    ],
                    [
                        136.79635086937748,
                        35.422781623156894,
                        142
                    ],
                    [
                        136.79652091381303,
                        35.4228744979419,
                        152
                    ],
                    [
                        136.79674244183693,
                        35.42295065736283,
                        157
                    ],
                    [
                        136.7969429910782,
                        35.42310162765364,
                        163
                    ],
                    [
                        136.79701564957102,
                        35.42330695330415,
                        171
                    ],
                    [
                        136.79707023761847,
                        35.42347316186607,
                        176
                    ],
                    [
                        136.7973524512485,
                        35.423652968093656,
                        178
                    ],
                    [
                        136.79758740003425,
                        35.42372964783546,
                        180
                    ],
                    [
                        136.7978554529328,
                        35.42379911390634,
                        184
                    ],
                    [
                        136.79805542280343,
                        35.42385865652354,
                        190
                    ],
                    [
                        136.79824832424313,
                        35.423998581253265,
                        199
                    ],
                    [
                        136.7984703035641,
                        35.42411674567691,
                        206
                    ],
                    [
                        136.79863659241147,
                        35.42396369753227,
                        199
                    ],
                    [
                        136.79881287581853,
                        35.423912234275186,
                        192
                    ],
                    [
                        136.79898503416837,
                        35.423855325994445,
                        183
                    ],
                    [
                        136.79909213543488,
                        35.42374247805776,
                        171
                    ],
                    [
                        136.79928578616594,
                        35.4236564080116,
                        161
                    ],
                    [
                        136.79946186125372,
                        35.42347007624512,
                        156
                    ],
                    [
                        136.79977183433658,
                        35.42321802625929,
                        153
                    ],
                    [
                        136.8000884135131,
                        35.422954938796565,
                        148
                    ],
                    [
                        136.800583848084,
                        35.42283643368658,
                        145
                    ],
                    [
                        136.8009792173353,
                        35.422581982665825,
                        139
                    ],
                    [
                        136.80114755004675,
                        35.42238014835113,
                        138
                    ],
                    [
                        136.80132388880125,
                        35.42225712805106,
                        142
                    ],
                    [
                        136.80168114253135,
                        35.42218016370629,
                        142
                    ],
                    [
                        136.80217425822002,
                        35.42223471898186,
                        149
                    ],
                    [
                        136.802531684473,
                        35.42217037436626,
                        150
                    ],
                    [
                        136.8028417321051,
                        35.42201433998572,
                        150
                    ],
                    [
                        136.80307050925077,
                        35.42199048282037,
                        155
                    ],
                    [
                        136.8033229605526,
                        35.42182263276609,
                        159
                    ],
                    [
                        136.80361139072116,
                        35.42159954972123,
                        156
                    ],
                    [
                        136.80409562575642,
                        35.4215916282027,
                        149
                    ],
                    [
                        136.80444922767867,
                        35.42175594660113,
                        146
                    ],
                    [
                        136.80472167003828,
                        35.42193869817265,
                        148
                    ],
                    [
                        136.80501137246412,
                        35.422126355304925,
                        151
                    ],
                    [
                        136.80523607586787,
                        35.42224365497696,
                        160
                    ],
                    [
                        136.8054640732512,
                        35.42232012060603,
                        164
                    ],
                    [
                        136.80579162311537,
                        35.422473038553974,
                        170
                    ],
                    [
                        136.80611332892434,
                        35.4225489598671,
                        173
                    ],
                    [
                        136.80633590270736,
                        35.422639159347206,
                        179
                    ],
                    [
                        136.80654634462547,
                        35.4227133148533,
                        183
                    ],
                    [
                        136.806788389492,
                        35.42284540335754,
                        189
                    ],
                    [
                        136.8070216767089,
                        35.42289917738437,
                        189
                    ],
                    [
                        136.8070182282471,
                        35.422805146267955,
                        188
                    ],
                    [
                        136.807332751621,
                        35.422851723440736,
                        182
                    ],
                    [
                        136.80751452170978,
                        35.42279777858332,
                        176
                    ],
                    [
                        136.8077147078868,
                        35.422719657822384,
                        165
                    ],
                    [
                        136.8079393866685,
                        35.422610647195604,
                        156
                    ],
                    [
                        136.80810890523594,
                        35.42245231131632,
                        149
                    ],
                    [
                        136.80824141512596,
                        35.42216825874918,
                        140
                    ],
                    [
                        136.80833541434333,
                        35.421936219589114,
                        132
                    ],
                    [
                        136.8084806760296,
                        35.42174402980618,
                        124
                    ],
                    [
                        136.80833434044243,
                        35.421713204573585,
                        116
                    ],
                    [
                        136.8081335389623,
                        35.421657046488164,
                        107
                    ],
                    [
                        136.8080158399743,
                        35.42155271496027,
                        97
                    ],
                    [
                        136.8078509139068,
                        35.42151326920295,
                        89
                    ],
                    [
                        136.8078918143765,
                        35.42141311360044,
                        87
                    ],
                    [
                        136.80778160970792,
                        35.42129892924513,
                        77
                    ],
                    [
                        136.80763581609648,
                        35.421141807882634,
                        69
                    ],
                    [
                        136.80761813763104,
                        35.420865312185306,
                        60
                    ],
                    [
                        136.80747616579737,
                        35.42072469853015,
                        57
                    ],
                    [
                        136.80751063156808,
                        35.42045383536378,
                        53
                    ],
                    [
                        136.807497450716,
                        35.420161986452364,
                        46
                    ],
                    [
                        136.80747920658632,
                        35.41987624710604,
                        37
                    ],
                    [
                        136.80768388456957,
                        35.41976358186458,
                        33
                    ],
                    [
                        136.80778248307846,
                        35.41958282807359,
                        29
                    ],
                    [
                        136.80784370605346,
                        35.41932857476637,
                        25
                    ],
                    [
                        136.8079215941148,
                        35.419040929798435,
                        23
                    ],
                    [
                        136.80798300461245,
                        35.41876362562569,
                        21
                    ],
                    [
                        136.80795429940406,
                        35.418469676375885,
                        20
                    ],
                    [
                        136.80780065173272,
                        35.41829599325187,
                        19
                    ]
                ]
            }
        }
    ]
}