{
    "type": "FeatureCollection",
    "features": [
        {
            "type": "Feature",
            "properties": {
                "name": "20260709",
                "time": "2026-07-09T00:14:49Z",
                "coordTimes": [
                    "2026-07-09T00:14:49Z",
                    "2026-07-09T00:15:15Z",
                    "2026-07-09T00:15:40Z",
                    "2026-07-09T00:17:13Z",
                    "2026-07-09T00:17:45Z",
                    "2026-07-09T00:18:09Z",
                    "2026-07-09T00:18:36Z",
                    "2026-07-09T00:19:01Z",
                    "2026-07-09T00:19:27Z",
                    "2026-07-09T00:19:51Z",
                    "2026-07-09T00:20:15Z",
                    "2026-07-09T00:20:39Z",
                    "2026-07-09T00:21:03Z",
                    "2026-07-09T00:21:30Z",
                    "2026-07-09T00:21:54Z",
                    "2026-07-09T00:22:21Z",
                    "2026-07-09T00:22:48Z",
                    "2026-07-09T00:23:15Z",
                    "2026-07-09T00:23:41Z",
                    "2026-07-09T00:24:05Z",
                    "2026-07-09T00:24:29Z",
                    "2026-07-09T00:24:56Z",
                    "2026-07-09T00:25:24Z",
                    "2026-07-09T00:25:50Z",
                    "2026-07-09T00:26:19Z",
                    "2026-07-09T00:26:44Z",
                    "2026-07-09T00:27:12Z",
                    "2026-07-09T00:27:36Z",
                    "2026-07-09T00:28:02Z",
                    "2026-07-09T00:28:29Z",
                    "2026-07-09T00:28:53Z",
                    "2026-07-09T00:29:20Z",
                    "2026-07-09T00:29:43Z",
                    "2026-07-09T00:30:10Z",
                    "2026-07-09T00:30:35Z",
                    "2026-07-09T00:31:00Z",
                    "2026-07-09T00:31:24Z",
                    "2026-07-09T00:31:50Z",
                    "2026-07-09T00:32:17Z",
                    "2026-07-09T00:32:43Z",
                    "2026-07-09T00:33:10Z",
                    "2026-07-09T00:33:33Z",
                    "2026-07-09T00:33:59Z",
                    "2026-07-09T00:34:27Z",
                    "2026-07-09T00:34:52Z",
                    "2026-07-09T00:35:15Z",
                    "2026-07-09T00:35:39Z",
                    "2026-07-09T00:36:17Z",
                    "2026-07-09T00:37:05Z",
                    "2026-07-09T00:37:39Z",
                    "2026-07-09T00:38:06Z",
                    "2026-07-09T00:38:36Z",
                    "2026-07-09T00:39:00Z",
                    "2026-07-09T00:40:05Z",
                    "2026-07-09T00:40:58Z",
                    "2026-07-09T00:41:28Z",
                    "2026-07-09T00:41:53Z",
                    "2026-07-09T00:42:30Z",
                    "2026-07-09T00:42:59Z",
                    "2026-07-09T00:43:27Z",
                    "2026-07-09T00:44:24Z",
                    "2026-07-09T00:45:03Z",
                    "2026-07-09T00:45:34Z",
                    "2026-07-09T00:46:06Z",
                    "2026-07-09T00:46:31Z",
                    "2026-07-09T00:47:01Z",
                    "2026-07-09T00:47:30Z",
                    "2026-07-09T00:47:57Z",
                    "2026-07-09T00:48:43Z",
                    "2026-07-09T00:49:11Z",
                    "2026-07-09T00:49:56Z",
                    "2026-07-09T00:50:25Z",
                    "2026-07-09T00:50:52Z",
                    "2026-07-09T00:51:21Z",
                    "2026-07-09T00:51:58Z",
                    "2026-07-09T00:52:54Z",
                    "2026-07-09T00:53:41Z",
                    "2026-07-09T00:54:24Z",
                    "2026-07-09T00:54:53Z",
                    "2026-07-09T00:55:24Z",
                    "2026-07-09T00:56:01Z",
                    "2026-07-09T00:56:39Z",
                    "2026-07-09T00:57:31Z",
                    "2026-07-09T00:57:58Z",
                    "2026-07-09T00:58:29Z",
                    "2026-07-09T00:59:04Z",
                    "2026-07-09T00:59:38Z",
                    "2026-07-09T01:00:20Z",
                    "2026-07-09T01:00:52Z",
                    "2026-07-09T01:01:20Z",
                    "2026-07-09T01:02:03Z",
                    "2026-07-09T01:02:33Z",
                    "2026-07-09T01:03:08Z",
                    "2026-07-09T01:04:07Z",
                    "2026-07-09T01:06:46Z",
                    "2026-07-09T01:07:14Z",
                    "2026-07-09T01:07:46Z",
                    "2026-07-09T01:08:10Z",
                    "2026-07-09T01:08:47Z",
                    "2026-07-09T01:09:23Z",
                    "2026-07-09T01:10:19Z",
                    "2026-07-09T01:10:48Z",
                    "2026-07-09T01:11:16Z",
                    "2026-07-09T01:12:03Z",
                    "2026-07-09T01:12:43Z",
                    "2026-07-09T01:13:48Z",
                    "2026-07-09T01:14:48Z",
                    "2026-07-09T01:15:30Z",
                    "2026-07-09T01:16:13Z",
                    "2026-07-09T01:17:01Z",
                    "2026-07-09T01:17:49Z",
                    "2026-07-09T01:18:34Z",
                    "2026-07-09T01:19:09Z",
                    "2026-07-09T01:19:42Z",
                    "2026-07-09T01:20:48Z",
                    "2026-07-09T01:21:17Z",
                    "2026-07-09T01:21:54Z",
                    "2026-07-09T01:22:22Z",
                    "2026-07-09T01:22:48Z",
                    "2026-07-09T01:23:16Z",
                    "2026-07-09T01:23:44Z",
                    "2026-07-09T01:24:11Z",
                    "2026-07-09T01:24:42Z",
                    "2026-07-09T01:25:11Z",
                    "2026-07-09T01:25:44Z",
                    "2026-07-09T01:26:20Z",
                    "2026-07-09T01:27:08Z",
                    "2026-07-09T01:27:52Z",
                    "2026-07-09T01:28:28Z",
                    "2026-07-09T01:29:09Z",
                    "2026-07-09T01:29:41Z",
                    "2026-07-09T01:30:15Z",
                    "2026-07-09T01:30:43Z",
                    "2026-07-09T01:31:34Z",
                    "2026-07-09T01:32:30Z",
                    "2026-07-09T01:33:19Z",
                    "2026-07-09T01:34:02Z",
                    "2026-07-09T01:34:42Z",
                    "2026-07-09T01:35:13Z",
                    "2026-07-09T01:35:43Z",
                    "2026-07-09T01:36:18Z",
                    "2026-07-09T01:36:48Z",
                    "2026-07-09T01:37:12Z",
                    "2026-07-09T01:37:39Z",
                    "2026-07-09T01:38:08Z",
                    "2026-07-09T01:38:44Z",
                    "2026-07-09T01:39:14Z",
                    "2026-07-09T01:39:53Z",
                    "2026-07-09T01:40:25Z",
                    "2026-07-09T01:40:52Z",
                    "2026-07-09T01:41:16Z",
                    "2026-07-09T01:42:02Z",
                    "2026-07-09T01:42:34Z",
                    "2026-07-09T01:43:15Z",
                    "2026-07-09T01:43:48Z",
                    "2026-07-09T01:44:36Z",
                    "2026-07-09T01:45:08Z",
                    "2026-07-09T01:45:41Z",
                    "2026-07-09T01:46:43Z",
                    "2026-07-09T01:47:13Z",
                    "2026-07-09T01:47:46Z",
                    "2026-07-09T01:48:19Z",
                    "2026-07-09T01:48:47Z",
                    "2026-07-09T01:49:24Z",
                    "2026-07-09T01:50:20Z",
                    "2026-07-09T01:50:57Z",
                    "2026-07-09T01:51:33Z",
                    "2026-07-09T01:52:00Z",
                    "2026-07-09T01:52:27Z",
                    "2026-07-09T01:52:55Z",
                    "2026-07-09T01:53:21Z",
                    "2026-07-09T01:53:46Z",
                    "2026-07-09T01:54:24Z",
                    "2026-07-09T01:54:57Z",
                    "2026-07-09T01:55:24Z",
                    "2026-07-09T01:55:50Z",
                    "2026-07-09T01:56:19Z",
                    "2026-07-09T01:56:51Z",
                    "2026-07-09T01:57:20Z",
                    "2026-07-09T01:57:55Z",
                    "2026-07-09T02:05:25Z",
                    "2026-07-09T02:05:51Z",
                    "2026-07-09T02:06:16Z",
                    "2026-07-09T02:06:45Z",
                    "2026-07-09T02:07:09Z",
                    "2026-07-09T02:07:41Z",
                    "2026-07-09T02:08:09Z",
                    "2026-07-09T02:08:36Z",
                    "2026-07-09T02:09:01Z",
                    "2026-07-09T02:09:32Z",
                    "2026-07-09T02:10:05Z",
                    "2026-07-09T02:10:37Z",
                    "2026-07-09T02:11:14Z",
                    "2026-07-09T02:12:06Z",
                    "2026-07-09T02:12:44Z",
                    "2026-07-09T02:13:21Z",
                    "2026-07-09T02:14:04Z",
                    "2026-07-09T02:14:39Z",
                    "2026-07-09T02:15:09Z",
                    "2026-07-09T02:15:42Z",
                    "2026-07-09T02:16:11Z",
                    "2026-07-09T02:16:55Z",
                    "2026-07-09T02:17:21Z",
                    "2026-07-09T02:17:55Z",
                    "2026-07-09T02:18:33Z",
                    "2026-07-09T02:19:57Z",
                    "2026-07-09T02:20:26Z",
                    "2026-07-09T02:20:53Z",
                    "2026-07-09T02:21:23Z",
                    "2026-07-09T02:22:02Z",
                    "2026-07-09T02:22:31Z",
                    "2026-07-09T02:22:59Z",
                    "2026-07-09T02:23:32Z",
                    "2026-07-09T02:24:02Z",
                    "2026-07-09T02:24:37Z",
                    "2026-07-09T02:25:04Z",
                    "2026-07-09T02:25:35Z",
                    "2026-07-09T02:25:59Z",
                    "2026-07-09T02:26:30Z",
                    "2026-07-09T02:27:01Z",
                    "2026-07-09T02:27:28Z",
                    "2026-07-09T02:27:55Z",
                    "2026-07-09T02:28:24Z",
                    "2026-07-09T02:28:49Z",
                    "2026-07-09T02:29:26Z",
                    "2026-07-09T02:29:58Z",
                    "2026-07-09T02:30:26Z",
                    "2026-07-09T02:30:56Z",
                    "2026-07-09T02:31:31Z",
                    "2026-07-09T02:31:55Z",
                    "2026-07-09T02:32:20Z",
                    "2026-07-09T02:32:54Z",
                    "2026-07-09T02:33:23Z",
                    "2026-07-09T02:33:54Z",
                    "2026-07-09T02:34:27Z",
                    "2026-07-09T02:34:58Z",
                    "2026-07-09T02:35:24Z",
                    "2026-07-09T02:35:53Z",
                    "2026-07-09T02:36:24Z",
                    "2026-07-09T02:36:54Z",
                    "2026-07-09T02:37:21Z",
                    "2026-07-09T02:38:09Z",
                    "2026-07-09T02:38:46Z",
                    "2026-07-09T02:39:14Z",
                    "2026-07-09T02:39:41Z",
                    "2026-07-09T02:40:12Z",
                    "2026-07-09T02:40:48Z",
                    "2026-07-09T02:41:20Z",
                    "2026-07-09T02:41:46Z",
                    "2026-07-09T02:42:17Z",
                    "2026-07-09T02:42:58Z",
                    "2026-07-09T02:43:24Z",
                    "2026-07-09T02:43:53Z",
                    "2026-07-09T02:44:17Z",
                    "2026-07-09T02:44:44Z",
                    "2026-07-09T02:45:16Z",
                    "2026-07-09T02:45:57Z",
                    "2026-07-09T02:46:27Z",
                    "2026-07-09T02:46:56Z",
                    "2026-07-09T02:47:43Z",
                    "2026-07-09T02:48:26Z",
                    "2026-07-09T02:49:06Z",
                    "2026-07-09T02:50:07Z",
                    "2026-07-09T02:50:43Z",
                    "2026-07-09T02:51:15Z",
                    "2026-07-09T02:51:45Z",
                    "2026-07-09T02:52:11Z",
                    "2026-07-09T02:52:38Z",
                    "2026-07-09T02:53:11Z",
                    "2026-07-09T02:53:44Z",
                    "2026-07-09T02:54:11Z",
                    "2026-07-09T02:54:42Z",
                    "2026-07-09T02:55:12Z",
                    "2026-07-09T02:55:48Z",
                    "2026-07-09T02:56:12Z",
                    "2026-07-09T02:56:38Z",
                    "2026-07-09T02:57:07Z",
                    "2026-07-09T02:57:33Z",
                    "2026-07-09T02:58:00Z",
                    "2026-07-09T02:58:35Z",
                    "2026-07-09T02:59:57Z",
                    "2026-07-09T03:00:34Z",
                    "2026-07-09T03:01:08Z",
                    "2026-07-09T03:01:50Z",
                    "2026-07-09T03:02:36Z",
                    "2026-07-09T03:03:16Z",
                    "2026-07-09T03:04:12Z",
                    "2026-07-09T03:05:01Z",
                    "2026-07-09T03:05:43Z",
                    "2026-07-09T03:06:14Z",
                    "2026-07-09T03:06:43Z",
                    "2026-07-09T03:07:12Z",
                    "2026-07-09T03:07:37Z",
                    "2026-07-09T03:08:02Z",
                    "2026-07-09T03:08:30Z",
                    "2026-07-09T03:09:01Z",
                    "2026-07-09T03:09:29Z",
                    "2026-07-09T03:09:56Z",
                    "2026-07-09T03:10:24Z",
                    "2026-07-09T03:10:49Z",
                    "2026-07-09T03:11:20Z",
                    "2026-07-09T03:11:58Z",
                    "2026-07-09T03:12:37Z",
                    "2026-07-09T03:13:17Z",
                    "2026-07-09T03:13:50Z",
                    "2026-07-09T03:14:29Z",
                    "2026-07-09T03:15:24Z",
                    "2026-07-09T03:15:55Z",
                    "2026-07-09T03:16:58Z",
                    "2026-07-09T03:17:27Z",
                    "2026-07-09T03:17:55Z",
                    "2026-07-09T03:18:26Z",
                    "2026-07-09T03:18:59Z",
                    "2026-07-09T03:19:32Z",
                    "2026-07-09T03:20:05Z",
                    "2026-07-09T03:20:43Z",
                    "2026-07-09T03:21:24Z",
                    "2026-07-09T03:21:57Z",
                    "2026-07-09T03:22:32Z",
                    "2026-07-09T03:23:12Z",
                    "2026-07-09T03:36:47Z",
                    "2026-07-09T03:37:17Z",
                    "2026-07-09T03:37:54Z",
                    "2026-07-09T03:38:33Z",
                    "2026-07-09T03:38:59Z",
                    "2026-07-09T03:39:30Z",
                    "2026-07-09T03:40:21Z",
                    "2026-07-09T03:40:52Z",
                    "2026-07-09T03:41:24Z",
                    "2026-07-09T03:41:55Z",
                    "2026-07-09T03:42:26Z",
                    "2026-07-09T03:42:53Z",
                    "2026-07-09T03:43:18Z",
                    "2026-07-09T03:43:44Z",
                    "2026-07-09T03:44:17Z",
                    "2026-07-09T03:44:48Z",
                    "2026-07-09T03:45:30Z",
                    "2026-07-09T03:46:36Z",
                    "2026-07-09T03:47:37Z",
                    "2026-07-09T03:48:20Z",
                    "2026-07-09T03:48:56Z",
                    "2026-07-09T03:49:47Z",
                    "2026-07-09T03:50:18Z",
                    "2026-07-09T03:50:48Z",
                    "2026-07-09T03:51:14Z",
                    "2026-07-09T03:51:44Z",
                    "2026-07-09T03:52:08Z",
                    "2026-07-09T03:52:35Z",
                    "2026-07-09T03:53:01Z",
                    "2026-07-09T03:53:27Z",
                    "2026-07-09T03:53:55Z",
                    "2026-07-09T03:54:28Z",
                    "2026-07-09T03:54:53Z",
                    "2026-07-09T03:55:25Z",
                    "2026-07-09T03:55:55Z",
                    "2026-07-09T03:56:33Z",
                    "2026-07-09T03:57:17Z",
                    "2026-07-09T03:58:05Z",
                    "2026-07-09T03:59:23Z",
                    "2026-07-09T03:59:55Z",
                    "2026-07-09T04:00:23Z",
                    "2026-07-09T04:01:12Z",
                    "2026-07-09T04:01:43Z",
                    "2026-07-09T04:02:18Z",
                    "2026-07-09T04:02:50Z",
                    "2026-07-09T04:03:27Z",
                    "2026-07-09T04:04:08Z",
                    "2026-07-09T04:05:04Z",
                    "2026-07-09T04:05:34Z",
                    "2026-07-09T04:06:04Z",
                    "2026-07-09T04:06:34Z",
                    "2026-07-09T04:07:01Z",
                    "2026-07-09T04:07:26Z",
                    "2026-07-09T04:07:52Z",
                    "2026-07-09T04:08:18Z",
                    "2026-07-09T04:08:46Z",
                    "2026-07-09T04:09:12Z",
                    "2026-07-09T04:09:37Z",
                    "2026-07-09T04:10:07Z",
                    "2026-07-09T04:10:32Z",
                    "2026-07-09T04:11:06Z",
                    "2026-07-09T04:11:38Z",
                    "2026-07-09T04:12:06Z",
                    "2026-07-09T04:12:34Z",
                    "2026-07-09T04:13:03Z",
                    "2026-07-09T04:13:52Z",
                    "2026-07-09T04:14:20Z",
                    "2026-07-09T04:14:53Z",
                    "2026-07-09T04:15:22Z",
                    "2026-07-09T04:15:49Z",
                    "2026-07-09T04:16:13Z",
                    "2026-07-09T04:16:42Z",
                    "2026-07-09T04:17:11Z",
                    "2026-07-09T04:17:43Z",
                    "2026-07-09T04:28:08Z",
                    "2026-07-09T04:29:00Z",
                    "2026-07-09T04:29:34Z",
                    "2026-07-09T04:30:17Z",
                    "2026-07-09T04:30:46Z",
                    "2026-07-09T04:31:19Z",
                    "2026-07-09T04:31:51Z",
                    "2026-07-09T04:32:16Z",
                    "2026-07-09T04:32:44Z",
                    "2026-07-09T04:33:22Z",
                    "2026-07-09T04:33:51Z",
                    "2026-07-09T04:34:18Z",
                    "2026-07-09T04:34:46Z",
                    "2026-07-09T04:35:14Z",
                    "2026-07-09T04:35:51Z",
                    "2026-07-09T04:36:24Z",
                    "2026-07-09T04:36:56Z",
                    "2026-07-09T04:37:33Z",
                    "2026-07-09T04:38:00Z",
                    "2026-07-09T04:38:26Z",
                    "2026-07-09T04:38:55Z",
                    "2026-07-09T04:39:23Z",
                    "2026-07-09T04:39:50Z",
                    "2026-07-09T04:40:35Z",
                    "2026-07-09T04:41:02Z",
                    "2026-07-09T04:41:28Z",
                    "2026-07-09T04:41:55Z",
                    "2026-07-09T04:42:24Z",
                    "2026-07-09T04:42:54Z",
                    "2026-07-09T04:43:19Z",
                    "2026-07-09T04:43:45Z",
                    "2026-07-09T04:44:14Z",
                    "2026-07-09T04:44:43Z",
                    "2026-07-09T04:45:08Z",
                    "2026-07-09T04:45:35Z",
                    "2026-07-09T04:45:59Z",
                    "2026-07-09T04:46:25Z",
                    "2026-07-09T04:46:53Z",
                    "2026-07-09T04:47:32Z",
                    "2026-07-09T04:48:10Z",
                    "2026-07-09T04:48:38Z",
                    "2026-07-09T04:49:13Z",
                    "2026-07-09T04:49:46Z",
                    "2026-07-09T04:50:17Z",
                    "2026-07-09T04:50:43Z",
                    "2026-07-09T04:51:09Z",
                    "2026-07-09T04:52:13Z",
                    "2026-07-09T04:52:50Z",
                    "2026-07-09T04:53:37Z",
                    "2026-07-09T04:54:04Z",
                    "2026-07-09T04:54:48Z",
                    "2026-07-09T04:55:22Z",
                    "2026-07-09T04:55:59Z",
                    "2026-07-09T04:56:33Z",
                    "2026-07-09T04:57:04Z",
                    "2026-07-09T04:57:38Z",
                    "2026-07-09T04:58:15Z",
                    "2026-07-09T04:58:48Z",
                    "2026-07-09T04:59:17Z",
                    "2026-07-09T04:59:46Z",
                    "2026-07-09T05:00:19Z",
                    "2026-07-09T05:00:47Z",
                    "2026-07-09T05:01:15Z",
                    "2026-07-09T05:01:46Z",
                    "2026-07-09T05:02:14Z",
                    "2026-07-09T05:02:45Z",
                    "2026-07-09T05:03:12Z",
                    "2026-07-09T05:03:40Z",
                    "2026-07-09T05:04:05Z",
                    "2026-07-09T05:04:34Z",
                    "2026-07-09T05:05:01Z",
                    "2026-07-09T05:05:25Z",
                    "2026-07-09T05:05:51Z",
                    "2026-07-09T05:06:19Z",
                    "2026-07-09T05:06:46Z",
                    "2026-07-09T05:07:21Z",
                    "2026-07-09T05:08:03Z",
                    "2026-07-09T05:09:08Z",
                    "2026-07-09T05:09:40Z",
                    "2026-07-09T05:10:13Z",
                    "2026-07-09T05:10:46Z",
                    "2026-07-09T05:11:20Z",
                    "2026-07-09T05:12:09Z",
                    "2026-07-09T05:12:34Z",
                    "2026-07-09T05:13:01Z",
                    "2026-07-09T05:13:26Z",
                    "2026-07-09T05:13:53Z",
                    "2026-07-09T05:14:22Z",
                    "2026-07-09T05:15:00Z",
                    "2026-07-09T05:16:04Z",
                    "2026-07-09T05:17:12Z",
                    "2026-07-09T05:17:50Z",
                    "2026-07-09T05:18:30Z",
                    "2026-07-09T05:19:00Z",
                    "2026-07-09T05:19:28Z",
                    "2026-07-09T05:19:55Z",
                    "2026-07-09T05:20:25Z",
                    "2026-07-09T05:20:57Z",
                    "2026-07-09T05:21:28Z",
                    "2026-07-09T05:28:52Z",
                    "2026-07-09T05:29:25Z",
                    "2026-07-09T05:30:02Z",
                    "2026-07-09T05:30:45Z",
                    "2026-07-09T05:32:12Z",
                    "2026-07-09T05:32:49Z",
                    "2026-07-09T05:33:38Z",
                    "2026-07-09T05:34:17Z",
                    "2026-07-09T05:35:06Z",
                    "2026-07-09T05:35:46Z",
                    "2026-07-09T05:36:46Z",
                    "2026-07-09T05:37:53Z",
                    "2026-07-09T05:38:49Z",
                    "2026-07-09T05:39:31Z",
                    "2026-07-09T05:40:22Z",
                    "2026-07-09T05:40:53Z",
                    "2026-07-09T05:41:21Z",
                    "2026-07-09T05:41:52Z",
                    "2026-07-09T05:42:21Z",
                    "2026-07-09T05:42:49Z",
                    "2026-07-09T05:43:17Z",
                    "2026-07-09T05:43:50Z",
                    "2026-07-09T05:44:15Z",
                    "2026-07-09T05:44:44Z",
                    "2026-07-09T05:45:14Z",
                    "2026-07-09T05:45:45Z",
                    "2026-07-09T05:46:14Z",
                    "2026-07-09T05:46:50Z",
                    "2026-07-09T05:47:19Z",
                    "2026-07-09T05:47:57Z",
                    "2026-07-09T05:48:36Z",
                    "2026-07-09T05:49:20Z",
                    "2026-07-09T05:49:59Z",
                    "2026-07-09T05:50:36Z",
                    "2026-07-09T05:51:01Z",
                    "2026-07-09T05:51:25Z",
                    "2026-07-09T05:51:56Z",
                    "2026-07-09T05:52:32Z",
                    "2026-07-09T05:53:08Z",
                    "2026-07-09T05:53:46Z",
                    "2026-07-09T05:54:11Z",
                    "2026-07-09T05:54:43Z",
                    "2026-07-09T05:55:22Z",
                    "2026-07-09T05:55:52Z",
                    "2026-07-09T05:56:23Z",
                    "2026-07-09T05:56:51Z",
                    "2026-07-09T05:57:38Z",
                    "2026-07-09T05:58:06Z",
                    "2026-07-09T05:58:35Z",
                    "2026-07-09T05:59:12Z",
                    "2026-07-09T05:59:38Z",
                    "2026-07-09T06:00:09Z",
                    "2026-07-09T06:00:53Z",
                    "2026-07-09T06:01:23Z",
                    "2026-07-09T06:01:59Z",
                    "2026-07-09T06:02:28Z",
                    "2026-07-09T06:02:56Z",
                    "2026-07-09T06:04:06Z",
                    "2026-07-09T06:05:03Z",
                    "2026-07-09T06:05:31Z",
                    "2026-07-09T06:05:59Z",
                    "2026-07-09T06:06:37Z",
                    "2026-07-09T06:07:03Z",
                    "2026-07-09T06:07:33Z",
                    "2026-07-09T06:08:09Z",
                    "2026-07-09T06:08:45Z",
                    "2026-07-09T06:09:10Z",
                    "2026-07-09T06:09:44Z",
                    "2026-07-09T06:10:10Z",
                    "2026-07-09T06:10:42Z",
                    "2026-07-09T06:11:08Z",
                    "2026-07-09T06:11:40Z",
                    "2026-07-09T06:12:05Z",
                    "2026-07-09T06:12:41Z",
                    "2026-07-09T06:13:13Z",
                    "2026-07-09T06:13:58Z",
                    "2026-07-09T06:14:52Z",
                    "2026-07-09T06:15:30Z",
                    "2026-07-09T06:15:58Z",
                    "2026-07-09T06:16:33Z",
                    "2026-07-09T06:17:00Z",
                    "2026-07-09T06:17:39Z",
                    "2026-07-09T06:19:11Z",
                    "2026-07-09T06:19:37Z",
                    "2026-07-09T06:20:11Z",
                    "2026-07-09T06:26:47Z",
                    "2026-07-09T06:27:15Z",
                    "2026-07-09T06:28:17Z",
                    "2026-07-09T06:29:45Z",
                    "2026-07-09T06:30:11Z",
                    "2026-07-09T06:30:56Z",
                    "2026-07-09T06:31:21Z",
                    "2026-07-09T06:31:49Z",
                    "2026-07-09T06:32:14Z",
                    "2026-07-09T06:32:45Z",
                    "2026-07-09T06:33:12Z",
                    "2026-07-09T06:33:38Z",
                    "2026-07-09T06:34:02Z",
                    "2026-07-09T06:34:31Z",
                    "2026-07-09T06:34:57Z",
                    "2026-07-09T06:35:22Z",
                    "2026-07-09T06:35:55Z",
                    "2026-07-09T06:36:24Z",
                    "2026-07-09T06:36:59Z",
                    "2026-07-09T06:37:29Z",
                    "2026-07-09T06:37:58Z",
                    "2026-07-09T06:38:30Z",
                    "2026-07-09T06:39:04Z",
                    "2026-07-09T06:39:31Z",
                    "2026-07-09T06:40:03Z",
                    "2026-07-09T06:44:16Z",
                    "2026-07-09T06:46:34Z",
                    "2026-07-09T06:48:12Z",
                    "2026-07-09T06:49:10Z",
                    "2026-07-09T06:49:28Z"
                ]
            },
            "geometry": {
                "type": "LineString",
                "coordinates": [
                    [
                        138.80641794031547,
                        36.78259118498179,
                        988
                    ],
                    [
                        138.80677988889215,
                        36.78230818431341,
                        990
                    ],
                    [
                        138.80697724223066,
                        36.78210603210583,
                        995
                    ],
                    [
                        138.8069429564232,
                        36.78183718261583,
                        994
                    ],
                    [
                        138.80696923050368,
                        36.7816787168936,
                        994
                    ],
                    [
                        138.80696044910874,
                        36.78136131515865,
                        995
                    ],
                    [
                        138.80700170761384,
                        36.78099359595233,
                        997
                    ],
                    [
                        138.80716048770472,
                        36.78071435517165,
                        998
                    ],
                    [
                        138.80734892972217,
                        36.78045724918146,
                        998
                    ],
                    [
                        138.8074906421904,
                        36.78017863984493,
                        998
                    ],
                    [
                        138.80761658119422,
                        36.77989222581853,
                        1001
                    ],
                    [
                        138.8077234369143,
                        36.77957732050281,
                        1006
                    ],
                    [
                        138.80786550012635,
                        36.7792770495849,
                        1007
                    ],
                    [
                        138.80801827339084,
                        36.77893452940188,
                        1009
                    ],
                    [
                        138.8081522165868,
                        36.77862293394562,
                        1010
                    ],
                    [
                        138.80830449437624,
                        36.77829142173641,
                        1013
                    ],
                    [
                        138.80845626902948,
                        36.77795319243088,
                        1015
                    ],
                    [
                        138.8086267794787,
                        36.77761095895789,
                        1019
                    ],
                    [
                        138.80879315934777,
                        36.77730519776838,
                        1019
                    ],
                    [
                        138.80888691994383,
                        36.77700109889651,
                        1020
                    ],
                    [
                        138.8090067947369,
                        36.77670354124177,
                        1022
                    ],
                    [
                        138.80911935343835,
                        36.77635391455726,
                        1027
                    ],
                    [
                        138.80923143504333,
                        36.77599202858872,
                        1029
                    ],
                    [
                        138.80934384486991,
                        36.775623073656604,
                        1033
                    ],
                    [
                        138.80944148399968,
                        36.77544332153187,
                        1036
                    ],
                    [
                        138.8096203490457,
                        36.775101299722806,
                        1036
                    ],
                    [
                        138.80993367026917,
                        36.77483819112416,
                        1037
                    ],
                    [
                        138.81017838181515,
                        36.77457126315125,
                        1042
                    ],
                    [
                        138.81047658064625,
                        36.77432250419867,
                        1045
                    ],
                    [
                        138.8107360829102,
                        36.77402599558188,
                        1046
                    ],
                    [
                        138.81090932407443,
                        36.773738439192854,
                        1048
                    ],
                    [
                        138.811122892712,
                        36.77340935023639,
                        1049
                    ],
                    [
                        138.81134971959705,
                        36.77316240145495,
                        1049
                    ],
                    [
                        138.81173169065227,
                        36.773012292270025,
                        1056
                    ],
                    [
                        138.81209592570605,
                        36.77284074763622,
                        1060
                    ],
                    [
                        138.81239785755457,
                        36.77262992683259,
                        1060
                    ],
                    [
                        138.81271166736227,
                        36.772370627579434,
                        1063
                    ],
                    [
                        138.81305325785075,
                        36.77221330735959,
                        1063
                    ],
                    [
                        138.81339529173374,
                        36.77200241986005,
                        1067
                    ],
                    [
                        138.81373363012747,
                        36.77176162381898,
                        1066
                    ],
                    [
                        138.8139906770847,
                        36.77143398223089,
                        1072
                    ],
                    [
                        138.81423587154492,
                        36.771154136263384,
                        1079
                    ],
                    [
                        138.81444488200108,
                        36.770853819590364,
                        1084
                    ],
                    [
                        138.81466929995827,
                        36.770548916482376,
                        1083
                    ],
                    [
                        138.8149354209552,
                        36.770322665583905,
                        1078
                    ],
                    [
                        138.81522737210585,
                        36.770109573023184,
                        1079
                    ],
                    [
                        138.81533533834013,
                        36.76982125286389,
                        1082
                    ],
                    [
                        138.8155497191405,
                        36.769745907594825,
                        1085
                    ],
                    [
                        138.8156754104812,
                        36.7696646273418,
                        1091
                    ],
                    [
                        138.81580024190276,
                        36.769506915442726,
                        1097
                    ],
                    [
                        138.81602099967733,
                        36.76933145614909,
                        1102
                    ],
                    [
                        138.81638108927632,
                        36.76925151939792,
                        1108
                    ],
                    [
                        138.8166690153431,
                        36.76931601318275,
                        1110
                    ],
                    [
                        138.81688249797162,
                        36.769272012629735,
                        1120
                    ],
                    [
                        138.8172420948108,
                        36.769230358147084,
                        1127
                    ],
                    [
                        138.8173749885694,
                        36.76905958715816,
                        1133
                    ],
                    [
                        138.8174833480085,
                        36.768890680195675,
                        1137
                    ],
                    [
                        138.81767451238497,
                        36.768713830034116,
                        1140
                    ],
                    [
                        138.81784904763603,
                        36.768598892210036,
                        1145
                    ],
                    [
                        138.8180642912087,
                        36.76853314188162,
                        1150
                    ],
                    [
                        138.81832957772625,
                        36.76844110685508,
                        1160
                    ],
                    [
                        138.81859153511968,
                        36.76825635088436,
                        1162
                    ],
                    [
                        138.81879590399816,
                        36.768156728503314,
                        1164
                    ],
                    [
                        138.81894928668947,
                        36.76800104395959,
                        1168
                    ],
                    [
                        138.8190515749493,
                        36.767838743213865,
                        1171
                    ],
                    [
                        138.81915059171064,
                        36.76766773130174,
                        1176
                    ],
                    [
                        138.8193763734187,
                        36.767657611406854,
                        1184
                    ],
                    [
                        138.8192991449582,
                        36.767919869308365,
                        1182
                    ],
                    [
                        138.81946371815894,
                        36.76778313151478,
                        1191
                    ],
                    [
                        138.81964213030065,
                        36.76765022264313,
                        1194
                    ],
                    [
                        138.81979861689058,
                        36.76769306020308,
                        1200
                    ],
                    [
                        138.81996904911517,
                        36.7675802612571,
                        1204
                    ],
                    [
                        138.82010518330475,
                        36.76742560284835,
                        1208
                    ],
                    [
                        138.82020757939472,
                        36.76726273918144,
                        1209
                    ],
                    [
                        138.82030061971844,
                        36.76748368695059,
                        1213
                    ],
                    [
                        138.8204855744207,
                        36.76737324445747,
                        1222
                    ],
                    [
                        138.82055505486574,
                        36.767462498349786,
                        1228
                    ],
                    [
                        138.8207217861769,
                        36.76747310714161,
                        1234
                    ],
                    [
                        138.82083037279483,
                        36.767253814837815,
                        1236
                    ],
                    [
                        138.82099599645503,
                        36.76711972841255,
                        1242
                    ],
                    [
                        138.82110402726715,
                        36.76691402906785,
                        1245
                    ],
                    [
                        138.82125033539256,
                        36.76703730264131,
                        1254
                    ],
                    [
                        138.82130345612183,
                        36.76716677627037,
                        1258
                    ],
                    [
                        138.8213923328679,
                        36.767043560756704,
                        1264
                    ],
                    [
                        138.8215062892158,
                        36.76687201146662,
                        1267
                    ],
                    [
                        138.82164307412552,
                        36.76678191167078,
                        1273
                    ],
                    [
                        138.82170226572828,
                        36.76701972982099,
                        1281
                    ],
                    [
                        138.82173095777404,
                        36.76711480733929,
                        1282
                    ],
                    [
                        138.82186958984312,
                        36.76688730184628,
                        1286
                    ],
                    [
                        138.82199768352783,
                        36.766765275095175,
                        1291
                    ],
                    [
                        138.82204302964047,
                        36.766593477639475,
                        1296
                    ],
                    [
                        138.82214969938502,
                        36.76647234503149,
                        1296
                    ],
                    [
                        138.822316030358,
                        36.76632385195397,
                        1301
                    ],
                    [
                        138.822597205777,
                        36.76624001212789,
                        1304
                    ],
                    [
                        138.82235449583715,
                        36.766179274636485,
                        1307
                    ],
                    [
                        138.82230038624954,
                        36.76604233272251,
                        1312
                    ],
                    [
                        138.82216028701836,
                        36.76583329200707,
                        1316
                    ],
                    [
                        138.82201452993917,
                        36.765680578518925,
                        1318
                    ],
                    [
                        138.82197529106853,
                        36.76559033149794,
                        1317
                    ],
                    [
                        138.82181903602603,
                        36.7653944270399,
                        1324
                    ],
                    [
                        138.8216509581463,
                        36.76521078658708,
                        1332
                    ],
                    [
                        138.8215980602811,
                        36.764914994516,
                        1335
                    ],
                    [
                        138.82162845550315,
                        36.76468728700123,
                        1338
                    ],
                    [
                        138.82165244275456,
                        36.76450093717066,
                        1343
                    ],
                    [
                        138.82158567085827,
                        36.76437646545318,
                        1353
                    ],
                    [
                        138.8215365162363,
                        36.764250315900746,
                        1358
                    ],
                    [
                        138.82151322582814,
                        36.76410783785508,
                        1373
                    ],
                    [
                        138.8214333318155,
                        36.764032226362964,
                        1377
                    ],
                    [
                        138.8213250964044,
                        36.76391790527765,
                        1385
                    ],
                    [
                        138.82126223350883,
                        36.763831697530755,
                        1394
                    ],
                    [
                        138.82111345507968,
                        36.763755854844696,
                        1397
                    ],
                    [
                        138.8209418079619,
                        36.763717089669775,
                        1406
                    ],
                    [
                        138.82064832068554,
                        36.76369428677658,
                        1406
                    ],
                    [
                        138.8204906960605,
                        36.763637964072664,
                        1414
                    ],
                    [
                        138.82030356969534,
                        36.76357864470512,
                        1417
                    ],
                    [
                        138.82007452776938,
                        36.763431131751865,
                        1415
                    ],
                    [
                        138.8197828944294,
                        36.76327887944461,
                        1410
                    ],
                    [
                        138.81961372026436,
                        36.7631375805276,
                        1406
                    ],
                    [
                        138.81930541237085,
                        36.762955142169496,
                        1405
                    ],
                    [
                        138.8189710079272,
                        36.76282367117104,
                        1403
                    ],
                    [
                        138.81861578511385,
                        36.76272000430212,
                        1403
                    ],
                    [
                        138.8183581862322,
                        36.76258143547411,
                        1405
                    ],
                    [
                        138.8181898279527,
                        36.76243366432161,
                        1412
                    ],
                    [
                        138.81801635388163,
                        36.76228768127646,
                        1410
                    ],
                    [
                        138.8178898360887,
                        36.76206814599117,
                        1411
                    ],
                    [
                        138.81791456257216,
                        36.76193133512067,
                        1416
                    ],
                    [
                        138.81787644339894,
                        36.761788573361805,
                        1428
                    ],
                    [
                        138.8178092709725,
                        36.7616525965323,
                        1435
                    ],
                    [
                        138.81770567031046,
                        36.761557961622266,
                        1433
                    ],
                    [
                        138.817478249638,
                        36.76160219438129,
                        1430
                    ],
                    [
                        138.81725266073923,
                        36.76164382248351,
                        1426
                    ],
                    [
                        138.8170692859498,
                        36.76166592298134,
                        1417
                    ],
                    [
                        138.8168255396684,
                        36.76165486826813,
                        1412
                    ],
                    [
                        138.81667078828858,
                        36.76169259477611,
                        1405
                    ],
                    [
                        138.81650084760614,
                        36.76171384044659,
                        1393
                    ],
                    [
                        138.816324781877,
                        36.761721383363714,
                        1387
                    ],
                    [
                        138.81614018484703,
                        36.76173164098271,
                        1376
                    ],
                    [
                        138.8159120610665,
                        36.76179700072246,
                        1372
                    ],
                    [
                        138.81562944452384,
                        36.76189226413718,
                        1362
                    ],
                    [
                        138.81536485525868,
                        36.76196221091114,
                        1355
                    ],
                    [
                        138.81514364931886,
                        36.7620303554616,
                        1346
                    ],
                    [
                        138.81486937275977,
                        36.76219197000914,
                        1341
                    ],
                    [
                        138.81454215640542,
                        36.76230934959201,
                        1338
                    ],
                    [
                        138.81435460899556,
                        36.76249811454546,
                        1335
                    ],
                    [
                        138.8141451138517,
                        36.76268133856205,
                        1341
                    ],
                    [
                        138.81391060157029,
                        36.76269745696129,
                        1344
                    ],
                    [
                        138.81377746673115,
                        36.762840676805254,
                        1349
                    ],
                    [
                        138.81362333281263,
                        36.76298656124485,
                        1355
                    ],
                    [
                        138.8134394786938,
                        36.76316394663834,
                        1359
                    ],
                    [
                        138.81324338063604,
                        36.76338118408371,
                        1361
                    ],
                    [
                        138.81305473101673,
                        36.763559134204826,
                        1360
                    ],
                    [
                        138.8129545626032,
                        36.763698227180996,
                        1361
                    ],
                    [
                        138.81288292980264,
                        36.763823579507616,
                        1369
                    ],
                    [
                        138.81266892262244,
                        36.763989870981284,
                        1375
                    ],
                    [
                        138.81253741042468,
                        36.764098839691535,
                        1376
                    ],
                    [
                        138.81234496865963,
                        36.76419975135183,
                        1388
                    ],
                    [
                        138.81215933807613,
                        36.764315982509906,
                        1391
                    ],
                    [
                        138.81199278420996,
                        36.76444589759991,
                        1398
                    ],
                    [
                        138.81185386668236,
                        36.764536015021115,
                        1403
                    ],
                    [
                        138.81161786245923,
                        36.764640188952534,
                        1406
                    ],
                    [
                        138.8112982232744,
                        36.764779041601464,
                        1410
                    ],
                    [
                        138.81108514144734,
                        36.76485975598458,
                        1416
                    ],
                    [
                        138.81092294821585,
                        36.76488001323472,
                        1421
                    ],
                    [
                        138.81069985272123,
                        36.76494172679233,
                        1427
                    ],
                    [
                        138.81052038892338,
                        36.7650258676939,
                        1438
                    ],
                    [
                        138.81034777184144,
                        36.76507623085563,
                        1443
                    ],
                    [
                        138.8101820187685,
                        36.76506422399873,
                        1444
                    ],
                    [
                        138.80989162878151,
                        36.7650225075341,
                        1441
                    ],
                    [
                        138.8095972193371,
                        36.76501328284084,
                        1437
                    ],
                    [
                        138.809242708287,
                        36.764997048583005,
                        1437
                    ],
                    [
                        138.80893367239295,
                        36.76496572559555,
                        1435
                    ],
                    [
                        138.80863677051377,
                        36.76492170457294,
                        1434
                    ],
                    [
                        138.80828384716588,
                        36.76487212752247,
                        1425
                    ],
                    [
                        138.8079853401735,
                        36.76487697441194,
                        1416
                    ],
                    [
                        138.8077038654088,
                        36.76491710036358,
                        1412
                    ],
                    [
                        138.80741925599364,
                        36.7648992446579,
                        1409
                    ],
                    [
                        138.80711558954198,
                        36.76486381427552,
                        1411
                    ],
                    [
                        138.80688524599628,
                        36.76479665334813,
                        1418
                    ],
                    [
                        138.80660964830403,
                        36.76485723787556,
                        1419
                    ],
                    [
                        138.8064221402056,
                        36.764762378992955,
                        1420
                    ],
                    [
                        138.80626349724434,
                        36.76455458430791,
                        1416
                    ],
                    [
                        138.80606511339954,
                        36.76431046917792,
                        1414
                    ],
                    [
                        138.80585772093693,
                        36.764150693144124,
                        1416
                    ],
                    [
                        138.8056994191915,
                        36.76386885061082,
                        1417
                    ],
                    [
                        138.80543305119036,
                        36.76367073134821,
                        1414
                    ],
                    [
                        138.80525728653726,
                        36.763536863489925,
                        1420
                    ],
                    [
                        138.80511518117652,
                        36.76344280578395,
                        1424
                    ],
                    [
                        138.8049310182717,
                        36.76325300011451,
                        1424
                    ],
                    [
                        138.804688969951,
                        36.76311849197385,
                        1422
                    ],
                    [
                        138.80456586743043,
                        36.76291174166211,
                        1425
                    ],
                    [
                        138.8044121081814,
                        36.762750752856824,
                        1428
                    ],
                    [
                        138.80421433026402,
                        36.762645152637795,
                        1434
                    ],
                    [
                        138.80407242435,
                        36.76256225697497,
                        1440
                    ],
                    [
                        138.80394376388801,
                        36.762465164072196,
                        1446
                    ],
                    [
                        138.80380075935128,
                        36.76239030279567,
                        1452
                    ],
                    [
                        138.80366418441122,
                        36.76230848832656,
                        1458
                    ],
                    [
                        138.80352497349608,
                        36.762236272042664,
                        1464
                    ],
                    [
                        138.80329208023406,
                        36.76223833906897,
                        1469
                    ],
                    [
                        138.80306511996062,
                        36.76229616879873,
                        1474
                    ],
                    [
                        138.8028913514756,
                        36.76232011240143,
                        1480
                    ],
                    [
                        138.80272410660106,
                        36.76236184376659,
                        1485
                    ],
                    [
                        138.80248847569348,
                        36.76236427789702,
                        1490
                    ],
                    [
                        138.80231553296184,
                        36.76239297912851,
                        1495
                    ],
                    [
                        138.80214115265676,
                        36.76241575974743,
                        1500
                    ],
                    [
                        138.80190748166453,
                        36.762441884773814,
                        1505
                    ],
                    [
                        138.80175122957738,
                        36.76244217487244,
                        1510
                    ],
                    [
                        138.80154885135497,
                        36.76227624245273,
                        1508
                    ],
                    [
                        138.80147846842743,
                        36.76203286992555,
                        1505
                    ],
                    [
                        138.80129890114776,
                        36.76183266799524,
                        1505
                    ],
                    [
                        138.8012474857142,
                        36.76174551941299,
                        1504
                    ],
                    [
                        138.80112286569326,
                        36.76150916379711,
                        1504
                    ],
                    [
                        138.8009650407501,
                        36.76130719329064,
                        1504
                    ],
                    [
                        138.8008696347223,
                        36.7611339284397,
                        1509
                    ],
                    [
                        138.80078814179154,
                        36.760945094980016,
                        1514
                    ],
                    [
                        138.8007418404583,
                        36.7607012903912,
                        1513
                    ],
                    [
                        138.80060837650845,
                        36.76055177897064,
                        1514
                    ],
                    [
                        138.80037749467144,
                        36.76040142718519,
                        1516
                    ],
                    [
                        138.80010720226855,
                        36.760294942363345,
                        1516
                    ],
                    [
                        138.79988756982587,
                        36.760206663739666,
                        1520
                    ],
                    [
                        138.7996437263862,
                        36.760207460033406,
                        1521
                    ],
                    [
                        138.79936962496058,
                        36.760160397544595,
                        1521
                    ],
                    [
                        138.79907057989797,
                        36.76013290008892,
                        1520
                    ],
                    [
                        138.79869231004332,
                        36.76014446431541,
                        1517
                    ],
                    [
                        138.7984485946852,
                        36.76013384747237,
                        1513
                    ],
                    [
                        138.79832602978058,
                        36.75996622182482,
                        1504
                    ],
                    [
                        138.79809674230899,
                        36.75980396413464,
                        1497
                    ],
                    [
                        138.79786245293303,
                        36.75965558402457,
                        1491
                    ],
                    [
                        138.79760717836095,
                        36.75943240699257,
                        1483
                    ],
                    [
                        138.79742109357838,
                        36.7592948146749,
                        1475
                    ],
                    [
                        138.79719185034375,
                        36.75914267989416,
                        1471
                    ],
                    [
                        138.79692680604205,
                        36.75903888208371,
                        1474
                    ],
                    [
                        138.7967132085877,
                        36.7588431912584,
                        1477
                    ],
                    [
                        138.79650837780042,
                        36.75867362297174,
                        1481
                    ],
                    [
                        138.79639369431337,
                        36.75856854171735,
                        1478
                    ],
                    [
                        138.79616119879677,
                        36.758513819687735,
                        1471
                    ],
                    [
                        138.79586136567826,
                        36.758376422394065,
                        1462
                    ],
                    [
                        138.79557513690276,
                        36.75826223576183,
                        1453
                    ],
                    [
                        138.7952997482839,
                        36.75805674431693,
                        1453
                    ],
                    [
                        138.7951103556011,
                        36.75787924451447,
                        1443
                    ],
                    [
                        138.79493959861222,
                        36.75762250542881,
                        1437
                    ],
                    [
                        138.79485732286,
                        36.75749252481902,
                        1435
                    ],
                    [
                        138.79473315789167,
                        36.75726968757473,
                        1429
                    ],
                    [
                        138.79464018629497,
                        36.75708519228092,
                        1425
                    ],
                    [
                        138.79455103389247,
                        36.75685454981452,
                        1423
                    ],
                    [
                        138.79452551673631,
                        36.75661041288557,
                        1424
                    ],
                    [
                        138.79451586942966,
                        36.756465207583105,
                        1424
                    ],
                    [
                        138.7944855461633,
                        36.75626360870481,
                        1414
                    ],
                    [
                        138.79440191993527,
                        36.756029987761444,
                        1404
                    ],
                    [
                        138.79429112139817,
                        36.75579146514524,
                        1400
                    ],
                    [
                        138.79434317615065,
                        36.755606645785626,
                        1401
                    ],
                    [
                        138.79425850549805,
                        36.75547157081756,
                        1409
                    ],
                    [
                        138.79408166949906,
                        36.755281284012696,
                        1410
                    ],
                    [
                        138.79378048815684,
                        36.75510496903372,
                        1411
                    ],
                    [
                        138.793699397521,
                        36.75485695683168,
                        1406
                    ],
                    [
                        138.7936099871442,
                        36.75468329058161,
                        1399
                    ],
                    [
                        138.79370646551158,
                        36.754407977410565,
                        1397
                    ],
                    [
                        138.7936274464424,
                        36.75410933674328,
                        1400
                    ],
                    [
                        138.79357625041882,
                        36.753988443810904,
                        1402
                    ],
                    [
                        138.793457393842,
                        36.753882832455986,
                        1409
                    ],
                    [
                        138.79334394806463,
                        36.75372382776504,
                        1416
                    ],
                    [
                        138.79329380879568,
                        36.75357962068712,
                        1425
                    ],
                    [
                        138.793198515362,
                        36.75346199769287,
                        1430
                    ],
                    [
                        138.7930981824224,
                        36.75329460378092,
                        1435
                    ],
                    [
                        138.79301536963231,
                        36.75317617356868,
                        1444
                    ],
                    [
                        138.79283499841452,
                        36.75305539684971,
                        1449
                    ],
                    [
                        138.79269420810073,
                        36.75281126906089,
                        1446
                    ],
                    [
                        138.79256245634483,
                        36.752576844326036,
                        1445
                    ],
                    [
                        138.79253239543092,
                        36.75228836561444,
                        1446
                    ],
                    [
                        138.79248404973765,
                        36.75205588187073,
                        1450
                    ],
                    [
                        138.79240894621563,
                        36.751823607755384,
                        1452
                    ],
                    [
                        138.79244594137703,
                        36.75156283356023,
                        1453
                    ],
                    [
                        138.7924402816072,
                        36.75133043041952,
                        1448
                    ],
                    [
                        138.79237546708967,
                        36.751148234907404,
                        1443
                    ],
                    [
                        138.7923981715705,
                        36.75083904448454,
                        1437
                    ],
                    [
                        138.79243514545013,
                        36.750581205325446,
                        1437
                    ],
                    [
                        138.79239042279204,
                        36.75034041264403,
                        1440
                    ],
                    [
                        138.79228367500085,
                        36.75010429532252,
                        1434
                    ],
                    [
                        138.79223041647683,
                        36.74986888566979,
                        1433
                    ],
                    [
                        138.79221714315247,
                        36.74967823966783,
                        1441
                    ],
                    [
                        138.7923544278677,
                        36.74962346497367,
                        1442
                    ],
                    [
                        138.7925203284552,
                        36.74949588319128,
                        1452
                    ],
                    [
                        138.79253376180185,
                        36.74935616024392,
                        1458
                    ],
                    [
                        138.79243977098483,
                        36.74923546654313,
                        1465
                    ],
                    [
                        138.79239586262293,
                        36.749115826886324,
                        1472
                    ],
                    [
                        138.79241044827577,
                        36.74897604281119,
                        1478
                    ],
                    [
                        138.79246078330172,
                        36.74883932465512,
                        1484
                    ],
                    [
                        138.79245803136763,
                        36.74874761013512,
                        1488
                    ],
                    [
                        138.7924069900521,
                        36.748573693807344,
                        1495
                    ],
                    [
                        138.79232798354846,
                        36.748380066378736,
                        1495
                    ],
                    [
                        138.79246872665124,
                        36.74817556019517,
                        1493
                    ],
                    [
                        138.79264297746803,
                        36.74803137433725,
                        1494
                    ],
                    [
                        138.79269056824532,
                        36.74779535558944,
                        1493
                    ],
                    [
                        138.7925790548025,
                        36.74768449223922,
                        1498
                    ],
                    [
                        138.79232372649193,
                        36.74755934725985,
                        1496
                    ],
                    [
                        138.7920623125686,
                        36.747359490395915,
                        1493
                    ],
                    [
                        138.79180211034134,
                        36.74714141599734,
                        1489
                    ],
                    [
                        138.79158490173168,
                        36.74695571557468,
                        1493
                    ],
                    [
                        138.7914262932723,
                        36.74673776096759,
                        1489
                    ],
                    [
                        138.7913604536455,
                        36.74648575748812,
                        1489
                    ],
                    [
                        138.7912414317777,
                        36.74631281854379,
                        1493
                    ],
                    [
                        138.79110834999545,
                        36.74622795131548,
                        1498
                    ],
                    [
                        138.79093823767928,
                        36.74604193415278,
                        1505
                    ],
                    [
                        138.7907824733939,
                        36.74590077005658,
                        1511
                    ],
                    [
                        138.79070995560156,
                        36.745774377204334,
                        1519
                    ],
                    [
                        138.79067589427171,
                        36.74563744939329,
                        1522
                    ],
                    [
                        138.79052967659257,
                        36.74555793862526,
                        1529
                    ],
                    [
                        138.79030872129712,
                        36.745487643657356,
                        1541
                    ],
                    [
                        138.79009297258528,
                        36.745415050455684,
                        1546
                    ],
                    [
                        138.78991202563742,
                        36.745289728670755,
                        1549
                    ],
                    [
                        138.78962412019658,
                        36.74511854379301,
                        1550
                    ],
                    [
                        138.78945865085487,
                        36.74491656894031,
                        1554
                    ],
                    [
                        138.78948610552078,
                        36.744685321021315,
                        1559
                    ],
                    [
                        138.78952163357252,
                        36.74449064207217,
                        1560
                    ],
                    [
                        138.78954711507177,
                        36.744300220713704,
                        1563
                    ],
                    [
                        138.7895755856465,
                        36.7441077048906,
                        1568
                    ],
                    [
                        138.7896175393519,
                        36.743887194449314,
                        1568
                    ],
                    [
                        138.78965153171242,
                        36.74374424921264,
                        1577
                    ],
                    [
                        138.7897229425765,
                        36.7436133602577,
                        1580
                    ],
                    [
                        138.78981440035943,
                        36.7434884104489,
                        1584
                    ],
                    [
                        138.78995987600422,
                        36.7433371553902,
                        1589
                    ],
                    [
                        138.7898397995215,
                        36.743514944996996,
                        1590
                    ],
                    [
                        138.78972571526484,
                        36.74367576335083,
                        1583
                    ],
                    [
                        138.7896522889624,
                        36.74385319279896,
                        1574
                    ],
                    [
                        138.78960636278686,
                        36.74409805630088,
                        1569
                    ],
                    [
                        138.78955491138777,
                        36.744333335169664,
                        1566
                    ],
                    [
                        138.78939530650743,
                        36.74448774214394,
                        1557
                    ],
                    [
                        138.78923398329627,
                        36.74453638211116,
                        1551
                    ],
                    [
                        138.78904347003402,
                        36.744634213978905,
                        1546
                    ],
                    [
                        138.7888416477045,
                        36.744745219808244,
                        1540
                    ],
                    [
                        138.7886035531935,
                        36.744797044928525,
                        1531
                    ],
                    [
                        138.78829772282603,
                        36.74480326453755,
                        1522
                    ],
                    [
                        138.78799965020966,
                        36.74478829772217,
                        1515
                    ],
                    [
                        138.7877234775407,
                        36.74488785920034,
                        1517
                    ],
                    [
                        138.78747340393784,
                        36.74489267732156,
                        1519
                    ],
                    [
                        138.78730307484327,
                        36.74490051170061,
                        1522
                    ],
                    [
                        138.78713337798843,
                        36.74489433381211,
                        1526
                    ],
                    [
                        138.78696043196885,
                        36.744917440795625,
                        1532
                    ],
                    [
                        138.78674635466055,
                        36.74494631749039,
                        1547
                    ],
                    [
                        138.7865771700545,
                        36.74506101590438,
                        1554
                    ],
                    [
                        138.78644944507363,
                        36.7451538619087,
                        1561
                    ],
                    [
                        138.78627376716395,
                        36.745137067161295,
                        1567
                    ],
                    [
                        138.78618087733022,
                        36.74507811850412,
                        1564
                    ],
                    [
                        138.78595052261193,
                        36.74494625651859,
                        1555
                    ],
                    [
                        138.78565939948248,
                        36.744863988681104,
                        1551
                    ],
                    [
                        138.7853370969844,
                        36.74482255131149,
                        1544
                    ],
                    [
                        138.7850329776154,
                        36.7448331982115,
                        1539
                    ],
                    [
                        138.78472172766598,
                        36.74480083390513,
                        1531
                    ],
                    [
                        138.78447792514987,
                        36.74494412069701,
                        1527
                    ],
                    [
                        138.7841806475849,
                        36.74503915214269,
                        1521
                    ],
                    [
                        138.7839231433591,
                        36.74514740512103,
                        1515
                    ],
                    [
                        138.78371085316175,
                        36.745364322152504,
                        1510
                    ],
                    [
                        138.78345380615073,
                        36.74546845152297,
                        1509
                    ],
                    [
                        138.7832460818328,
                        36.74562463810544,
                        1511
                    ],
                    [
                        138.7829977125912,
                        36.74588532696431,
                        1509
                    ],
                    [
                        138.78278569243258,
                        36.74605572066845,
                        1511
                    ],
                    [
                        138.78264629584402,
                        36.746198652216954,
                        1519
                    ],
                    [
                        138.78266332594637,
                        36.74638188444312,
                        1527
                    ],
                    [
                        138.78260362896444,
                        36.74646304004996,
                        1533
                    ],
                    [
                        138.78261252934533,
                        36.74663510326589,
                        1546
                    ],
                    [
                        138.7826057279464,
                        36.74677768551862,
                        1543
                    ],
                    [
                        138.7825362649466,
                        36.74695243209386,
                        1549
                    ],
                    [
                        138.78242377225342,
                        36.74698174813151,
                        1552
                    ],
                    [
                        138.78222003093373,
                        36.747103729936775,
                        1543
                    ],
                    [
                        138.7819825382193,
                        36.74701372159342,
                        1538
                    ],
                    [
                        138.78180326930993,
                        36.747020991472134,
                        1534
                    ],
                    [
                        138.78157888634723,
                        36.74703881315549,
                        1525
                    ],
                    [
                        138.78136084852878,
                        36.74700914540071,
                        1514
                    ],
                    [
                        138.78108355675158,
                        36.74694509302947,
                        1511
                    ],
                    [
                        138.78077035140922,
                        36.74693077264253,
                        1506
                    ],
                    [
                        138.78047968073196,
                        36.74703540160474,
                        1501
                    ],
                    [
                        138.7802015911761,
                        36.74712968767088,
                        1494
                    ],
                    [
                        138.779905090253,
                        36.74713757284948,
                        1490
                    ],
                    [
                        138.77962411143844,
                        36.74717310200222,
                        1482
                    ],
                    [
                        138.77931343035362,
                        36.747253395650574,
                        1476
                    ],
                    [
                        138.779003659986,
                        36.74734858019156,
                        1471
                    ],
                    [
                        138.77866882365302,
                        36.74747122900723,
                        1464
                    ],
                    [
                        138.77839166051473,
                        36.74754282677261,
                        1463
                    ],
                    [
                        138.77815293030594,
                        36.74758022787682,
                        1468
                    ],
                    [
                        138.77783716477967,
                        36.74764520540351,
                        1468
                    ],
                    [
                        138.77753568923464,
                        36.74762674027566,
                        1468
                    ],
                    [
                        138.77724642488403,
                        36.74759583582911,
                        1474
                    ],
                    [
                        138.7770465927448,
                        36.74748284346845,
                        1469
                    ],
                    [
                        138.77687471215134,
                        36.74736022558521,
                        1465
                    ],
                    [
                        138.7766279530675,
                        36.74719387366761,
                        1460
                    ],
                    [
                        138.77634614789378,
                        36.74715897953705,
                        1460
                    ],
                    [
                        138.77597957534147,
                        36.74718893559449,
                        1456
                    ],
                    [
                        138.7758092699853,
                        36.74722633969402,
                        1460
                    ],
                    [
                        138.77557204086966,
                        36.747272797219,
                        1463
                    ],
                    [
                        138.77533188068765,
                        36.747287568748014,
                        1473
                    ],
                    [
                        138.77508466837403,
                        36.74714803083778,
                        1476
                    ],
                    [
                        138.7748341538808,
                        36.74703926591898,
                        1480
                    ],
                    [
                        138.774539679088,
                        36.747006406416766,
                        1480
                    ],
                    [
                        138.77425687624557,
                        36.74704238561573,
                        1478
                    ],
                    [
                        138.77400724867246,
                        36.74717618544496,
                        1480
                    ],
                    [
                        138.77378908121776,
                        36.74711626616919,
                        1504
                    ],
                    [
                        138.7735318522192,
                        36.74701346777046,
                        1505
                    ],
                    [
                        138.7733506561789,
                        36.74700979738016,
                        1507
                    ],
                    [
                        138.77313045071415,
                        36.74688812427668,
                        1504
                    ],
                    [
                        138.7728722632107,
                        36.7467511207692,
                        1510
                    ],
                    [
                        138.77268344112676,
                        36.74657158902784,
                        1502
                    ],
                    [
                        138.77249532041807,
                        36.74647183139578,
                        1496
                    ],
                    [
                        138.7722833969889,
                        36.74629043667781,
                        1491
                    ],
                    [
                        138.7719842611647,
                        36.74613369729613,
                        1492
                    ],
                    [
                        138.77175163116763,
                        36.74607563920221,
                        1484
                    ],
                    [
                        138.77147267931508,
                        36.74615701959874,
                        1480
                    ],
                    [
                        138.77114229072478,
                        36.74619606159901,
                        1482
                    ],
                    [
                        138.77090132250942,
                        36.74619606752131,
                        1486
                    ],
                    [
                        138.77066399661842,
                        36.74619264155415,
                        1488
                    ],
                    [
                        138.77043664001343,
                        36.746153399847,
                        1497
                    ],
                    [
                        138.77022008133324,
                        36.74613075228831,
                        1504
                    ],
                    [
                        138.76992955195485,
                        36.74624528280213,
                        1506
                    ],
                    [
                        138.76971578052698,
                        36.746303406893695,
                        1507
                    ],
                    [
                        138.76949224915325,
                        36.74641962037335,
                        1509
                    ],
                    [
                        138.7692539855623,
                        36.74642857245995,
                        1508
                    ],
                    [
                        138.76902887355047,
                        36.746387886612226,
                        1519
                    ],
                    [
                        138.7688558363215,
                        36.74636508033898,
                        1522
                    ],
                    [
                        138.76852690628772,
                        36.74638064812187,
                        1515
                    ],
                    [
                        138.76820546483629,
                        36.746328169111095,
                        1510
                    ],
                    [
                        138.76796406685972,
                        36.74629928552606,
                        1513
                    ],
                    [
                        138.76769758389244,
                        36.74637680083489,
                        1509
                    ],
                    [
                        138.76734239660078,
                        36.74646145496357,
                        1508
                    ],
                    [
                        138.7670664015035,
                        36.746563630985904,
                        1502
                    ],
                    [
                        138.76687468693842,
                        36.74668500850969,
                        1505
                    ],
                    [
                        138.76659430143204,
                        36.74677795784458,
                        1511
                    ],
                    [
                        138.76634844441756,
                        36.74680667266248,
                        1514
                    ],
                    [
                        138.76619338520962,
                        36.747016445160206,
                        1509
                    ],
                    [
                        138.76601979320432,
                        36.74729310881647,
                        1516
                    ],
                    [
                        138.76591162152005,
                        36.74753800252395,
                        1522
                    ],
                    [
                        138.76585273883165,
                        36.74782293991963,
                        1519
                    ],
                    [
                        138.7657025334014,
                        36.74811034258803,
                        1513
                    ],
                    [
                        138.76560118436245,
                        36.748353937624195,
                        1517
                    ],
                    [
                        138.76555495466832,
                        36.748490003776425,
                        1521
                    ],
                    [
                        138.76543739162946,
                        36.74859401656123,
                        1519
                    ],
                    [
                        138.76532087171455,
                        36.74875685651013,
                        1525
                    ],
                    [
                        138.7651300939957,
                        36.748867839009904,
                        1526
                    ],
                    [
                        138.76487353724622,
                        36.749048423757046,
                        1522
                    ],
                    [
                        138.76458497798671,
                        36.74903910958368,
                        1518
                    ],
                    [
                        138.76422796190812,
                        36.74901004153542,
                        1515
                    ],
                    [
                        138.7639482264015,
                        36.74897693815291,
                        1511
                    ],
                    [
                        138.76376665361045,
                        36.74898909875982,
                        1513
                    ],
                    [
                        138.7635785328581,
                        36.748994339546975,
                        1520
                    ],
                    [
                        138.76335226273866,
                        36.749003626782425,
                        1520
                    ],
                    [
                        138.7631459874729,
                        36.74894016366192,
                        1527
                    ],
                    [
                        138.76290369947517,
                        36.74892673625764,
                        1533
                    ],
                    [
                        138.76266982715336,
                        36.748927778043196,
                        1539
                    ],
                    [
                        138.76243732642595,
                        36.74893106868616,
                        1542
                    ],
                    [
                        138.76223214840698,
                        36.7488187610396,
                        1539
                    ],
                    [
                        138.7620024979647,
                        36.748756484180674,
                        1547
                    ],
                    [
                        138.7618205042582,
                        36.74874414173106,
                        1556
                    ],
                    [
                        138.7616472652577,
                        36.748765388250234,
                        1554
                    ],
                    [
                        138.7614449151567,
                        36.74887169753448,
                        1552
                    ],
                    [
                        138.7611663736225,
                        36.74899038395773,
                        1555
                    ],
                    [
                        138.7609515920317,
                        36.74915841583655,
                        1558
                    ],
                    [
                        138.76072626749803,
                        36.7493884384894,
                        1562
                    ],
                    [
                        138.76059240044992,
                        36.74967276039605,
                        1561
                    ],
                    [
                        138.76035383801835,
                        36.74980927339769,
                        1563
                    ],
                    [
                        138.76018351775147,
                        36.75001782177872,
                        1560
                    ],
                    [
                        138.76004585266463,
                        36.750173878271426,
                        1549
                    ],
                    [
                        138.75988292813935,
                        36.75024092402921,
                        1555
                    ],
                    [
                        138.75963660144467,
                        36.75042940425966,
                        1554
                    ],
                    [
                        138.75945405782858,
                        36.75057274141573,
                        1557
                    ],
                    [
                        138.759172660205,
                        36.75066303648657,
                        1557
                    ],
                    [
                        138.75886450901785,
                        36.75065865011979,
                        1554
                    ],
                    [
                        138.75854917516858,
                        36.750657558958515,
                        1545
                    ],
                    [
                        138.7581959619197,
                        36.750713586992546,
                        1543
                    ],
                    [
                        138.7579024985462,
                        36.750738212879625,
                        1540
                    ],
                    [
                        138.7576254164478,
                        36.750946539746685,
                        1535
                    ],
                    [
                        138.75740884136238,
                        36.75118670161331,
                        1534
                    ],
                    [
                        138.75731975590074,
                        36.751316867278874,
                        1542
                    ],
                    [
                        138.75707333834265,
                        36.7514498120687,
                        1546
                    ],
                    [
                        138.75693057256524,
                        36.751532353609754,
                        1555
                    ],
                    [
                        138.75675052275494,
                        36.751662783814176,
                        1556
                    ],
                    [
                        138.75661991131744,
                        36.75175752165441,
                        1563
                    ],
                    [
                        138.75646424418622,
                        36.751842955566126,
                        1568
                    ],
                    [
                        138.7563055816528,
                        36.75190350432742,
                        1570
                    ],
                    [
                        138.75615847028433,
                        36.75197452447132,
                        1578
                    ],
                    [
                        138.75601730190309,
                        36.75214608951922,
                        1584
                    ],
                    [
                        138.7559726630786,
                        36.75240304818388,
                        1583
                    ],
                    [
                        138.75597047516297,
                        36.752601523710965,
                        1587
                    ],
                    [
                        138.75585280774453,
                        36.75277249943387,
                        1591
                    ],
                    [
                        138.75565798820585,
                        36.75295997746528,
                        1594
                    ],
                    [
                        138.75545477960645,
                        36.753075839648474,
                        1598
                    ],
                    [
                        138.75524587553505,
                        36.75314990799019,
                        1605
                    ],
                    [
                        138.7551310107927,
                        36.75329292319666,
                        1608
                    ],
                    [
                        138.75496347739212,
                        36.753415270306995,
                        1621
                    ],
                    [
                        138.75490963731758,
                        36.753559229658535,
                        1628
                    ],
                    [
                        138.75476591493867,
                        36.753699771806296,
                        1632
                    ],
                    [
                        138.75463236637552,
                        36.753846782124455,
                        1639
                    ],
                    [
                        138.75437000955338,
                        36.75397914546339,
                        1637
                    ],
                    [
                        138.7541857808611,
                        36.75412400401924,
                        1641
                    ],
                    [
                        138.7540258331141,
                        36.75427888614228,
                        1648
                    ],
                    [
                        138.75385702902247,
                        36.75441062380008,
                        1651
                    ],
                    [
                        138.75369278910028,
                        36.754607141049156,
                        1653
                    ],
                    [
                        138.75359798116122,
                        36.75466611717677,
                        1652
                    ],
                    [
                        138.75355612294183,
                        36.754799071283564,
                        1659
                    ],
                    [
                        138.75339036552052,
                        36.754931821948915,
                        1663
                    ],
                    [
                        138.75329435152148,
                        36.75504834849047,
                        1675
                    ],
                    [
                        138.7532111600752,
                        36.7552096079438,
                        1691
                    ],
                    [
                        138.75310256083063,
                        36.7553127451109,
                        1697
                    ],
                    [
                        138.75294064382095,
                        36.755367070454255,
                        1703
                    ],
                    [
                        138.75282704544944,
                        36.755384779392074,
                        1711
                    ],
                    [
                        138.75266941519962,
                        36.75544199502005,
                        1713
                    ],
                    [
                        138.75257197223658,
                        36.755506775152135,
                        1716
                    ],
                    [
                        138.75245507514845,
                        36.755595174659454,
                        1721
                    ],
                    [
                        138.7523632824061,
                        36.75564829919259,
                        1730
                    ],
                    [
                        138.7522721527005,
                        36.755707407393544,
                        1737
                    ],
                    [
                        138.75217375933954,
                        36.75576214085158,
                        1742
                    ],
                    [
                        138.75200053409188,
                        36.75576977960263,
                        1748
                    ],
                    [
                        138.75182966612948,
                        36.75574351316594,
                        1750
                    ],
                    [
                        138.75159323359173,
                        36.755687223058366,
                        1748
                    ],
                    [
                        138.75137462956047,
                        36.75576441884236,
                        1752
                    ],
                    [
                        138.75115936249378,
                        36.75586981511684,
                        1756
                    ],
                    [
                        138.75100176349522,
                        36.75601858429422,
                        1755
                    ],
                    [
                        138.75084869423446,
                        36.75617098608007,
                        1755
                    ],
                    [
                        138.75064166615297,
                        36.75626658803358,
                        1753
                    ],
                    [
                        138.7503701127152,
                        36.75637253458462,
                        1752
                    ],
                    [
                        138.75007583696998,
                        36.756443319197665,
                        1751
                    ],
                    [
                        138.7498719245813,
                        36.7565595222642,
                        1752
                    ],
                    [
                        138.74960673279395,
                        36.75665413972522,
                        1755
                    ],
                    [
                        138.7493417110718,
                        36.75678703380474,
                        1757
                    ],
                    [
                        138.7491639437,
                        36.756968677410555,
                        1763
                    ],
                    [
                        138.74907110430846,
                        36.757143035314776,
                        1765
                    ],
                    [
                        138.74897926480062,
                        36.75720531430863,
                        1765
                    ],
                    [
                        138.74878850537786,
                        36.75732966561729,
                        1760
                    ],
                    [
                        138.7486819827587,
                        36.75744695709164,
                        1757
                    ],
                    [
                        138.74842475540174,
                        36.75763203613217,
                        1756
                    ],
                    [
                        138.7481271040289,
                        36.75777556206297,
                        1753
                    ],
                    [
                        138.74792143962358,
                        36.757848202318804,
                        1755
                    ],
                    [
                        138.74767871653614,
                        36.75788772876342,
                        1759
                    ],
                    [
                        138.74740128135798,
                        36.757920236780315,
                        1764
                    ],
                    [
                        138.74717487030188,
                        36.75800330425422,
                        1769
                    ],
                    [
                        138.74700302445873,
                        36.75806512508248,
                        1776
                    ],
                    [
                        138.74677909686417,
                        36.75814407709946,
                        1782
                    ],
                    [
                        138.74656424133605,
                        36.75823616175949,
                        1787
                    ],
                    [
                        138.7463384591476,
                        36.758304773501536,
                        1791
                    ],
                    [
                        138.74619304355093,
                        36.758448033226195,
                        1795
                    ],
                    [
                        138.74596726416942,
                        36.758520693836545,
                        1804
                    ],
                    [
                        138.7457602410359,
                        36.7586318259029,
                        1808
                    ],
                    [
                        138.7456281488033,
                        36.75872471059826,
                        1811
                    ],
                    [
                        138.74530317259195,
                        36.75882009387434,
                        1817
                    ],
                    [
                        138.74498940663852,
                        36.758813439259534,
                        1815
                    ],
                    [
                        138.74468946542203,
                        36.75875680371362,
                        1820
                    ],
                    [
                        138.74441601191282,
                        36.75876103316467,
                        1824
                    ],
                    [
                        138.74411652812498,
                        36.75878558264572,
                        1826
                    ],
                    [
                        138.74382597804987,
                        36.75885107041844,
                        1832
                    ],
                    [
                        138.7437310509682,
                        36.758907889914944,
                        1835
                    ],
                    [
                        138.74353148553183,
                        36.75901081879586,
                        1843
                    ],
                    [
                        138.74322165644548,
                        36.75906634612884,
                        1846
                    ],
                    [
                        138.74292341245237,
                        36.75911093044523,
                        1840
                    ],
                    [
                        138.74265908393886,
                        36.759228822098414,
                        1845
                    ],
                    [
                        138.74234351708853,
                        36.7591593172705,
                        1843
                    ],
                    [
                        138.74209574298,
                        36.75913940768969,
                        1841
                    ],
                    [
                        138.741747421405,
                        36.759055740960775,
                        1844
                    ],
                    [
                        138.74145927330324,
                        36.7591461255239,
                        1850
                    ],
                    [
                        138.74123212931735,
                        36.75924626627449,
                        1854
                    ],
                    [
                        138.74093660632977,
                        36.759275678234225,
                        1856
                    ],
                    [
                        138.74070541412928,
                        36.7593002926253,
                        1861
                    ],
                    [
                        138.74054958256966,
                        36.75935902819669,
                        1867
                    ],
                    [
                        138.7402983771805,
                        36.75949955887329,
                        1870
                    ],
                    [
                        138.74010679530377,
                        36.75967512123933,
                        1869
                    ],
                    [
                        138.73999333413852,
                        36.75984304662698,
                        1875
                    ],
                    [
                        138.739848627964,
                        36.759988267756604,
                        1880
                    ],
                    [
                        138.73971040958577,
                        36.76015241027955,
                        1885
                    ],
                    [
                        138.73958378502894,
                        36.76033294585681,
                        1884
                    ],
                    [
                        138.7394331414736,
                        36.76054749102023,
                        1887
                    ],
                    [
                        138.73929227829268,
                        36.76076752619635,
                        1884
                    ],
                    [
                        138.7391169478101,
                        36.760983852762,
                        1885
                    ],
                    [
                        138.73898401016575,
                        36.76114270942281,
                        1880
                    ],
                    [
                        138.73883565031696,
                        36.76123660142616,
                        1885
                    ],
                    [
                        138.7386656623477,
                        36.761377847349664,
                        1876
                    ],
                    [
                        138.7384492197545,
                        36.76153012810409,
                        1878
                    ],
                    [
                        138.7382049180595,
                        36.761674790969906,
                        1874
                    ],
                    [
                        138.73799743442495,
                        36.76177068720362,
                        1872
                    ],
                    [
                        138.73777790078697,
                        36.76183734402968,
                        1863
                    ],
                    [
                        138.73754379878088,
                        36.761981580497576,
                        1864
                    ],
                    [
                        138.73735367348087,
                        36.761890536085616,
                        1860
                    ],
                    [
                        138.73713955940394,
                        36.76184621362342,
                        1865
                    ],
                    [
                        138.73693648026287,
                        36.76178126337698,
                        1860
                    ],
                    [
                        138.73709509927852,
                        36.76184691808262,
                        1859
                    ],
                    [
                        138.73727231821118,
                        36.761831337744454,
                        1856
                    ],
                    [
                        138.73745134299043,
                        36.7619362224165,
                        1869
                    ],
                    [
                        138.7371304343098,
                        36.76209677375109,
                        1853
                    ],
                    [
                        138.73683833588973,
                        36.76208377626264,
                        1851
                    ],
                    [
                        138.73657009691695,
                        36.76219696306344,
                        1856
                    ],
                    [
                        138.73633051711008,
                        36.762333656365534,
                        1849
                    ],
                    [
                        138.7360131596597,
                        36.76246505433651,
                        1843
                    ],
                    [
                        138.7357392175654,
                        36.76253131413008,
                        1841
                    ],
                    [
                        138.73554175920174,
                        36.76263138932316,
                        1845
                    ],
                    [
                        138.73535011029276,
                        36.762764961461,
                        1854
                    ],
                    [
                        138.7350647981023,
                        36.76283530426441,
                        1851
                    ],
                    [
                        138.73479274138558,
                        36.76274956808707,
                        1849
                    ],
                    [
                        138.73445053751686,
                        36.7626836460445,
                        1843
                    ],
                    [
                        138.73418278238367,
                        36.76257021177172,
                        1842
                    ],
                    [
                        138.73392050076288,
                        36.76242220148634,
                        1845
                    ],
                    [
                        138.73356919191156,
                        36.76243423974534,
                        1849
                    ],
                    [
                        138.73335250019295,
                        36.76240755149977,
                        1857
                    ],
                    [
                        138.7331251609356,
                        36.76246662663602,
                        1863
                    ],
                    [
                        138.7328316225698,
                        36.76248235925818,
                        1863
                    ],
                    [
                        138.73259873521638,
                        36.762545997668006,
                        1864
                    ],
                    [
                        138.73237674239616,
                        36.76250147816924,
                        1872
                    ],
                    [
                        138.7321679200729,
                        36.76247733652549,
                        1882
                    ],
                    [
                        138.7319880256867,
                        36.7624765137027,
                        1886
                    ],
                    [
                        138.73168783398944,
                        36.76251391923383,
                        1890
                    ],
                    [
                        138.73146860490317,
                        36.76245386770134,
                        1894
                    ],
                    [
                        138.73158085454665,
                        36.76254832737723,
                        1893
                    ],
                    [
                        138.7317627298929,
                        36.76255387267415,
                        1894
                    ],
                    [
                        138.73157870842417,
                        36.76253468669018,
                        1891
                    ],
                    [
                        138.73157567925057,
                        36.76243804274335,
                        1892
                    ]
                ]
            }
        },
        {
            "type": "Feature",
            "properties": {
                "name": "20260710",
                "time": "2026-07-09T20:27:23Z",
                "coordTimes": [
                    "2026-07-09T20:27:23Z",
                    "2026-07-09T20:28:56Z",
                    "2026-07-09T20:29:40Z",
                    "2026-07-09T20:30:13Z",
                    "2026-07-09T20:30:46Z",
                    "2026-07-09T20:31:18Z",
                    "2026-07-09T20:31:53Z",
                    "2026-07-09T20:32:28Z",
                    "2026-07-09T20:33:02Z",
                    "2026-07-09T20:34:34Z",
                    "2026-07-09T20:35:06Z",
                    "2026-07-09T20:38:08Z",
                    "2026-07-09T20:39:20Z",
                    "2026-07-09T20:39:48Z",
                    "2026-07-09T20:40:18Z",
                    "2026-07-09T20:40:51Z",
                    "2026-07-09T20:41:54Z",
                    "2026-07-09T20:42:25Z",
                    "2026-07-09T20:43:02Z",
                    "2026-07-09T20:43:53Z",
                    "2026-07-09T20:44:39Z",
                    "2026-07-09T20:45:23Z",
                    "2026-07-09T20:46:37Z",
                    "2026-07-09T20:47:44Z",
                    "2026-07-09T20:48:22Z",
                    "2026-07-09T20:49:11Z",
                    "2026-07-09T20:49:46Z",
                    "2026-07-09T20:50:26Z",
                    "2026-07-09T20:50:59Z",
                    "2026-07-09T20:51:28Z",
                    "2026-07-09T20:52:13Z",
                    "2026-07-09T20:52:43Z",
                    "2026-07-09T20:53:23Z",
                    "2026-07-09T20:53:54Z",
                    "2026-07-09T20:54:23Z",
                    "2026-07-09T20:54:48Z",
                    "2026-07-09T20:55:17Z",
                    "2026-07-09T20:55:47Z",
                    "2026-07-09T20:56:17Z",
                    "2026-07-09T20:56:42Z",
                    "2026-07-09T20:57:14Z",
                    "2026-07-09T20:58:00Z",
                    "2026-07-09T20:58:40Z",
                    "2026-07-09T20:59:19Z",
                    "2026-07-09T20:59:52Z",
                    "2026-07-09T21:00:38Z",
                    "2026-07-09T21:01:11Z",
                    "2026-07-09T21:01:44Z",
                    "2026-07-09T21:02:18Z",
                    "2026-07-09T21:03:02Z",
                    "2026-07-09T21:03:33Z",
                    "2026-07-09T21:04:05Z",
                    "2026-07-09T21:04:31Z",
                    "2026-07-09T21:04:59Z",
                    "2026-07-09T21:05:32Z",
                    "2026-07-09T21:06:05Z",
                    "2026-07-09T21:06:47Z",
                    "2026-07-09T21:07:36Z",
                    "2026-07-09T21:08:04Z",
                    "2026-07-09T21:08:30Z",
                    "2026-07-09T21:09:00Z",
                    "2026-07-09T21:09:27Z",
                    "2026-07-09T21:09:56Z",
                    "2026-07-09T21:10:21Z",
                    "2026-07-09T21:10:51Z",
                    "2026-07-09T21:11:25Z",
                    "2026-07-09T21:12:17Z",
                    "2026-07-09T21:12:47Z",
                    "2026-07-09T21:13:18Z",
                    "2026-07-09T21:15:38Z",
                    "2026-07-09T21:16:11Z",
                    "2026-07-09T21:16:44Z",
                    "2026-07-09T21:17:16Z",
                    "2026-07-09T21:18:06Z",
                    "2026-07-09T21:18:44Z",
                    "2026-07-09T21:19:38Z",
                    "2026-07-09T21:20:11Z",
                    "2026-07-09T21:21:16Z",
                    "2026-07-09T21:21:56Z",
                    "2026-07-09T21:22:26Z",
                    "2026-07-09T21:22:55Z",
                    "2026-07-09T21:23:22Z",
                    "2026-07-09T21:23:48Z",
                    "2026-07-09T21:24:40Z",
                    "2026-07-09T21:25:09Z",
                    "2026-07-09T21:25:45Z",
                    "2026-07-09T21:26:21Z",
                    "2026-07-09T21:27:20Z",
                    "2026-07-09T21:28:09Z",
                    "2026-07-09T21:30:26Z",
                    "2026-07-09T21:31:17Z",
                    "2026-07-09T21:31:52Z",
                    "2026-07-09T21:32:23Z",
                    "2026-07-09T21:32:53Z",
                    "2026-07-09T21:33:26Z",
                    "2026-07-09T21:33:54Z",
                    "2026-07-09T21:34:21Z",
                    "2026-07-09T21:34:55Z",
                    "2026-07-09T21:35:29Z",
                    "2026-07-09T21:35:58Z",
                    "2026-07-09T21:36:26Z",
                    "2026-07-09T21:36:55Z",
                    "2026-07-09T21:37:29Z",
                    "2026-07-09T21:37:59Z",
                    "2026-07-09T21:39:13Z",
                    "2026-07-09T21:39:43Z",
                    "2026-07-09T21:40:12Z",
                    "2026-07-09T21:40:39Z",
                    "2026-07-09T21:41:10Z",
                    "2026-07-09T21:41:35Z",
                    "2026-07-09T21:42:03Z",
                    "2026-07-09T21:42:31Z",
                    "2026-07-09T21:43:00Z",
                    "2026-07-09T21:43:31Z",
                    "2026-07-09T21:43:57Z",
                    "2026-07-09T21:44:26Z",
                    "2026-07-09T21:44:53Z",
                    "2026-07-09T21:45:34Z",
                    "2026-07-09T21:47:51Z",
                    "2026-07-09T21:48:17Z",
                    "2026-07-09T21:48:43Z",
                    "2026-07-09T21:49:07Z",
                    "2026-07-09T21:49:35Z",
                    "2026-07-09T21:50:05Z",
                    "2026-07-09T21:50:33Z",
                    "2026-07-09T21:51:04Z",
                    "2026-07-09T21:51:29Z",
                    "2026-07-09T21:52:01Z",
                    "2026-07-09T21:52:28Z",
                    "2026-07-09T21:52:55Z",
                    "2026-07-09T21:53:20Z",
                    "2026-07-09T21:53:47Z",
                    "2026-07-09T21:54:17Z",
                    "2026-07-09T21:54:42Z",
                    "2026-07-09T21:55:10Z",
                    "2026-07-09T21:55:38Z",
                    "2026-07-09T21:56:12Z",
                    "2026-07-09T21:56:42Z",
                    "2026-07-09T21:57:09Z",
                    "2026-07-09T21:57:38Z",
                    "2026-07-09T21:58:27Z",
                    "2026-07-09T21:59:05Z",
                    "2026-07-09T21:59:51Z",
                    "2026-07-09T22:00:18Z",
                    "2026-07-09T22:00:53Z",
                    "2026-07-09T22:01:26Z",
                    "2026-07-09T22:01:54Z",
                    "2026-07-09T22:02:27Z",
                    "2026-07-09T22:03:43Z",
                    "2026-07-09T22:04:12Z",
                    "2026-07-09T22:04:38Z",
                    "2026-07-09T22:05:03Z",
                    "2026-07-09T22:05:41Z",
                    "2026-07-09T22:06:12Z",
                    "2026-07-09T22:06:41Z",
                    "2026-07-09T22:07:16Z",
                    "2026-07-09T22:07:42Z",
                    "2026-07-09T22:08:08Z",
                    "2026-07-09T22:08:34Z",
                    "2026-07-09T22:08:59Z",
                    "2026-07-09T22:09:24Z",
                    "2026-07-09T22:09:57Z",
                    "2026-07-09T22:10:23Z",
                    "2026-07-09T22:10:49Z",
                    "2026-07-09T22:11:21Z",
                    "2026-07-09T22:11:50Z",
                    "2026-07-09T22:12:15Z",
                    "2026-07-09T22:12:45Z",
                    "2026-07-09T22:13:16Z",
                    "2026-07-09T22:13:52Z",
                    "2026-07-09T22:15:01Z",
                    "2026-07-09T22:15:46Z",
                    "2026-07-09T22:16:16Z",
                    "2026-07-09T22:17:01Z",
                    "2026-07-09T22:17:30Z",
                    "2026-07-09T22:17:57Z",
                    "2026-07-09T22:18:24Z",
                    "2026-07-09T22:18:53Z",
                    "2026-07-09T22:19:24Z",
                    "2026-07-09T22:35:19Z",
                    "2026-07-09T22:35:52Z",
                    "2026-07-09T22:36:24Z",
                    "2026-07-09T22:36:58Z",
                    "2026-07-09T22:37:37Z",
                    "2026-07-09T22:38:19Z",
                    "2026-07-09T22:39:08Z",
                    "2026-07-09T22:39:54Z",
                    "2026-07-09T22:41:15Z",
                    "2026-07-09T22:42:14Z",
                    "2026-07-09T22:43:06Z",
                    "2026-07-09T22:43:50Z",
                    "2026-07-09T22:44:50Z",
                    "2026-07-09T22:45:32Z",
                    "2026-07-09T22:46:33Z",
                    "2026-07-09T22:47:07Z",
                    "2026-07-09T22:47:39Z",
                    "2026-07-09T22:48:40Z",
                    "2026-07-09T22:49:12Z",
                    "2026-07-09T22:49:39Z",
                    "2026-07-09T22:50:25Z",
                    "2026-07-09T22:50:52Z",
                    "2026-07-09T22:51:24Z",
                    "2026-07-09T22:52:05Z",
                    "2026-07-09T22:52:37Z",
                    "2026-07-09T22:53:05Z",
                    "2026-07-09T22:53:32Z",
                    "2026-07-09T22:53:57Z",
                    "2026-07-09T22:54:22Z",
                    "2026-07-09T22:54:46Z",
                    "2026-07-09T22:55:15Z",
                    "2026-07-09T22:56:26Z",
                    "2026-07-09T22:57:08Z",
                    "2026-07-09T22:57:49Z",
                    "2026-07-09T22:58:25Z",
                    "2026-07-09T22:59:05Z",
                    "2026-07-09T23:00:13Z",
                    "2026-07-09T23:01:14Z",
                    "2026-07-09T23:01:47Z",
                    "2026-07-09T23:02:13Z",
                    "2026-07-09T23:02:46Z",
                    "2026-07-09T23:03:49Z",
                    "2026-07-09T23:04:14Z",
                    "2026-07-09T23:04:42Z",
                    "2026-07-09T23:05:09Z",
                    "2026-07-09T23:05:55Z",
                    "2026-07-09T23:06:25Z",
                    "2026-07-09T23:06:56Z",
                    "2026-07-09T23:07:31Z",
                    "2026-07-09T23:07:59Z",
                    "2026-07-09T23:08:25Z",
                    "2026-07-09T23:08:51Z",
                    "2026-07-09T23:09:39Z",
                    "2026-07-09T23:10:16Z",
                    "2026-07-09T23:11:05Z",
                    "2026-07-09T23:11:45Z",
                    "2026-07-09T23:12:19Z",
                    "2026-07-09T23:12:54Z",
                    "2026-07-09T23:13:21Z",
                    "2026-07-09T23:13:53Z",
                    "2026-07-09T23:14:22Z",
                    "2026-07-09T23:14:52Z",
                    "2026-07-09T23:15:22Z",
                    "2026-07-09T23:16:02Z",
                    "2026-07-09T23:16:33Z",
                    "2026-07-09T23:17:10Z",
                    "2026-07-09T23:17:46Z",
                    "2026-07-09T23:18:36Z",
                    "2026-07-09T23:19:01Z",
                    "2026-07-09T23:19:28Z",
                    "2026-07-09T23:19:53Z",
                    "2026-07-09T23:20:21Z",
                    "2026-07-09T23:20:48Z",
                    "2026-07-09T23:21:18Z",
                    "2026-07-09T23:21:57Z",
                    "2026-07-09T23:22:29Z",
                    "2026-07-09T23:23:14Z",
                    "2026-07-09T23:23:48Z",
                    "2026-07-09T23:24:16Z",
                    "2026-07-09T23:24:45Z",
                    "2026-07-09T23:25:16Z",
                    "2026-07-09T23:25:54Z",
                    "2026-07-09T23:26:20Z",
                    "2026-07-09T23:26:46Z",
                    "2026-07-09T23:28:03Z",
                    "2026-07-09T23:28:41Z",
                    "2026-07-09T23:29:12Z",
                    "2026-07-09T23:29:40Z",
                    "2026-07-09T23:30:15Z",
                    "2026-07-09T23:31:08Z",
                    "2026-07-09T23:31:46Z",
                    "2026-07-09T23:32:36Z",
                    "2026-07-09T23:33:19Z",
                    "2026-07-09T23:34:25Z",
                    "2026-07-09T23:34:56Z",
                    "2026-07-09T23:35:25Z",
                    "2026-07-09T23:36:10Z",
                    "2026-07-09T23:36:45Z",
                    "2026-07-09T23:37:42Z",
                    "2026-07-09T23:38:09Z",
                    "2026-07-09T23:38:40Z",
                    "2026-07-09T23:39:12Z",
                    "2026-07-09T23:39:54Z",
                    "2026-07-10T00:09:23Z",
                    "2026-07-10T00:09:55Z",
                    "2026-07-10T00:10:33Z",
                    "2026-07-10T00:11:15Z",
                    "2026-07-10T00:11:46Z",
                    "2026-07-10T00:12:15Z",
                    "2026-07-10T00:12:45Z",
                    "2026-07-10T00:13:13Z",
                    "2026-07-10T00:13:43Z",
                    "2026-07-10T00:14:09Z",
                    "2026-07-10T00:14:37Z",
                    "2026-07-10T00:15:09Z",
                    "2026-07-10T00:15:45Z",
                    "2026-07-10T00:16:22Z",
                    "2026-07-10T00:16:51Z",
                    "2026-07-10T00:17:27Z",
                    "2026-07-10T00:18:44Z",
                    "2026-07-10T00:19:19Z",
                    "2026-07-10T00:20:04Z",
                    "2026-07-10T00:20:51Z",
                    "2026-07-10T00:21:41Z",
                    "2026-07-10T00:22:12Z",
                    "2026-07-10T00:22:55Z",
                    "2026-07-10T00:23:31Z",
                    "2026-07-10T00:24:25Z",
                    "2026-07-10T00:24:58Z",
                    "2026-07-10T00:25:33Z",
                    "2026-07-10T00:26:09Z",
                    "2026-07-10T00:26:49Z",
                    "2026-07-10T00:27:28Z",
                    "2026-07-10T00:27:57Z",
                    "2026-07-10T00:28:23Z",
                    "2026-07-10T00:28:56Z",
                    "2026-07-10T00:29:55Z",
                    "2026-07-10T00:30:37Z",
                    "2026-07-10T00:31:08Z",
                    "2026-07-10T00:31:50Z",
                    "2026-07-10T00:32:20Z",
                    "2026-07-10T00:32:55Z",
                    "2026-07-10T00:33:24Z",
                    "2026-07-10T00:33:55Z",
                    "2026-07-10T00:35:09Z",
                    "2026-07-10T00:35:39Z",
                    "2026-07-10T00:36:22Z",
                    "2026-07-10T00:36:54Z",
                    "2026-07-10T00:37:24Z",
                    "2026-07-10T00:38:11Z",
                    "2026-07-10T00:38:50Z",
                    "2026-07-10T00:39:20Z",
                    "2026-07-10T00:40:01Z",
                    "2026-07-10T00:40:49Z",
                    "2026-07-10T00:41:46Z",
                    "2026-07-10T00:42:25Z",
                    "2026-07-10T00:42:52Z",
                    "2026-07-10T00:43:20Z",
                    "2026-07-10T00:43:58Z",
                    "2026-07-10T00:44:29Z",
                    "2026-07-10T00:45:32Z",
                    "2026-07-10T00:46:06Z",
                    "2026-07-10T00:47:09Z",
                    "2026-07-10T00:47:48Z",
                    "2026-07-10T00:49:02Z",
                    "2026-07-10T00:49:28Z",
                    "2026-07-10T00:50:02Z",
                    "2026-07-10T00:50:39Z",
                    "2026-07-10T00:51:07Z",
                    "2026-07-10T00:51:37Z",
                    "2026-07-10T00:52:05Z",
                    "2026-07-10T00:52:34Z",
                    "2026-07-10T00:53:04Z",
                    "2026-07-10T00:53:32Z",
                    "2026-07-10T00:54:05Z",
                    "2026-07-10T00:54:38Z",
                    "2026-07-10T00:55:07Z",
                    "2026-07-10T00:55:34Z",
                    "2026-07-10T00:56:02Z",
                    "2026-07-10T00:56:31Z",
                    "2026-07-10T00:56:58Z",
                    "2026-07-10T00:57:30Z",
                    "2026-07-10T00:58:01Z",
                    "2026-07-10T00:58:30Z",
                    "2026-07-10T00:58:58Z",
                    "2026-07-10T00:59:30Z",
                    "2026-07-10T01:00:01Z",
                    "2026-07-10T01:00:41Z",
                    "2026-07-10T01:02:04Z",
                    "2026-07-10T01:02:52Z",
                    "2026-07-10T01:03:35Z",
                    "2026-07-10T01:04:04Z",
                    "2026-07-10T01:04:32Z",
                    "2026-07-10T01:05:18Z",
                    "2026-07-10T01:05:55Z",
                    "2026-07-10T01:06:38Z",
                    "2026-07-10T01:07:17Z",
                    "2026-07-10T01:07:44Z",
                    "2026-07-10T01:08:13Z",
                    "2026-07-10T01:08:46Z",
                    "2026-07-10T01:19:48Z",
                    "2026-07-10T01:20:21Z",
                    "2026-07-10T01:20:59Z",
                    "2026-07-10T01:21:41Z",
                    "2026-07-10T01:22:17Z",
                    "2026-07-10T01:22:45Z",
                    "2026-07-10T01:23:15Z",
                    "2026-07-10T01:23:48Z",
                    "2026-07-10T01:24:23Z",
                    "2026-07-10T01:25:02Z",
                    "2026-07-10T01:25:38Z",
                    "2026-07-10T01:26:12Z",
                    "2026-07-10T01:26:56Z",
                    "2026-07-10T01:27:28Z",
                    "2026-07-10T01:28:00Z",
                    "2026-07-10T01:28:34Z",
                    "2026-07-10T01:28:58Z",
                    "2026-07-10T01:29:25Z",
                    "2026-07-10T01:29:53Z",
                    "2026-07-10T01:30:25Z",
                    "2026-07-10T01:30:56Z",
                    "2026-07-10T01:31:24Z",
                    "2026-07-10T01:32:10Z",
                    "2026-07-10T01:32:43Z",
                    "2026-07-10T01:33:25Z",
                    "2026-07-10T01:34:12Z",
                    "2026-07-10T01:34:40Z",
                    "2026-07-10T01:35:09Z",
                    "2026-07-10T01:35:46Z",
                    "2026-07-10T01:36:15Z",
                    "2026-07-10T01:36:41Z",
                    "2026-07-10T01:37:09Z",
                    "2026-07-10T01:37:36Z",
                    "2026-07-10T01:38:04Z",
                    "2026-07-10T01:38:35Z",
                    "2026-07-10T01:39:18Z",
                    "2026-07-10T01:40:00Z",
                    "2026-07-10T01:40:36Z",
                    "2026-07-10T01:41:15Z",
                    "2026-07-10T01:41:53Z",
                    "2026-07-10T01:42:44Z",
                    "2026-07-10T01:43:23Z",
                    "2026-07-10T01:44:06Z",
                    "2026-07-10T01:44:38Z",
                    "2026-07-10T01:45:09Z",
                    "2026-07-10T01:45:36Z",
                    "2026-07-10T01:46:02Z",
                    "2026-07-10T01:46:32Z",
                    "2026-07-10T01:47:03Z",
                    "2026-07-10T01:47:31Z",
                    "2026-07-10T01:48:02Z",
                    "2026-07-10T01:48:35Z",
                    "2026-07-10T01:49:05Z",
                    "2026-07-10T01:49:34Z",
                    "2026-07-10T01:50:02Z",
                    "2026-07-10T01:50:28Z",
                    "2026-07-10T01:50:56Z",
                    "2026-07-10T01:51:24Z",
                    "2026-07-10T01:51:50Z",
                    "2026-07-10T01:52:16Z",
                    "2026-07-10T01:52:45Z",
                    "2026-07-10T01:53:20Z",
                    "2026-07-10T01:53:52Z",
                    "2026-07-10T01:54:24Z",
                    "2026-07-10T01:54:49Z",
                    "2026-07-10T01:55:23Z",
                    "2026-07-10T01:55:52Z",
                    "2026-07-10T01:56:25Z",
                    "2026-07-10T01:56:48Z",
                    "2026-07-10T01:57:15Z",
                    "2026-07-10T01:57:45Z",
                    "2026-07-10T01:58:15Z",
                    "2026-07-10T01:58:52Z",
                    "2026-07-10T01:59:20Z",
                    "2026-07-10T01:59:46Z",
                    "2026-07-10T02:00:13Z",
                    "2026-07-10T02:00:40Z",
                    "2026-07-10T02:01:08Z",
                    "2026-07-10T02:01:38Z",
                    "2026-07-10T02:02:20Z",
                    "2026-07-10T02:02:47Z",
                    "2026-07-10T02:03:15Z",
                    "2026-07-10T02:03:42Z",
                    "2026-07-10T02:04:07Z",
                    "2026-07-10T02:04:33Z",
                    "2026-07-10T02:05:07Z",
                    "2026-07-10T02:08:00Z",
                    "2026-07-10T02:08:36Z",
                    "2026-07-10T02:09:05Z",
                    "2026-07-10T02:09:30Z",
                    "2026-07-10T02:09:58Z",
                    "2026-07-10T02:10:41Z",
                    "2026-07-10T02:11:08Z",
                    "2026-07-10T02:11:44Z",
                    "2026-07-10T02:12:17Z",
                    "2026-07-10T02:12:49Z",
                    "2026-07-10T02:13:19Z",
                    "2026-07-10T02:13:50Z",
                    "2026-07-10T02:14:28Z",
                    "2026-07-10T02:14:58Z",
                    "2026-07-10T02:15:26Z",
                    "2026-07-10T02:15:50Z",
                    "2026-07-10T02:16:16Z",
                    "2026-07-10T02:16:43Z",
                    "2026-07-10T02:17:13Z",
                    "2026-07-10T02:17:47Z",
                    "2026-07-10T02:18:15Z",
                    "2026-07-10T02:18:50Z",
                    "2026-07-10T02:19:44Z",
                    "2026-07-10T02:20:51Z",
                    "2026-07-10T02:21:20Z",
                    "2026-07-10T02:21:45Z",
                    "2026-07-10T02:22:11Z",
                    "2026-07-10T02:22:37Z",
                    "2026-07-10T02:23:05Z",
                    "2026-07-10T02:23:34Z",
                    "2026-07-10T02:24:33Z",
                    "2026-07-10T02:25:03Z",
                    "2026-07-10T02:25:29Z",
                    "2026-07-10T02:25:54Z",
                    "2026-07-10T02:26:22Z",
                    "2026-07-10T02:26:47Z",
                    "2026-07-10T02:27:14Z",
                    "2026-07-10T02:27:42Z",
                    "2026-07-10T02:28:20Z",
                    "2026-07-10T02:28:54Z",
                    "2026-07-10T02:29:28Z",
                    "2026-07-10T02:29:58Z",
                    "2026-07-10T02:30:42Z",
                    "2026-07-10T02:31:12Z",
                    "2026-07-10T02:32:09Z",
                    "2026-07-10T02:32:36Z",
                    "2026-07-10T02:47:38Z",
                    "2026-07-10T02:48:06Z",
                    "2026-07-10T02:48:50Z",
                    "2026-07-10T02:49:14Z",
                    "2026-07-10T02:49:53Z",
                    "2026-07-10T02:50:20Z",
                    "2026-07-10T02:50:59Z",
                    "2026-07-10T02:51:33Z",
                    "2026-07-10T02:52:18Z",
                    "2026-07-10T02:53:01Z",
                    "2026-07-10T02:53:36Z",
                    "2026-07-10T02:54:16Z",
                    "2026-07-10T02:54:44Z",
                    "2026-07-10T02:55:13Z",
                    "2026-07-10T02:55:45Z",
                    "2026-07-10T02:56:17Z",
                    "2026-07-10T02:56:45Z",
                    "2026-07-10T02:57:11Z",
                    "2026-07-10T02:57:39Z",
                    "2026-07-10T02:58:08Z",
                    "2026-07-10T02:58:32Z",
                    "2026-07-10T02:58:56Z",
                    "2026-07-10T02:59:24Z",
                    "2026-07-10T02:59:57Z",
                    "2026-07-10T03:00:22Z",
                    "2026-07-10T03:00:48Z",
                    "2026-07-10T03:01:14Z",
                    "2026-07-10T03:01:41Z",
                    "2026-07-10T03:02:10Z",
                    "2026-07-10T03:25:51Z",
                    "2026-07-10T03:30:26Z",
                    "2026-07-10T03:31:50Z",
                    "2026-07-10T03:33:43Z",
                    "2026-07-10T03:34:06Z",
                    "2026-07-10T03:34:31Z",
                    "2026-07-10T03:35:07Z",
                    "2026-07-10T03:35:31Z",
                    "2026-07-10T03:35:56Z",
                    "2026-07-10T03:36:23Z",
                    "2026-07-10T03:36:52Z",
                    "2026-07-10T03:37:16Z",
                    "2026-07-10T03:38:37Z",
                    "2026-07-10T03:39:02Z",
                    "2026-07-10T03:39:48Z",
                    "2026-07-10T03:40:19Z",
                    "2026-07-10T03:40:46Z",
                    "2026-07-10T03:41:11Z",
                    "2026-07-10T03:41:36Z",
                    "2026-07-10T03:42:04Z",
                    "2026-07-10T03:42:40Z",
                    "2026-07-10T03:43:14Z",
                    "2026-07-10T03:43:39Z",
                    "2026-07-10T03:44:07Z",
                    "2026-07-10T03:44:31Z",
                    "2026-07-10T03:44:59Z",
                    "2026-07-10T03:45:25Z",
                    "2026-07-10T03:45:53Z",
                    "2026-07-10T03:46:20Z",
                    "2026-07-10T03:46:45Z",
                    "2026-07-10T03:47:12Z",
                    "2026-07-10T03:47:40Z",
                    "2026-07-10T03:48:15Z",
                    "2026-07-10T03:48:45Z",
                    "2026-07-10T03:49:17Z",
                    "2026-07-10T03:49:46Z",
                    "2026-07-10T03:50:14Z",
                    "2026-07-10T03:50:40Z",
                    "2026-07-10T03:51:05Z",
                    "2026-07-10T03:51:32Z",
                    "2026-07-10T03:51:59Z",
                    "2026-07-10T03:52:26Z",
                    "2026-07-10T03:52:50Z",
                    "2026-07-10T03:53:16Z",
                    "2026-07-10T03:53:42Z",
                    "2026-07-10T03:54:06Z",
                    "2026-07-10T03:54:32Z",
                    "2026-07-10T03:54:58Z",
                    "2026-07-10T03:55:25Z",
                    "2026-07-10T03:56:13Z",
                    "2026-07-10T03:56:50Z",
                    "2026-07-10T03:57:22Z",
                    "2026-07-10T03:57:59Z",
                    "2026-07-10T03:58:26Z",
                    "2026-07-10T03:59:02Z",
                    "2026-07-10T03:59:33Z",
                    "2026-07-10T03:59:59Z",
                    "2026-07-10T04:00:38Z",
                    "2026-07-10T04:01:16Z",
                    "2026-07-10T04:02:16Z",
                    "2026-07-10T04:02:51Z",
                    "2026-07-10T04:03:29Z",
                    "2026-07-10T04:04:16Z",
                    "2026-07-10T04:04:46Z",
                    "2026-07-10T04:05:12Z",
                    "2026-07-10T04:05:39Z",
                    "2026-07-10T04:06:07Z",
                    "2026-07-10T04:06:42Z",
                    "2026-07-10T04:07:17Z",
                    "2026-07-10T04:08:03Z",
                    "2026-07-10T04:08:32Z",
                    "2026-07-10T04:09:00Z",
                    "2026-07-10T04:09:48Z",
                    "2026-07-10T04:10:54Z",
                    "2026-07-10T04:11:42Z",
                    "2026-07-10T04:12:23Z",
                    "2026-07-10T04:13:09Z",
                    "2026-07-10T04:14:07Z",
                    "2026-07-10T04:15:39Z",
                    "2026-07-10T04:17:18Z",
                    "2026-07-10T04:18:10Z",
                    "2026-07-10T04:18:48Z",
                    "2026-07-10T04:19:38Z",
                    "2026-07-10T04:20:20Z",
                    "2026-07-10T04:20:55Z",
                    "2026-07-10T04:21:25Z",
                    "2026-07-10T04:21:55Z",
                    "2026-07-10T04:22:30Z",
                    "2026-07-10T04:22:55Z",
                    "2026-07-10T04:23:23Z",
                    "2026-07-10T04:23:49Z",
                    "2026-07-10T04:24:26Z",
                    "2026-07-10T04:25:45Z",
                    "2026-07-10T04:26:20Z",
                    "2026-07-10T04:27:18Z",
                    "2026-07-10T04:27:58Z",
                    "2026-07-10T04:29:23Z",
                    "2026-07-10T04:29:56Z",
                    "2026-07-10T04:30:26Z",
                    "2026-07-10T04:31:13Z",
                    "2026-07-10T04:31:42Z",
                    "2026-07-10T04:32:10Z",
                    "2026-07-10T04:32:40Z",
                    "2026-07-10T04:33:33Z",
                    "2026-07-10T04:34:04Z",
                    "2026-07-10T04:35:47Z",
                    "2026-07-10T04:36:17Z",
                    "2026-07-10T04:36:58Z",
                    "2026-07-10T04:37:48Z",
                    "2026-07-10T04:38:22Z",
                    "2026-07-10T04:39:05Z",
                    "2026-07-10T04:40:07Z",
                    "2026-07-10T04:41:00Z",
                    "2026-07-10T04:41:39Z",
                    "2026-07-10T04:42:11Z",
                    "2026-07-10T04:43:16Z",
                    "2026-07-10T04:43:46Z",
                    "2026-07-10T04:44:19Z",
                    "2026-07-10T04:45:03Z",
                    "2026-07-10T04:45:35Z",
                    "2026-07-10T04:46:19Z",
                    "2026-07-10T04:47:05Z",
                    "2026-07-10T04:47:33Z",
                    "2026-07-10T04:48:00Z",
                    "2026-07-10T04:48:27Z",
                    "2026-07-10T04:48:57Z",
                    "2026-07-10T04:49:53Z",
                    "2026-07-10T04:50:23Z",
                    "2026-07-10T04:50:50Z",
                    "2026-07-10T04:51:19Z",
                    "2026-07-10T04:51:48Z",
                    "2026-07-10T04:52:27Z",
                    "2026-07-10T04:52:54Z",
                    "2026-07-10T04:53:28Z",
                    "2026-07-10T04:54:00Z",
                    "2026-07-10T04:54:37Z",
                    "2026-07-10T05:13:03Z",
                    "2026-07-10T05:14:55Z",
                    "2026-07-10T05:15:34Z",
                    "2026-07-10T05:16:01Z",
                    "2026-07-10T05:16:29Z",
                    "2026-07-10T05:16:55Z",
                    "2026-07-10T05:17:25Z",
                    "2026-07-10T05:17:56Z",
                    "2026-07-10T05:18:21Z",
                    "2026-07-10T05:18:55Z",
                    "2026-07-10T05:19:21Z",
                    "2026-07-10T05:19:45Z",
                    "2026-07-10T05:20:19Z",
                    "2026-07-10T05:20:51Z",
                    "2026-07-10T05:21:34Z",
                    "2026-07-10T05:22:08Z",
                    "2026-07-10T05:22:37Z",
                    "2026-07-10T05:23:19Z",
                    "2026-07-10T05:23:47Z",
                    "2026-07-10T05:24:17Z",
                    "2026-07-10T05:24:45Z",
                    "2026-07-10T05:25:19Z",
                    "2026-07-10T05:25:45Z",
                    "2026-07-10T05:26:11Z",
                    "2026-07-10T05:26:36Z",
                    "2026-07-10T05:27:05Z",
                    "2026-07-10T05:27:31Z",
                    "2026-07-10T05:28:02Z",
                    "2026-07-10T05:28:27Z",
                    "2026-07-10T05:29:01Z",
                    "2026-07-10T05:29:36Z",
                    "2026-07-10T05:30:13Z",
                    "2026-07-10T05:30:39Z",
                    "2026-07-10T05:31:16Z",
                    "2026-07-10T05:31:47Z",
                    "2026-07-10T05:32:20Z",
                    "2026-07-10T05:32:45Z",
                    "2026-07-10T05:33:11Z",
                    "2026-07-10T05:33:42Z",
                    "2026-07-10T05:34:09Z",
                    "2026-07-10T05:34:34Z",
                    "2026-07-10T05:35:02Z",
                    "2026-07-10T05:35:35Z",
                    "2026-07-10T05:36:01Z",
                    "2026-07-10T05:36:31Z",
                    "2026-07-10T05:37:00Z",
                    "2026-07-10T05:37:31Z",
                    "2026-07-10T05:38:14Z",
                    "2026-07-10T05:38:44Z",
                    "2026-07-10T05:39:24Z",
                    "2026-07-10T05:39:56Z",
                    "2026-07-10T05:40:35Z",
                    "2026-07-10T05:41:13Z",
                    "2026-07-10T05:41:39Z",
                    "2026-07-10T05:42:08Z",
                    "2026-07-10T05:49:21Z",
                    "2026-07-10T05:50:10Z",
                    "2026-07-10T05:50:36Z",
                    "2026-07-10T05:51:04Z",
                    "2026-07-10T05:51:34Z",
                    "2026-07-10T05:52:03Z",
                    "2026-07-10T05:52:36Z",
                    "2026-07-10T05:53:11Z",
                    "2026-07-10T05:53:40Z",
                    "2026-07-10T05:54:07Z",
                    "2026-07-10T05:54:41Z",
                    "2026-07-10T05:55:18Z",
                    "2026-07-10T05:55:46Z",
                    "2026-07-10T05:56:15Z",
                    "2026-07-10T05:56:47Z",
                    "2026-07-10T05:57:13Z",
                    "2026-07-10T05:57:42Z",
                    "2026-07-10T05:58:32Z",
                    "2026-07-10T05:58:58Z",
                    "2026-07-10T05:59:29Z",
                    "2026-07-10T06:00:02Z",
                    "2026-07-10T06:00:31Z",
                    "2026-07-10T06:01:01Z",
                    "2026-07-10T06:01:31Z",
                    "2026-07-10T06:02:03Z",
                    "2026-07-10T06:02:38Z",
                    "2026-07-10T06:03:46Z",
                    "2026-07-10T06:04:22Z",
                    "2026-07-10T06:05:00Z",
                    "2026-07-10T06:05:38Z",
                    "2026-07-10T06:06:32Z",
                    "2026-07-10T06:07:05Z",
                    "2026-07-10T06:07:43Z",
                    "2026-07-10T06:08:49Z",
                    "2026-07-10T06:09:24Z",
                    "2026-07-10T06:10:17Z",
                    "2026-07-10T06:11:06Z",
                    "2026-07-10T06:11:32Z",
                    "2026-07-10T06:12:02Z",
                    "2026-07-10T06:13:16Z",
                    "2026-07-10T06:13:49Z",
                    "2026-07-10T06:14:21Z",
                    "2026-07-10T06:14:58Z",
                    "2026-07-10T06:15:27Z",
                    "2026-07-10T06:16:52Z",
                    "2026-07-10T06:17:18Z",
                    "2026-07-10T06:17:50Z",
                    "2026-07-10T06:18:20Z",
                    "2026-07-10T06:18:50Z",
                    "2026-07-10T06:19:18Z",
                    "2026-07-10T06:19:52Z",
                    "2026-07-10T06:20:27Z",
                    "2026-07-10T06:20:57Z",
                    "2026-07-10T06:21:45Z",
                    "2026-07-10T06:22:30Z",
                    "2026-07-10T06:23:01Z",
                    "2026-07-10T06:24:37Z",
                    "2026-07-10T06:25:06Z",
                    "2026-07-10T06:25:35Z",
                    "2026-07-10T06:26:03Z",
                    "2026-07-10T06:26:29Z",
                    "2026-07-10T06:26:57Z",
                    "2026-07-10T06:28:53Z",
                    "2026-07-10T06:29:25Z",
                    "2026-07-10T06:29:54Z",
                    "2026-07-10T06:30:42Z",
                    "2026-07-10T06:31:10Z",
                    "2026-07-10T06:31:43Z",
                    "2026-07-10T06:32:18Z",
                    "2026-07-10T06:32:53Z",
                    "2026-07-10T06:33:36Z",
                    "2026-07-10T06:34:19Z",
                    "2026-07-10T06:35:03Z",
                    "2026-07-10T06:35:35Z",
                    "2026-07-10T06:36:04Z",
                    "2026-07-10T06:36:35Z",
                    "2026-07-10T06:37:02Z",
                    "2026-07-10T06:37:32Z",
                    "2026-07-10T06:38:03Z",
                    "2026-07-10T06:38:43Z",
                    "2026-07-10T06:39:24Z",
                    "2026-07-10T06:40:04Z",
                    "2026-07-10T06:40:44Z",
                    "2026-07-10T06:41:11Z",
                    "2026-07-10T06:41:38Z",
                    "2026-07-10T06:43:04Z",
                    "2026-07-10T06:44:04Z",
                    "2026-07-10T06:44:31Z",
                    "2026-07-10T06:44:58Z",
                    "2026-07-10T06:46:13Z",
                    "2026-07-10T06:46:45Z",
                    "2026-07-10T06:47:15Z",
                    "2026-07-10T06:47:45Z",
                    "2026-07-10T06:48:13Z",
                    "2026-07-10T06:48:39Z",
                    "2026-07-10T06:49:08Z",
                    "2026-07-10T06:49:35Z",
                    "2026-07-10T06:50:07Z",
                    "2026-07-10T06:50:37Z",
                    "2026-07-10T06:51:08Z",
                    "2026-07-10T06:51:35Z",
                    "2026-07-10T06:52:02Z",
                    "2026-07-10T06:52:28Z",
                    "2026-07-10T06:52:58Z",
                    "2026-07-10T06:53:32Z",
                    "2026-07-10T06:54:03Z",
                    "2026-07-10T06:54:33Z",
                    "2026-07-10T06:55:12Z",
                    "2026-07-10T06:55:46Z",
                    "2026-07-10T06:56:19Z",
                    "2026-07-10T06:56:57Z",
                    "2026-07-10T06:57:35Z",
                    "2026-07-10T06:58:41Z",
                    "2026-07-10T06:59:19Z",
                    "2026-07-10T07:00:38Z",
                    "2026-07-10T07:01:23Z",
                    "2026-07-10T07:02:11Z",
                    "2026-07-10T07:03:00Z",
                    "2026-07-10T07:03:33Z",
                    "2026-07-10T07:04:03Z",
                    "2026-07-10T07:04:32Z",
                    "2026-07-10T07:05:07Z",
                    "2026-07-10T07:05:36Z",
                    "2026-07-10T07:06:01Z",
                    "2026-07-10T07:06:33Z",
                    "2026-07-10T07:07:20Z",
                    "2026-07-10T07:07:53Z",
                    "2026-07-10T07:08:23Z",
                    "2026-07-10T07:08:53Z",
                    "2026-07-10T07:09:17Z",
                    "2026-07-10T07:09:49Z",
                    "2026-07-10T07:10:39Z",
                    "2026-07-10T07:11:13Z",
                    "2026-07-10T07:11:43Z",
                    "2026-07-10T07:12:13Z",
                    "2026-07-10T07:12:52Z",
                    "2026-07-10T07:13:25Z",
                    "2026-07-10T07:13:53Z",
                    "2026-07-10T07:14:19Z",
                    "2026-07-10T07:14:47Z",
                    "2026-07-10T07:15:16Z",
                    "2026-07-10T07:15:41Z",
                    "2026-07-10T07:16:10Z",
                    "2026-07-10T07:16:37Z",
                    "2026-07-10T07:17:27Z",
                    "2026-07-10T07:17:55Z",
                    "2026-07-10T07:18:23Z",
                    "2026-07-10T07:19:02Z",
                    "2026-07-10T07:19:34Z",
                    "2026-07-10T07:20:03Z",
                    "2026-07-10T07:20:36Z",
                    "2026-07-10T07:21:06Z",
                    "2026-07-10T07:21:35Z",
                    "2026-07-10T07:22:06Z",
                    "2026-07-10T07:22:46Z",
                    "2026-07-10T07:23:17Z",
                    "2026-07-10T07:23:48Z",
                    "2026-07-10T07:24:18Z",
                    "2026-07-10T07:24:49Z",
                    "2026-07-10T07:25:32Z",
                    "2026-07-10T07:27:25Z",
                    "2026-07-10T07:27:51Z",
                    "2026-07-10T07:28:18Z",
                    "2026-07-10T07:28:54Z",
                    "2026-07-10T07:29:23Z",
                    "2026-07-10T07:29:56Z",
                    "2026-07-10T07:30:36Z",
                    "2026-07-10T07:31:21Z",
                    "2026-07-10T07:31:58Z",
                    "2026-07-10T07:32:23Z",
                    "2026-07-10T07:32:55Z",
                    "2026-07-10T07:33:24Z",
                    "2026-07-10T07:33:51Z",
                    "2026-07-10T07:34:27Z",
                    "2026-07-10T07:35:02Z",
                    "2026-07-10T07:35:30Z",
                    "2026-07-10T07:35:58Z",
                    "2026-07-10T07:36:29Z",
                    "2026-07-10T07:37:08Z",
                    "2026-07-10T07:37:39Z",
                    "2026-07-10T07:38:17Z",
                    "2026-07-10T07:38:51Z",
                    "2026-07-10T07:39:25Z",
                    "2026-07-10T07:39:54Z",
                    "2026-07-10T07:40:37Z",
                    "2026-07-10T07:41:28Z",
                    "2026-07-10T07:42:07Z",
                    "2026-07-10T07:42:53Z",
                    "2026-07-10T07:43:18Z",
                    "2026-07-10T07:43:45Z",
                    "2026-07-10T07:44:13Z",
                    "2026-07-10T07:44:41Z"
                ]
            },
            "geometry": {
                "type": "LineString",
                "coordinates": [
                    [
                        138.73142602768974,
                        36.76250805234525,
                        1893
                    ],
                    [
                        138.7312610601251,
                        36.76256137430899,
                        1897
                    ],
                    [
                        138.73108815010875,
                        36.762507788089266,
                        1900
                    ],
                    [
                        138.73088847995774,
                        36.76246010345466,
                        1908
                    ],
                    [
                        138.73073537756858,
                        36.76245276180975,
                        1913
                    ],
                    [
                        138.730499848608,
                        36.76240593389885,
                        1917
                    ],
                    [
                        138.7303066791747,
                        36.76231143249858,
                        1922
                    ],
                    [
                        138.73014254549736,
                        36.76233481595124,
                        1930
                    ],
                    [
                        138.7299812589703,
                        36.76229893414251,
                        1935
                    ],
                    [
                        138.72974224285335,
                        36.76228532636487,
                        1943
                    ],
                    [
                        138.72958821778462,
                        36.762298213261644,
                        1948
                    ],
                    [
                        138.72939733997438,
                        36.762336069381675,
                        1952
                    ],
                    [
                        138.72918575533893,
                        36.76239784298919,
                        1961
                    ],
                    [
                        138.72899838480424,
                        36.7625108509184,
                        1967
                    ],
                    [
                        138.72878625892116,
                        36.76257631585217,
                        1970
                    ],
                    [
                        138.72861135290546,
                        36.76261903588663,
                        1976
                    ],
                    [
                        138.72846079938984,
                        36.762767421530896,
                        1982
                    ],
                    [
                        138.72830097506838,
                        36.762825572787364,
                        1985
                    ],
                    [
                        138.7281432585441,
                        36.76296905860139,
                        1994
                    ],
                    [
                        138.7280563072501,
                        36.76311111473053,
                        2000
                    ],
                    [
                        138.72797203479067,
                        36.763230262389946,
                        2006
                    ],
                    [
                        138.72786950573285,
                        36.763345684384554,
                        2015
                    ],
                    [
                        138.72775747220862,
                        36.763452858290485,
                        2023
                    ],
                    [
                        138.7277203552473,
                        36.76359867570944,
                        2035
                    ],
                    [
                        138.72763526792954,
                        36.763662010150114,
                        2040
                    ],
                    [
                        138.72754377012075,
                        36.76375949958263,
                        2047
                    ],
                    [
                        138.7274679251772,
                        36.76383097852921,
                        2053
                    ],
                    [
                        138.7274048490867,
                        36.76396413673739,
                        2060
                    ],
                    [
                        138.72729169721424,
                        36.7640688254482,
                        2068
                    ],
                    [
                        138.72721080490484,
                        36.76413747380881,
                        2071
                    ],
                    [
                        138.72695685093652,
                        36.76411500869763,
                        2074
                    ],
                    [
                        138.72674605301142,
                        36.763999327960654,
                        2071
                    ],
                    [
                        138.72643018069942,
                        36.76390505165145,
                        2066
                    ],
                    [
                        138.72623665490187,
                        36.76373020595048,
                        2065
                    ],
                    [
                        138.7261123475005,
                        36.763559539090416,
                        2065
                    ],
                    [
                        138.72609052456394,
                        36.76336500598478,
                        2064
                    ],
                    [
                        138.72597107501835,
                        36.76315879077299,
                        2066
                    ],
                    [
                        138.7257742330566,
                        36.762909154934334,
                        2065
                    ],
                    [
                        138.72553638904586,
                        36.76287481310223,
                        2067
                    ],
                    [
                        138.7253965041948,
                        36.76278879008987,
                        2069
                    ],
                    [
                        138.72519094983312,
                        36.7626235147464,
                        2072
                    ],
                    [
                        138.7251254899499,
                        36.762539130635815,
                        2074
                    ],
                    [
                        138.72494675661224,
                        36.762420295860196,
                        2082
                    ],
                    [
                        138.72480117127878,
                        36.76233237724845,
                        2089
                    ],
                    [
                        138.72465804647422,
                        36.76217714378931,
                        2094
                    ],
                    [
                        138.7245587482803,
                        36.762107751842954,
                        2098
                    ],
                    [
                        138.72437522700045,
                        36.76198249126128,
                        2104
                    ],
                    [
                        138.72421160441914,
                        36.761917232911365,
                        2106
                    ],
                    [
                        138.72404671547784,
                        36.761847123253304,
                        2108
                    ],
                    [
                        138.72388145554245,
                        36.76179070230618,
                        2108
                    ],
                    [
                        138.72368614998845,
                        36.761667904905096,
                        2104
                    ],
                    [
                        138.72352354377762,
                        36.761424895957376,
                        2098
                    ],
                    [
                        138.72327612416538,
                        36.761279309155064,
                        2098
                    ],
                    [
                        138.72315227703038,
                        36.761216285430926,
                        2101
                    ],
                    [
                        138.7230617716995,
                        36.76109741144536,
                        2106
                    ],
                    [
                        138.72297777496803,
                        36.760969708793375,
                        2111
                    ],
                    [
                        138.72282627929874,
                        36.76085020661315,
                        2115
                    ],
                    [
                        138.72277784493195,
                        36.760665347517936,
                        2119
                    ],
                    [
                        138.72267581765615,
                        36.76043417504884,
                        2123
                    ],
                    [
                        138.72258218159254,
                        36.7602153102278,
                        2122
                    ],
                    [
                        138.72249644158194,
                        36.75997473855854,
                        2118
                    ],
                    [
                        138.7223145435042,
                        36.75975549610524,
                        2113
                    ],
                    [
                        138.72209054737985,
                        36.75958557070479,
                        2108
                    ],
                    [
                        138.72192149387487,
                        36.75938809930098,
                        2103
                    ],
                    [
                        138.72157676434492,
                        36.75932510422531,
                        2103
                    ],
                    [
                        138.72136764070558,
                        36.7592383514729,
                        2104
                    ],
                    [
                        138.7213305489507,
                        36.759094447403506,
                        2101
                    ],
                    [
                        138.72140516273174,
                        36.758912195674775,
                        2095
                    ],
                    [
                        138.72147896528512,
                        36.75878402356262,
                        2089
                    ],
                    [
                        138.72155318068621,
                        36.75867566916202,
                        2081
                    ],
                    [
                        138.72149225201488,
                        36.75849093755644,
                        2079
                    ],
                    [
                        138.72152203009855,
                        36.75829386828944,
                        2076
                    ],
                    [
                        138.72154448810986,
                        36.758156159639555,
                        2074
                    ],
                    [
                        138.72152557298233,
                        36.75800470800064,
                        2070
                    ],
                    [
                        138.7216452293633,
                        36.75779732474774,
                        2068
                    ],
                    [
                        138.72167274656627,
                        36.75770536229763,
                        2060
                    ],
                    [
                        138.72169669393793,
                        36.75751414910404,
                        2056
                    ],
                    [
                        138.7217303781857,
                        36.75742530908765,
                        2047
                    ],
                    [
                        138.72166680814843,
                        36.75725259221356,
                        2041
                    ],
                    [
                        138.72161551732023,
                        36.75711612752193,
                        2034
                    ],
                    [
                        138.72152425779433,
                        36.756896972116195,
                        2029
                    ],
                    [
                        138.72137299506133,
                        36.756679060665334,
                        2024
                    ],
                    [
                        138.7213193578449,
                        36.7564304929073,
                        2021
                    ],
                    [
                        138.72137488931833,
                        36.75615198125331,
                        2019
                    ],
                    [
                        138.72129794187262,
                        36.75597325292362,
                        2023
                    ],
                    [
                        138.72128814413853,
                        36.75579196788999,
                        2030
                    ],
                    [
                        138.7213280539148,
                        36.755653543692425,
                        2037
                    ],
                    [
                        138.7212252592529,
                        36.75552574600103,
                        2046
                    ],
                    [
                        138.7211339010451,
                        36.75540688869277,
                        2054
                    ],
                    [
                        138.7209864661476,
                        36.75528100902972,
                        2062
                    ],
                    [
                        138.72083632748706,
                        36.75515668934485,
                        2069
                    ],
                    [
                        138.7207260635132,
                        36.75504450342644,
                        2078
                    ],
                    [
                        138.72062896873803,
                        36.75487011651924,
                        2082
                    ],
                    [
                        138.72060574461574,
                        36.75468393685084,
                        2084
                    ],
                    [
                        138.72078521134455,
                        36.75457505040638,
                        2085
                    ],
                    [
                        138.72108050558893,
                        36.75451423280289,
                        2083
                    ],
                    [
                        138.7213156439352,
                        36.7544400142388,
                        2079
                    ],
                    [
                        138.7215210326334,
                        36.75432425111779,
                        2074
                    ],
                    [
                        138.72168138771713,
                        36.754205686814096,
                        2064
                    ],
                    [
                        138.72184893690596,
                        36.75402777912173,
                        2060
                    ],
                    [
                        138.72188556162084,
                        36.75384598703219,
                        2059
                    ],
                    [
                        138.72198241434347,
                        36.753626751054405,
                        2053
                    ],
                    [
                        138.72198221390664,
                        36.75348204518297,
                        2048
                    ],
                    [
                        138.72204660820418,
                        36.753286825777906,
                        2039
                    ],
                    [
                        138.72213023109242,
                        36.753167425469954,
                        2031
                    ],
                    [
                        138.7221349390999,
                        36.75297460207583,
                        2021
                    ],
                    [
                        138.72215328492052,
                        36.75273376799921,
                        2012
                    ],
                    [
                        138.72216767538777,
                        36.75253646004851,
                        2008
                    ],
                    [
                        138.72215839832973,
                        36.75229733869065,
                        2009
                    ],
                    [
                        138.7220385380736,
                        36.75207070590762,
                        2008
                    ],
                    [
                        138.72191034352696,
                        36.75179542720898,
                        2010
                    ],
                    [
                        138.72188578852032,
                        36.75156260057332,
                        2006
                    ],
                    [
                        138.72193845632773,
                        36.75131196090327,
                        2002
                    ],
                    [
                        138.721896353521,
                        36.75107136456282,
                        1994
                    ],
                    [
                        138.72186785976047,
                        36.750874958945836,
                        1985
                    ],
                    [
                        138.72185663025041,
                        36.75069215956872,
                        1979
                    ],
                    [
                        138.72184256740107,
                        36.7504416532172,
                        1971
                    ],
                    [
                        138.72194283020966,
                        36.75019964563893,
                        1968
                    ],
                    [
                        138.72185754459312,
                        36.74989320080913,
                        1961
                    ],
                    [
                        138.72180156732705,
                        36.749714706402436,
                        1960
                    ],
                    [
                        138.72162425646218,
                        36.74958752516282,
                        1955
                    ],
                    [
                        138.72144439705454,
                        36.7493831735047,
                        1949
                    ],
                    [
                        138.72128021178904,
                        36.74919865458107,
                        1949
                    ],
                    [
                        138.72104319712497,
                        36.7491454960058,
                        1953
                    ],
                    [
                        138.72087845218678,
                        36.749082618827956,
                        1956
                    ],
                    [
                        138.72071701040895,
                        36.74896334936929,
                        1958
                    ],
                    [
                        138.72050309140013,
                        36.748881314101105,
                        1957
                    ],
                    [
                        138.72032258261802,
                        36.74877611754157,
                        1954
                    ],
                    [
                        138.72013102798087,
                        36.748650324482774,
                        1953
                    ],
                    [
                        138.72000051926094,
                        36.74847722490296,
                        1947
                    ],
                    [
                        138.71981933253346,
                        36.74828237722448,
                        1944
                    ],
                    [
                        138.7197866099047,
                        36.74806272788884,
                        1942
                    ],
                    [
                        138.71963931478157,
                        36.74779340407892,
                        1941
                    ],
                    [
                        138.719428546297,
                        36.74758825427534,
                        1941
                    ],
                    [
                        138.7192572983761,
                        36.74739069251013,
                        1942
                    ],
                    [
                        138.71902823043877,
                        36.74723701044749,
                        1944
                    ],
                    [
                        138.71881426968318,
                        36.74713480854967,
                        1946
                    ],
                    [
                        138.7186772007172,
                        36.746952502922454,
                        1948
                    ],
                    [
                        138.7185784043111,
                        36.74677752471977,
                        1953
                    ],
                    [
                        138.7185480671079,
                        36.74659082459226,
                        1956
                    ],
                    [
                        138.7185056534927,
                        36.74645527287703,
                        1961
                    ],
                    [
                        138.71854446217236,
                        36.74628796687519,
                        1967
                    ],
                    [
                        138.7183642794414,
                        36.74619314515089,
                        1970
                    ],
                    [
                        138.71827081799714,
                        36.74613617273738,
                        1970
                    ],
                    [
                        138.71810766590164,
                        36.74614455568729,
                        1971
                    ],
                    [
                        138.71781326614254,
                        36.746196282226116,
                        1974
                    ],
                    [
                        138.71753177878435,
                        36.74627514669727,
                        1975
                    ],
                    [
                        138.7172903702119,
                        36.74627245524831,
                        1981
                    ],
                    [
                        138.71697942494586,
                        36.74618366662212,
                        1980
                    ],
                    [
                        138.71669643214818,
                        36.746091575550736,
                        1977
                    ],
                    [
                        138.7165205602201,
                        36.74603641484953,
                        1978
                    ],
                    [
                        138.71626106363559,
                        36.74590743696226,
                        1979
                    ],
                    [
                        138.7159912487328,
                        36.74582384932111,
                        1981
                    ],
                    [
                        138.7158102527151,
                        36.74581173160974,
                        1983
                    ],
                    [
                        138.7156858995559,
                        36.745663364,
                        1980
                    ],
                    [
                        138.71565524371118,
                        36.745491236275676,
                        1973
                    ],
                    [
                        138.71548839191908,
                        36.74529436164351,
                        1969
                    ],
                    [
                        138.71538370182859,
                        36.745067032775786,
                        1965
                    ],
                    [
                        138.71533091326222,
                        36.74482691957089,
                        1960
                    ],
                    [
                        138.71523322833463,
                        36.74459912153285,
                        1953
                    ],
                    [
                        138.7152558081598,
                        36.74441636796782,
                        1949
                    ],
                    [
                        138.7150615168233,
                        36.74423894468624,
                        1943
                    ],
                    [
                        138.71490608273672,
                        36.74409018291274,
                        1936
                    ],
                    [
                        138.71477651955746,
                        36.74386989571279,
                        1936
                    ],
                    [
                        138.71457234777282,
                        36.7436894779632,
                        1940
                    ],
                    [
                        138.7143996392051,
                        36.74356069707825,
                        1941
                    ],
                    [
                        138.71429655899826,
                        36.743374619837454,
                        1940
                    ],
                    [
                        138.714236112838,
                        36.743142572822755,
                        1937
                    ],
                    [
                        138.7141876950438,
                        36.742947412280515,
                        1938
                    ],
                    [
                        138.71416061904543,
                        36.74275605209946,
                        1943
                    ],
                    [
                        138.71421462803303,
                        36.74262041662907,
                        1944
                    ],
                    [
                        138.71428866812093,
                        36.74244184499161,
                        1951
                    ],
                    [
                        138.7144066101872,
                        36.74228648649505,
                        1951
                    ],
                    [
                        138.71439031518122,
                        36.742191057116806,
                        1947
                    ],
                    [
                        138.71431572242005,
                        36.742005116229144,
                        1941
                    ],
                    [
                        138.7141608207725,
                        36.74186516172547,
                        1937
                    ],
                    [
                        138.71407946710485,
                        36.74162888322922,
                        1936
                    ],
                    [
                        138.7141057853978,
                        36.741392095635874,
                        1939
                    ],
                    [
                        138.7139758862642,
                        36.74123289382898,
                        1943
                    ],
                    [
                        138.71394924034772,
                        36.74105458144123,
                        1947
                    ],
                    [
                        138.71391644121607,
                        36.74087189311975,
                        1951
                    ],
                    [
                        138.71382370753545,
                        36.74069360850694,
                        1955
                    ],
                    [
                        138.71370959265894,
                        36.74058455144945,
                        1960
                    ],
                    [
                        138.71362544172584,
                        36.740453656620666,
                        1965
                    ],
                    [
                        138.7134730416518,
                        36.74026411330187,
                        1974
                    ],
                    [
                        138.7133909912324,
                        36.740091931602635,
                        1979
                    ],
                    [
                        138.71333000727824,
                        36.73996257481204,
                        1987
                    ],
                    [
                        138.71328013784338,
                        36.73988044691862,
                        1992
                    ],
                    [
                        138.71319998446953,
                        36.73980876369022,
                        2001
                    ],
                    [
                        138.71314944956987,
                        36.73972146947065,
                        2007
                    ],
                    [
                        138.71313868898616,
                        36.739623098995764,
                        2012
                    ],
                    [
                        138.71317133100504,
                        36.739527165843285,
                        2017
                    ],
                    [
                        138.71314339057582,
                        36.739385508967736,
                        2022
                    ],
                    [
                        138.71310080581824,
                        36.739252710627404,
                        2028
                    ],
                    [
                        138.7130633751713,
                        36.73911600166711,
                        2034
                    ],
                    [
                        138.7130198729303,
                        36.73902475595929,
                        2035
                    ],
                    [
                        138.7127158275437,
                        36.73889606530263,
                        2029
                    ],
                    [
                        138.71246853368885,
                        36.7388462494945,
                        2021
                    ],
                    [
                        138.71214896626745,
                        36.738769337552,
                        2015
                    ],
                    [
                        138.7119131951625,
                        36.73872881484942,
                        2015
                    ],
                    [
                        138.7115503665148,
                        36.73878776476929,
                        2012
                    ],
                    [
                        138.71120020266966,
                        36.73881388412128,
                        2011
                    ],
                    [
                        138.710900140761,
                        36.7388797266517,
                        2003
                    ],
                    [
                        138.71066637005683,
                        36.738850387196464,
                        1996
                    ],
                    [
                        138.71038459441235,
                        36.73875379209471,
                        1989
                    ],
                    [
                        138.7100969909004,
                        36.73865419862453,
                        1982
                    ],
                    [
                        138.7098514885276,
                        36.73851661490551,
                        1977
                    ],
                    [
                        138.7096659167594,
                        36.73832139772048,
                        1971
                    ],
                    [
                        138.7094630650088,
                        36.73813209980649,
                        1966
                    ],
                    [
                        138.7093364411887,
                        36.73803015435676,
                        1971
                    ],
                    [
                        138.70919296440195,
                        36.73788318016918,
                        1974
                    ],
                    [
                        138.7089969910441,
                        36.737778634444304,
                        1981
                    ],
                    [
                        138.70879162088036,
                        36.73772344077138,
                        1985
                    ],
                    [
                        138.7086064874981,
                        36.73772225582187,
                        1993
                    ],
                    [
                        138.7084921150978,
                        36.737717963310374,
                        1996
                    ],
                    [
                        138.70834086386967,
                        36.73766226132498,
                        2007
                    ],
                    [
                        138.70818445883415,
                        36.737612444717755,
                        2011
                    ],
                    [
                        138.70787995074465,
                        36.73756582617785,
                        2015
                    ],
                    [
                        138.70764288003738,
                        36.73752897124507,
                        2019
                    ],
                    [
                        138.7074188873767,
                        36.73751727785612,
                        2024
                    ],
                    [
                        138.70730348930763,
                        36.73749753043075,
                        2024
                    ],
                    [
                        138.70706897055615,
                        36.73735639813721,
                        2019
                    ],
                    [
                        138.70670996161988,
                        36.73730442564598,
                        2015
                    ],
                    [
                        138.7063526449063,
                        36.73716221307132,
                        2012
                    ],
                    [
                        138.7061881853317,
                        36.73710849026692,
                        2013
                    ],
                    [
                        138.70595512857403,
                        36.73695140171696,
                        2016
                    ],
                    [
                        138.70582840604519,
                        36.73682239648637,
                        2019
                    ],
                    [
                        138.70571262013726,
                        36.73681098568889,
                        2019
                    ],
                    [
                        138.70540158087096,
                        36.736769652906275,
                        2014
                    ],
                    [
                        138.70508475962563,
                        36.73665026397231,
                        2008
                    ],
                    [
                        138.70479399909058,
                        36.73658132965875,
                        2004
                    ],
                    [
                        138.70462010935117,
                        36.73661154699669,
                        2012
                    ],
                    [
                        138.70439682817883,
                        36.73666765456621,
                        2019
                    ],
                    [
                        138.7042313969362,
                        36.7367169606921,
                        2025
                    ],
                    [
                        138.7040588266024,
                        36.73674200495317,
                        2031
                    ],
                    [
                        138.70387762029137,
                        36.73672950735229,
                        2037
                    ],
                    [
                        138.7036050311064,
                        36.73665612811651,
                        2042
                    ],
                    [
                        138.70347541567148,
                        36.73656842447226,
                        2047
                    ],
                    [
                        138.70338870276987,
                        36.736387132468394,
                        2049
                    ],
                    [
                        138.70311081738464,
                        36.73645838607002,
                        2048
                    ],
                    [
                        138.70278157247154,
                        36.73661145740906,
                        2045
                    ],
                    [
                        138.70255920750662,
                        36.736772762702614,
                        2047
                    ],
                    [
                        138.70237948162526,
                        36.736897544981396,
                        2052
                    ],
                    [
                        138.70222854704983,
                        36.736966974766815,
                        2058
                    ],
                    [
                        138.70213818638643,
                        36.73703197025849,
                        2061
                    ],
                    [
                        138.70193446528657,
                        36.737131214821666,
                        2068
                    ],
                    [
                        138.70164213918122,
                        36.73712490692153,
                        2073
                    ],
                    [
                        138.70135450930073,
                        36.737188319653654,
                        2075
                    ],
                    [
                        138.7009815470494,
                        36.737167464272375,
                        2071
                    ],
                    [
                        138.70064581233365,
                        36.73714337786986,
                        2066
                    ],
                    [
                        138.70027900337078,
                        36.73716099296788,
                        2065
                    ],
                    [
                        138.70000184780193,
                        36.73723373637843,
                        2066
                    ],
                    [
                        138.69970962958843,
                        36.73729287536381,
                        2070
                    ],
                    [
                        138.69958871979142,
                        36.73725794945683,
                        2071
                    ],
                    [
                        138.6994262969765,
                        36.73731200745845,
                        2078
                    ],
                    [
                        138.6991803443942,
                        36.737342348877476,
                        2085
                    ],
                    [
                        138.69899848026316,
                        36.73732046223315,
                        2090
                    ],
                    [
                        138.6987520199769,
                        36.73730095088887,
                        2094
                    ],
                    [
                        138.6985408306815,
                        36.73735773254822,
                        2097
                    ],
                    [
                        138.69830979425777,
                        36.73740610541491,
                        2095
                    ],
                    [
                        138.69800914367835,
                        36.73747299928652,
                        2092
                    ],
                    [
                        138.69773117724162,
                        36.73754219015753,
                        2091
                    ],
                    [
                        138.6975193975118,
                        36.737642402715224,
                        2093
                    ],
                    [
                        138.69735586877727,
                        36.737708562560826,
                        2095
                    ],
                    [
                        138.69713765334728,
                        36.737852013456944,
                        2099
                    ],
                    [
                        138.6969707037953,
                        36.73805080561016,
                        2103
                    ],
                    [
                        138.69676083187497,
                        36.73815173293362,
                        2105
                    ],
                    [
                        138.69645197438933,
                        36.73818466782837,
                        2104
                    ],
                    [
                        138.6963018705381,
                        36.7383233349859,
                        2112
                    ],
                    [
                        138.6960269475323,
                        36.73841987304866,
                        2114
                    ],
                    [
                        138.6958966097603,
                        36.73849539196011,
                        2118
                    ],
                    [
                        138.69578535037888,
                        36.73860703412889,
                        2124
                    ],
                    [
                        138.6956801575467,
                        36.73855467829714,
                        2124
                    ],
                    [
                        138.69545432017426,
                        36.73856565902012,
                        2126
                    ],
                    [
                        138.6952118518829,
                        36.738550234341105,
                        2128
                    ],
                    [
                        138.69502752923896,
                        36.73853441696141,
                        2135
                    ],
                    [
                        138.69486135459826,
                        36.73847452632271,
                        2137
                    ],
                    [
                        138.69469780170846,
                        36.738416982149914,
                        2138
                    ],
                    [
                        138.6944865675402,
                        36.73833168913458,
                        2134
                    ],
                    [
                        138.69417223628915,
                        36.73830001033835,
                        2133
                    ],
                    [
                        138.69390129703328,
                        36.73821905766414,
                        2131
                    ],
                    [
                        138.69360997516492,
                        36.738143044890364,
                        2139
                    ],
                    [
                        138.6934568455364,
                        36.738011442054635,
                        2136
                    ],
                    [
                        138.69321702608465,
                        36.737997871134816,
                        2132
                    ],
                    [
                        138.6930511405661,
                        36.737946383848,
                        2129
                    ],
                    [
                        138.69283993144057,
                        36.73785888102932,
                        2126
                    ],
                    [
                        138.69265486753173,
                        36.737819330262,
                        2125
                    ],
                    [
                        138.69240552102679,
                        36.737782510748595,
                        2122
                    ],
                    [
                        138.69225025309495,
                        36.737706247611015,
                        2119
                    ],
                    [
                        138.69204363106326,
                        36.73761215744687,
                        2120
                    ],
                    [
                        138.691844044621,
                        36.737538361525026,
                        2116
                    ],
                    [
                        138.69167140855797,
                        36.73751359063824,
                        2114
                    ],
                    [
                        138.69142937497537,
                        36.73753258010696,
                        2111
                    ],
                    [
                        138.69125490618413,
                        36.73750329973878,
                        2107
                    ],
                    [
                        138.69104117536625,
                        36.73755897139021,
                        2105
                    ],
                    [
                        138.6908567978306,
                        36.737682267368356,
                        2104
                    ],
                    [
                        138.6906404588549,
                        36.73775240108936,
                        2099
                    ],
                    [
                        138.69048288106757,
                        36.73768227235707,
                        2091
                    ],
                    [
                        138.69036902175233,
                        36.73766088588428,
                        2085
                    ],
                    [
                        138.69020243108193,
                        36.73762979268573,
                        2077
                    ],
                    [
                        138.689990070653,
                        36.73757838533464,
                        2064
                    ],
                    [
                        138.6898303088858,
                        36.737513501108644,
                        2055
                    ],
                    [
                        138.68956363120168,
                        36.737430420035885,
                        2043
                    ],
                    [
                        138.68932187241904,
                        36.737413827578514,
                        2037
                    ],
                    [
                        138.68914688407185,
                        36.73741949138007,
                        2034
                    ],
                    [
                        138.68906182372072,
                        36.73735532682719,
                        2030
                    ],
                    [
                        138.68882228956818,
                        36.73729650748837,
                        2022
                    ],
                    [
                        138.68864215460613,
                        36.737260412478065,
                        2018
                    ],
                    [
                        138.68842459815218,
                        36.73719893311359,
                        2012
                    ],
                    [
                        138.68828493278912,
                        36.73711881082114,
                        2005
                    ],
                    [
                        138.6881535404756,
                        36.73705372289567,
                        1997
                    ],
                    [
                        138.68793814176803,
                        36.7370218833463,
                        1992
                    ],
                    [
                        138.6876472500434,
                        36.73697100926126,
                        1989
                    ],
                    [
                        138.68740918643437,
                        36.736914971578244,
                        1984
                    ],
                    [
                        138.68715163830456,
                        36.736821573165074,
                        1977
                    ],
                    [
                        138.6869260054936,
                        36.73676093820997,
                        1972
                    ],
                    [
                        138.68673405438054,
                        36.73665619739973,
                        1968
                    ],
                    [
                        138.68649859108666,
                        36.73662754920838,
                        1967
                    ],
                    [
                        138.6862664279958,
                        36.736576211132515,
                        1962
                    ],
                    [
                        138.686021601007,
                        36.73644987944043,
                        1961
                    ],
                    [
                        138.685805410258,
                        36.736386726960646,
                        1965
                    ],
                    [
                        138.68545851001574,
                        36.73640620680252,
                        1965
                    ],
                    [
                        138.68519147096418,
                        36.7365029456295,
                        1968
                    ],
                    [
                        138.68502381047372,
                        36.7365437229292,
                        1971
                    ],
                    [
                        138.684789237247,
                        36.736554403560795,
                        1975
                    ],
                    [
                        138.6846451121308,
                        36.73642926855603,
                        1981
                    ],
                    [
                        138.6844884942757,
                        36.736293108914055,
                        1982
                    ],
                    [
                        138.68426939397054,
                        36.736212847859555,
                        1984
                    ],
                    [
                        138.68423347315488,
                        36.73607352574209,
                        1990
                    ],
                    [
                        138.68419754989802,
                        36.73588973241321,
                        1994
                    ],
                    [
                        138.6841032300402,
                        36.73576678304154,
                        2001
                    ],
                    [
                        138.6840179229046,
                        36.735644586518006,
                        2007
                    ],
                    [
                        138.68389269049973,
                        36.73553701420008,
                        2011
                    ],
                    [
                        138.68367330494436,
                        36.73543474824658,
                        2011
                    ],
                    [
                        138.68335543618994,
                        36.73535646836489,
                        2007
                    ],
                    [
                        138.68304955092563,
                        36.73535784689384,
                        2006
                    ],
                    [
                        138.68277538520405,
                        36.735288088445714,
                        2005
                    ],
                    [
                        138.6826098498315,
                        36.73528839965334,
                        2009
                    ],
                    [
                        138.6823910866536,
                        36.735221737071605,
                        2013
                    ],
                    [
                        138.68221214069413,
                        36.735209355135645,
                        2020
                    ],
                    [
                        138.6820414844444,
                        36.73516387677318,
                        2027
                    ],
                    [
                        138.68188623790968,
                        36.73511769201718,
                        2037
                    ],
                    [
                        138.68177468914308,
                        36.73495011508375,
                        2042
                    ],
                    [
                        138.68175810566262,
                        36.734757327684314,
                        2042
                    ],
                    [
                        138.68169063661713,
                        36.734633875219444,
                        2036
                    ],
                    [
                        138.68144375490044,
                        36.73449839240137,
                        2032
                    ],
                    [
                        138.6812040021677,
                        36.73434901152993,
                        2028
                    ],
                    [
                        138.68102098360202,
                        36.73416134308303,
                        2026
                    ],
                    [
                        138.6808126425655,
                        36.73398722662094,
                        2025
                    ],
                    [
                        138.68063449643444,
                        36.733865032661285,
                        2022
                    ],
                    [
                        138.68047616115965,
                        36.7337535488752,
                        2016
                    ],
                    [
                        138.68039747604857,
                        36.73358199909428,
                        2011
                    ],
                    [
                        138.68019449568837,
                        36.73340109338053,
                        2010
                    ],
                    [
                        138.6800135493514,
                        36.733274646430516,
                        2015
                    ],
                    [
                        138.67982106764225,
                        36.733168905351306,
                        2016
                    ],
                    [
                        138.6795578930618,
                        36.733054962894755,
                        2015
                    ],
                    [
                        138.6793372013809,
                        36.73297994410412,
                        2011
                    ],
                    [
                        138.6791046505603,
                        36.732928155547576,
                        2007
                    ],
                    [
                        138.67888915557995,
                        36.7328501077517,
                        2004
                    ],
                    [
                        138.67869796936782,
                        36.732667048536015,
                        2001
                    ],
                    [
                        138.678614896726,
                        36.73248955989651,
                        2001
                    ],
                    [
                        138.67831317822805,
                        36.73233533833219,
                        1999
                    ],
                    [
                        138.6781731966619,
                        36.73223550527222,
                        1994
                    ],
                    [
                        138.67783216821465,
                        36.73220457663563,
                        1991
                    ],
                    [
                        138.67761749286313,
                        36.73209034782857,
                        1990
                    ],
                    [
                        138.6774329773745,
                        36.73198511472696,
                        1997
                    ],
                    [
                        138.67731534102518,
                        36.73188027919711,
                        2004
                    ],
                    [
                        138.67726888853363,
                        36.7316626500813,
                        2010
                    ],
                    [
                        138.67710671301663,
                        36.731556220124205,
                        2019
                    ],
                    [
                        138.6770508953664,
                        36.7314307134854,
                        2021
                    ],
                    [
                        138.67692809833505,
                        36.731271422813734,
                        2025
                    ],
                    [
                        138.67678839215617,
                        36.731003012193504,
                        2024
                    ],
                    [
                        138.67663590301595,
                        36.730924811330055,
                        2029
                    ],
                    [
                        138.67648953211096,
                        36.730841542156334,
                        2035
                    ],
                    [
                        138.67632337875182,
                        36.73081114455377,
                        2043
                    ],
                    [
                        138.6759854746241,
                        36.7307715880795,
                        2048
                    ],
                    [
                        138.67582795105696,
                        36.730980654687585,
                        2048
                    ],
                    [
                        138.67557210356998,
                        36.731100681997276,
                        2051
                    ],
                    [
                        138.67540872775348,
                        36.731117603210684,
                        2049
                    ],
                    [
                        138.67512754178654,
                        36.731195814590265,
                        2047
                    ],
                    [
                        138.67501174549403,
                        36.73106020369507,
                        2042
                    ],
                    [
                        138.67484170164025,
                        36.73106419486419,
                        2035
                    ],
                    [
                        138.67464568741406,
                        36.73114159488204,
                        2026
                    ],
                    [
                        138.67436283447023,
                        36.731121834170594,
                        2018
                    ],
                    [
                        138.6740615263925,
                        36.73109676159133,
                        2015
                    ],
                    [
                        138.6738379007761,
                        36.73110576522479,
                        2007
                    ],
                    [
                        138.67361641241934,
                        36.731161368071454,
                        1999
                    ],
                    [
                        138.67346989937255,
                        36.73127642495752,
                        1992
                    ],
                    [
                        138.67325312102383,
                        36.73136338446133,
                        1985
                    ],
                    [
                        138.67309847455158,
                        36.731431685409696,
                        1981
                    ],
                    [
                        138.67291033997233,
                        36.731528404103926,
                        1971
                    ],
                    [
                        138.6726282892299,
                        36.7315529757277,
                        1962
                    ],
                    [
                        138.67234791271702,
                        36.73150652222863,
                        1956
                    ],
                    [
                        138.67213475903864,
                        36.73140416646838,
                        1951
                    ],
                    [
                        138.6717970892194,
                        36.73130276879853,
                        1946
                    ],
                    [
                        138.67148332202567,
                        36.73130782947313,
                        1942
                    ],
                    [
                        138.6711644865933,
                        36.731250165297524,
                        1936
                    ],
                    [
                        138.67086383909967,
                        36.731175440233976,
                        1934
                    ],
                    [
                        138.67055585848397,
                        36.73101604525225,
                        1929
                    ],
                    [
                        138.67027095454472,
                        36.73100976915407,
                        1921
                    ],
                    [
                        138.67010654845555,
                        36.73106868161483,
                        1917
                    ],
                    [
                        138.6698740136681,
                        36.73121182246526,
                        1905
                    ],
                    [
                        138.66970246443884,
                        36.731206605245326,
                        1897
                    ],
                    [
                        138.66937557009535,
                        36.73116375555688,
                        1888
                    ],
                    [
                        138.66903318784097,
                        36.73111980117409,
                        1880
                    ],
                    [
                        138.66878862488358,
                        36.731137582049726,
                        1873
                    ],
                    [
                        138.66860673247243,
                        36.73114412037226,
                        1870
                    ],
                    [
                        138.66826855323768,
                        36.731082193369126,
                        1873
                    ],
                    [
                        138.66803481387592,
                        36.730935816645186,
                        1874
                    ],
                    [
                        138.66783961494528,
                        36.73082559936484,
                        1876
                    ],
                    [
                        138.6676229347031,
                        36.73076919904143,
                        1879
                    ],
                    [
                        138.66736053413396,
                        36.7306606613349,
                        1883
                    ],
                    [
                        138.66708320762064,
                        36.73055630365417,
                        1881
                    ],
                    [
                        138.6668524126069,
                        36.730565995194304,
                        1871
                    ],
                    [
                        138.66666225833495,
                        36.73050516932881,
                        1863
                    ],
                    [
                        138.6664259034343,
                        36.73038914041045,
                        1855
                    ],
                    [
                        138.66638468757674,
                        36.73015650506438,
                        1850
                    ],
                    [
                        138.666201787868,
                        36.72999233885277,
                        1846
                    ],
                    [
                        138.66613374316896,
                        36.72981605968844,
                        1834
                    ],
                    [
                        138.66602405464812,
                        36.72962659952674,
                        1832
                    ],
                    [
                        138.66591397967224,
                        36.72954687736087,
                        1824
                    ],
                    [
                        138.6657438918194,
                        36.729563345778246,
                        1816
                    ],
                    [
                        138.66551818852858,
                        36.729507373645944,
                        1813
                    ],
                    [
                        138.665280748235,
                        36.72940064484502,
                        1804
                    ],
                    [
                        138.66505923290492,
                        36.72927135387905,
                        1804
                    ],
                    [
                        138.6647694232728,
                        36.72918724228181,
                        1800
                    ],
                    [
                        138.66449021155844,
                        36.729112553718466,
                        1794
                    ],
                    [
                        138.66435184519688,
                        36.72926617798634,
                        1785
                    ],
                    [
                        138.66400062024178,
                        36.72933028105855,
                        1780
                    ],
                    [
                        138.66373471050667,
                        36.729518102582965,
                        1781
                    ],
                    [
                        138.66345024802322,
                        36.72959807460997,
                        1781
                    ],
                    [
                        138.66318403520015,
                        36.7297204435064,
                        1782
                    ],
                    [
                        138.66290572263088,
                        36.72968780346665,
                        1782
                    ],
                    [
                        138.66258889805496,
                        36.72966394877929,
                        1780
                    ],
                    [
                        138.6622852935786,
                        36.729605254978395,
                        1775
                    ],
                    [
                        138.66206549004477,
                        36.7295433305719,
                        1768
                    ],
                    [
                        138.6617650677688,
                        36.72950913686905,
                        1764
                    ],
                    [
                        138.66151744183713,
                        36.7293501067566,
                        1761
                    ],
                    [
                        138.66122957330043,
                        36.72939261671941,
                        1765
                    ],
                    [
                        138.66099095433697,
                        36.72942398484363,
                        1768
                    ],
                    [
                        138.66069623331114,
                        36.72946407377707,
                        1771
                    ],
                    [
                        138.6604162903194,
                        36.729538074045585,
                        1770
                    ],
                    [
                        138.6600890893748,
                        36.72945607844865,
                        1772
                    ],
                    [
                        138.65987159964635,
                        36.7293829659997,
                        1773
                    ],
                    [
                        138.65960064037196,
                        36.729387432855624,
                        1770
                    ],
                    [
                        138.65937971829783,
                        36.72920522734468,
                        1771
                    ],
                    [
                        138.65915632257176,
                        36.72902709508482,
                        1772
                    ],
                    [
                        138.65891566278344,
                        36.72888399591049,
                        1770
                    ],
                    [
                        138.65863217761748,
                        36.72878886561845,
                        1766
                    ],
                    [
                        138.65832942671352,
                        36.72872403451416,
                        1767
                    ],
                    [
                        138.65809223774443,
                        36.72873332772429,
                        1767
                    ],
                    [
                        138.65779095632266,
                        36.72882984329073,
                        1769
                    ],
                    [
                        138.65755117391583,
                        36.72885785571518,
                        1773
                    ],
                    [
                        138.65733022289143,
                        36.72879512142681,
                        1775
                    ],
                    [
                        138.657139461751,
                        36.72877329947562,
                        1779
                    ],
                    [
                        138.6569157066241,
                        36.728933361873736,
                        1779
                    ],
                    [
                        138.6566457351845,
                        36.728834595265376,
                        1782
                    ],
                    [
                        138.6564364197449,
                        36.72876704211897,
                        1787
                    ],
                    [
                        138.65626981476524,
                        36.72873151724722,
                        1792
                    ],
                    [
                        138.65600569272516,
                        36.72860005666189,
                        1796
                    ],
                    [
                        138.65581633575172,
                        36.72847862055892,
                        1797
                    ],
                    [
                        138.65576035877626,
                        36.728222013996344,
                        1798
                    ],
                    [
                        138.65567882726782,
                        36.72803156094943,
                        1800
                    ],
                    [
                        138.65574269041028,
                        36.727803333387726,
                        1798
                    ],
                    [
                        138.65545326036423,
                        36.72757498849948,
                        1797
                    ],
                    [
                        138.65542331180885,
                        36.72743939409037,
                        1798
                    ],
                    [
                        138.65516287937066,
                        36.72744132895472,
                        1802
                    ],
                    [
                        138.65491708425446,
                        36.72743098161286,
                        1792
                    ],
                    [
                        138.65467584079602,
                        36.72744459867479,
                        1789
                    ],
                    [
                        138.65437247459698,
                        36.72746677105026,
                        1789
                    ],
                    [
                        138.65400179777708,
                        36.727521197029155,
                        1781
                    ],
                    [
                        138.65381301986235,
                        36.727623580971326,
                        1777
                    ],
                    [
                        138.6535437791106,
                        36.72765955004241,
                        1768
                    ],
                    [
                        138.65337435654808,
                        36.72748497868218,
                        1765
                    ],
                    [
                        138.65317270358102,
                        36.727436824747556,
                        1755
                    ],
                    [
                        138.65301050225995,
                        36.72743355912208,
                        1747
                    ],
                    [
                        138.65280627522617,
                        36.727258407290755,
                        1740
                    ],
                    [
                        138.65253856968667,
                        36.727176394343616,
                        1731
                    ],
                    [
                        138.65223279439732,
                        36.72720189990795,
                        1726
                    ],
                    [
                        138.6520014873917,
                        36.72719191137919,
                        1722
                    ],
                    [
                        138.65169894906785,
                        36.72709786457989,
                        1721
                    ],
                    [
                        138.65142510102544,
                        36.72712857346845,
                        1720
                    ],
                    [
                        138.65111309746274,
                        36.72714605696531,
                        1713
                    ],
                    [
                        138.6508815890263,
                        36.727179621000296,
                        1706
                    ],
                    [
                        138.65058580816918,
                        36.727185600410124,
                        1698
                    ],
                    [
                        138.6503390611233,
                        36.727195011209524,
                        1691
                    ],
                    [
                        138.65013008914153,
                        36.7272617451674,
                        1681
                    ],
                    [
                        138.64989846434992,
                        36.72733975935712,
                        1674
                    ],
                    [
                        138.6495636592351,
                        36.72737774760157,
                        1669
                    ],
                    [
                        138.64926691168105,
                        36.72720155742123,
                        1662
                    ],
                    [
                        138.6489999434471,
                        36.727103244556474,
                        1651
                    ],
                    [
                        138.64888668523463,
                        36.72691447294105,
                        1643
                    ],
                    [
                        138.64875888826012,
                        36.72668794935198,
                        1640
                    ],
                    [
                        138.64869941812483,
                        36.726493310637736,
                        1632
                    ],
                    [
                        138.6485612724568,
                        36.726218352426486,
                        1628
                    ],
                    [
                        138.64849766783308,
                        36.72608194561512,
                        1625
                    ],
                    [
                        138.64834401878676,
                        36.72580742259634,
                        1616
                    ],
                    [
                        138.64828754594552,
                        36.72557227928466,
                        1610
                    ],
                    [
                        138.6484607660893,
                        36.725311063893116,
                        1609
                    ],
                    [
                        138.6486972680521,
                        36.72507643132703,
                        1610
                    ],
                    [
                        138.64857388940186,
                        36.724854016705045,
                        1601
                    ],
                    [
                        138.64840596220313,
                        36.72462972514813,
                        1594
                    ],
                    [
                        138.64830831569722,
                        36.724470335178914,
                        1587
                    ],
                    [
                        138.6481903013183,
                        36.724276889835835,
                        1579
                    ],
                    [
                        138.64811923754777,
                        36.724102898035675,
                        1571
                    ],
                    [
                        138.64799813442548,
                        36.723911714284014,
                        1562
                    ],
                    [
                        138.64806440116976,
                        36.72371113520213,
                        1555
                    ],
                    [
                        138.64829239959678,
                        36.72369719862103,
                        1545
                    ],
                    [
                        138.64830000227695,
                        36.72359383736655,
                        1538
                    ],
                    [
                        138.6482784507926,
                        36.72339411690624,
                        1523
                    ],
                    [
                        138.64830318000537,
                        36.72324868538812,
                        1518
                    ],
                    [
                        138.64837310116633,
                        36.72294143474716,
                        1520
                    ],
                    [
                        138.64830744156052,
                        36.72275456385266,
                        1509
                    ],
                    [
                        138.6483891822223,
                        36.72247226643071,
                        1502
                    ],
                    [
                        138.64833495595215,
                        36.72227276190649,
                        1503
                    ],
                    [
                        138.64817508019632,
                        36.722319448119265,
                        1501
                    ],
                    [
                        138.64799159492654,
                        36.72247003360097,
                        1503
                    ],
                    [
                        138.64778494729913,
                        36.722374507407935,
                        1506
                    ],
                    [
                        138.64762733387755,
                        36.72231236038877,
                        1514
                    ],
                    [
                        138.647496029262,
                        36.722154936228414,
                        1521
                    ],
                    [
                        138.64717443740798,
                        36.72204904839387,
                        1527
                    ],
                    [
                        138.64694992473986,
                        36.72198587176042,
                        1532
                    ],
                    [
                        138.64679932682301,
                        36.72189678971018,
                        1539
                    ],
                    [
                        138.64657941284494,
                        36.72171092878711,
                        1539
                    ],
                    [
                        138.64639380460753,
                        36.72151554312927,
                        1541
                    ],
                    [
                        138.64616047098505,
                        36.72147545544409,
                        1548
                    ],
                    [
                        138.64591699359354,
                        36.721449223486154,
                        1552
                    ],
                    [
                        138.64562803691743,
                        36.7213663720373,
                        1552
                    ],
                    [
                        138.64534898621227,
                        36.72114663372887,
                        1552
                    ],
                    [
                        138.64514063876507,
                        36.72092948587007,
                        1551
                    ],
                    [
                        138.64480524060133,
                        36.72080144529415,
                        1551
                    ],
                    [
                        138.64443418033696,
                        36.72082700322562,
                        1548
                    ],
                    [
                        138.64406552204838,
                        36.72087212851638,
                        1546
                    ],
                    [
                        138.64380622717593,
                        36.7206888369052,
                        1539
                    ],
                    [
                        138.64369196486257,
                        36.720449466210184,
                        1528
                    ],
                    [
                        138.6436212757809,
                        36.720268170473084,
                        1527
                    ],
                    [
                        138.6434041103635,
                        36.72008922884816,
                        1523
                    ],
                    [
                        138.6431584618623,
                        36.719922614436506,
                        1518
                    ],
                    [
                        138.64288577499593,
                        36.719697270353954,
                        1519
                    ],
                    [
                        138.64275656721574,
                        36.719596638534426,
                        1519
                    ],
                    [
                        138.64293857238715,
                        36.719947170747275,
                        1516
                    ],
                    [
                        138.64273446023586,
                        36.71962388106629,
                        1520
                    ],
                    [
                        138.64284839060872,
                        36.71960279088812,
                        1520
                    ],
                    [
                        138.64314918496447,
                        36.719381663140865,
                        1520
                    ],
                    [
                        138.64354140832276,
                        36.719387398617265,
                        1525
                    ],
                    [
                        138.6436015266438,
                        36.719742785501474,
                        1526
                    ],
                    [
                        138.64371340294355,
                        36.71996758425168,
                        1529
                    ],
                    [
                        138.64360269309168,
                        36.71974441278006,
                        1526
                    ],
                    [
                        138.64357030518823,
                        36.71944348592561,
                        1525
                    ],
                    [
                        138.64325095171853,
                        36.71936389883232,
                        1521
                    ],
                    [
                        138.64286676346063,
                        36.71941165029739,
                        1520
                    ],
                    [
                        138.64267551072442,
                        36.719295877430525,
                        1518
                    ],
                    [
                        138.64282408572046,
                        36.719369419326,
                        1518
                    ],
                    [
                        138.64280635434721,
                        36.719581621157694,
                        1517
                    ],
                    [
                        138.6427967992793,
                        36.71977876308959,
                        1518
                    ],
                    [
                        138.6425676955593,
                        36.71997431281151,
                        1518
                    ],
                    [
                        138.6422451576863,
                        36.720012826007064,
                        1518
                    ],
                    [
                        138.64206237501332,
                        36.719750891575835,
                        1511
                    ],
                    [
                        138.64192183980015,
                        36.719471960606704,
                        1509
                    ],
                    [
                        138.64195704282298,
                        36.71912488026714,
                        1509
                    ],
                    [
                        138.64185117312147,
                        36.71906307740682,
                        1509
                    ],
                    [
                        138.6416064520501,
                        36.718871998975345,
                        1508
                    ],
                    [
                        138.6413347460724,
                        36.718670669145325,
                        1508
                    ],
                    [
                        138.6411044523395,
                        36.718506631017874,
                        1508
                    ],
                    [
                        138.64089875056476,
                        36.718367780413836,
                        1509
                    ],
                    [
                        138.64080206823232,
                        36.71804915881887,
                        1508
                    ],
                    [
                        138.64061092996508,
                        36.717801487204106,
                        1510
                    ],
                    [
                        138.64036716409964,
                        36.71752658602535,
                        1511
                    ],
                    [
                        138.64015369121492,
                        36.7172432275864,
                        1517
                    ],
                    [
                        138.6399267515256,
                        36.717008816242355,
                        1518
                    ],
                    [
                        138.63963028539715,
                        36.71680740258763,
                        1521
                    ],
                    [
                        138.63928094577824,
                        36.71664360048368,
                        1525
                    ],
                    [
                        138.63895090181657,
                        36.71672454036517,
                        1528
                    ],
                    [
                        138.6387525543837,
                        36.716919496509654,
                        1533
                    ],
                    [
                        138.6386131175856,
                        36.71713912107159,
                        1538
                    ],
                    [
                        138.63845814539317,
                        36.717292221979235,
                        1542
                    ],
                    [
                        138.63837936198067,
                        36.717474092459014,
                        1548
                    ],
                    [
                        138.638395298241,
                        36.717700260192096,
                        1550
                    ],
                    [
                        138.63810724924897,
                        36.71772145754536,
                        1552
                    ],
                    [
                        138.6378632945851,
                        36.71768915379077,
                        1551
                    ],
                    [
                        138.6374989035476,
                        36.71772670714914,
                        1553
                    ],
                    [
                        138.63714236654613,
                        36.717679265492045,
                        1557
                    ],
                    [
                        138.63681604536762,
                        36.717538749375684,
                        1560
                    ],
                    [
                        138.63652133275477,
                        36.71734068533196,
                        1560
                    ],
                    [
                        138.63644836110066,
                        36.71752394907318,
                        1563
                    ],
                    [
                        138.63673331867614,
                        36.71769487930561,
                        1563
                    ],
                    [
                        138.63703291072184,
                        36.7178731211946,
                        1564
                    ],
                    [
                        138.63741239589797,
                        36.717897547690455,
                        1565
                    ],
                    [
                        138.63764292653178,
                        36.718104761343554,
                        1566
                    ],
                    [
                        138.63767499088672,
                        36.718191077504684,
                        1564
                    ],
                    [
                        138.6375767081911,
                        36.71831825463471,
                        1568
                    ],
                    [
                        138.63735442341718,
                        36.71833035404256,
                        1573
                    ],
                    [
                        138.63712374942733,
                        36.718408751716495,
                        1579
                    ],
                    [
                        138.6369111650989,
                        36.71848762107889,
                        1582
                    ],
                    [
                        138.6367293342697,
                        36.71859003374415,
                        1587
                    ],
                    [
                        138.6365095895282,
                        36.718606380770815,
                        1591
                    ],
                    [
                        138.63628227957648,
                        36.71865381402971,
                        1594
                    ],
                    [
                        138.6361108599719,
                        36.71863390896798,
                        1596
                    ],
                    [
                        138.6358376188397,
                        36.71869738909327,
                        1604
                    ],
                    [
                        138.63561154908945,
                        36.71867645316091,
                        1608
                    ],
                    [
                        138.6352456963646,
                        36.718631181181316,
                        1614
                    ],
                    [
                        138.6350638333418,
                        36.71851846276864,
                        1618
                    ],
                    [
                        138.6347960721871,
                        36.718398902784635,
                        1626
                    ],
                    [
                        138.6344853705702,
                        36.7183921910511,
                        1627
                    ],
                    [
                        138.6341884199445,
                        36.71841043227657,
                        1629
                    ],
                    [
                        138.633898981595,
                        36.718346370803175,
                        1631
                    ],
                    [
                        138.6337293954234,
                        36.71837000456478,
                        1637
                    ],
                    [
                        138.6335176350085,
                        36.71846329956093,
                        1643
                    ],
                    [
                        138.63325303202228,
                        36.718569452236615,
                        1646
                    ],
                    [
                        138.63311221507303,
                        36.71864637047923,
                        1649
                    ],
                    [
                        138.63291383592423,
                        36.71875661089729,
                        1653
                    ],
                    [
                        138.63269755027366,
                        36.718839276555194,
                        1658
                    ],
                    [
                        138.63253462926804,
                        36.718806217693675,
                        1662
                    ],
                    [
                        138.63238009746777,
                        36.71888767612265,
                        1671
                    ],
                    [
                        138.63222267913596,
                        36.718947978062424,
                        1676
                    ],
                    [
                        138.63205751592034,
                        36.71900464356966,
                        1685
                    ],
                    [
                        138.63190351359702,
                        36.71907855819306,
                        1692
                    ],
                    [
                        138.63170180710233,
                        36.71908628466743,
                        1696
                    ],
                    [
                        138.63158206655805,
                        36.71918002445745,
                        1705
                    ],
                    [
                        138.6313693699241,
                        36.71919776684836,
                        1716
                    ],
                    [
                        138.63128755646989,
                        36.71927232880415,
                        1726
                    ],
                    [
                        138.63124804174058,
                        36.71941696165556,
                        1732
                    ],
                    [
                        138.63115046350228,
                        36.71953312637356,
                        1739
                    ],
                    [
                        138.6310408320127,
                        36.719643243589246,
                        1745
                    ],
                    [
                        138.63086768569005,
                        36.71963388326185,
                        1752
                    ],
                    [
                        138.63064975299727,
                        36.71956049899288,
                        1757
                    ],
                    [
                        138.63037943786776,
                        36.71963938111036,
                        1759
                    ],
                    [
                        138.63013789034545,
                        36.71984890589333,
                        1761
                    ],
                    [
                        138.62985760156067,
                        36.71996597367834,
                        1761
                    ],
                    [
                        138.62976723900098,
                        36.720212560229385,
                        1761
                    ],
                    [
                        138.6295462144852,
                        36.72027446969893,
                        1766
                    ],
                    [
                        138.6293048261345,
                        36.720277799037675,
                        1767
                    ],
                    [
                        138.62915866096705,
                        36.72036600412534,
                        1771
                    ],
                    [
                        138.6290200438857,
                        36.72044895991184,
                        1776
                    ],
                    [
                        138.62890804336553,
                        36.72055100083153,
                        1784
                    ],
                    [
                        138.62874485976505,
                        36.720600228243015,
                        1791
                    ],
                    [
                        138.62857448846046,
                        36.720729068214126,
                        1796
                    ],
                    [
                        138.62836080574618,
                        36.72081380792637,
                        1801
                    ],
                    [
                        138.62818978551624,
                        36.7209391764981,
                        1803
                    ],
                    [
                        138.6280111686112,
                        36.721065240459154,
                        1809
                    ],
                    [
                        138.62780089335948,
                        36.72113798179122,
                        1812
                    ],
                    [
                        138.6276186628384,
                        36.72113220042854,
                        1815
                    ],
                    [
                        138.6274358470966,
                        36.72111482809282,
                        1821
                    ],
                    [
                        138.6273165317583,
                        36.721102107063366,
                        1826
                    ],
                    [
                        138.627140441525,
                        36.721065156101375,
                        1833
                    ],
                    [
                        138.6269358721042,
                        36.72106295645352,
                        1837
                    ],
                    [
                        138.6267020185213,
                        36.72106260336112,
                        1848
                    ],
                    [
                        138.6264943876002,
                        36.7209628565133,
                        1853
                    ],
                    [
                        138.6262932647081,
                        36.72086302997017,
                        1860
                    ],
                    [
                        138.62613211472626,
                        36.72082005864492,
                        1864
                    ],
                    [
                        138.62595513872873,
                        36.72079007549148,
                        1868
                    ],
                    [
                        138.6257318850051,
                        36.720678602163275,
                        1871
                    ],
                    [
                        138.62557027488108,
                        36.720658182532375,
                        1878
                    ],
                    [
                        138.62534421233872,
                        36.720693268342714,
                        1882
                    ],
                    [
                        138.62519087434728,
                        36.7206360887031,
                        1890
                    ],
                    [
                        138.62496793634966,
                        36.72059887347382,
                        1894
                    ],
                    [
                        138.62477960140208,
                        36.720597623656275,
                        1896
                    ],
                    [
                        138.62461189945483,
                        36.7206375693813,
                        1903
                    ],
                    [
                        138.62444230656754,
                        36.720657000543525,
                        1910
                    ],
                    [
                        138.6243255082008,
                        36.72065983954175,
                        1912
                    ],
                    [
                        138.62410337928833,
                        36.720623363538124,
                        1921
                    ],
                    [
                        138.62383472578583,
                        36.72054066078764,
                        1926
                    ],
                    [
                        138.6235830488544,
                        36.720574657888655,
                        1930
                    ],
                    [
                        138.6233517691396,
                        36.72065901850873,
                        1934
                    ],
                    [
                        138.62311083043468,
                        36.72079132329193,
                        1938
                    ],
                    [
                        138.62298771544272,
                        36.7206329244002,
                        1941
                    ],
                    [
                        138.62283338742122,
                        36.72045004805718,
                        1945
                    ],
                    [
                        138.62257037829278,
                        36.72034242569207,
                        1947
                    ],
                    [
                        138.6223602292383,
                        36.720260829560516,
                        1949
                    ],
                    [
                        138.62207056034953,
                        36.72020515290538,
                        1952
                    ],
                    [
                        138.62195393395973,
                        36.72011792581161,
                        1952
                    ],
                    [
                        138.62173954430259,
                        36.71995739416595,
                        1960
                    ],
                    [
                        138.62161913750958,
                        36.71972536870128,
                        1962
                    ],
                    [
                        138.6214993157459,
                        36.71955528216224,
                        1962
                    ],
                    [
                        138.62134810596058,
                        36.71935258771383,
                        1966
                    ],
                    [
                        138.6212263267951,
                        36.719160864126465,
                        1971
                    ],
                    [
                        138.6211256956416,
                        36.719109802423965,
                        1967
                    ],
                    [
                        138.6209972566709,
                        36.71882674336835,
                        1968
                    ],
                    [
                        138.62096924594076,
                        36.71872932717604,
                        1964
                    ],
                    [
                        138.62099033014383,
                        36.71848613440135,
                        1961
                    ],
                    [
                        138.62098965665976,
                        36.718198570813215,
                        1954
                    ],
                    [
                        138.6208310745192,
                        36.717983512471754,
                        1959
                    ],
                    [
                        138.62065321942998,
                        36.71773948203721,
                        1962
                    ],
                    [
                        138.62049410431672,
                        36.71751114419743,
                        1962
                    ],
                    [
                        138.62061764222875,
                        36.717273791916924,
                        1954
                    ],
                    [
                        138.62040617845966,
                        36.71710442764094,
                        1952
                    ],
                    [
                        138.62020510116457,
                        36.71692132994713,
                        1954
                    ],
                    [
                        138.62015260217203,
                        36.71666438666221,
                        1950
                    ],
                    [
                        138.6199958787387,
                        36.71639983033088,
                        1945
                    ],
                    [
                        138.61981783498138,
                        36.716212876456545,
                        1943
                    ],
                    [
                        138.61950598840866,
                        36.71633091584449,
                        1933
                    ],
                    [
                        138.61929558078117,
                        36.71635739021156,
                        1923
                    ],
                    [
                        138.61905303134876,
                        36.716249012909124,
                        1921
                    ],
                    [
                        138.61886217830997,
                        36.716067808964006,
                        1917
                    ],
                    [
                        138.6187293118361,
                        36.715811959050576,
                        1909
                    ],
                    [
                        138.61867654074533,
                        36.71563064959229,
                        1909
                    ],
                    [
                        138.61864660283538,
                        36.71534281560993,
                        1906
                    ],
                    [
                        138.61852567280417,
                        36.7150344192726,
                        1904
                    ],
                    [
                        138.61827648146738,
                        36.71489518053761,
                        1909
                    ],
                    [
                        138.61815952028735,
                        36.714672116667806,
                        1906
                    ],
                    [
                        138.61804807464407,
                        36.71450471141774,
                        1905
                    ],
                    [
                        138.61795515444234,
                        36.71427523413287,
                        1906
                    ],
                    [
                        138.6179366027754,
                        36.71409013923906,
                        1906
                    ],
                    [
                        138.61787366786896,
                        36.713820619044675,
                        1901
                    ],
                    [
                        138.6178423813056,
                        36.71358105973804,
                        1901
                    ],
                    [
                        138.61776222442631,
                        36.7134284193026,
                        1899
                    ],
                    [
                        138.61770026876627,
                        36.713290867196775,
                        1903
                    ],
                    [
                        138.61760106195285,
                        36.71307304734001,
                        1902
                    ],
                    [
                        138.6174609225091,
                        36.712936674636715,
                        1901
                    ],
                    [
                        138.61743745336423,
                        36.71275157416104,
                        1894
                    ],
                    [
                        138.61735440598724,
                        36.71257816139695,
                        1887
                    ],
                    [
                        138.61739793094526,
                        36.71231363487722,
                        1881
                    ],
                    [
                        138.61755819516392,
                        36.7120958405133,
                        1877
                    ],
                    [
                        138.61756127554003,
                        36.71190557048972,
                        1869
                    ],
                    [
                        138.61745907383116,
                        36.71165979259443,
                        1865
                    ],
                    [
                        138.6173348499716,
                        36.7114001438321,
                        1860
                    ],
                    [
                        138.61725363168082,
                        36.71116757388457,
                        1862
                    ],
                    [
                        138.6171061917229,
                        36.710965045375474,
                        1865
                    ],
                    [
                        138.61702339366587,
                        36.710741001446664,
                        1869
                    ],
                    [
                        138.6169100515556,
                        36.71057558652452,
                        1873
                    ],
                    [
                        138.6168457605078,
                        36.7103817293873,
                        1876
                    ],
                    [
                        138.61689781340982,
                        36.710206816055646,
                        1881
                    ],
                    [
                        138.61692277336425,
                        36.71001560639626,
                        1881
                    ],
                    [
                        138.6170334984978,
                        36.70990171992204,
                        1887
                    ],
                    [
                        138.61712294611712,
                        36.70977745644592,
                        1890
                    ],
                    [
                        138.61736245702153,
                        36.70957739637145,
                        1896
                    ],
                    [
                        138.61761943321432,
                        36.709451405309395,
                        1900
                    ],
                    [
                        138.61777258023415,
                        36.709343496027216,
                        1901
                    ],
                    [
                        138.61755832766355,
                        36.709491774654076,
                        1900
                    ],
                    [
                        138.61733258111386,
                        36.70966583258196,
                        1896
                    ],
                    [
                        138.61716643195365,
                        36.70980731382501,
                        1891
                    ],
                    [
                        138.61692348832455,
                        36.709991453495,
                        1883
                    ],
                    [
                        138.61668341752647,
                        36.70993975775156,
                        1881
                    ],
                    [
                        138.6164766354383,
                        36.71000337952957,
                        1873
                    ],
                    [
                        138.61626079899324,
                        36.71008572312913,
                        1873
                    ],
                    [
                        138.61603627206418,
                        36.71019957020158,
                        1865
                    ],
                    [
                        138.61578344290498,
                        36.71033961024207,
                        1859
                    ],
                    [
                        138.61552222516357,
                        36.71042897398463,
                        1854
                    ],
                    [
                        138.61516642443547,
                        36.71043728492799,
                        1853
                    ],
                    [
                        138.61496554079443,
                        36.710602036543065,
                        1853
                    ],
                    [
                        138.61485468239582,
                        36.71057650113161,
                        1849
                    ],
                    [
                        138.61467695858133,
                        36.71045868088638,
                        1840
                    ],
                    [
                        138.61450032518167,
                        36.71027832517454,
                        1833
                    ],
                    [
                        138.61431608894,
                        36.710184342492234,
                        1824
                    ],
                    [
                        138.614121879938,
                        36.71007691521012,
                        1817
                    ],
                    [
                        138.6138948756936,
                        36.710067066618606,
                        1813
                    ],
                    [
                        138.61365337039743,
                        36.710083410467355,
                        1806
                    ],
                    [
                        138.61340209435133,
                        36.709938855579516,
                        1798
                    ],
                    [
                        138.6130800997715,
                        36.70984487073185,
                        1789
                    ],
                    [
                        138.61284826369135,
                        36.70972083905016,
                        1786
                    ],
                    [
                        138.61258377868467,
                        36.70962703539672,
                        1776
                    ],
                    [
                        138.6123739478448,
                        36.709549610918785,
                        1767
                    ],
                    [
                        138.61211103910009,
                        36.70942347882965,
                        1765
                    ],
                    [
                        138.61188932175995,
                        36.70937427791631,
                        1760
                    ],
                    [
                        138.61162218851194,
                        36.70924849163266,
                        1761
                    ],
                    [
                        138.61137206988641,
                        36.709122930875544,
                        1763
                    ],
                    [
                        138.61114096678045,
                        36.709076328071504,
                        1770
                    ],
                    [
                        138.61103442820834,
                        36.709048341691314,
                        1773
                    ],
                    [
                        138.61081411991842,
                        36.70897035229068,
                        1779
                    ],
                    [
                        138.61060395745577,
                        36.70889919651231,
                        1786
                    ],
                    [
                        138.61039523721715,
                        36.70882578521642,
                        1791
                    ],
                    [
                        138.61018067872925,
                        36.70874172870742,
                        1797
                    ],
                    [
                        138.61002399743398,
                        36.708667543319166,
                        1802
                    ],
                    [
                        138.6098580637865,
                        36.70862835369381,
                        1809
                    ],
                    [
                        138.60963763424957,
                        36.70855594094958,
                        1815
                    ],
                    [
                        138.60942819723783,
                        36.70846053587768,
                        1821
                    ],
                    [
                        138.60917730445576,
                        36.708384163094706,
                        1826
                    ],
                    [
                        138.60897812911918,
                        36.708382648051014,
                        1834
                    ],
                    [
                        138.60882637850807,
                        36.70837988677656,
                        1840
                    ],
                    [
                        138.60864525533438,
                        36.70836032202917,
                        1843
                    ],
                    [
                        138.6084672305569,
                        36.708374908969546,
                        1846
                    ],
                    [
                        138.6083005915269,
                        36.7083941649772,
                        1854
                    ],
                    [
                        138.60813113638363,
                        36.70843464382814,
                        1860
                    ],
                    [
                        138.60784118888978,
                        36.70842886054283,
                        1863
                    ],
                    [
                        138.60767094031544,
                        36.70848067045962,
                        1868
                    ],
                    [
                        138.60750518260733,
                        36.70845382993422,
                        1871
                    ],
                    [
                        138.6072796322123,
                        36.70842935653297,
                        1872
                    ],
                    [
                        138.60698379757216,
                        36.708352650276915,
                        1875
                    ],
                    [
                        138.60681361140558,
                        36.70817063396012,
                        1880
                    ],
                    [
                        138.6066206394293,
                        36.70803743168128,
                        1885
                    ],
                    [
                        138.60640317464654,
                        36.707960184990846,
                        1888
                    ],
                    [
                        138.6061735356961,
                        36.70782513398185,
                        1892
                    ],
                    [
                        138.6059844119286,
                        36.70771306214315,
                        1894
                    ],
                    [
                        138.60563491719964,
                        36.7077441070943,
                        1891
                    ],
                    [
                        138.6054525151904,
                        36.70787933659887,
                        1891
                    ],
                    [
                        138.6054577571957,
                        36.70807967462328,
                        1893
                    ],
                    [
                        138.60544415145537,
                        36.70827355056403,
                        1894
                    ],
                    [
                        138.60532037572904,
                        36.70848385973549,
                        1898
                    ],
                    [
                        138.60512203553205,
                        36.70858153597223,
                        1901
                    ],
                    [
                        138.60493025356666,
                        36.70869717028672,
                        1904
                    ],
                    [
                        138.60481770417763,
                        36.708794661297844,
                        1909
                    ],
                    [
                        138.60474761623652,
                        36.70898699673609,
                        1911
                    ],
                    [
                        138.60464348582377,
                        36.70911310227299,
                        1912
                    ],
                    [
                        138.604555237763,
                        36.709175153017966,
                        1913
                    ],
                    [
                        138.6045172064314,
                        36.709313722603724,
                        1921
                    ],
                    [
                        138.6045553749309,
                        36.70945148713019,
                        1925
                    ],
                    [
                        138.6044908127116,
                        36.709632270908855,
                        1930
                    ],
                    [
                        138.60447351609352,
                        36.70977419799096,
                        1936
                    ],
                    [
                        138.60443342079898,
                        36.709913052569554,
                        1941
                    ],
                    [
                        138.60434569384046,
                        36.71004126267979,
                        1945
                    ],
                    [
                        138.60428769255407,
                        36.71022448961445,
                        1951
                    ],
                    [
                        138.60428625308757,
                        36.710365206465845,
                        1954
                    ],
                    [
                        138.60433433339668,
                        36.71060187640046,
                        1962
                    ],
                    [
                        138.60413708737977,
                        36.71071106186536,
                        1961
                    ],
                    [
                        138.60387613453426,
                        36.7108177417956,
                        1955
                    ],
                    [
                        138.60368157855075,
                        36.71092368778906,
                        1952
                    ],
                    [
                        138.60341929309658,
                        36.71104275105649,
                        1950
                    ],
                    [
                        138.60323636299864,
                        36.71109947289581,
                        1948
                    ],
                    [
                        138.60307308233627,
                        36.71124066371951,
                        1951
                    ],
                    [
                        138.6029463033872,
                        36.71133107493997,
                        1954
                    ],
                    [
                        138.60284721840927,
                        36.71150565824256,
                        1959
                    ],
                    [
                        138.6027344249154,
                        36.71170013705868,
                        1964
                    ],
                    [
                        138.60268272300752,
                        36.71187445243194,
                        1973
                    ],
                    [
                        138.6026145612191,
                        36.712006054582815,
                        1975
                    ],
                    [
                        138.60263984116455,
                        36.71215738666439,
                        1979
                    ],
                    [
                        138.60261368429843,
                        36.71234428255678,
                        1983
                    ],
                    [
                        138.60240241237412,
                        36.71255011225896,
                        1989
                    ],
                    [
                        138.60228941580607,
                        36.71275803151982,
                        1991
                    ],
                    [
                        138.602080421051,
                        36.712925431179436,
                        1988
                    ],
                    [
                        138.60177296057742,
                        36.71293306993852,
                        1993
                    ],
                    [
                        138.601631723809,
                        36.71277439613732,
                        1995
                    ],
                    [
                        138.60138993963508,
                        36.71285605290965,
                        1993
                    ],
                    [
                        138.60118175450302,
                        36.71301113758848,
                        1991
                    ],
                    [
                        138.60102208591834,
                        36.71320603970723,
                        1988
                    ],
                    [
                        138.60083799090242,
                        36.71340340856614,
                        1985
                    ],
                    [
                        138.6005981142202,
                        36.71353961006068,
                        1986
                    ],
                    [
                        138.60041252368967,
                        36.713744228636116,
                        1985
                    ],
                    [
                        138.60022490301236,
                        36.71383925416723,
                        1987
                    ],
                    [
                        138.60003745420846,
                        36.71396250753001,
                        1990
                    ],
                    [
                        138.59988711667575,
                        36.714039035994396,
                        1991
                    ],
                    [
                        138.59968281252654,
                        36.71419558838107,
                        1996
                    ],
                    [
                        138.59948899888272,
                        36.71430970676538,
                        2001
                    ],
                    [
                        138.59930844196472,
                        36.71444357655077,
                        2003
                    ],
                    [
                        138.59906641400704,
                        36.71448025068985,
                        2007
                    ],
                    [
                        138.5987939604259,
                        36.71459817395214,
                        2003
                    ],
                    [
                        138.59850007753872,
                        36.71467015764901,
                        2007
                    ],
                    [
                        138.59828857966406,
                        36.714746891349655,
                        2010
                    ],
                    [
                        138.59798721479444,
                        36.71479459013825,
                        2011
                    ],
                    [
                        138.59782507861297,
                        36.7148113995577,
                        2010
                    ],
                    [
                        138.5976085572297,
                        36.71486009474279,
                        2018
                    ],
                    [
                        138.59743605062877,
                        36.71487761142101,
                        2022
                    ],
                    [
                        138.597309913072,
                        36.71486280414849,
                        2026
                    ],
                    [
                        138.59713909141033,
                        36.71485177623246,
                        2033
                    ],
                    [
                        138.596919930998,
                        36.71491316578449,
                        2033
                    ],
                    [
                        138.59670923079898,
                        36.71498203352924,
                        2040
                    ],
                    [
                        138.59648363930367,
                        36.714951399650175,
                        2045
                    ],
                    [
                        138.59624679208616,
                        36.71491006070292,
                        2055
                    ],
                    [
                        138.59604308323833,
                        36.71482630788433,
                        2061
                    ],
                    [
                        138.59585170455563,
                        36.714749865294394,
                        2067
                    ],
                    [
                        138.5956797232892,
                        36.714720126910464,
                        2072
                    ],
                    [
                        138.59556208686516,
                        36.71470795258896,
                        2072
                    ],
                    [
                        138.59533738318083,
                        36.714658172222336,
                        2070
                    ],
                    [
                        138.59511936200727,
                        36.71456848770812,
                        2074
                    ],
                    [
                        138.59494582691994,
                        36.71441958395168,
                        2070
                    ],
                    [
                        138.5947230133297,
                        36.71427171842006,
                        2062
                    ],
                    [
                        138.59452404547645,
                        36.7141681111501,
                        2061
                    ],
                    [
                        138.5943291880823,
                        36.71402814593,
                        2051
                    ],
                    [
                        138.59422132995613,
                        36.71391152064585,
                        2045
                    ],
                    [
                        138.59423861515447,
                        36.713735654099345,
                        2033
                    ],
                    [
                        138.5941649459009,
                        36.71360379220568,
                        2030
                    ],
                    [
                        138.59403630001006,
                        36.71343755101362,
                        2027
                    ],
                    [
                        138.59394403902448,
                        36.713301651566006,
                        2024
                    ],
                    [
                        138.59384893155536,
                        36.713216210895794,
                        2019
                    ],
                    [
                        138.59376459428182,
                        36.71302992006989,
                        2013
                    ],
                    [
                        138.59366900838913,
                        36.71279863599246,
                        2000
                    ],
                    [
                        138.59368873170197,
                        36.71259787284845,
                        1992
                    ],
                    [
                        138.59361899647016,
                        36.71237930980943,
                        1983
                    ],
                    [
                        138.59350429586348,
                        36.71221533616114,
                        1974
                    ],
                    [
                        138.59334781609476,
                        36.71210799135532,
                        1970
                    ],
                    [
                        138.59317385815163,
                        36.71193529104465,
                        1963
                    ],
                    [
                        138.59305732190194,
                        36.71171896049783,
                        1958
                    ],
                    [
                        138.59293207957901,
                        36.711514036305125,
                        1950
                    ],
                    [
                        138.5928048979366,
                        36.711281567982816,
                        1945
                    ],
                    [
                        138.5926740156555,
                        36.71112179884709,
                        1938
                    ],
                    [
                        138.59259390323783,
                        36.71094811225953,
                        1932
                    ],
                    [
                        138.59269624080005,
                        36.71074293678778,
                        1921
                    ],
                    [
                        138.59283980465446,
                        36.710657500441876,
                        1913
                    ],
                    [
                        138.59294644096684,
                        36.710556143712274,
                        1904
                    ],
                    [
                        138.5930140288803,
                        36.71037903224109,
                        1896
                    ],
                    [
                        138.59308686821433,
                        36.710209076747276,
                        1894
                    ],
                    [
                        138.59310101612976,
                        36.71003097988721,
                        1888
                    ],
                    [
                        138.59304941431859,
                        36.70978738131613,
                        1880
                    ],
                    [
                        138.59292087483936,
                        36.70957215303016,
                        1881
                    ],
                    [
                        138.59279423234065,
                        36.70937596299161,
                        1870
                    ],
                    [
                        138.59253416458276,
                        36.709360949326154,
                        1863
                    ],
                    [
                        138.59236046193905,
                        36.709241278741565,
                        1860
                    ],
                    [
                        138.5921455233394,
                        36.70917883105786,
                        1860
                    ],
                    [
                        138.59185081609922,
                        36.70907412262398,
                        1858
                    ],
                    [
                        138.59165803875632,
                        36.70903260030073,
                        1852
                    ],
                    [
                        138.59142547085935,
                        36.709033302578085,
                        1848
                    ],
                    [
                        138.5911253616227,
                        36.709150906849615,
                        1841
                    ],
                    [
                        138.59098220451438,
                        36.70917565532338,
                        1838
                    ],
                    [
                        138.59111401171464,
                        36.70907398547816,
                        1845
                    ],
                    [
                        138.59131699638743,
                        36.70902740482881,
                        1849
                    ],
                    [
                        138.5915305320614,
                        36.70896942245888,
                        1856
                    ],
                    [
                        138.59173307657628,
                        36.709021497172515,
                        1853
                    ],
                    [
                        138.59201304944622,
                        36.709138518056974,
                        1860
                    ],
                    [
                        138.59228203491332,
                        36.709230681862635,
                        1866
                    ],
                    [
                        138.59258781598618,
                        36.70932871780131,
                        1871
                    ],
                    [
                        138.59238909459978,
                        36.70915198304377,
                        1865
                    ],
                    [
                        138.59224600681114,
                        36.708996627382525,
                        1866
                    ],
                    [
                        138.5920421594154,
                        36.70880282313637,
                        1865
                    ],
                    [
                        138.59176730465677,
                        36.70859677454478,
                        1862
                    ],
                    [
                        138.59152589094654,
                        36.70842727354008,
                        1864
                    ],
                    [
                        138.59122261303938,
                        36.70830511951989,
                        1863
                    ],
                    [
                        138.59093945022678,
                        36.708290549471215,
                        1868
                    ],
                    [
                        138.59070273141526,
                        36.70825576664954,
                        1871
                    ],
                    [
                        138.59046273650603,
                        36.708242023967564,
                        1873
                    ],
                    [
                        138.5901847189503,
                        36.708148508274945,
                        1877
                    ],
                    [
                        138.59003989248652,
                        36.70807264544539,
                        1881
                    ],
                    [
                        138.58984027788622,
                        36.70796652821098,
                        1886
                    ],
                    [
                        138.58967322333226,
                        36.7079249625174,
                        1892
                    ],
                    [
                        138.5895334089276,
                        36.707842446791936,
                        1897
                    ],
                    [
                        138.58940868457273,
                        36.70773261742877,
                        1906
                    ],
                    [
                        138.58924651532126,
                        36.70758713907764,
                        1909
                    ],
                    [
                        138.58911698784777,
                        36.707376307296755,
                        1914
                    ],
                    [
                        138.58906955856062,
                        36.707195269142844,
                        1922
                    ],
                    [
                        138.58905893346278,
                        36.707100010951855,
                        1928
                    ],
                    [
                        138.58895860691766,
                        36.70699143386851,
                        1936
                    ],
                    [
                        138.5888734398866,
                        36.706864926880314,
                        1934
                    ],
                    [
                        138.5886789607911,
                        36.70676499465065,
                        1939
                    ],
                    [
                        138.58853078119185,
                        36.706695737882164,
                        1941
                    ],
                    [
                        138.58838502615913,
                        36.7066635931789,
                        1939
                    ]
                ]
            }
        },
        {
            "type": "Feature",
            "properties": {
                "name": "20260711",
                "time": "2026-07-10T20:23:53Z",
                "coordTimes": [
                    "2026-07-10T20:23:53Z",
                    "2026-07-10T20:25:46Z",
                    "2026-07-10T20:26:16Z",
                    "2026-07-10T20:26:42Z",
                    "2026-07-10T20:27:12Z",
                    "2026-07-10T20:27:37Z",
                    "2026-07-10T20:28:10Z",
                    "2026-07-10T20:28:34Z",
                    "2026-07-10T20:29:06Z",
                    "2026-07-10T20:29:31Z",
                    "2026-07-10T20:29:59Z",
                    "2026-07-10T20:30:35Z",
                    "2026-07-10T20:31:02Z",
                    "2026-07-10T20:31:32Z",
                    "2026-07-10T20:32:01Z",
                    "2026-07-10T20:32:27Z",
                    "2026-07-10T20:32:57Z",
                    "2026-07-10T20:33:25Z",
                    "2026-07-10T20:33:51Z",
                    "2026-07-10T20:34:23Z",
                    "2026-07-10T20:34:49Z",
                    "2026-07-10T20:35:21Z",
                    "2026-07-10T20:35:48Z",
                    "2026-07-10T20:36:21Z",
                    "2026-07-10T20:36:58Z",
                    "2026-07-10T20:37:25Z",
                    "2026-07-10T20:37:53Z",
                    "2026-07-10T20:40:39Z",
                    "2026-07-10T20:41:10Z",
                    "2026-07-10T20:41:42Z",
                    "2026-07-10T20:42:13Z",
                    "2026-07-10T20:42:38Z",
                    "2026-07-10T20:43:06Z",
                    "2026-07-10T20:43:37Z",
                    "2026-07-10T20:44:03Z",
                    "2026-07-10T20:44:31Z",
                    "2026-07-10T20:45:05Z",
                    "2026-07-10T20:45:35Z",
                    "2026-07-10T20:46:05Z",
                    "2026-07-10T20:46:29Z",
                    "2026-07-10T20:46:58Z",
                    "2026-07-10T20:47:27Z",
                    "2026-07-10T20:47:57Z",
                    "2026-07-10T20:48:30Z",
                    "2026-07-10T20:48:55Z",
                    "2026-07-10T20:49:31Z",
                    "2026-07-10T20:50:06Z",
                    "2026-07-10T20:50:36Z",
                    "2026-07-10T20:51:05Z",
                    "2026-07-10T20:51:36Z",
                    "2026-07-10T20:52:08Z",
                    "2026-07-10T20:52:40Z",
                    "2026-07-10T20:53:30Z",
                    "2026-07-10T20:54:30Z",
                    "2026-07-10T20:55:16Z",
                    "2026-07-10T20:55:55Z",
                    "2026-07-10T20:56:23Z",
                    "2026-07-10T20:57:20Z",
                    "2026-07-10T20:57:47Z",
                    "2026-07-10T20:58:20Z",
                    "2026-07-10T20:58:47Z",
                    "2026-07-10T20:59:16Z",
                    "2026-07-10T20:59:46Z",
                    "2026-07-10T21:00:13Z",
                    "2026-07-10T21:00:40Z",
                    "2026-07-10T21:01:17Z",
                    "2026-07-10T21:01:46Z",
                    "2026-07-10T21:02:19Z",
                    "2026-07-10T21:02:44Z",
                    "2026-07-10T21:03:29Z",
                    "2026-07-10T21:04:11Z",
                    "2026-07-10T21:04:52Z",
                    "2026-07-10T21:05:25Z",
                    "2026-07-10T21:05:52Z",
                    "2026-07-10T21:06:43Z",
                    "2026-07-10T21:07:32Z",
                    "2026-07-10T21:08:05Z",
                    "2026-07-10T21:08:39Z",
                    "2026-07-10T21:09:11Z",
                    "2026-07-10T21:09:38Z",
                    "2026-07-10T21:10:03Z",
                    "2026-07-10T21:10:37Z",
                    "2026-07-10T21:11:06Z",
                    "2026-07-10T21:11:39Z",
                    "2026-07-10T21:12:09Z",
                    "2026-07-10T21:12:37Z",
                    "2026-07-10T21:13:08Z",
                    "2026-07-10T21:13:41Z",
                    "2026-07-10T21:14:08Z",
                    "2026-07-10T21:14:41Z",
                    "2026-07-10T21:15:11Z",
                    "2026-07-10T21:15:42Z",
                    "2026-07-10T21:16:18Z",
                    "2026-07-10T21:24:30Z",
                    "2026-07-10T21:25:35Z",
                    "2026-07-10T21:26:14Z",
                    "2026-07-10T21:26:46Z",
                    "2026-07-10T21:27:16Z",
                    "2026-07-10T21:28:00Z",
                    "2026-07-10T21:28:29Z",
                    "2026-07-10T21:28:58Z",
                    "2026-07-10T21:29:25Z",
                    "2026-07-10T21:29:50Z",
                    "2026-07-10T21:30:16Z",
                    "2026-07-10T21:30:44Z",
                    "2026-07-10T21:31:09Z",
                    "2026-07-10T21:31:33Z",
                    "2026-07-10T21:32:51Z",
                    "2026-07-10T21:33:16Z",
                    "2026-07-10T21:33:40Z",
                    "2026-07-10T21:34:12Z",
                    "2026-07-10T21:34:38Z",
                    "2026-07-10T21:35:02Z",
                    "2026-07-10T21:35:33Z",
                    "2026-07-10T21:36:06Z",
                    "2026-07-10T21:36:35Z",
                    "2026-07-10T21:37:05Z",
                    "2026-07-10T21:37:45Z",
                    "2026-07-10T21:38:21Z",
                    "2026-07-10T21:38:51Z",
                    "2026-07-10T21:39:18Z",
                    "2026-07-10T21:39:48Z",
                    "2026-07-10T21:40:13Z",
                    "2026-07-10T21:40:40Z",
                    "2026-07-10T21:41:04Z",
                    "2026-07-10T21:41:32Z",
                    "2026-07-10T21:41:59Z",
                    "2026-07-10T21:42:32Z",
                    "2026-07-10T21:43:04Z",
                    "2026-07-10T21:43:34Z",
                    "2026-07-10T21:44:04Z",
                    "2026-07-10T21:44:32Z",
                    "2026-07-10T21:45:08Z",
                    "2026-07-10T21:45:35Z",
                    "2026-07-10T21:46:03Z",
                    "2026-07-10T21:46:43Z",
                    "2026-07-10T21:47:12Z",
                    "2026-07-10T21:48:09Z",
                    "2026-07-10T21:48:39Z",
                    "2026-07-10T21:49:07Z",
                    "2026-07-10T21:49:38Z",
                    "2026-07-10T21:50:07Z",
                    "2026-07-10T21:50:42Z",
                    "2026-07-10T21:51:10Z",
                    "2026-07-10T21:51:44Z",
                    "2026-07-10T21:52:09Z",
                    "2026-07-10T21:52:37Z",
                    "2026-07-10T21:53:06Z",
                    "2026-07-10T21:53:31Z",
                    "2026-07-10T21:53:57Z",
                    "2026-07-10T21:54:54Z",
                    "2026-07-10T21:55:26Z",
                    "2026-07-10T21:55:56Z",
                    "2026-07-10T21:56:36Z",
                    "2026-07-10T21:57:08Z",
                    "2026-07-10T21:57:36Z",
                    "2026-07-10T21:58:19Z",
                    "2026-07-10T21:58:46Z",
                    "2026-07-10T21:59:16Z",
                    "2026-07-10T21:59:45Z",
                    "2026-07-10T22:00:17Z",
                    "2026-07-10T22:00:46Z",
                    "2026-07-10T22:01:11Z",
                    "2026-07-10T22:01:42Z",
                    "2026-07-10T22:02:28Z",
                    "2026-07-10T22:03:01Z",
                    "2026-07-10T22:03:33Z",
                    "2026-07-10T22:03:59Z",
                    "2026-07-10T22:04:28Z",
                    "2026-07-10T22:04:53Z",
                    "2026-07-10T22:05:26Z",
                    "2026-07-10T22:05:55Z",
                    "2026-07-10T22:06:23Z",
                    "2026-07-10T22:06:59Z",
                    "2026-07-10T22:07:25Z",
                    "2026-07-10T22:07:54Z",
                    "2026-07-10T22:08:21Z",
                    "2026-07-10T22:08:54Z",
                    "2026-07-10T22:09:22Z",
                    "2026-07-10T22:09:55Z",
                    "2026-07-10T22:10:20Z",
                    "2026-07-10T22:10:51Z",
                    "2026-07-10T22:11:19Z",
                    "2026-07-10T22:11:50Z",
                    "2026-07-10T22:13:46Z",
                    "2026-07-10T22:14:19Z",
                    "2026-07-10T22:14:50Z",
                    "2026-07-10T22:15:27Z",
                    "2026-07-10T22:16:13Z",
                    "2026-07-10T22:17:04Z",
                    "2026-07-10T22:17:35Z",
                    "2026-07-10T22:18:07Z",
                    "2026-07-10T22:19:06Z",
                    "2026-07-10T22:20:16Z",
                    "2026-07-10T22:20:51Z",
                    "2026-07-10T22:21:30Z",
                    "2026-07-10T22:22:31Z",
                    "2026-07-10T22:23:11Z",
                    "2026-07-10T22:23:43Z",
                    "2026-07-10T22:24:32Z",
                    "2026-07-10T22:25:42Z",
                    "2026-07-10T22:26:10Z",
                    "2026-07-10T22:26:37Z",
                    "2026-07-10T22:27:03Z",
                    "2026-07-10T22:27:33Z",
                    "2026-07-10T22:28:02Z",
                    "2026-07-10T22:28:29Z",
                    "2026-07-10T22:28:59Z",
                    "2026-07-10T22:29:31Z",
                    "2026-07-10T22:29:59Z",
                    "2026-07-10T22:30:30Z",
                    "2026-07-10T22:30:55Z",
                    "2026-07-10T22:31:21Z",
                    "2026-07-10T22:31:45Z",
                    "2026-07-10T22:32:52Z",
                    "2026-07-10T22:33:16Z",
                    "2026-07-10T22:33:43Z",
                    "2026-07-10T22:34:12Z",
                    "2026-07-10T22:34:49Z",
                    "2026-07-10T22:35:25Z",
                    "2026-07-10T22:35:58Z",
                    "2026-07-10T22:36:33Z",
                    "2026-07-10T22:37:08Z",
                    "2026-07-10T22:37:51Z",
                    "2026-07-10T22:38:20Z",
                    "2026-07-10T22:38:54Z",
                    "2026-07-10T22:39:50Z",
                    "2026-07-10T22:56:02Z",
                    "2026-07-10T22:56:37Z",
                    "2026-07-10T22:57:21Z",
                    "2026-07-10T22:58:08Z",
                    "2026-07-10T22:59:22Z",
                    "2026-07-10T23:00:00Z",
                    "2026-07-10T23:00:30Z",
                    "2026-07-10T23:01:08Z",
                    "2026-07-10T23:01:45Z",
                    "2026-07-10T23:02:16Z",
                    "2026-07-10T23:02:46Z",
                    "2026-07-10T23:03:17Z",
                    "2026-07-10T23:03:51Z",
                    "2026-07-10T23:04:21Z",
                    "2026-07-10T23:04:47Z",
                    "2026-07-10T23:05:11Z",
                    "2026-07-10T23:05:41Z",
                    "2026-07-10T23:06:15Z",
                    "2026-07-10T23:06:43Z",
                    "2026-07-10T23:07:11Z",
                    "2026-07-10T23:07:47Z",
                    "2026-07-10T23:08:18Z",
                    "2026-07-10T23:08:56Z",
                    "2026-07-10T23:09:28Z",
                    "2026-07-10T23:09:55Z",
                    "2026-07-10T23:10:24Z",
                    "2026-07-10T23:10:53Z",
                    "2026-07-10T23:11:28Z",
                    "2026-07-10T23:11:54Z",
                    "2026-07-10T23:12:19Z",
                    "2026-07-10T23:12:50Z",
                    "2026-07-10T23:13:21Z",
                    "2026-07-10T23:13:50Z",
                    "2026-07-10T23:14:20Z",
                    "2026-07-10T23:14:46Z",
                    "2026-07-10T23:15:11Z",
                    "2026-07-10T23:15:38Z",
                    "2026-07-10T23:16:07Z",
                    "2026-07-10T23:17:19Z",
                    "2026-07-10T23:17:50Z",
                    "2026-07-10T23:18:25Z",
                    "2026-07-10T23:19:03Z",
                    "2026-07-10T23:19:28Z",
                    "2026-07-10T23:19:59Z",
                    "2026-07-10T23:20:36Z",
                    "2026-07-10T23:21:16Z",
                    "2026-07-10T23:21:44Z",
                    "2026-07-10T23:22:12Z",
                    "2026-07-10T23:22:42Z",
                    "2026-07-10T23:23:12Z",
                    "2026-07-10T23:23:47Z",
                    "2026-07-10T23:24:23Z",
                    "2026-07-10T23:24:48Z",
                    "2026-07-10T23:25:14Z",
                    "2026-07-10T23:25:43Z",
                    "2026-07-10T23:26:07Z",
                    "2026-07-10T23:26:35Z",
                    "2026-07-10T23:27:09Z",
                    "2026-07-10T23:27:41Z",
                    "2026-07-10T23:28:10Z",
                    "2026-07-10T23:28:36Z",
                    "2026-07-10T23:29:08Z",
                    "2026-07-10T23:29:36Z",
                    "2026-07-10T23:30:06Z",
                    "2026-07-10T23:30:40Z",
                    "2026-07-10T23:31:08Z",
                    "2026-07-10T23:31:34Z",
                    "2026-07-10T23:32:02Z",
                    "2026-07-10T23:32:31Z",
                    "2026-07-10T23:33:09Z",
                    "2026-07-10T23:33:37Z",
                    "2026-07-10T23:34:03Z",
                    "2026-07-10T23:34:33Z",
                    "2026-07-10T23:35:08Z",
                    "2026-07-10T23:35:40Z",
                    "2026-07-10T23:36:08Z",
                    "2026-07-10T23:36:35Z",
                    "2026-07-10T23:37:03Z",
                    "2026-07-10T23:37:28Z",
                    "2026-07-10T23:38:44Z",
                    "2026-07-10T23:39:15Z",
                    "2026-07-10T23:39:43Z",
                    "2026-07-10T23:40:18Z",
                    "2026-07-10T23:41:11Z",
                    "2026-07-10T23:41:53Z",
                    "2026-07-10T23:42:24Z",
                    "2026-07-10T23:43:07Z",
                    "2026-07-10T23:44:04Z",
                    "2026-07-10T23:44:33Z",
                    "2026-07-10T23:44:59Z",
                    "2026-07-10T23:45:25Z",
                    "2026-07-10T23:45:56Z",
                    "2026-07-10T23:46:26Z",
                    "2026-07-10T23:46:52Z",
                    "2026-07-10T23:47:18Z",
                    "2026-07-10T23:47:44Z",
                    "2026-07-10T23:48:08Z",
                    "2026-07-10T23:48:35Z",
                    "2026-07-10T23:49:03Z",
                    "2026-07-10T23:49:27Z",
                    "2026-07-10T23:49:52Z",
                    "2026-07-10T23:50:20Z",
                    "2026-07-10T23:50:44Z",
                    "2026-07-10T23:51:12Z",
                    "2026-07-10T23:51:43Z",
                    "2026-07-10T23:52:08Z",
                    "2026-07-10T23:52:37Z",
                    "2026-07-10T23:53:01Z",
                    "2026-07-10T23:53:27Z",
                    "2026-07-10T23:53:56Z",
                    "2026-07-10T23:54:30Z",
                    "2026-07-10T23:54:55Z",
                    "2026-07-10T23:55:21Z",
                    "2026-07-10T23:55:47Z",
                    "2026-07-10T23:56:14Z",
                    "2026-07-10T23:56:38Z",
                    "2026-07-10T23:57:07Z",
                    "2026-07-10T23:57:39Z",
                    "2026-07-10T23:58:05Z",
                    "2026-07-10T23:58:38Z",
                    "2026-07-10T23:59:06Z",
                    "2026-07-10T23:59:30Z",
                    "2026-07-10T23:59:59Z",
                    "2026-07-11T00:00:25Z",
                    "2026-07-11T00:01:08Z",
                    "2026-07-11T00:07:28Z",
                    "2026-07-11T00:08:00Z",
                    "2026-07-11T00:08:31Z",
                    "2026-07-11T00:09:11Z",
                    "2026-07-11T00:09:44Z",
                    "2026-07-11T00:10:23Z",
                    "2026-07-11T00:10:55Z",
                    "2026-07-11T00:11:34Z",
                    "2026-07-11T00:12:23Z",
                    "2026-07-11T00:13:09Z",
                    "2026-07-11T00:13:46Z",
                    "2026-07-11T00:14:23Z",
                    "2026-07-11T00:15:01Z",
                    "2026-07-11T00:15:49Z",
                    "2026-07-11T00:16:30Z",
                    "2026-07-11T00:17:08Z",
                    "2026-07-11T00:17:36Z",
                    "2026-07-11T00:18:13Z",
                    "2026-07-11T00:18:43Z",
                    "2026-07-11T00:19:15Z",
                    "2026-07-11T00:19:52Z",
                    "2026-07-11T00:20:20Z",
                    "2026-07-11T00:20:53Z",
                    "2026-07-11T00:21:27Z",
                    "2026-07-11T00:22:01Z",
                    "2026-07-11T00:22:35Z",
                    "2026-07-11T00:23:11Z",
                    "2026-07-11T00:23:46Z",
                    "2026-07-11T00:24:14Z",
                    "2026-07-11T00:24:47Z",
                    "2026-07-11T00:25:17Z",
                    "2026-07-11T00:25:44Z",
                    "2026-07-11T00:26:11Z",
                    "2026-07-11T00:26:42Z",
                    "2026-07-11T00:27:13Z",
                    "2026-07-11T00:27:38Z",
                    "2026-07-11T00:28:03Z",
                    "2026-07-11T00:28:30Z",
                    "2026-07-11T00:28:59Z",
                    "2026-07-11T00:29:26Z",
                    "2026-07-11T00:30:01Z",
                    "2026-07-11T00:30:34Z",
                    "2026-07-11T00:31:14Z",
                    "2026-07-11T00:31:42Z",
                    "2026-07-11T00:33:12Z",
                    "2026-07-11T00:39:59Z",
                    "2026-07-11T00:40:27Z",
                    "2026-07-11T00:41:30Z",
                    "2026-07-11T00:42:05Z",
                    "2026-07-11T00:42:46Z",
                    "2026-07-11T00:43:13Z",
                    "2026-07-11T00:43:47Z",
                    "2026-07-11T00:44:19Z",
                    "2026-07-11T00:44:45Z",
                    "2026-07-11T00:45:38Z",
                    "2026-07-11T00:46:09Z",
                    "2026-07-11T00:46:40Z",
                    "2026-07-11T00:47:14Z",
                    "2026-07-11T00:47:50Z",
                    "2026-07-11T00:48:23Z",
                    "2026-07-11T00:49:00Z",
                    "2026-07-11T00:49:28Z",
                    "2026-07-11T00:50:05Z",
                    "2026-07-11T00:51:14Z",
                    "2026-07-11T00:51:55Z",
                    "2026-07-11T00:52:25Z",
                    "2026-07-11T00:53:03Z",
                    "2026-07-11T00:53:35Z",
                    "2026-07-11T00:54:07Z",
                    "2026-07-11T00:54:44Z",
                    "2026-07-11T00:55:21Z",
                    "2026-07-11T00:56:02Z",
                    "2026-07-11T00:58:06Z",
                    "2026-07-11T00:58:46Z",
                    "2026-07-11T00:59:20Z",
                    "2026-07-11T00:59:50Z",
                    "2026-07-11T01:00:22Z",
                    "2026-07-11T01:00:55Z",
                    "2026-07-11T01:01:25Z",
                    "2026-07-11T01:01:52Z",
                    "2026-07-11T01:02:21Z",
                    "2026-07-11T01:02:49Z",
                    "2026-07-11T01:03:18Z",
                    "2026-07-11T01:03:47Z",
                    "2026-07-11T01:04:16Z",
                    "2026-07-11T01:04:43Z",
                    "2026-07-11T01:05:17Z",
                    "2026-07-11T01:05:46Z",
                    "2026-07-11T01:06:39Z",
                    "2026-07-11T01:07:22Z",
                    "2026-07-11T01:08:01Z",
                    "2026-07-11T01:08:52Z",
                    "2026-07-11T01:10:23Z",
                    "2026-07-11T01:10:52Z",
                    "2026-07-11T01:11:30Z",
                    "2026-07-11T01:12:01Z",
                    "2026-07-11T01:12:29Z",
                    "2026-07-11T01:12:58Z",
                    "2026-07-11T01:13:28Z",
                    "2026-07-11T01:13:57Z",
                    "2026-07-11T01:15:21Z",
                    "2026-07-11T01:20:35Z",
                    "2026-07-11T01:21:07Z",
                    "2026-07-11T01:21:44Z",
                    "2026-07-11T01:22:19Z",
                    "2026-07-11T01:23:01Z",
                    "2026-07-11T01:24:12Z",
                    "2026-07-11T01:24:43Z",
                    "2026-07-11T01:25:14Z",
                    "2026-07-11T01:25:43Z",
                    "2026-07-11T01:26:10Z",
                    "2026-07-11T01:26:39Z",
                    "2026-07-11T01:27:07Z",
                    "2026-07-11T01:27:43Z",
                    "2026-07-11T01:28:18Z",
                    "2026-07-11T01:29:14Z",
                    "2026-07-11T01:30:34Z",
                    "2026-07-11T01:31:07Z",
                    "2026-07-11T01:31:53Z",
                    "2026-07-11T01:32:52Z",
                    "2026-07-11T01:33:28Z",
                    "2026-07-11T01:34:02Z",
                    "2026-07-11T01:34:50Z",
                    "2026-07-11T01:35:26Z",
                    "2026-07-11T01:35:59Z",
                    "2026-07-11T01:36:36Z",
                    "2026-07-11T01:37:03Z",
                    "2026-07-11T01:37:33Z",
                    "2026-07-11T01:37:59Z",
                    "2026-07-11T01:38:29Z",
                    "2026-07-11T01:39:00Z",
                    "2026-07-11T01:39:32Z",
                    "2026-07-11T01:40:07Z",
                    "2026-07-11T01:41:20Z",
                    "2026-07-11T01:42:02Z",
                    "2026-07-11T01:42:31Z",
                    "2026-07-11T01:43:03Z",
                    "2026-07-11T01:43:34Z",
                    "2026-07-11T01:44:04Z",
                    "2026-07-11T01:44:35Z",
                    "2026-07-11T01:45:15Z",
                    "2026-07-11T01:46:57Z",
                    "2026-07-11T01:47:24Z",
                    "2026-07-11T01:47:52Z",
                    "2026-07-11T01:48:18Z",
                    "2026-07-11T01:48:45Z",
                    "2026-07-11T01:49:32Z",
                    "2026-07-11T01:50:06Z",
                    "2026-07-11T01:50:34Z",
                    "2026-07-11T01:51:13Z",
                    "2026-07-11T01:51:45Z",
                    "2026-07-11T01:52:16Z",
                    "2026-07-11T01:52:47Z",
                    "2026-07-11T01:53:20Z",
                    "2026-07-11T01:53:50Z",
                    "2026-07-11T01:54:35Z",
                    "2026-07-11T01:55:03Z",
                    "2026-07-11T01:55:34Z",
                    "2026-07-11T01:56:04Z",
                    "2026-07-11T01:56:34Z",
                    "2026-07-11T01:57:01Z",
                    "2026-07-11T01:57:27Z",
                    "2026-07-11T01:57:54Z",
                    "2026-07-11T01:58:33Z",
                    "2026-07-11T01:58:59Z",
                    "2026-07-11T01:59:32Z",
                    "2026-07-11T02:00:59Z",
                    "2026-07-11T02:01:27Z",
                    "2026-07-11T02:01:49Z",
                    "2026-07-11T02:33:14Z",
                    "2026-07-11T02:33:48Z",
                    "2026-07-11T02:34:15Z",
                    "2026-07-11T02:34:44Z",
                    "2026-07-11T02:35:13Z",
                    "2026-07-11T02:35:38Z",
                    "2026-07-11T02:36:07Z",
                    "2026-07-11T02:36:35Z",
                    "2026-07-11T02:36:59Z",
                    "2026-07-11T02:37:25Z",
                    "2026-07-11T02:37:50Z",
                    "2026-07-11T02:38:17Z",
                    "2026-07-11T02:38:43Z",
                    "2026-07-11T02:39:28Z",
                    "2026-07-11T02:39:59Z",
                    "2026-07-11T02:40:24Z",
                    "2026-07-11T02:40:49Z",
                    "2026-07-11T02:41:14Z",
                    "2026-07-11T02:41:41Z",
                    "2026-07-11T02:42:09Z",
                    "2026-07-11T02:42:34Z",
                    "2026-07-11T02:42:58Z",
                    "2026-07-11T02:43:23Z",
                    "2026-07-11T02:43:47Z",
                    "2026-07-11T02:44:11Z",
                    "2026-07-11T02:44:38Z",
                    "2026-07-11T02:45:06Z",
                    "2026-07-11T02:45:30Z",
                    "2026-07-11T02:45:55Z",
                    "2026-07-11T02:46:23Z",
                    "2026-07-11T02:46:47Z",
                    "2026-07-11T02:47:16Z",
                    "2026-07-11T02:47:50Z",
                    "2026-07-11T02:48:17Z",
                    "2026-07-11T02:48:42Z",
                    "2026-07-11T02:49:07Z",
                    "2026-07-11T02:49:31Z",
                    "2026-07-11T02:49:55Z",
                    "2026-07-11T02:50:19Z",
                    "2026-07-11T02:50:44Z",
                    "2026-07-11T02:51:13Z",
                    "2026-07-11T02:51:50Z"
                ]
            },
            "geometry": {
                "type": "LineString",
                "coordinates": [
                    [
                        138.58834693427838,
                        36.70671321007593,
                        1941
                    ],
                    [
                        138.5881893725554,
                        36.70665007613312,
                        1941
                    ],
                    [
                        138.5880153230978,
                        36.70663702627303,
                        1932
                    ],
                    [
                        138.5877771216832,
                        36.706614189747775,
                        1933
                    ],
                    [
                        138.5874998212589,
                        36.70649406084502,
                        1935
                    ],
                    [
                        138.58729555515748,
                        36.706300790024095,
                        1930
                    ],
                    [
                        138.58709174113645,
                        36.70612355050012,
                        1923
                    ],
                    [
                        138.58703532328565,
                        36.7059809237508,
                        1922
                    ],
                    [
                        138.58706631594566,
                        36.70574327973682,
                        1918
                    ],
                    [
                        138.58706463658362,
                        36.70552354286974,
                        1915
                    ],
                    [
                        138.5870003527486,
                        36.70523056128571,
                        1914
                    ],
                    [
                        138.58686422545523,
                        36.705011787613785,
                        1907
                    ],
                    [
                        138.58673499030687,
                        36.70479811003429,
                        1898
                    ],
                    [
                        138.58670881022542,
                        36.70461149420567,
                        1894
                    ],
                    [
                        138.586679515978,
                        36.70442023050999,
                        1883
                    ],
                    [
                        138.58662356588675,
                        36.70423731937381,
                        1877
                    ],
                    [
                        138.58652327075194,
                        36.70401477103999,
                        1869
                    ],
                    [
                        138.5863941318413,
                        36.70377405648286,
                        1864
                    ],
                    [
                        138.58610057338925,
                        36.703611498680466,
                        1860
                    ],
                    [
                        138.58598418247942,
                        36.70333671614061,
                        1858
                    ],
                    [
                        138.58576205032332,
                        36.703120598919156,
                        1861
                    ],
                    [
                        138.58550219818088,
                        36.702914221583,
                        1862
                    ],
                    [
                        138.58526486031937,
                        36.70274169893789,
                        1863
                    ],
                    [
                        138.5850369947873,
                        36.70256767067269,
                        1870
                    ],
                    [
                        138.584882580111,
                        36.702420198880176,
                        1874
                    ],
                    [
                        138.5847322003944,
                        36.70227454374527,
                        1877
                    ],
                    [
                        138.5846520677829,
                        36.70210950190357,
                        1881
                    ],
                    [
                        138.58457789830703,
                        36.70191380877085,
                        1884
                    ],
                    [
                        138.58449377834552,
                        36.701667715470634,
                        1883
                    ],
                    [
                        138.58444067068405,
                        36.70158456588844,
                        1889
                    ],
                    [
                        138.58438406694984,
                        36.70134141412561,
                        1894
                    ],
                    [
                        138.58414335058015,
                        36.70121163626134,
                        1893
                    ],
                    [
                        138.58395346707763,
                        36.70118347732779,
                        1897
                    ],
                    [
                        138.5837145629176,
                        36.70123581311552,
                        1902
                    ],
                    [
                        138.58347599869228,
                        36.70127692907022,
                        1905
                    ],
                    [
                        138.58326754552093,
                        36.701352113024086,
                        1911
                    ],
                    [
                        138.5830652330452,
                        36.70144066826514,
                        1920
                    ],
                    [
                        138.58278978285207,
                        36.70156283824759,
                        1917
                    ],
                    [
                        138.58256512678471,
                        36.7016349512933,
                        1921
                    ],
                    [
                        138.58230717090171,
                        36.70174662469546,
                        1921
                    ],
                    [
                        138.58215144947184,
                        36.70181749208801,
                        1921
                    ],
                    [
                        138.58189642822646,
                        36.70202234065768,
                        1921
                    ],
                    [
                        138.5816201313227,
                        36.70214195280318,
                        1920
                    ],
                    [
                        138.58133294470343,
                        36.702207706527034,
                        1924
                    ],
                    [
                        138.58125995102344,
                        36.70245288923499,
                        1919
                    ],
                    [
                        138.5810549045991,
                        36.702627865479826,
                        1925
                    ],
                    [
                        138.5807661651694,
                        36.70272622900173,
                        1923
                    ],
                    [
                        138.58057580942204,
                        36.70286386018341,
                        1931
                    ],
                    [
                        138.58040394433561,
                        36.70298739254773,
                        1934
                    ],
                    [
                        138.58034832104755,
                        36.70317714905559,
                        1936
                    ],
                    [
                        138.58010701239022,
                        36.703191249195676,
                        1943
                    ],
                    [
                        138.58000097016037,
                        36.703341947183475,
                        1946
                    ],
                    [
                        138.5799359524078,
                        36.70352678554067,
                        1945
                    ],
                    [
                        138.57995340699014,
                        36.70366724544124,
                        1939
                    ],
                    [
                        138.57981443785542,
                        36.70374498195217,
                        1933
                    ],
                    [
                        138.5796758927574,
                        36.7036618112863,
                        1926
                    ],
                    [
                        138.5796113260641,
                        36.703485965065916,
                        1920
                    ],
                    [
                        138.57938263879578,
                        36.703490537299444,
                        1925
                    ],
                    [
                        138.57914671760815,
                        36.703496163448726,
                        1919
                    ],
                    [
                        138.57896924722158,
                        36.703600810512775,
                        1925
                    ],
                    [
                        138.57863769228328,
                        36.703757054566694,
                        1921
                    ],
                    [
                        138.5783984256208,
                        36.70392912000737,
                        1922
                    ],
                    [
                        138.5782891966069,
                        36.704100066735364,
                        1925
                    ],
                    [
                        138.5781923256892,
                        36.7042667352784,
                        1928
                    ],
                    [
                        138.57808621179058,
                        36.70444376699566,
                        1934
                    ],
                    [
                        138.5780410721583,
                        36.70457876912506,
                        1937
                    ],
                    [
                        138.57810723992574,
                        36.70481370633285,
                        1939
                    ],
                    [
                        138.57801846376321,
                        36.705056707018755,
                        1938
                    ],
                    [
                        138.5778325996815,
                        36.70518671175726,
                        1937
                    ],
                    [
                        138.57772918903666,
                        36.70529624584768,
                        1937
                    ],
                    [
                        138.57755701836376,
                        36.705416244385695,
                        1947
                    ],
                    [
                        138.5773878023635,
                        36.705429834165564,
                        1954
                    ],
                    [
                        138.5772122786568,
                        36.70541674006699,
                        1958
                    ],
                    [
                        138.5770111308258,
                        36.70551639078474,
                        1960
                    ],
                    [
                        138.57679151971635,
                        36.705570736454355,
                        1968
                    ],
                    [
                        138.57664388708625,
                        36.705716648980214,
                        1975
                    ],
                    [
                        138.57657004294052,
                        36.70584383278821,
                        1980
                    ],
                    [
                        138.57652465477778,
                        36.70603929629481,
                        1988
                    ],
                    [
                        138.57641578999196,
                        36.70621586607808,
                        1996
                    ],
                    [
                        138.57628423828157,
                        36.7063827560389,
                        1999
                    ],
                    [
                        138.57602752114005,
                        36.706502820164154,
                        2001
                    ],
                    [
                        138.57580281418683,
                        36.706563437704574,
                        2008
                    ],
                    [
                        138.57562832933456,
                        36.706585272948885,
                        2012
                    ],
                    [
                        138.57539133165483,
                        36.706642576235694,
                        2015
                    ],
                    [
                        138.57524426559664,
                        36.706854259004565,
                        2013
                    ],
                    [
                        138.57511855423115,
                        36.70707580033966,
                        2016
                    ],
                    [
                        138.574997630549,
                        36.70723317159305,
                        2023
                    ],
                    [
                        138.57491358628207,
                        36.70741284930374,
                        2030
                    ],
                    [
                        138.574849903693,
                        36.707554516043785,
                        2032
                    ],
                    [
                        138.5747434437444,
                        36.707668496738094,
                        2039
                    ],
                    [
                        138.5745056826447,
                        36.70769732011007,
                        2039
                    ],
                    [
                        138.5742321654921,
                        36.707567229572646,
                        2045
                    ],
                    [
                        138.57396737267814,
                        36.707438338868094,
                        2044
                    ],
                    [
                        138.57393510861644,
                        36.70734917951797,
                        2039
                    ],
                    [
                        138.57379983109524,
                        36.70721013565105,
                        2031
                    ],
                    [
                        138.57366001362664,
                        36.70713255187892,
                        2023
                    ],
                    [
                        138.5735451184197,
                        36.70702960430646,
                        2016
                    ],
                    [
                        138.57340061289332,
                        36.706953716946856,
                        2006
                    ],
                    [
                        138.57331376861882,
                        36.70688715823143,
                        2001
                    ],
                    [
                        138.57316245437127,
                        36.706817720810854,
                        1993
                    ],
                    [
                        138.57297937967797,
                        36.70669992824707,
                        1985
                    ],
                    [
                        138.57275102244145,
                        36.70654835414032,
                        1979
                    ],
                    [
                        138.5725658961607,
                        36.7063447275682,
                        1977
                    ],
                    [
                        138.57246335120988,
                        36.706107367833226,
                        1975
                    ],
                    [
                        138.57227260551235,
                        36.705861099538666,
                        1968
                    ],
                    [
                        138.57196813116707,
                        36.70573827889135,
                        1965
                    ],
                    [
                        138.5717016578751,
                        36.70563323502788,
                        1966
                    ],
                    [
                        138.57134232268476,
                        36.705628947816976,
                        1962
                    ],
                    [
                        138.57100534520094,
                        36.70572082857821,
                        1959
                    ],
                    [
                        138.57069187827003,
                        36.70572702971122,
                        1955
                    ],
                    [
                        138.5703837870892,
                        36.70579652751114,
                        1962
                    ],
                    [
                        138.57008966756126,
                        36.70581875394107,
                        1962
                    ],
                    [
                        138.56978272036542,
                        36.70578642289962,
                        1965
                    ],
                    [
                        138.56947906168955,
                        36.70577858709816,
                        1969
                    ],
                    [
                        138.569214923553,
                        36.705885326467445,
                        1973
                    ],
                    [
                        138.5688606903664,
                        36.705996493511265,
                        1971
                    ],
                    [
                        138.56865904089935,
                        36.70610264492542,
                        1975
                    ],
                    [
                        138.56849375829643,
                        36.70624156591329,
                        1981
                    ],
                    [
                        138.56832993249824,
                        36.70629368777499,
                        1985
                    ],
                    [
                        138.56795297073137,
                        36.70628908390353,
                        1979
                    ],
                    [
                        138.56769905587493,
                        36.7061783995899,
                        1976
                    ],
                    [
                        138.56750151650786,
                        36.705964459795034,
                        1968
                    ],
                    [
                        138.56727569849377,
                        36.70577877891651,
                        1962
                    ],
                    [
                        138.56696873462002,
                        36.70580441715342,
                        1960
                    ],
                    [
                        138.56664962400808,
                        36.70584787930862,
                        1960
                    ],
                    [
                        138.56629619934452,
                        36.70581132249427,
                        1958
                    ],
                    [
                        138.56600668407182,
                        36.7057847307606,
                        1958
                    ],
                    [
                        138.5657130141438,
                        36.70580786077018,
                        1962
                    ],
                    [
                        138.5654303905066,
                        36.70585073821967,
                        1965
                    ],
                    [
                        138.56525869799128,
                        36.70588795159502,
                        1970
                    ],
                    [
                        138.56501022970554,
                        36.705872784125226,
                        1970
                    ],
                    [
                        138.56478739515921,
                        36.70586897918923,
                        1973
                    ],
                    [
                        138.5643890380723,
                        36.70578886256109,
                        1969
                    ],
                    [
                        138.5641450742551,
                        36.70563837703051,
                        1963
                    ],
                    [
                        138.56383567347595,
                        36.70547438329359,
                        1963
                    ],
                    [
                        138.563516908141,
                        36.70531944368242,
                        1963
                    ],
                    [
                        138.5632118986716,
                        36.7054458848345,
                        1964
                    ],
                    [
                        138.56298859606065,
                        36.70559698242578,
                        1964
                    ],
                    [
                        138.56260088410522,
                        36.705627834312125,
                        1961
                    ],
                    [
                        138.5624319830268,
                        36.705661283316054,
                        1964
                    ],
                    [
                        138.56221732466815,
                        36.70586513944674,
                        1962
                    ],
                    [
                        138.5619840522809,
                        36.706098279075945,
                        1959
                    ],
                    [
                        138.56164771304887,
                        36.706050168293885,
                        1958
                    ],
                    [
                        138.56128655450604,
                        36.705983074800365,
                        1959
                    ],
                    [
                        138.56104813051647,
                        36.70596026871449,
                        1959
                    ],
                    [
                        138.56081467789903,
                        36.7059450648096,
                        1960
                    ],
                    [
                        138.5606306457556,
                        36.70592635883806,
                        1964
                    ],
                    [
                        138.56044827132894,
                        36.70591324887761,
                        1968
                    ],
                    [
                        138.56020836453072,
                        36.705856064826776,
                        1969
                    ],
                    [
                        138.5600258771689,
                        36.70584113660515,
                        1969
                    ],
                    [
                        138.5597376583094,
                        36.7057104087134,
                        1964
                    ],
                    [
                        138.55947399868228,
                        36.705616884813836,
                        1965
                    ],
                    [
                        138.55917191200209,
                        36.70563063269279,
                        1964
                    ],
                    [
                        138.5591127068553,
                        36.7058626347074,
                        1976
                    ],
                    [
                        138.55902374917468,
                        36.706095701983784,
                        1978
                    ],
                    [
                        138.55882439092167,
                        36.70625549604626,
                        1974
                    ],
                    [
                        138.5587688410941,
                        36.70639499181124,
                        1984
                    ],
                    [
                        138.55851930122213,
                        36.70650846604736,
                        1981
                    ],
                    [
                        138.55815941999577,
                        36.706490815519935,
                        1982
                    ],
                    [
                        138.55791637293117,
                        36.706468641294045,
                        1983
                    ],
                    [
                        138.55767361981572,
                        36.706453375855666,
                        1988
                    ],
                    [
                        138.55736052620202,
                        36.70645226832064,
                        1989
                    ],
                    [
                        138.5570533953177,
                        36.706476922398394,
                        1989
                    ],
                    [
                        138.55674532577262,
                        36.70640289068301,
                        1988
                    ],
                    [
                        138.55648592997775,
                        36.70627516522658,
                        1984
                    ],
                    [
                        138.55621168737312,
                        36.706211175611344,
                        1977
                    ],
                    [
                        138.5559966327705,
                        36.706127631286385,
                        1973
                    ],
                    [
                        138.55572343937828,
                        36.70607124909339,
                        1970
                    ],
                    [
                        138.55553319109416,
                        36.705890900311296,
                        1965
                    ],
                    [
                        138.55545400878728,
                        36.705762797805605,
                        1968
                    ],
                    [
                        138.55539910456008,
                        36.705569580678514,
                        1974
                    ],
                    [
                        138.5552252224906,
                        36.70548483386208,
                        1974
                    ],
                    [
                        138.55495572987144,
                        36.70539972992943,
                        1968
                    ],
                    [
                        138.55468181915515,
                        36.70530268129691,
                        1970
                    ],
                    [
                        138.55433795443793,
                        36.70518870415869,
                        1969
                    ],
                    [
                        138.55402593027742,
                        36.70504844945044,
                        1969
                    ],
                    [
                        138.55371218676987,
                        36.70490037800208,
                        1971
                    ],
                    [
                        138.55336903920494,
                        36.70484066284793,
                        1969
                    ],
                    [
                        138.55320483506796,
                        36.704805323031046,
                        1973
                    ],
                    [
                        138.5530045512688,
                        36.704721534949726,
                        1971
                    ],
                    [
                        138.55290968329714,
                        36.70455520685296,
                        1974
                    ],
                    [
                        138.5526066797168,
                        36.704512449291755,
                        1974
                    ],
                    [
                        138.55224947618828,
                        36.704582282029726,
                        1971
                    ],
                    [
                        138.55193776156767,
                        36.70462141465531,
                        1975
                    ],
                    [
                        138.5517771805961,
                        36.70464356999009,
                        1978
                    ],
                    [
                        138.5516252351465,
                        36.70472602772679,
                        1986
                    ],
                    [
                        138.55146325820888,
                        36.704787786084644,
                        1991
                    ],
                    [
                        138.5512311558944,
                        36.7048323444604,
                        1997
                    ],
                    [
                        138.5510569232022,
                        36.70483733059028,
                        2004
                    ],
                    [
                        138.55088401600568,
                        36.70484784205669,
                        2014
                    ],
                    [
                        138.5507671245122,
                        36.704844235711725,
                        2020
                    ],
                    [
                        138.5505972202686,
                        36.70483825534132,
                        2022
                    ],
                    [
                        138.55052899375625,
                        36.704762207278684,
                        2027
                    ],
                    [
                        138.55038645181006,
                        36.70467983371353,
                        2033
                    ],
                    [
                        138.55031297727072,
                        36.70455059080945,
                        2038
                    ],
                    [
                        138.550253676755,
                        36.70446984762929,
                        2041
                    ],
                    [
                        138.55014441034328,
                        36.70444949253159,
                        2049
                    ],
                    [
                        138.54994911421045,
                        36.704427291306615,
                        2055
                    ],
                    [
                        138.54978194456373,
                        36.704476835447146,
                        2058
                    ],
                    [
                        138.5496341320955,
                        36.704395295791606,
                        2066
                    ],
                    [
                        138.54941147473681,
                        36.70436900898758,
                        2071
                    ],
                    [
                        138.54917210355836,
                        36.70440542606529,
                        2074
                    ],
                    [
                        138.5488887162181,
                        36.704356200952645,
                        2079
                    ],
                    [
                        138.54866375511585,
                        36.70428558079822,
                        2082
                    ],
                    [
                        138.54847727117746,
                        36.70412150723143,
                        2081
                    ],
                    [
                        138.54820540926215,
                        36.704026084962756,
                        2077
                    ],
                    [
                        138.54797965151397,
                        36.703956230268766,
                        2080
                    ],
                    [
                        138.5478216619502,
                        36.70389163040877,
                        2086
                    ],
                    [
                        138.54756785379834,
                        36.703737412079775,
                        2086
                    ],
                    [
                        138.54728247547308,
                        36.70364293898108,
                        2085
                    ],
                    [
                        138.54697442418086,
                        36.70356713824048,
                        2084
                    ],
                    [
                        138.54667538968167,
                        36.70351979135908,
                        2084
                    ],
                    [
                        138.54642963002155,
                        36.70350309597222,
                        2082
                    ],
                    [
                        138.54632704715368,
                        36.70357274467893,
                        2080
                    ],
                    [
                        138.5461096100008,
                        36.70357702053474,
                        2080
                    ],
                    [
                        138.54581389912943,
                        36.70358480691138,
                        2081
                    ],
                    [
                        138.54557316950144,
                        36.703609875324304,
                        2085
                    ],
                    [
                        138.54526701530708,
                        36.703624358296366,
                        2086
                    ],
                    [
                        138.54512228585736,
                        36.70370534323051,
                        2086
                    ],
                    [
                        138.5448264727517,
                        36.70366102693365,
                        2089
                    ],
                    [
                        138.54454383646268,
                        36.7036393693313,
                        2093
                    ],
                    [
                        138.54437362510663,
                        36.70367828087857,
                        2096
                    ],
                    [
                        138.5441823279243,
                        36.70368280839846,
                        2102
                    ],
                    [
                        138.54394996903062,
                        36.70369750055156,
                        2107
                    ],
                    [
                        138.54370869076445,
                        36.70370283560758,
                        2109
                    ],
                    [
                        138.54350119391466,
                        36.703786883647375,
                        2110
                    ],
                    [
                        138.54335082471187,
                        36.703756559273906,
                        2109
                    ],
                    [
                        138.5432598224732,
                        36.703629550506726,
                        2106
                    ],
                    [
                        138.54316945453738,
                        36.70342934679572,
                        2100
                    ],
                    [
                        138.54326133496585,
                        36.70331144779685,
                        2098
                    ],
                    [
                        138.54316991155898,
                        36.70325769869085,
                        2090
                    ],
                    [
                        138.54302088722596,
                        36.70318627813277,
                        2078
                    ],
                    [
                        138.5428649755059,
                        36.70305248029392,
                        2073
                    ],
                    [
                        138.54276257964102,
                        36.70292673281363,
                        2064
                    ],
                    [
                        138.5426270944382,
                        36.70277158849188,
                        2056
                    ],
                    [
                        138.54247329231893,
                        36.70263571577226,
                        2049
                    ],
                    [
                        138.54236987254103,
                        36.70253244402778,
                        2043
                    ],
                    [
                        138.54219554554115,
                        36.702498051724824,
                        2035
                    ],
                    [
                        138.54198146894052,
                        36.70239038875818,
                        2031
                    ],
                    [
                        138.54172689032978,
                        36.70221728293701,
                        2025
                    ],
                    [
                        138.54150340954362,
                        36.70204891165958,
                        2022
                    ],
                    [
                        138.54135341169803,
                        36.70189686045108,
                        2019
                    ],
                    [
                        138.5411985215935,
                        36.7017556756795,
                        2012
                    ],
                    [
                        138.54105396513506,
                        36.70161218974321,
                        2009
                    ],
                    [
                        138.54091813738265,
                        36.7014579251748,
                        2002
                    ],
                    [
                        138.54072632243793,
                        36.701337052661536,
                        1999
                    ],
                    [
                        138.54062364612065,
                        36.70122420404703,
                        1995
                    ],
                    [
                        138.5403727513676,
                        36.70107413402072,
                        1991
                    ],
                    [
                        138.54008907706537,
                        36.700995167556336,
                        1997
                    ],
                    [
                        138.53978709932463,
                        36.70095104716157,
                        1997
                    ],
                    [
                        138.53949711013576,
                        36.70078594992056,
                        1991
                    ],
                    [
                        138.5393073763257,
                        36.70070024839033,
                        1995
                    ],
                    [
                        138.5389835622362,
                        36.70065469941392,
                        1995
                    ],
                    [
                        138.53871650936256,
                        36.700541986406606,
                        1991
                    ],
                    [
                        138.53859061275995,
                        36.70032807153549,
                        1984
                    ],
                    [
                        138.5384519626758,
                        36.70009819355039,
                        1983
                    ],
                    [
                        138.53831173285047,
                        36.69990533500918,
                        1978
                    ],
                    [
                        138.53813380669882,
                        36.69966095456948,
                        1974
                    ],
                    [
                        138.53793221663142,
                        36.69948796246625,
                        1973
                    ],
                    [
                        138.53779555370033,
                        36.69934265875391,
                        1979
                    ],
                    [
                        138.53754265635257,
                        36.699201558066896,
                        1981
                    ],
                    [
                        138.5373619080824,
                        36.69900302991815,
                        1981
                    ],
                    [
                        138.53723271862242,
                        36.69879212804836,
                        1985
                    ],
                    [
                        138.5371126039063,
                        36.69862435379556,
                        1988
                    ],
                    [
                        138.53703035674272,
                        36.698442243212575,
                        1991
                    ],
                    [
                        138.5370529451689,
                        36.69834864339745,
                        2000
                    ],
                    [
                        138.53701252702567,
                        36.698144664955215,
                        2002
                    ],
                    [
                        138.53681548923694,
                        36.697980513516725,
                        2004
                    ],
                    [
                        138.5367887956963,
                        36.697755333244295,
                        2007
                    ],
                    [
                        138.53685015542976,
                        36.697549541510554,
                        2011
                    ],
                    [
                        138.53694633395995,
                        36.69736815801948,
                        2014
                    ],
                    [
                        138.53694135946452,
                        36.69718540063161,
                        2008
                    ],
                    [
                        138.53663191588026,
                        36.69717608669044,
                        2001
                    ],
                    [
                        138.5364073877079,
                        36.697184573474246,
                        1996
                    ],
                    [
                        138.53610067152758,
                        36.697193071724776,
                        1989
                    ],
                    [
                        138.5358157395617,
                        36.697103437607474,
                        1985
                    ],
                    [
                        138.5355083977984,
                        36.69705288403106,
                        1983
                    ],
                    [
                        138.53527807313552,
                        36.69686925644944,
                        1983
                    ],
                    [
                        138.53510341406758,
                        36.69672444541099,
                        1986
                    ],
                    [
                        138.53485161800734,
                        36.696716046021606,
                        1987
                    ],
                    [
                        138.534557329496,
                        36.69675843563795,
                        1984
                    ],
                    [
                        138.53426987584484,
                        36.696870231563906,
                        1981
                    ],
                    [
                        138.5339571886118,
                        36.69693407520647,
                        1979
                    ],
                    [
                        138.53366058998694,
                        36.69700712075365,
                        1976
                    ],
                    [
                        138.5334433649424,
                        36.69716664850589,
                        1980
                    ],
                    [
                        138.53321438001188,
                        36.69718749094604,
                        1984
                    ],
                    [
                        138.53296883235188,
                        36.69705808814861,
                        1988
                    ],
                    [
                        138.53274396145542,
                        36.69700107125036,
                        1988
                    ],
                    [
                        138.53249279569386,
                        36.69699880840269,
                        1992
                    ],
                    [
                        138.53224822087554,
                        36.697097775970434,
                        1994
                    ],
                    [
                        138.53197416053706,
                        36.697251054098494,
                        1995
                    ],
                    [
                        138.53164171653347,
                        36.69734563444977,
                        1987
                    ],
                    [
                        138.5314699834096,
                        36.69748178310502,
                        1991
                    ],
                    [
                        138.53121090027184,
                        36.69758172876222,
                        1988
                    ],
                    [
                        138.53092441219812,
                        36.69766363014029,
                        1988
                    ],
                    [
                        138.53063044291412,
                        36.697685930961164,
                        1985
                    ],
                    [
                        138.5305045422377,
                        36.69758972245902,
                        1980
                    ],
                    [
                        138.53029096074752,
                        36.69743148076511,
                        1976
                    ],
                    [
                        138.530008203403,
                        36.69735558399275,
                        1972
                    ],
                    [
                        138.52971766044195,
                        36.69720105771297,
                        1969
                    ],
                    [
                        138.52945541490578,
                        36.69709704185349,
                        1961
                    ],
                    [
                        138.5292898964885,
                        36.6971099845471,
                        1956
                    ],
                    [
                        138.52899142238996,
                        36.69708062576815,
                        1948
                    ],
                    [
                        138.52869608889068,
                        36.697088634555456,
                        1944
                    ],
                    [
                        138.52841681239298,
                        36.697159446968875,
                        1940
                    ],
                    [
                        138.5281573071506,
                        36.697046066220445,
                        1935
                    ],
                    [
                        138.52786188508884,
                        36.69695798057854,
                        1938
                    ],
                    [
                        138.52773016759878,
                        36.69685482137532,
                        1944
                    ],
                    [
                        138.52757894416575,
                        36.69678924557323,
                        1950
                    ],
                    [
                        138.5273534073959,
                        36.6967425365158,
                        1956
                    ],
                    [
                        138.52714784567317,
                        36.696599035269834,
                        1962
                    ],
                    [
                        138.52705031289128,
                        36.69648686955714,
                        1968
                    ],
                    [
                        138.52709895618673,
                        36.6963449666875,
                        1975
                    ],
                    [
                        138.52716308617175,
                        36.696110855398366,
                        1978
                    ],
                    [
                        138.52720059464173,
                        36.69598550314825,
                        1982
                    ],
                    [
                        138.52694306356767,
                        36.69585839137673,
                        1985
                    ],
                    [
                        138.52664509283537,
                        36.69590631008237,
                        1982
                    ],
                    [
                        138.52633529795645,
                        36.69592791345953,
                        1979
                    ],
                    [
                        138.52599624211328,
                        36.6958928721242,
                        1977
                    ],
                    [
                        138.52570163310776,
                        36.69586183327192,
                        1981
                    ],
                    [
                        138.5254514135155,
                        36.69569590307733,
                        1981
                    ],
                    [
                        138.52529237033127,
                        36.695512822454745,
                        1980
                    ],
                    [
                        138.52506858996125,
                        36.695277770519375,
                        1977
                    ],
                    [
                        138.52487489171932,
                        36.6950889850903,
                        1973
                    ],
                    [
                        138.52458545892296,
                        36.69492284346035,
                        1974
                    ],
                    [
                        138.52431960011873,
                        36.69478928605712,
                        1982
                    ],
                    [
                        138.52411071975817,
                        36.694600680979654,
                        1980
                    ],
                    [
                        138.52384768831044,
                        36.69447369357633,
                        1979
                    ],
                    [
                        138.5235393034671,
                        36.69452327763605,
                        1981
                    ],
                    [
                        138.52322592676717,
                        36.69449885708624,
                        1979
                    ],
                    [
                        138.52285319331713,
                        36.69448665926745,
                        1977
                    ],
                    [
                        138.52265149640058,
                        36.6943774672998,
                        1979
                    ],
                    [
                        138.52233241059633,
                        36.69423178087419,
                        1978
                    ],
                    [
                        138.5219825762891,
                        36.69433930310183,
                        1977
                    ],
                    [
                        138.52170408821215,
                        36.69429821335782,
                        1981
                    ],
                    [
                        138.5214159567213,
                        36.69418076575677,
                        1982
                    ],
                    [
                        138.52105866077562,
                        36.69412952575131,
                        1979
                    ],
                    [
                        138.52082171155794,
                        36.69386954015214,
                        1976
                    ],
                    [
                        138.52069608817973,
                        36.69365503921714,
                        1971
                    ],
                    [
                        138.52062047614248,
                        36.693407263272505,
                        1971
                    ],
                    [
                        138.52049636793947,
                        36.69317421115322,
                        1967
                    ],
                    [
                        138.52045549591762,
                        36.692870796265765,
                        1964
                    ],
                    [
                        138.52040894470233,
                        36.69264225775846,
                        1963
                    ],
                    [
                        138.5203048763161,
                        36.69247853998285,
                        1962
                    ],
                    [
                        138.52004849088593,
                        36.69227653513828,
                        1960
                    ],
                    [
                        138.51998358005176,
                        36.69202050265862,
                        1960
                    ],
                    [
                        138.5197153281691,
                        36.69182185958068,
                        1962
                    ],
                    [
                        138.5194506806017,
                        36.691765692395116,
                        1961
                    ],
                    [
                        138.51915970010046,
                        36.691839513648965,
                        1962
                    ],
                    [
                        138.51889598743867,
                        36.69203811026079,
                        1961
                    ],
                    [
                        138.5187611519752,
                        36.6922456995263,
                        1958
                    ],
                    [
                        138.51865257289546,
                        36.692465234448235,
                        1955
                    ],
                    [
                        138.51853727614144,
                        36.69246389924823,
                        1957
                    ],
                    [
                        138.51825094962396,
                        36.69249212422014,
                        1962
                    ],
                    [
                        138.51802013144868,
                        36.69245241419281,
                        1962
                    ],
                    [
                        138.51784791688868,
                        36.69234394898422,
                        1969
                    ],
                    [
                        138.5176921113142,
                        36.69227201084515,
                        1973
                    ],
                    [
                        138.5175682333654,
                        36.6921716223101,
                        1980
                    ],
                    [
                        138.51738785542258,
                        36.6921408871991,
                        1983
                    ],
                    [
                        138.5172631828836,
                        36.69203199321772,
                        1989
                    ],
                    [
                        138.5170806601594,
                        36.69194385431013,
                        1995
                    ],
                    [
                        138.51686343498062,
                        36.691891356934875,
                        2002
                    ],
                    [
                        138.51662787685018,
                        36.69186451817842,
                        2008
                    ],
                    [
                        138.51643993096044,
                        36.69183088845983,
                        2011
                    ],
                    [
                        138.51628569850337,
                        36.69176182857707,
                        2018
                    ],
                    [
                        138.51609784282445,
                        36.69163607179612,
                        2026
                    ],
                    [
                        138.51598862314455,
                        36.69152719724265,
                        2033
                    ],
                    [
                        138.51587328049249,
                        36.691363514623774,
                        2038
                    ],
                    [
                        138.5157814127523,
                        36.69124079393273,
                        2039
                    ],
                    [
                        138.515778821633,
                        36.69102873680515,
                        2044
                    ],
                    [
                        138.5158542645402,
                        36.69083992806131,
                        2043
                    ],
                    [
                        138.51592678287554,
                        36.69076991164493,
                        2042
                    ],
                    [
                        138.5159567363142,
                        36.69058235390254,
                        2041
                    ],
                    [
                        138.51610972127563,
                        36.69036848641372,
                        2040
                    ],
                    [
                        138.51636736508416,
                        36.69025251114873,
                        2033
                    ],
                    [
                        138.51652669824497,
                        36.69005516637755,
                        2028
                    ],
                    [
                        138.51664849524568,
                        36.689901153257395,
                        2020
                    ],
                    [
                        138.51684300157333,
                        36.689819309664436,
                        2014
                    ],
                    [
                        138.51703464612652,
                        36.68973981177631,
                        2003
                    ],
                    [
                        138.51727274851436,
                        36.68971048924525,
                        1997
                    ],
                    [
                        138.5175181373929,
                        36.68968846640024,
                        1989
                    ],
                    [
                        138.51772480221172,
                        36.689601824058414,
                        1984
                    ],
                    [
                        138.5178998013231,
                        36.68948004728028,
                        1978
                    ],
                    [
                        138.51806242442234,
                        36.68942962883331,
                        1973
                    ],
                    [
                        138.51828461636288,
                        36.68935966445101,
                        1967
                    ],
                    [
                        138.51848647370318,
                        36.68926018683868,
                        1959
                    ],
                    [
                        138.5187698855691,
                        36.68915631450167,
                        1956
                    ],
                    [
                        138.51907021026278,
                        36.68909254499974,
                        1952
                    ],
                    [
                        138.51929295176944,
                        36.68892323504834,
                        1947
                    ],
                    [
                        138.51915550513306,
                        36.688653443497564,
                        1947
                    ],
                    [
                        138.51893975440376,
                        36.6884041646911,
                        1946
                    ],
                    [
                        138.51887849916056,
                        36.68826225987507,
                        1944
                    ],
                    [
                        138.51863986343898,
                        36.688112419759165,
                        1942
                    ],
                    [
                        138.5184098915184,
                        36.687953417589476,
                        1937
                    ],
                    [
                        138.51823401354653,
                        36.687813045712936,
                        1937
                    ],
                    [
                        138.5180792758454,
                        36.687672079286195,
                        1933
                    ],
                    [
                        138.5179303883203,
                        36.68753665112445,
                        1935
                    ],
                    [
                        138.5181807563276,
                        36.6874082975838,
                        1933
                    ],
                    [
                        138.51837453906947,
                        36.68729780040851,
                        1935
                    ],
                    [
                        138.51855348827158,
                        36.68717387202359,
                        1939
                    ],
                    [
                        138.51874080309713,
                        36.68698306315633,
                        1941
                    ],
                    [
                        138.51893809714906,
                        36.68675563252923,
                        1945
                    ],
                    [
                        138.51906542718996,
                        36.68655031135716,
                        1946
                    ],
                    [
                        138.5191349378105,
                        36.68631714426409,
                        1947
                    ],
                    [
                        138.519085014798,
                        36.68606934414782,
                        1949
                    ],
                    [
                        138.51904578866913,
                        36.68581107241558,
                        1952
                    ],
                    [
                        138.51890967677087,
                        36.6855454860293,
                        1957
                    ],
                    [
                        138.5188142497488,
                        36.68535455895941,
                        1960
                    ],
                    [
                        138.51870510921952,
                        36.68518554054709,
                        1963
                    ],
                    [
                        138.51855917504233,
                        36.68498438188454,
                        1966
                    ],
                    [
                        138.51846081241015,
                        36.68481492959764,
                        1967
                    ],
                    [
                        138.5184194025813,
                        36.684635963183524,
                        1972
                    ],
                    [
                        138.51846405556194,
                        36.68444403903804,
                        1974
                    ],
                    [
                        138.51850388329976,
                        36.68424896987017,
                        1977
                    ],
                    [
                        138.51848398038237,
                        36.68402523465506,
                        1982
                    ],
                    [
                        138.51844787099893,
                        36.68388234459462,
                        1985
                    ],
                    [
                        138.51838289578077,
                        36.68371311424561,
                        1988
                    ],
                    [
                        138.5184177932499,
                        36.68344057352185,
                        1992
                    ],
                    [
                        138.51857400688033,
                        36.683240630073605,
                        1993
                    ],
                    [
                        138.51872546784875,
                        36.68307921073354,
                        2000
                    ],
                    [
                        138.5188864805876,
                        36.68293879522054,
                        2002
                    ],
                    [
                        138.5190054980689,
                        36.682770776030594,
                        2004
                    ],
                    [
                        138.5191441805603,
                        36.682624000597734,
                        2013
                    ],
                    [
                        138.51919588981164,
                        36.682488788061775,
                        2018
                    ],
                    [
                        138.51934382893413,
                        36.682329154434065,
                        2025
                    ],
                    [
                        138.51947049858003,
                        36.68222770701332,
                        2031
                    ],
                    [
                        138.5195707844265,
                        36.6821123197706,
                        2038
                    ],
                    [
                        138.51969368176663,
                        36.682010026857114,
                        2043
                    ],
                    [
                        138.5197614940053,
                        36.68181798303753,
                        2046
                    ],
                    [
                        138.51972624486478,
                        36.68161932380589,
                        2052
                    ],
                    [
                        138.51972946795385,
                        36.68137334740765,
                        2058
                    ],
                    [
                        138.51973520163548,
                        36.68113364177688,
                        2051
                    ],
                    [
                        138.5196720319061,
                        36.68095013378105,
                        2047
                    ],
                    [
                        138.5196716999003,
                        36.68080566315538,
                        2040
                    ],
                    [
                        138.5196583823113,
                        36.680608244553206,
                        2033
                    ],
                    [
                        138.51966249240863,
                        36.68041838608362,
                        2031
                    ],
                    [
                        138.51961369183314,
                        36.68017935314308,
                        2028
                    ],
                    [
                        138.5195484784894,
                        36.680035825866064,
                        2029
                    ],
                    [
                        138.51944003538966,
                        36.67986999991346,
                        2026
                    ],
                    [
                        138.51928271128313,
                        36.67972062365296,
                        2029
                    ],
                    [
                        138.51925533865767,
                        36.67957945251206,
                        2035
                    ],
                    [
                        138.5192965408615,
                        36.679457934583844,
                        2041
                    ],
                    [
                        138.51914479367113,
                        36.679376330914735,
                        2046
                    ],
                    [
                        138.51905191866382,
                        36.679225282868735,
                        2053
                    ],
                    [
                        138.51890147401252,
                        36.67911646754167,
                        2060
                    ],
                    [
                        138.51892564050425,
                        36.678927726781495,
                        2060
                    ],
                    [
                        138.5188638322772,
                        36.67874327623137,
                        2058
                    ],
                    [
                        138.5188197583006,
                        36.678557429462124,
                        2059
                    ],
                    [
                        138.51883605124098,
                        36.67837342789919,
                        2059
                    ],
                    [
                        138.5187665484307,
                        36.678187559586135,
                        2064
                    ],
                    [
                        138.51856886664862,
                        36.67798292628619,
                        2065
                    ],
                    [
                        138.51837617342355,
                        36.677885294220694,
                        2072
                    ],
                    [
                        138.5183095883784,
                        36.67780163543595,
                        2070
                    ],
                    [
                        138.51806211952,
                        36.677773290240395,
                        2073
                    ],
                    [
                        138.51778644494428,
                        36.677635062955225,
                        2064
                    ],
                    [
                        138.51773433690758,
                        36.67744487130106,
                        2063
                    ],
                    [
                        138.51796294308454,
                        36.67728001236142,
                        2061
                    ],
                    [
                        138.5179473684793,
                        36.677098183799984,
                        2057
                    ],
                    [
                        138.5180391788874,
                        36.67698148089054,
                        2058
                    ],
                    [
                        138.51812617009182,
                        36.67674762582881,
                        2061
                    ],
                    [
                        138.5181364808771,
                        36.676600013044045,
                        2058
                    ],
                    [
                        138.51811591682167,
                        36.67639749983656,
                        2059
                    ],
                    [
                        138.51812509130033,
                        36.676167994259764,
                        2057
                    ],
                    [
                        138.518284698597,
                        36.67604796454027,
                        2053
                    ],
                    [
                        138.51845526255693,
                        36.67590393411148,
                        2051
                    ],
                    [
                        138.5186009610478,
                        36.67570224362837,
                        2048
                    ],
                    [
                        138.51875410667424,
                        36.67557066129933,
                        2055
                    ],
                    [
                        138.51882510635693,
                        36.67549319369343,
                        2053
                    ],
                    [
                        138.51895352792818,
                        36.67533668417882,
                        2063
                    ],
                    [
                        138.5190881141548,
                        36.67518395171153,
                        2067
                    ],
                    [
                        138.51923952031206,
                        36.675049681635954,
                        2077
                    ],
                    [
                        138.51945762433778,
                        36.67492758357758,
                        2086
                    ],
                    [
                        138.51951336367787,
                        36.67479591997041,
                        2093
                    ],
                    [
                        138.5195747978937,
                        36.67471939231085,
                        2095
                    ],
                    [
                        138.5197559778749,
                        36.67454809560249,
                        2107
                    ],
                    [
                        138.51984736563847,
                        36.674483355580044,
                        2111
                    ],
                    [
                        138.5200849013615,
                        36.674345515144935,
                        2117
                    ],
                    [
                        138.52033612633838,
                        36.67415525118544,
                        2120
                    ],
                    [
                        138.52063928496605,
                        36.67407537971027,
                        2122
                    ],
                    [
                        138.52090978485862,
                        36.6739580217624,
                        2127
                    ],
                    [
                        138.52109738172285,
                        36.67383992508821,
                        2131
                    ],
                    [
                        138.5212859311342,
                        36.673727237381875,
                        2136
                    ],
                    [
                        138.52138525762203,
                        36.67355301951783,
                        2139
                    ],
                    [
                        138.5215853837216,
                        36.6734771373132,
                        2147
                    ],
                    [
                        138.52179600790768,
                        36.6735340581761,
                        2153
                    ],
                    [
                        138.52203377066226,
                        36.6735656067484,
                        2157
                    ],
                    [
                        138.522259713548,
                        36.67362451396178,
                        2162
                    ],
                    [
                        138.52249628181306,
                        36.67363339054423,
                        2166
                    ],
                    [
                        138.5227305714419,
                        36.673593882273025,
                        2170
                    ],
                    [
                        138.5229569452899,
                        36.6735013897806,
                        2175
                    ],
                    [
                        138.5232308087774,
                        36.67342108878834,
                        2182
                    ],
                    [
                        138.52353194649487,
                        36.67345418170187,
                        2186
                    ],
                    [
                        138.52373447900592,
                        36.67353197463351,
                        2186
                    ],
                    [
                        138.52386709615806,
                        36.6736230425301,
                        2192
                    ],
                    [
                        138.52401255381764,
                        36.67370540303895,
                        2196
                    ],
                    [
                        138.52421169505348,
                        36.6737947256349,
                        2201
                    ],
                    [
                        138.52442119821123,
                        36.673869584383866,
                        2205
                    ],
                    [
                        138.52464706729822,
                        36.673957313169325,
                        2208
                    ],
                    [
                        138.52452654952248,
                        36.67376956071061,
                        2215
                    ],
                    [
                        138.52439837299403,
                        36.67361234208765,
                        2221
                    ],
                    [
                        138.5243466762603,
                        36.67341988380601,
                        2225
                    ],
                    [
                        138.52458174468995,
                        36.67342471805616,
                        2230
                    ],
                    [
                        138.5248038787755,
                        36.67348258297854,
                        2235
                    ],
                    [
                        138.5250473875518,
                        36.6734723104984,
                        2241
                    ],
                    [
                        138.52527125257228,
                        36.67338456483565,
                        2247
                    ],
                    [
                        138.52544152705542,
                        36.67325872418319,
                        2252
                    ],
                    [
                        138.52529364009035,
                        36.673122379924216,
                        2256
                    ],
                    [
                        138.52519552482156,
                        36.673068510648925,
                        2261
                    ],
                    [
                        138.5250002270865,
                        36.672953577188096,
                        2265
                    ],
                    [
                        138.5248530586556,
                        36.6727465026617,
                        2271
                    ],
                    [
                        138.52467510701416,
                        36.67255379164355,
                        2274
                    ],
                    [
                        138.52451632731115,
                        36.67234449408132,
                        2278
                    ],
                    [
                        138.5243198143368,
                        36.6721642948083,
                        2282
                    ],
                    [
                        138.52411704098472,
                        36.6719738987491,
                        2284
                    ],
                    [
                        138.52392829568583,
                        36.67177348814241,
                        2287
                    ],
                    [
                        138.52377488310114,
                        36.67152607797558,
                        2291
                    ],
                    [
                        138.5237562064184,
                        36.671280760984,
                        2293
                    ],
                    [
                        138.52379198813486,
                        36.6711798249354,
                        2294
                    ],
                    [
                        138.52397477707973,
                        36.67096402571747,
                        2300
                    ],
                    [
                        138.52415214583556,
                        36.67090688899271,
                        2301
                    ],
                    [
                        138.52417139061978,
                        36.67101250001856,
                        2299
                    ],
                    [
                        138.52415430562675,
                        36.67082652713916,
                        2302
                    ],
                    [
                        138.524400918626,
                        36.67090639526876,
                        2303
                    ],
                    [
                        138.52461143758364,
                        36.67073168357512,
                        2303
                    ],
                    [
                        138.52472870969186,
                        36.670492359001734,
                        2306
                    ],
                    [
                        138.52488136256906,
                        36.67030647555977,
                        2307
                    ],
                    [
                        138.52516712640696,
                        36.670172643123905,
                        2305
                    ],
                    [
                        138.52538292683465,
                        36.66996947578038,
                        2304
                    ],
                    [
                        138.52559413508854,
                        36.66974283996445,
                        2306
                    ],
                    [
                        138.52554178772493,
                        36.669531703665506,
                        2307
                    ],
                    [
                        138.52554660848514,
                        36.66929648267329,
                        2310
                    ],
                    [
                        138.5257469603935,
                        36.669095150018286,
                        2310
                    ],
                    [
                        138.52598765220725,
                        36.668855053243,
                        2311
                    ],
                    [
                        138.52613908205353,
                        36.66864291589377,
                        2308
                    ],
                    [
                        138.52602251410332,
                        36.66881608080401,
                        2307
                    ],
                    [
                        138.52632813836283,
                        36.668964397770345,
                        2305
                    ],
                    [
                        138.52662672153576,
                        36.66901839200138,
                        2302
                    ],
                    [
                        138.52695665471663,
                        36.66904284205025,
                        2297
                    ],
                    [
                        138.52723290180649,
                        36.66911237643195,
                        2294
                    ],
                    [
                        138.52740437123862,
                        36.669220781792575,
                        2290
                    ],
                    [
                        138.52763541982725,
                        36.66898114414458,
                        2287
                    ],
                    [
                        138.52783268268374,
                        36.66879584489798,
                        2279
                    ],
                    [
                        138.52822197209332,
                        36.66876560300718,
                        2277
                    ],
                    [
                        138.52860898747042,
                        36.66875636787401,
                        2272
                    ],
                    [
                        138.52893361265305,
                        36.668634444010046,
                        2268
                    ],
                    [
                        138.52926160182176,
                        36.66848701818197,
                        2264
                    ],
                    [
                        138.529600692126,
                        36.66835666292666,
                        2257
                    ],
                    [
                        138.5299545238908,
                        36.66818672103245,
                        2249
                    ],
                    [
                        138.53023871281232,
                        36.667990082952294,
                        2240
                    ],
                    [
                        138.53047755096142,
                        36.6677506027984,
                        2230
                    ],
                    [
                        138.53063207922423,
                        36.66753923467548,
                        2224
                    ],
                    [
                        138.53084874503085,
                        36.66744813052681,
                        2218
                    ],
                    [
                        138.53114594131247,
                        36.667399019407455,
                        2208
                    ],
                    [
                        138.5315260911407,
                        36.66736572824499,
                        2203
                    ],
                    [
                        138.53181699503722,
                        36.66733873818626,
                        2196
                    ],
                    [
                        138.53217039142822,
                        36.667220307542486,
                        2188
                    ],
                    [
                        138.5324889080648,
                        36.6670953410825,
                        2182
                    ],
                    [
                        138.53287836175693,
                        36.667015816703426,
                        2174
                    ],
                    [
                        138.53326523613245,
                        36.66691535973574,
                        2167
                    ],
                    [
                        138.53359948276614,
                        36.66676352224243,
                        2159
                    ],
                    [
                        138.53394098671592,
                        36.66664018300726,
                        2157
                    ],
                    [
                        138.53400500823668,
                        36.66648215041801,
                        2157
                    ],
                    [
                        138.53373052141794,
                        36.66641103670655,
                        2156
                    ]
                ]
            }
        }
    ]
}