{
    "type": "FeatureCollection",
    "features": [
        {
            "type": "Feature",
            "properties": {
                "name": "20240706",
                "time": "2024-07-06T00:27:12Z",
                "coordTimes": [
                    "2024-07-06T00:27:12Z",
                    "2024-07-06T00:27:32Z",
                    "2024-07-06T00:27:58Z",
                    "2024-07-06T00:28:26Z",
                    "2024-07-06T00:28:52Z",
                    "2024-07-06T00:29:21Z",
                    "2024-07-06T00:29:50Z",
                    "2024-07-06T00:30:17Z",
                    "2024-07-06T00:30:49Z",
                    "2024-07-06T00:31:17Z",
                    "2024-07-06T00:31:45Z",
                    "2024-07-06T00:32:13Z",
                    "2024-07-06T00:32:47Z",
                    "2024-07-06T00:33:15Z",
                    "2024-07-06T00:33:45Z",
                    "2024-07-06T00:34:19Z",
                    "2024-07-06T00:34:46Z",
                    "2024-07-06T00:35:11Z",
                    "2024-07-06T00:35:37Z",
                    "2024-07-06T00:36:36Z",
                    "2024-07-06T00:37:40Z",
                    "2024-07-06T00:38:10Z",
                    "2024-07-06T00:38:43Z",
                    "2024-07-06T00:39:14Z",
                    "2024-07-06T00:39:47Z",
                    "2024-07-06T00:40:16Z",
                    "2024-07-06T00:40:58Z",
                    "2024-07-06T00:41:24Z",
                    "2024-07-06T00:41:51Z",
                    "2024-07-06T00:42:19Z",
                    "2024-07-06T00:42:46Z",
                    "2024-07-06T00:43:25Z",
                    "2024-07-06T00:43:53Z",
                    "2024-07-06T00:44:37Z",
                    "2024-07-06T00:45:07Z",
                    "2024-07-06T00:45:44Z",
                    "2024-07-06T00:46:16Z",
                    "2024-07-06T00:46:49Z",
                    "2024-07-06T00:47:22Z",
                    "2024-07-06T00:47:54Z",
                    "2024-07-06T00:48:24Z",
                    "2024-07-06T00:48:52Z",
                    "2024-07-06T00:49:18Z",
                    "2024-07-06T00:49:46Z",
                    "2024-07-06T00:50:13Z",
                    "2024-07-06T00:50:46Z",
                    "2024-07-06T00:51:16Z",
                    "2024-07-06T00:51:44Z",
                    "2024-07-06T00:52:10Z",
                    "2024-07-06T00:52:37Z",
                    "2024-07-06T00:53:09Z",
                    "2024-07-06T00:53:45Z",
                    "2024-07-06T00:54:29Z",
                    "2024-07-06T00:54:58Z",
                    "2024-07-06T00:55:27Z",
                    "2024-07-06T00:55:57Z",
                    "2024-07-06T00:56:41Z",
                    "2024-07-06T00:57:20Z",
                    "2024-07-06T00:57:53Z",
                    "2024-07-06T00:59:13Z",
                    "2024-07-06T00:59:41Z",
                    "2024-07-06T01:00:08Z",
                    "2024-07-06T01:00:36Z",
                    "2024-07-06T01:01:03Z",
                    "2024-07-06T01:01:34Z",
                    "2024-07-06T01:02:00Z",
                    "2024-07-06T01:02:28Z",
                    "2024-07-06T01:02:53Z",
                    "2024-07-06T01:03:21Z",
                    "2024-07-06T01:03:47Z",
                    "2024-07-06T01:04:14Z",
                    "2024-07-06T01:04:47Z",
                    "2024-07-06T01:05:16Z",
                    "2024-07-06T01:05:45Z",
                    "2024-07-06T01:06:39Z",
                    "2024-07-06T01:07:09Z",
                    "2024-07-06T01:07:35Z",
                    "2024-07-06T01:08:01Z",
                    "2024-07-06T01:08:27Z",
                    "2024-07-06T01:08:54Z",
                    "2024-07-06T01:09:23Z",
                    "2024-07-06T01:10:01Z",
                    "2024-07-06T01:10:29Z",
                    "2024-07-06T01:10:56Z",
                    "2024-07-06T01:11:25Z",
                    "2024-07-06T01:11:54Z",
                    "2024-07-06T01:12:32Z",
                    "2024-07-06T01:13:00Z",
                    "2024-07-06T01:13:27Z",
                    "2024-07-06T01:13:53Z",
                    "2024-07-06T01:14:27Z",
                    "2024-07-06T01:14:58Z",
                    "2024-07-06T01:15:27Z",
                    "2024-07-06T01:15:57Z",
                    "2024-07-06T01:16:23Z",
                    "2024-07-06T01:16:52Z",
                    "2024-07-06T01:17:18Z",
                    "2024-07-06T01:17:48Z",
                    "2024-07-06T01:18:18Z",
                    "2024-07-06T01:19:09Z",
                    "2024-07-06T01:19:38Z",
                    "2024-07-06T01:20:04Z",
                    "2024-07-06T01:20:31Z",
                    "2024-07-06T01:20:57Z",
                    "2024-07-06T01:21:25Z",
                    "2024-07-06T01:21:57Z",
                    "2024-07-06T01:22:28Z",
                    "2024-07-06T01:22:59Z",
                    "2024-07-06T01:23:47Z",
                    "2024-07-06T01:24:15Z",
                    "2024-07-06T01:24:50Z",
                    "2024-07-06T01:25:19Z",
                    "2024-07-06T01:25:53Z",
                    "2024-07-06T01:26:27Z",
                    "2024-07-06T01:26:59Z",
                    "2024-07-06T01:27:32Z",
                    "2024-07-06T01:28:02Z",
                    "2024-07-06T01:28:31Z",
                    "2024-07-06T01:28:58Z",
                    "2024-07-06T01:29:25Z",
                    "2024-07-06T01:29:52Z",
                    "2024-07-06T01:30:19Z",
                    "2024-07-06T01:30:50Z",
                    "2024-07-06T01:31:18Z",
                    "2024-07-06T01:31:49Z",
                    "2024-07-06T01:32:19Z",
                    "2024-07-06T01:32:50Z",
                    "2024-07-06T01:33:18Z",
                    "2024-07-06T01:33:46Z",
                    "2024-07-06T01:34:12Z",
                    "2024-07-06T01:34:38Z",
                    "2024-07-06T01:35:23Z",
                    "2024-07-06T01:35:52Z",
                    "2024-07-06T01:36:19Z",
                    "2024-07-06T01:36:49Z",
                    "2024-07-06T01:37:22Z",
                    "2024-07-06T01:37:49Z",
                    "2024-07-06T01:38:17Z",
                    "2024-07-06T01:38:48Z",
                    "2024-07-06T01:39:16Z",
                    "2024-07-06T01:39:45Z",
                    "2024-07-06T01:40:16Z",
                    "2024-07-06T01:40:59Z",
                    "2024-07-06T01:41:28Z",
                    "2024-07-06T01:41:54Z",
                    "2024-07-06T01:42:21Z",
                    "2024-07-06T01:42:47Z",
                    "2024-07-06T01:43:14Z",
                    "2024-07-06T01:43:41Z",
                    "2024-07-06T01:44:08Z",
                    "2024-07-06T01:44:35Z",
                    "2024-07-06T01:45:04Z",
                    "2024-07-06T01:45:35Z",
                    "2024-07-06T01:46:05Z",
                    "2024-07-06T01:46:45Z",
                    "2024-07-06T01:47:25Z",
                    "2024-07-06T01:47:51Z",
                    "2024-07-06T01:48:18Z",
                    "2024-07-06T01:49:05Z",
                    "2024-07-06T01:49:34Z",
                    "2024-07-06T01:50:03Z",
                    "2024-07-06T01:50:34Z",
                    "2024-07-06T01:51:01Z",
                    "2024-07-06T01:51:30Z",
                    "2024-07-06T01:51:57Z",
                    "2024-07-06T01:52:25Z",
                    "2024-07-06T01:53:35Z",
                    "2024-07-06T01:54:08Z",
                    "2024-07-06T01:54:38Z",
                    "2024-07-06T01:55:06Z",
                    "2024-07-06T01:55:48Z",
                    "2024-07-06T01:56:28Z",
                    "2024-07-06T01:57:12Z",
                    "2024-07-06T01:58:19Z",
                    "2024-07-06T01:59:14Z",
                    "2024-07-06T01:59:46Z",
                    "2024-07-06T02:00:17Z",
                    "2024-07-06T02:00:47Z",
                    "2024-07-06T02:01:14Z",
                    "2024-07-06T02:01:43Z",
                    "2024-07-06T02:02:12Z",
                    "2024-07-06T02:02:43Z",
                    "2024-07-06T02:03:18Z",
                    "2024-07-06T02:03:44Z",
                    "2024-07-06T02:04:56Z",
                    "2024-07-06T02:05:23Z",
                    "2024-07-06T02:05:51Z",
                    "2024-07-06T02:06:19Z",
                    "2024-07-06T02:06:47Z",
                    "2024-07-06T02:07:14Z",
                    "2024-07-06T02:07:40Z",
                    "2024-07-06T02:08:12Z",
                    "2024-07-06T02:09:10Z",
                    "2024-07-06T02:09:46Z",
                    "2024-07-06T02:10:17Z",
                    "2024-07-06T02:10:45Z",
                    "2024-07-06T02:11:22Z",
                    "2024-07-06T02:11:50Z",
                    "2024-07-06T02:12:22Z",
                    "2024-07-06T02:12:54Z",
                    "2024-07-06T02:13:23Z",
                    "2024-07-06T02:13:51Z",
                    "2024-07-06T02:14:19Z",
                    "2024-07-06T02:14:54Z",
                    "2024-07-06T02:16:01Z",
                    "2024-07-06T02:16:39Z",
                    "2024-07-06T02:17:49Z",
                    "2024-07-06T02:18:38Z",
                    "2024-07-06T02:19:17Z",
                    "2024-07-06T02:19:57Z",
                    "2024-07-06T02:20:24Z",
                    "2024-07-06T02:20:53Z",
                    "2024-07-06T02:21:20Z",
                    "2024-07-06T02:21:51Z",
                    "2024-07-06T02:22:20Z",
                    "2024-07-06T02:22:49Z",
                    "2024-07-06T02:23:26Z",
                    "2024-07-06T02:23:55Z",
                    "2024-07-06T02:24:28Z",
                    "2024-07-06T02:25:03Z",
                    "2024-07-06T02:25:46Z",
                    "2024-07-06T02:26:25Z",
                    "2024-07-06T02:27:16Z",
                    "2024-07-06T02:27:55Z",
                    "2024-07-06T02:28:38Z",
                    "2024-07-06T02:29:49Z",
                    "2024-07-06T02:30:23Z",
                    "2024-07-06T02:31:04Z",
                    "2024-07-06T02:31:50Z",
                    "2024-07-06T02:32:25Z",
                    "2024-07-06T02:33:12Z",
                    "2024-07-06T02:33:52Z",
                    "2024-07-06T02:34:32Z",
                    "2024-07-06T02:35:12Z",
                    "2024-07-06T02:57:48Z",
                    "2024-07-06T02:58:26Z",
                    "2024-07-06T02:58:54Z",
                    "2024-07-06T02:59:39Z",
                    "2024-07-06T03:00:20Z",
                    "2024-07-06T03:00:53Z",
                    "2024-07-06T03:01:22Z",
                    "2024-07-06T03:01:52Z",
                    "2024-07-06T03:02:25Z",
                    "2024-07-06T03:02:58Z",
                    "2024-07-06T03:03:28Z",
                    "2024-07-06T03:04:03Z",
                    "2024-07-06T03:04:39Z",
                    "2024-07-06T03:05:14Z",
                    "2024-07-06T03:05:51Z",
                    "2024-07-06T03:06:20Z",
                    "2024-07-06T03:06:51Z",
                    "2024-07-06T03:07:20Z",
                    "2024-07-06T03:07:48Z",
                    "2024-07-06T03:08:17Z",
                    "2024-07-06T03:08:44Z",
                    "2024-07-06T03:09:12Z",
                    "2024-07-06T03:10:02Z",
                    "2024-07-06T03:10:32Z",
                    "2024-07-06T03:11:42Z",
                    "2024-07-06T03:12:13Z",
                    "2024-07-06T03:12:45Z",
                    "2024-07-06T03:13:11Z",
                    "2024-07-06T03:13:48Z",
                    "2024-07-06T03:14:19Z",
                    "2024-07-06T03:14:45Z",
                    "2024-07-06T03:15:18Z",
                    "2024-07-06T03:15:47Z",
                    "2024-07-06T03:16:21Z",
                    "2024-07-06T03:16:58Z",
                    "2024-07-06T03:17:25Z",
                    "2024-07-06T03:18:10Z",
                    "2024-07-06T03:19:17Z",
                    "2024-07-06T03:19:50Z",
                    "2024-07-06T03:20:20Z",
                    "2024-07-06T03:20:53Z",
                    "2024-07-06T03:21:26Z",
                    "2024-07-06T03:21:57Z",
                    "2024-07-06T03:22:29Z",
                    "2024-07-06T03:22:57Z",
                    "2024-07-06T03:23:28Z",
                    "2024-07-06T03:24:08Z",
                    "2024-07-06T03:24:34Z",
                    "2024-07-06T03:25:01Z",
                    "2024-07-06T03:25:29Z",
                    "2024-07-06T03:25:56Z",
                    "2024-07-06T03:26:26Z",
                    "2024-07-06T03:26:54Z",
                    "2024-07-06T03:27:24Z",
                    "2024-07-06T03:27:51Z",
                    "2024-07-06T03:28:16Z",
                    "2024-07-06T03:28:44Z",
                    "2024-07-06T03:29:23Z",
                    "2024-07-06T03:30:18Z",
                    "2024-07-06T03:30:59Z",
                    "2024-07-06T03:31:30Z",
                    "2024-07-06T03:32:03Z",
                    "2024-07-06T03:32:32Z",
                    "2024-07-06T03:32:58Z",
                    "2024-07-06T03:33:24Z",
                    "2024-07-06T03:33:53Z",
                    "2024-07-06T03:34:20Z",
                    "2024-07-06T03:34:49Z",
                    "2024-07-06T03:35:17Z",
                    "2024-07-06T03:35:45Z",
                    "2024-07-06T03:36:14Z",
                    "2024-07-06T03:36:43Z",
                    "2024-07-06T03:37:11Z",
                    "2024-07-06T03:37:39Z",
                    "2024-07-06T03:38:05Z",
                    "2024-07-06T03:38:31Z",
                    "2024-07-06T03:38:59Z",
                    "2024-07-06T03:39:26Z",
                    "2024-07-06T03:39:54Z",
                    "2024-07-06T03:40:23Z",
                    "2024-07-06T03:40:55Z",
                    "2024-07-06T03:41:22Z",
                    "2024-07-06T03:41:48Z",
                    "2024-07-06T03:42:15Z",
                    "2024-07-06T03:42:40Z",
                    "2024-07-06T03:43:08Z",
                    "2024-07-06T03:43:34Z",
                    "2024-07-06T03:44:01Z",
                    "2024-07-06T03:44:28Z",
                    "2024-07-06T03:44:54Z",
                    "2024-07-06T03:45:21Z",
                    "2024-07-06T03:45:47Z",
                    "2024-07-06T03:46:17Z",
                    "2024-07-06T03:46:55Z",
                    "2024-07-06T03:47:41Z",
                    "2024-07-06T03:48:14Z",
                    "2024-07-06T03:48:45Z",
                    "2024-07-06T03:49:13Z",
                    "2024-07-06T03:49:40Z",
                    "2024-07-06T03:50:05Z",
                    "2024-07-06T03:50:33Z",
                    "2024-07-06T03:51:03Z",
                    "2024-07-06T03:51:47Z",
                    "2024-07-06T03:52:15Z",
                    "2024-07-06T03:52:47Z",
                    "2024-07-06T03:53:15Z",
                    "2024-07-06T03:53:42Z",
                    "2024-07-06T03:54:11Z",
                    "2024-07-06T03:54:41Z",
                    "2024-07-06T03:55:11Z",
                    "2024-07-06T03:55:39Z",
                    "2024-07-06T03:56:12Z",
                    "2024-07-06T03:56:43Z",
                    "2024-07-06T03:57:17Z",
                    "2024-07-06T03:57:46Z",
                    "2024-07-06T03:58:14Z",
                    "2024-07-06T03:58:43Z",
                    "2024-07-06T03:59:09Z",
                    "2024-07-06T03:59:38Z",
                    "2024-07-06T04:00:05Z",
                    "2024-07-06T04:00:32Z",
                    "2024-07-06T04:00:59Z",
                    "2024-07-06T04:01:26Z",
                    "2024-07-06T04:01:55Z",
                    "2024-07-06T04:02:23Z",
                    "2024-07-06T04:02:50Z",
                    "2024-07-06T04:03:14Z",
                    "2024-07-06T04:03:42Z",
                    "2024-07-06T04:04:08Z",
                    "2024-07-06T04:04:36Z",
                    "2024-07-06T04:05:06Z",
                    "2024-07-06T04:05:34Z",
                    "2024-07-06T04:06:02Z",
                    "2024-07-06T04:06:31Z",
                    "2024-07-06T04:06:58Z",
                    "2024-07-06T04:07:25Z",
                    "2024-07-06T04:07:52Z",
                    "2024-07-06T04:08:20Z",
                    "2024-07-06T04:08:46Z",
                    "2024-07-06T04:09:12Z",
                    "2024-07-06T04:09:39Z",
                    "2024-07-06T04:10:07Z",
                    "2024-07-06T04:10:37Z",
                    "2024-07-06T04:11:01Z",
                    "2024-07-06T04:11:30Z",
                    "2024-07-06T04:11:57Z",
                    "2024-07-06T04:12:36Z",
                    "2024-07-06T04:13:03Z",
                    "2024-07-06T04:13:32Z",
                    "2024-07-06T04:14:04Z",
                    "2024-07-06T04:14:30Z",
                    "2024-07-06T04:15:01Z",
                    "2024-07-06T04:15:31Z",
                    "2024-07-06T04:16:04Z",
                    "2024-07-06T04:16:31Z",
                    "2024-07-06T04:17:00Z",
                    "2024-07-06T04:17:28Z",
                    "2024-07-06T04:18:02Z",
                    "2024-07-06T04:18:31Z",
                    "2024-07-06T04:19:03Z",
                    "2024-07-06T04:19:40Z",
                    "2024-07-06T04:20:08Z",
                    "2024-07-06T04:20:40Z",
                    "2024-07-06T04:21:13Z",
                    "2024-07-06T04:21:41Z",
                    "2024-07-06T04:22:13Z",
                    "2024-07-06T04:22:41Z",
                    "2024-07-06T04:23:26Z",
                    "2024-07-06T04:27:14Z",
                    "2024-07-06T04:27:41Z",
                    "2024-07-06T04:28:09Z",
                    "2024-07-06T04:28:45Z",
                    "2024-07-06T04:29:12Z",
                    "2024-07-06T04:29:39Z",
                    "2024-07-06T04:30:07Z",
                    "2024-07-06T04:30:36Z",
                    "2024-07-06T04:31:02Z",
                    "2024-07-06T04:31:31Z",
                    "2024-07-06T04:32:02Z",
                    "2024-07-06T04:32:30Z",
                    "2024-07-06T04:32:59Z",
                    "2024-07-06T04:33:27Z",
                    "2024-07-06T04:33:56Z",
                    "2024-07-06T04:34:26Z",
                    "2024-07-06T04:38:37Z",
                    "2024-07-06T04:39:03Z",
                    "2024-07-06T04:39:32Z",
                    "2024-07-06T04:39:58Z",
                    "2024-07-06T04:40:33Z",
                    "2024-07-06T04:41:01Z",
                    "2024-07-06T04:41:29Z",
                    "2024-07-06T04:42:00Z",
                    "2024-07-06T04:42:28Z",
                    "2024-07-06T04:42:56Z",
                    "2024-07-06T04:43:24Z",
                    "2024-07-06T04:43:53Z",
                    "2024-07-06T04:44:22Z",
                    "2024-07-06T04:44:50Z",
                    "2024-07-06T04:45:20Z",
                    "2024-07-06T04:45:46Z",
                    "2024-07-06T04:46:14Z",
                    "2024-07-06T04:46:42Z",
                    "2024-07-06T04:47:09Z",
                    "2024-07-06T04:47:37Z",
                    "2024-07-06T04:48:06Z",
                    "2024-07-06T04:48:32Z",
                    "2024-07-06T04:48:59Z",
                    "2024-07-06T04:49:27Z",
                    "2024-07-06T04:49:53Z",
                    "2024-07-06T04:50:24Z",
                    "2024-07-06T04:50:51Z",
                    "2024-07-06T04:51:19Z",
                    "2024-07-06T04:51:48Z",
                    "2024-07-06T04:52:15Z",
                    "2024-07-06T04:52:43Z",
                    "2024-07-06T04:53:10Z",
                    "2024-07-06T04:53:35Z",
                    "2024-07-06T04:54:01Z",
                    "2024-07-06T04:54:29Z",
                    "2024-07-06T04:54:55Z",
                    "2024-07-06T04:55:24Z",
                    "2024-07-06T04:55:51Z",
                    "2024-07-06T04:56:19Z",
                    "2024-07-06T04:56:47Z",
                    "2024-07-06T04:57:14Z",
                    "2024-07-06T04:57:40Z",
                    "2024-07-06T04:58:11Z",
                    "2024-07-06T04:58:39Z",
                    "2024-07-06T04:59:06Z",
                    "2024-07-06T04:59:33Z",
                    "2024-07-06T04:59:59Z",
                    "2024-07-06T05:00:26Z",
                    "2024-07-06T05:00:54Z",
                    "2024-07-06T05:01:25Z",
                    "2024-07-06T05:01:52Z",
                    "2024-07-06T05:02:18Z",
                    "2024-07-06T05:02:45Z",
                    "2024-07-06T05:03:11Z",
                    "2024-07-06T05:03:37Z",
                    "2024-07-06T05:04:03Z",
                    "2024-07-06T05:04:30Z",
                    "2024-07-06T05:04:55Z",
                    "2024-07-06T05:05:21Z",
                    "2024-07-06T05:05:47Z",
                    "2024-07-06T05:06:16Z",
                    "2024-07-06T05:06:43Z",
                    "2024-07-06T05:07:12Z",
                    "2024-07-06T05:07:42Z",
                    "2024-07-06T05:08:12Z",
                    "2024-07-06T05:08:39Z",
                    "2024-07-06T05:09:07Z",
                    "2024-07-06T05:09:34Z",
                    "2024-07-06T05:10:02Z",
                    "2024-07-06T05:10:33Z",
                    "2024-07-06T05:11:03Z",
                    "2024-07-06T05:11:30Z",
                    "2024-07-06T05:12:00Z",
                    "2024-07-06T05:12:25Z",
                    "2024-07-06T05:12:53Z",
                    "2024-07-06T05:13:19Z",
                    "2024-07-06T05:13:46Z",
                    "2024-07-06T05:14:11Z",
                    "2024-07-06T05:14:37Z",
                    "2024-07-06T05:15:01Z",
                    "2024-07-06T05:15:27Z",
                    "2024-07-06T05:15:54Z",
                    "2024-07-06T05:16:22Z",
                    "2024-07-06T05:16:50Z",
                    "2024-07-06T05:17:18Z",
                    "2024-07-06T05:18:02Z",
                    "2024-07-06T05:18:17Z"
                ]
            },
            "geometry": {
                "type": "LineString",
                "coordinates": [
                    [
                        138.80217604637596,
                        35.77600750823948,
                        1480
                    ],
                    [
                        138.8023849426294,
                        35.77630912759802,
                        1477
                    ],
                    [
                        138.80237462621872,
                        35.77659563913192,
                        1479
                    ],
                    [
                        138.80224801343454,
                        35.77690221037483,
                        1481
                    ],
                    [
                        138.80213254110873,
                        35.77721826920143,
                        1485
                    ],
                    [
                        138.80202141330344,
                        35.777533707323244,
                        1481
                    ],
                    [
                        138.80182701223262,
                        35.77786531834038,
                        1475
                    ],
                    [
                        138.80156385055426,
                        35.778106289181814,
                        1468
                    ],
                    [
                        138.8013889124534,
                        35.77801338160577,
                        1463
                    ],
                    [
                        138.80122978874965,
                        35.77769317705731,
                        1472
                    ],
                    [
                        138.80113512229426,
                        35.77739594412573,
                        1481
                    ],
                    [
                        138.8011239234061,
                        35.777103461926075,
                        1486
                    ],
                    [
                        138.8009271536172,
                        35.776874713818295,
                        1484
                    ],
                    [
                        138.80070367810742,
                        35.77664248351308,
                        1489
                    ],
                    [
                        138.80039837190463,
                        35.77654105623115,
                        1495
                    ],
                    [
                        138.80017877292477,
                        35.77673026888006,
                        1497
                    ],
                    [
                        138.8005031292347,
                        35.77690465805626,
                        1497
                    ],
                    [
                        138.80064571740235,
                        35.77718340953068,
                        1492
                    ],
                    [
                        138.80055800003328,
                        35.777506529709534,
                        1493
                    ],
                    [
                        138.8005010573161,
                        35.77776125356243,
                        1498
                    ],
                    [
                        138.80022529077223,
                        35.777633035217846,
                        1505
                    ],
                    [
                        138.79997984541708,
                        35.77749152316554,
                        1511
                    ],
                    [
                        138.7997870281169,
                        35.777383865702966,
                        1517
                    ],
                    [
                        138.7996644402971,
                        35.77722513379856,
                        1519
                    ],
                    [
                        138.7994971650768,
                        35.77706817726248,
                        1523
                    ],
                    [
                        138.79930272624966,
                        35.77694461508101,
                        1532
                    ],
                    [
                        138.79911989167698,
                        35.776782002727344,
                        1539
                    ],
                    [
                        138.79895966141507,
                        35.77656330818046,
                        1544
                    ],
                    [
                        138.79872137176974,
                        35.77638378363908,
                        1546
                    ],
                    [
                        138.79848640048831,
                        35.77622863772884,
                        1550
                    ],
                    [
                        138.7982555622533,
                        35.7760542328308,
                        1552
                    ],
                    [
                        138.7980886290504,
                        35.77612583035525,
                        1559
                    ],
                    [
                        138.79798433550138,
                        35.77592967730094,
                        1565
                    ],
                    [
                        138.7978007271878,
                        35.77584904103446,
                        1576
                    ],
                    [
                        138.7978918188807,
                        35.775580139644724,
                        1578
                    ],
                    [
                        138.79772174170503,
                        35.77554835747646,
                        1587
                    ],
                    [
                        138.7975969735981,
                        35.775304970739604,
                        1590
                    ],
                    [
                        138.79736528467447,
                        35.775196627079616,
                        1593
                    ],
                    [
                        138.7971471106565,
                        35.77527098454817,
                        1599
                    ],
                    [
                        138.79690631885325,
                        35.77534094964873,
                        1608
                    ],
                    [
                        138.79666879442075,
                        35.77534954992156,
                        1612
                    ],
                    [
                        138.7963803485789,
                        35.7752925731531,
                        1615
                    ],
                    [
                        138.79609948048176,
                        35.77528475115571,
                        1617
                    ],
                    [
                        138.79583797283868,
                        35.77528416026628,
                        1624
                    ],
                    [
                        138.7955794997708,
                        35.77522830886143,
                        1632
                    ],
                    [
                        138.79529923791472,
                        35.77535795138151,
                        1632
                    ],
                    [
                        138.79503312775057,
                        35.77543728459138,
                        1637
                    ],
                    [
                        138.794782006998,
                        35.775569616914524,
                        1637
                    ],
                    [
                        138.79448020463525,
                        35.775612562070506,
                        1643
                    ],
                    [
                        138.79422055217086,
                        35.7755930711599,
                        1648
                    ],
                    [
                        138.79398214028626,
                        35.77568511337556,
                        1652
                    ],
                    [
                        138.7937582409007,
                        35.77566865490928,
                        1659
                    ],
                    [
                        138.79358098292875,
                        35.77561519173159,
                        1664
                    ],
                    [
                        138.7933263880395,
                        35.77553431433016,
                        1667
                    ],
                    [
                        138.79304256979205,
                        35.775579560922694,
                        1670
                    ],
                    [
                        138.79293410770674,
                        35.77571943806018,
                        1673
                    ],
                    [
                        138.7927283558103,
                        35.775853946667475,
                        1681
                    ],
                    [
                        138.79248321352907,
                        35.77596395319503,
                        1687
                    ],
                    [
                        138.79224857467025,
                        35.77611089861014,
                        1690
                    ],
                    [
                        138.79206090798874,
                        35.776326147700836,
                        1685
                    ],
                    [
                        138.79192674101247,
                        35.77659352539819,
                        1679
                    ],
                    [
                        138.79176984329303,
                        35.77687106959052,
                        1681
                    ],
                    [
                        138.79155917346813,
                        35.777079438011796,
                        1676
                    ],
                    [
                        138.79132434028446,
                        35.77728980212978,
                        1670
                    ],
                    [
                        138.79112013515154,
                        35.77753568046906,
                        1661
                    ],
                    [
                        138.79078063637812,
                        35.777658080154914,
                        1661
                    ],
                    [
                        138.79062511403137,
                        35.777929662896945,
                        1659
                    ],
                    [
                        138.7905869305393,
                        35.778231455010776,
                        1660
                    ],
                    [
                        138.79046274816304,
                        35.77839769669871,
                        1658
                    ],
                    [
                        138.79012611902303,
                        35.778318853338774,
                        1658
                    ],
                    [
                        138.7898810623857,
                        35.77839956545284,
                        1662
                    ],
                    [
                        138.78975472930438,
                        35.778571155555426,
                        1664
                    ],
                    [
                        138.7895194757346,
                        35.77864647975486,
                        1673
                    ],
                    [
                        138.7893023509757,
                        35.77871978821453,
                        1675
                    ],
                    [
                        138.789230176371,
                        35.778932475431866,
                        1680
                    ],
                    [
                        138.7891975048916,
                        35.77919957198555,
                        1679
                    ],
                    [
                        138.7889552936653,
                        35.77945931901053,
                        1679
                    ],
                    [
                        138.78894856227666,
                        35.779748040044346,
                        1675
                    ],
                    [
                        138.78914352040596,
                        35.77997883909405,
                        1683
                    ],
                    [
                        138.7890983313588,
                        35.78028709051575,
                        1677
                    ],
                    [
                        138.78909087108636,
                        35.7805177654071,
                        1682
                    ],
                    [
                        138.78896280760753,
                        35.780748830188564,
                        1686
                    ],
                    [
                        138.7889883552336,
                        35.780931066734624,
                        1689
                    ],
                    [
                        138.78877356477633,
                        35.78117980997116,
                        1686
                    ],
                    [
                        138.7885414352558,
                        35.78142649701144,
                        1678
                    ],
                    [
                        138.78836598631182,
                        35.781578436457885,
                        1680
                    ],
                    [
                        138.78818576125192,
                        35.78178662795469,
                        1682
                    ],
                    [
                        138.7881618690284,
                        35.78209938444069,
                        1675
                    ],
                    [
                        138.7879991731289,
                        35.78241794155723,
                        1675
                    ],
                    [
                        138.78770438325756,
                        35.78252468050279,
                        1675
                    ],
                    [
                        138.78746257812188,
                        35.78272481596198,
                        1677
                    ],
                    [
                        138.78750066864976,
                        35.78297028221041,
                        1672
                    ],
                    [
                        138.78752028506443,
                        35.783255686436114,
                        1673
                    ],
                    [
                        138.78737266187287,
                        35.78355118450649,
                        1669
                    ],
                    [
                        138.7872664408632,
                        35.783855400432586,
                        1665
                    ],
                    [
                        138.7871614903464,
                        35.78411850891333,
                        1667
                    ],
                    [
                        138.78717826026795,
                        35.784358867576486,
                        1668
                    ],
                    [
                        138.78718697583503,
                        35.78464814786328,
                        1671
                    ],
                    [
                        138.78695342169559,
                        35.78480707934933,
                        1670
                    ],
                    [
                        138.7867560029626,
                        35.78502145108692,
                        1672
                    ],
                    [
                        138.7867860731939,
                        35.78531604124097,
                        1674
                    ],
                    [
                        138.78692452192695,
                        35.785570439252645,
                        1671
                    ],
                    [
                        138.78683622944558,
                        35.785891639105934,
                        1668
                    ],
                    [
                        138.78678149503645,
                        35.78618605264419,
                        1669
                    ],
                    [
                        138.7868198449581,
                        35.786434727661444,
                        1668
                    ],
                    [
                        138.78685022774224,
                        35.78667676150008,
                        1671
                    ],
                    [
                        138.7867977384227,
                        35.78688781225287,
                        1674
                    ],
                    [
                        138.78685191303737,
                        35.78700926408385,
                        1679
                    ],
                    [
                        138.78689276909748,
                        35.787305363608965,
                        1684
                    ],
                    [
                        138.7866912630461,
                        35.787353056990085,
                        1681
                    ],
                    [
                        138.78637392069953,
                        35.787367442537445,
                        1675
                    ],
                    [
                        138.78609673070756,
                        35.78745291378351,
                        1666
                    ],
                    [
                        138.78602007616678,
                        35.78765617434652,
                        1656
                    ],
                    [
                        138.7859306676122,
                        35.787751378024076,
                        1648
                    ],
                    [
                        138.7858222904627,
                        35.78794360325966,
                        1636
                    ],
                    [
                        138.7856676116161,
                        35.78810189438072,
                        1627
                    ],
                    [
                        138.7856156756613,
                        35.78842380786731,
                        1623
                    ],
                    [
                        138.78528444982555,
                        35.788604760527555,
                        1623
                    ],
                    [
                        138.78488688263153,
                        35.78871294838409,
                        1619
                    ],
                    [
                        138.78483611337413,
                        35.788978792612355,
                        1617
                    ],
                    [
                        138.7851772379501,
                        35.78917434311747,
                        1617
                    ],
                    [
                        138.7853554190531,
                        35.789388599150094,
                        1609
                    ],
                    [
                        138.78553624696693,
                        35.78964304990664,
                        1602
                    ],
                    [
                        138.7858851972873,
                        35.789806478741745,
                        1605
                    ],
                    [
                        138.78616454510328,
                        35.79002070618339,
                        1604
                    ],
                    [
                        138.78627527030318,
                        35.79017749221702,
                        1608
                    ],
                    [
                        138.78649135456894,
                        35.79040266173647,
                        1610
                    ],
                    [
                        138.7864399733818,
                        35.790671187649295,
                        1608
                    ],
                    [
                        138.7861513051923,
                        35.79085435823045,
                        1602
                    ],
                    [
                        138.78579400849338,
                        35.79091892936046,
                        1601
                    ],
                    [
                        138.78563455471308,
                        35.79114729828821,
                        1598
                    ],
                    [
                        138.7855521736634,
                        35.79138538358782,
                        1603
                    ],
                    [
                        138.78557716101795,
                        35.791629561812535,
                        1609
                    ],
                    [
                        138.78568998024758,
                        35.791884988239495,
                        1610
                    ],
                    [
                        138.78562166549918,
                        35.79215522610614,
                        1615
                    ],
                    [
                        138.7856337250158,
                        35.79236647252959,
                        1620
                    ],
                    [
                        138.7853982024031,
                        35.79244297412981,
                        1626
                    ],
                    [
                        138.7851083539127,
                        35.79254230413024,
                        1629
                    ],
                    [
                        138.78496013742767,
                        35.79271628639238,
                        1630
                    ],
                    [
                        138.78481459514015,
                        35.79296421616969,
                        1634
                    ],
                    [
                        138.7845287542499,
                        35.7931389321458,
                        1637
                    ],
                    [
                        138.7844179439224,
                        35.79344874569782,
                        1638
                    ],
                    [
                        138.78443751930504,
                        35.7937704976345,
                        1637
                    ],
                    [
                        138.78457661705355,
                        35.79394962668555,
                        1636
                    ],
                    [
                        138.78486734911556,
                        35.79411496129844,
                        1640
                    ],
                    [
                        138.78517263895174,
                        35.7943185493817,
                        1638
                    ],
                    [
                        138.78530914336602,
                        35.79459530051464,
                        1637
                    ],
                    [
                        138.78559219458378,
                        35.79480082398133,
                        1633
                    ],
                    [
                        138.78584066468267,
                        35.79504928463702,
                        1633
                    ],
                    [
                        138.7859231434396,
                        35.79534374234256,
                        1633
                    ],
                    [
                        138.78580033581383,
                        35.795647099976,
                        1635
                    ],
                    [
                        138.78548678196645,
                        35.795819039564094,
                        1634
                    ],
                    [
                        138.78533671551293,
                        35.79592418782393,
                        1641
                    ],
                    [
                        138.7851630400999,
                        35.796061627521404,
                        1643
                    ],
                    [
                        138.78506562059317,
                        35.79624877771623,
                        1652
                    ],
                    [
                        138.78481742077636,
                        35.79645824157299,
                        1655
                    ],
                    [
                        138.78464911916836,
                        35.796701178786016,
                        1656
                    ],
                    [
                        138.78467964923252,
                        35.7970060818463,
                        1655
                    ],
                    [
                        138.7849101295532,
                        35.79724577560983,
                        1659
                    ],
                    [
                        138.78520233416575,
                        35.797416025932236,
                        1660
                    ],
                    [
                        138.78551466691417,
                        35.797606845377025,
                        1651
                    ],
                    [
                        138.7857861148357,
                        35.79784707563456,
                        1645
                    ],
                    [
                        138.7860314030031,
                        35.79805757655434,
                        1645
                    ],
                    [
                        138.78596121055003,
                        35.79832592289057,
                        1648
                    ],
                    [
                        138.78573832517358,
                        35.79853620517824,
                        1647
                    ],
                    [
                        138.78559712302123,
                        35.798685918640714,
                        1652
                    ],
                    [
                        138.78542510908017,
                        35.79885805277268,
                        1654
                    ],
                    [
                        138.7853461901447,
                        35.79906576939708,
                        1661
                    ],
                    [
                        138.7852148114002,
                        35.799297993113285,
                        1665
                    ],
                    [
                        138.78516057877417,
                        35.79953393057183,
                        1667
                    ],
                    [
                        138.78521009860532,
                        35.79971237699923,
                        1676
                    ],
                    [
                        138.78525442057142,
                        35.7998913000729,
                        1684
                    ],
                    [
                        138.78526953749585,
                        35.800067812491896,
                        1693
                    ],
                    [
                        138.78533042601492,
                        35.80024754161323,
                        1701
                    ],
                    [
                        138.78521573253968,
                        35.800332060672055,
                        1705
                    ],
                    [
                        138.78511207078338,
                        35.80064958059904,
                        1703
                    ],
                    [
                        138.78521025746755,
                        35.80089249528189,
                        1705
                    ],
                    [
                        138.78527388657554,
                        35.80120877538006,
                        1695
                    ],
                    [
                        138.78541761434465,
                        35.8014284494631,
                        1696
                    ],
                    [
                        138.78526976315743,
                        35.80169363274659,
                        1696
                    ],
                    [
                        138.7851739116121,
                        35.80188773418985,
                        1704
                    ],
                    [
                        138.78503079202224,
                        35.80207618251459,
                        1706
                    ],
                    [
                        138.78501844805388,
                        35.802247283418644,
                        1710
                    ],
                    [
                        138.78507413765914,
                        35.80247039741793,
                        1713
                    ],
                    [
                        138.78483791136327,
                        35.80274045081368,
                        1713
                    ],
                    [
                        138.78467397024878,
                        35.802985074594474,
                        1707
                    ],
                    [
                        138.78454338405163,
                        35.80327997026855,
                        1704
                    ],
                    [
                        138.784429201836,
                        35.80359119020501,
                        1700
                    ],
                    [
                        138.78416901517798,
                        35.80379996055605,
                        1693
                    ],
                    [
                        138.78429950890848,
                        35.804077622924254,
                        1686
                    ],
                    [
                        138.78435563308759,
                        35.804350507336075,
                        1686
                    ],
                    [
                        138.78434907006806,
                        35.80446925473794,
                        1689
                    ],
                    [
                        138.78441383671094,
                        35.804713435081595,
                        1690
                    ],
                    [
                        138.78453697512688,
                        35.804955572753,
                        1697
                    ],
                    [
                        138.7845994381734,
                        35.805232664330624,
                        1692
                    ],
                    [
                        138.7847318774952,
                        35.805487047324085,
                        1697
                    ],
                    [
                        138.78486561034816,
                        35.805740812269484,
                        1696
                    ],
                    [
                        138.78495482315066,
                        35.80599271147185,
                        1698
                    ],
                    [
                        138.78508344460894,
                        35.806181707530435,
                        1701
                    ],
                    [
                        138.78529978964903,
                        35.80635490608586,
                        1706
                    ],
                    [
                        138.78550034546544,
                        35.80655243270889,
                        1699
                    ],
                    [
                        138.78564336292652,
                        35.806822934251386,
                        1692
                    ],
                    [
                        138.7857876009649,
                        35.80709962572835,
                        1692
                    ],
                    [
                        138.7858969662254,
                        35.807242462869894,
                        1702
                    ],
                    [
                        138.78598453298892,
                        35.80738574245514,
                        1709
                    ],
                    [
                        138.78607855637395,
                        35.80753128826867,
                        1715
                    ],
                    [
                        138.78621127800713,
                        35.80767190815811,
                        1723
                    ],
                    [
                        138.78631810771282,
                        35.80784889563268,
                        1731
                    ],
                    [
                        138.786302051106,
                        35.80800038430164,
                        1736
                    ],
                    [
                        138.78622025217544,
                        35.808183035188925,
                        1739
                    ],
                    [
                        138.78625128346613,
                        35.808408597296214,
                        1734
                    ],
                    [
                        138.7862186001701,
                        35.80871861711956,
                        1728
                    ],
                    [
                        138.7859740236817,
                        35.80892442453685,
                        1725
                    ],
                    [
                        138.78563399101932,
                        35.80909771559666,
                        1722
                    ],
                    [
                        138.7852725033726,
                        35.809243292367064,
                        1714
                    ],
                    [
                        138.78500275831507,
                        35.80930631785742,
                        1718
                    ],
                    [
                        138.784723428173,
                        35.80931935973858,
                        1723
                    ],
                    [
                        138.78442622815675,
                        35.80938644814379,
                        1720
                    ],
                    [
                        138.7842039451974,
                        35.80958226900165,
                        1713
                    ],
                    [
                        138.78395082347984,
                        35.80979780339035,
                        1705
                    ],
                    [
                        138.78402572103695,
                        35.81003379505729,
                        1704
                    ],
                    [
                        138.78402238346354,
                        35.81020511677534,
                        1708
                    ],
                    [
                        138.78403808065366,
                        35.81035533485324,
                        1716
                    ],
                    [
                        138.78403848524067,
                        35.810487401026585,
                        1721
                    ],
                    [
                        138.7838989972277,
                        35.81059377971925,
                        1732
                    ],
                    [
                        138.78377325312994,
                        35.81063781786056,
                        1734
                    ],
                    [
                        138.7836647843112,
                        35.81079508070973,
                        1740
                    ],
                    [
                        138.78361130216845,
                        35.81098783481132,
                        1750
                    ],
                    [
                        138.78362040781363,
                        35.81124867619683,
                        1751
                    ],
                    [
                        138.7836221419004,
                        35.811430809567156,
                        1756
                    ],
                    [
                        138.7835508668574,
                        35.811608734693884,
                        1765
                    ],
                    [
                        138.7834510039621,
                        35.81170913466902,
                        1771
                    ],
                    [
                        138.7831569252307,
                        35.8116647986281,
                        1775
                    ],
                    [
                        138.78347993270344,
                        35.81174226338085,
                        1773
                    ],
                    [
                        138.78379634855008,
                        35.8118399325769,
                        1764
                    ],
                    [
                        138.78408524779124,
                        35.81195952232336,
                        1759
                    ],
                    [
                        138.78444314971233,
                        35.81201191911772,
                        1762
                    ],
                    [
                        138.78476922715595,
                        35.812160107427154,
                        1759
                    ],
                    [
                        138.78492413049574,
                        35.81236417638991,
                        1764
                    ],
                    [
                        138.78482377166034,
                        35.81263806115902,
                        1764
                    ],
                    [
                        138.78461525608182,
                        35.81288503364432,
                        1760
                    ],
                    [
                        138.78445882741124,
                        35.81307732432631,
                        1760
                    ],
                    [
                        138.7845211316713,
                        35.81328083449503,
                        1755
                    ],
                    [
                        138.78460330515728,
                        35.813492684632834,
                        1749
                    ],
                    [
                        138.7846459091811,
                        35.81376571714483,
                        1745
                    ],
                    [
                        138.7847717744638,
                        35.81398699234196,
                        1745
                    ],
                    [
                        138.78468472070972,
                        35.81421290710931,
                        1750
                    ],
                    [
                        138.78478062888988,
                        35.81441678891611,
                        1745
                    ],
                    [
                        138.7848212858278,
                        35.81464863196376,
                        1737
                    ],
                    [
                        138.78472741688034,
                        35.81492555295377,
                        1729
                    ],
                    [
                        138.78459771432853,
                        35.81510291361828,
                        1718
                    ],
                    [
                        138.78447439666047,
                        35.81529872913292,
                        1710
                    ],
                    [
                        138.7842562684952,
                        35.81549953740982,
                        1706
                    ],
                    [
                        138.7842870207591,
                        35.81580620049059,
                        1701
                    ],
                    [
                        138.7843059456764,
                        35.81606485034632,
                        1699
                    ],
                    [
                        138.78421408335868,
                        35.81625854720335,
                        1703
                    ],
                    [
                        138.78416493019475,
                        35.816505100694506,
                        1711
                    ],
                    [
                        138.78440146807213,
                        35.816717755489826,
                        1708
                    ],
                    [
                        138.78459624369142,
                        35.816819923416816,
                        1695
                    ],
                    [
                        138.78490300243172,
                        35.81683823199778,
                        1685
                    ],
                    [
                        138.78522234859,
                        35.816985230624915,
                        1679
                    ],
                    [
                        138.7853804253234,
                        35.8172091700129,
                        1674
                    ],
                    [
                        138.7855760575756,
                        35.817331604495166,
                        1666
                    ],
                    [
                        138.78590013991217,
                        35.817442470984275,
                        1658
                    ],
                    [
                        138.7861076704081,
                        35.81757437820526,
                        1658
                    ],
                    [
                        138.7864149980991,
                        35.81770291553645,
                        1659
                    ],
                    [
                        138.7865362796325,
                        35.817951048443135,
                        1656
                    ],
                    [
                        138.78657591598042,
                        35.81816877080063,
                        1646
                    ],
                    [
                        138.78668697220516,
                        35.81836663149767,
                        1637
                    ],
                    [
                        138.78670912629983,
                        35.81861336575142,
                        1631
                    ],
                    [
                        138.78664709017576,
                        35.81875449548854,
                        1629
                    ],
                    [
                        138.78656942263896,
                        35.81892963724857,
                        1619
                    ],
                    [
                        138.78654814945176,
                        35.81912870689666,
                        1609
                    ],
                    [
                        138.7864460574326,
                        35.81930780721992,
                        1600
                    ],
                    [
                        138.78630062985104,
                        35.81952045387469,
                        1592
                    ],
                    [
                        138.78617151980424,
                        35.819733896740004,
                        1583
                    ],
                    [
                        138.7860877163079,
                        35.81995862681108,
                        1577
                    ],
                    [
                        138.78625940112033,
                        35.82012654316946,
                        1569
                    ],
                    [
                        138.78642760301128,
                        35.820335690969195,
                        1561
                    ],
                    [
                        138.78649133008025,
                        35.820609501062115,
                        1554
                    ],
                    [
                        138.78679930489784,
                        35.82073346209064,
                        1549
                    ],
                    [
                        138.78701241704175,
                        35.820958816906064,
                        1548
                    ],
                    [
                        138.78705906668677,
                        35.821252520320186,
                        1546
                    ],
                    [
                        138.78731431297513,
                        35.82147674633487,
                        1545
                    ],
                    [
                        138.78755286610374,
                        35.82169903912428,
                        1541
                    ],
                    [
                        138.78744270990538,
                        35.82200351013918,
                        1541
                    ],
                    [
                        138.78748037411506,
                        35.822333816526594,
                        1541
                    ],
                    [
                        138.7872100295907,
                        35.82256600617787,
                        1540
                    ],
                    [
                        138.7869390775928,
                        35.82276514490444,
                        1533
                    ],
                    [
                        138.78669028527574,
                        35.82298978675435,
                        1535
                    ],
                    [
                        138.78634841055512,
                        35.82309204096518,
                        1531
                    ],
                    [
                        138.78620258131923,
                        35.82320082167763,
                        1527
                    ],
                    [
                        138.78628856583052,
                        35.82336488982882,
                        1526
                    ],
                    [
                        138.78653873302224,
                        35.82354010642339,
                        1526
                    ],
                    [
                        138.7867350448972,
                        35.823792230566475,
                        1529
                    ],
                    [
                        138.78703123494574,
                        35.823931695033274,
                        1530
                    ],
                    [
                        138.7870459674181,
                        35.824228701602394,
                        1531
                    ],
                    [
                        138.7867636636671,
                        35.824457976865006,
                        1532
                    ],
                    [
                        138.78644569914962,
                        35.82458402060078,
                        1534
                    ],
                    [
                        138.786098023473,
                        35.82470012988807,
                        1530
                    ],
                    [
                        138.78578690565453,
                        35.82485690424386,
                        1529
                    ],
                    [
                        138.78557376955698,
                        35.825099638705126,
                        1528
                    ],
                    [
                        138.78537794176043,
                        35.825320691874985,
                        1529
                    ],
                    [
                        138.78536837240003,
                        35.82551819591537,
                        1529
                    ],
                    [
                        138.78567199029,
                        35.82569405644516,
                        1529
                    ],
                    [
                        138.78570776363665,
                        35.82602425338187,
                        1531
                    ],
                    [
                        138.78569816778895,
                        35.82629895620227,
                        1533
                    ],
                    [
                        138.78594170836666,
                        35.82649183081956,
                        1535
                    ],
                    [
                        138.7860570817382,
                        35.826771464931696,
                        1535
                    ],
                    [
                        138.78625943561923,
                        35.82703408896959,
                        1536
                    ],
                    [
                        138.7864308564514,
                        35.82729132888316,
                        1531
                    ],
                    [
                        138.7864956164098,
                        35.82758468421466,
                        1527
                    ],
                    [
                        138.78668870097297,
                        35.82772484974649,
                        1526
                    ],
                    [
                        138.7868728923649,
                        35.82797574527295,
                        1520
                    ],
                    [
                        138.78678505240495,
                        35.82829348934498,
                        1518
                    ],
                    [
                        138.7868193153928,
                        35.828507985789315,
                        1516
                    ],
                    [
                        138.78669314324222,
                        35.82879157986029,
                        1508
                    ],
                    [
                        138.78664446220776,
                        35.82907234636809,
                        1504
                    ],
                    [
                        138.7867834149884,
                        35.82931646341592,
                        1509
                    ],
                    [
                        138.78675236569921,
                        35.829640954360585,
                        1502
                    ],
                    [
                        138.78689959684255,
                        35.8298813559608,
                        1505
                    ],
                    [
                        138.7871813322093,
                        35.830124440018075,
                        1502
                    ],
                    [
                        138.78747705520973,
                        35.8302846359488,
                        1502
                    ],
                    [
                        138.7878404071159,
                        35.83042029647243,
                        1499
                    ],
                    [
                        138.78799551769504,
                        35.83070803807461,
                        1493
                    ],
                    [
                        138.7879128007102,
                        35.831013937612866,
                        1489
                    ],
                    [
                        138.78794449291044,
                        35.83130315760803,
                        1491
                    ],
                    [
                        138.78804550426915,
                        35.831526190629305,
                        1493
                    ],
                    [
                        138.78811371242185,
                        35.83180314105912,
                        1498
                    ],
                    [
                        138.78824495330284,
                        35.832035189784406,
                        1500
                    ],
                    [
                        138.788377104391,
                        35.83232582901947,
                        1502
                    ],
                    [
                        138.7883753976636,
                        35.83260905087532,
                        1505
                    ],
                    [
                        138.7881969309485,
                        35.83288217239393,
                        1506
                    ],
                    [
                        138.7880731423131,
                        35.83310020526465,
                        1508
                    ],
                    [
                        138.78835910927026,
                        35.83317411799711,
                        1513
                    ],
                    [
                        138.78861785130474,
                        35.83334858858966,
                        1514
                    ],
                    [
                        138.78866477369976,
                        35.833507610052635,
                        1517
                    ],
                    [
                        138.78884915925826,
                        35.83368897926947,
                        1518
                    ],
                    [
                        138.78918990586482,
                        35.83378281197302,
                        1523
                    ],
                    [
                        138.78938859302252,
                        35.8339835262135,
                        1526
                    ],
                    [
                        138.7894334440916,
                        35.83422485012452,
                        1532
                    ],
                    [
                        138.7894184532392,
                        35.834481026405655,
                        1533
                    ],
                    [
                        138.78968903665424,
                        35.83452751238196,
                        1540
                    ],
                    [
                        138.7899953142583,
                        35.834567251572096,
                        1545
                    ],
                    [
                        138.7901078364014,
                        35.83483547887523,
                        1548
                    ],
                    [
                        138.79016906094074,
                        35.83501209958344,
                        1552
                    ],
                    [
                        138.79031356877704,
                        35.83520647608581,
                        1557
                    ],
                    [
                        138.79057888689746,
                        35.83504456371454,
                        1558
                    ],
                    [
                        138.7908065074302,
                        35.83485927946737,
                        1561
                    ],
                    [
                        138.7909464769723,
                        35.83464041933666,
                        1567
                    ],
                    [
                        138.79129410288542,
                        35.834554990951325,
                        1567
                    ],
                    [
                        138.7914466980232,
                        35.83480606743097,
                        1567
                    ],
                    [
                        138.79146251196215,
                        35.83514933971439,
                        1568
                    ],
                    [
                        138.79138138014895,
                        35.83546948724726,
                        1566
                    ],
                    [
                        138.79145984889018,
                        35.83572778735511,
                        1570
                    ],
                    [
                        138.79169037427312,
                        35.83596957251435,
                        1573
                    ],
                    [
                        138.7920089532024,
                        35.836104596677316,
                        1570
                    ],
                    [
                        138.7924181706092,
                        35.83607948722216,
                        1561
                    ],
                    [
                        138.79280103930395,
                        35.83606814928681,
                        1561
                    ],
                    [
                        138.79313595735007,
                        35.83619555563728,
                        1557
                    ],
                    [
                        138.79347842447254,
                        35.83628219803089,
                        1551
                    ],
                    [
                        138.79379629731073,
                        35.83646887707488,
                        1550
                    ],
                    [
                        138.79407113813252,
                        35.83659306684227,
                        1553
                    ],
                    [
                        138.79429790677352,
                        35.83638025742398,
                        1552
                    ],
                    [
                        138.7946769773555,
                        35.83630585100445,
                        1551
                    ],
                    [
                        138.7949821148643,
                        35.8364756053972,
                        1551
                    ],
                    [
                        138.79527603701553,
                        35.83667706555045,
                        1545
                    ],
                    [
                        138.79566712979943,
                        35.83667847262279,
                        1546
                    ],
                    [
                        138.7959513432806,
                        35.836908884414754,
                        1551
                    ],
                    [
                        138.79621394838213,
                        35.837116601832435,
                        1554
                    ],
                    [
                        138.79655982986543,
                        35.83710256393075,
                        1552
                    ],
                    [
                        138.79690257664237,
                        35.837007973162294,
                        1555
                    ],
                    [
                        138.7971896726764,
                        35.83721068997008,
                        1557
                    ],
                    [
                        138.79733226825002,
                        35.83749943651122,
                        1558
                    ],
                    [
                        138.7973253215479,
                        35.83785022074207,
                        1556
                    ],
                    [
                        138.79736765171026,
                        35.83813649680263,
                        1560
                    ],
                    [
                        138.79726010204672,
                        35.83845776110114,
                        1559
                    ],
                    [
                        138.79729925734895,
                        35.838773419888966,
                        1562
                    ],
                    [
                        138.79730582397792,
                        35.83906190124669,
                        1564
                    ],
                    [
                        138.79732147461272,
                        35.83935985449262,
                        1568
                    ],
                    [
                        138.79764383944234,
                        35.839403672149906,
                        1568
                    ],
                    [
                        138.79787997323646,
                        35.83943137523333,
                        1572
                    ],
                    [
                        138.79810799170548,
                        35.83953873973801,
                        1573
                    ],
                    [
                        138.79825299295845,
                        35.83975155421684,
                        1580
                    ],
                    [
                        138.79837073047668,
                        35.83993220655291,
                        1585
                    ],
                    [
                        138.79867157415467,
                        35.840084272850454,
                        1586
                    ],
                    [
                        138.79889155989977,
                        35.840258414568,
                        1592
                    ],
                    [
                        138.7990601748594,
                        35.84023291353286,
                        1599
                    ],
                    [
                        138.7991155384047,
                        35.83998171667192,
                        1598
                    ],
                    [
                        138.79942990386365,
                        35.83984626263873,
                        1601
                    ],
                    [
                        138.79976155733567,
                        35.83990129828136,
                        1607
                    ],
                    [
                        138.79993942711187,
                        35.8397187292455,
                        1607
                    ],
                    [
                        138.79998094229856,
                        35.83947063468028,
                        1612
                    ],
                    [
                        138.80009032094827,
                        35.83927480433493,
                        1613
                    ],
                    [
                        138.80041274423397,
                        35.83935737405423,
                        1616
                    ],
                    [
                        138.80066236189947,
                        35.83954153078562,
                        1618
                    ],
                    [
                        138.80100454198777,
                        35.839555331842796,
                        1629
                    ],
                    [
                        138.80131847090422,
                        35.83948877809409,
                        1630
                    ],
                    [
                        138.80164388495442,
                        35.839514301557514,
                        1632
                    ],
                    [
                        138.80193845013835,
                        35.83946178993043,
                        1640
                    ],
                    [
                        138.80220393262687,
                        35.839512415099705,
                        1645
                    ],
                    [
                        138.80232614682097,
                        35.839425324992376,
                        1639
                    ],
                    [
                        138.8021936660524,
                        35.83923798166378,
                        1649
                    ],
                    [
                        138.80250001784273,
                        35.83916643989014,
                        1649
                    ],
                    [
                        138.8026508101149,
                        35.839060043228145,
                        1653
                    ],
                    [
                        138.80245556444513,
                        35.83885545380342,
                        1658
                    ],
                    [
                        138.80225779067592,
                        35.83857811998506,
                        1661
                    ],
                    [
                        138.80219640973525,
                        35.838293651822504,
                        1660
                    ],
                    [
                        138.80241134599515,
                        35.838090388634484,
                        1659
                    ],
                    [
                        138.80275466566266,
                        35.838006439221004,
                        1662
                    ],
                    [
                        138.8030966295322,
                        35.838030407764,
                        1665
                    ],
                    [
                        138.80339300065714,
                        35.83799448665233,
                        1670
                    ],
                    [
                        138.80364525232886,
                        35.8378352423517,
                        1674
                    ],
                    [
                        138.8040446807231,
                        35.83772078327453,
                        1675
                    ],
                    [
                        138.80439590834558,
                        35.83787043918513,
                        1676
                    ],
                    [
                        138.804517774044,
                        35.8381536503738,
                        1680
                    ],
                    [
                        138.80454285802267,
                        35.838445527566655,
                        1677
                    ],
                    [
                        138.80450145661473,
                        35.83857223185225,
                        1682
                    ],
                    [
                        138.80430753790446,
                        35.83887493694545,
                        1678
                    ],
                    [
                        138.80421239020143,
                        35.83913802920933,
                        1681
                    ],
                    [
                        138.80429411601372,
                        35.83945938827538,
                        1680
                    ],
                    [
                        138.8041659794126,
                        35.839754293296664,
                        1679
                    ],
                    [
                        138.80407826200215,
                        35.83992597727631,
                        1682
                    ],
                    [
                        138.80401061212288,
                        35.840180941059444,
                        1686
                    ],
                    [
                        138.80412800638715,
                        35.84041183639979,
                        1689
                    ],
                    [
                        138.8042495401936,
                        35.84065988647561,
                        1694
                    ],
                    [
                        138.80438722462296,
                        35.840884822877264,
                        1699
                    ],
                    [
                        138.804408588113,
                        35.841174826773006,
                        1698
                    ],
                    [
                        138.8045033550589,
                        35.84138900937208,
                        1706
                    ],
                    [
                        138.80449260498108,
                        35.841669931181954,
                        1707
                    ],
                    [
                        138.80428383258698,
                        35.84187811424226,
                        1714
                    ],
                    [
                        138.80409190187285,
                        35.84211855383507,
                        1715
                    ],
                    [
                        138.80388641113683,
                        35.84230371447394,
                        1722
                    ],
                    [
                        138.80381578322337,
                        35.842522964501164,
                        1721
                    ],
                    [
                        138.8037400695917,
                        35.84282936227412,
                        1726
                    ],
                    [
                        138.80394704576855,
                        35.8430596584534,
                        1723
                    ],
                    [
                        138.80418191797204,
                        35.84326912407382,
                        1721
                    ],
                    [
                        138.80449853478194,
                        35.843434263435654,
                        1718
                    ],
                    [
                        138.80481542283565,
                        35.84366698887008,
                        1719
                    ],
                    [
                        138.80479446518228,
                        35.843997371543864,
                        1720
                    ],
                    [
                        138.80451896865907,
                        35.8442363825467,
                        1721
                    ],
                    [
                        138.80411786830618,
                        35.84431760961498,
                        1721
                    ],
                    [
                        138.80375377142866,
                        35.844407423108414,
                        1720
                    ],
                    [
                        138.80403661770984,
                        35.844558848829266,
                        1715
                    ],
                    [
                        138.80430619354718,
                        35.84479362416303,
                        1714
                    ],
                    [
                        138.80446172163352,
                        35.84509742622138,
                        1716
                    ],
                    [
                        138.80467726584592,
                        35.84536616606599,
                        1711
                    ],
                    [
                        138.80492364195553,
                        35.84560668730953,
                        1716
                    ],
                    [
                        138.8049507057544,
                        35.84597420264977,
                        1714
                    ],
                    [
                        138.80477995724092,
                        35.84624364188475,
                        1712
                    ],
                    [
                        138.80485936679676,
                        35.84652960241325,
                        1709
                    ],
                    [
                        138.8050910282669,
                        35.846735115747684,
                        1707
                    ],
                    [
                        138.80515449240485,
                        35.84705585805898,
                        1707
                    ],
                    [
                        138.80515966448795,
                        35.847390030733884,
                        1705
                    ],
                    [
                        138.8051136467293,
                        35.847705891289095,
                        1707
                    ],
                    [
                        138.80538020635203,
                        35.84784588028251,
                        1708
                    ],
                    [
                        138.80571550497245,
                        35.84795037565372,
                        1709
                    ],
                    [
                        138.80584125565957,
                        35.84826833057293,
                        1710
                    ],
                    [
                        138.80579096062232,
                        35.84855995072033,
                        1715
                    ],
                    [
                        138.8057040506526,
                        35.84878288099395,
                        1716
                    ],
                    [
                        138.80562333223122,
                        35.849058290147184,
                        1718
                    ],
                    [
                        138.80526917808933,
                        35.84921568625972,
                        1723
                    ],
                    [
                        138.8048732313784,
                        35.84928198717492,
                        1723
                    ],
                    [
                        138.80472218284666,
                        35.84950188031471,
                        1724
                    ],
                    [
                        138.80487718276785,
                        35.8497654744698,
                        1724
                    ],
                    [
                        138.80499282774625,
                        35.850065428244804,
                        1722
                    ],
                    [
                        138.8049690125414,
                        35.85038167052311,
                        1724
                    ],
                    [
                        138.8048842543625,
                        35.85066478160958,
                        1730
                    ],
                    [
                        138.80464698910333,
                        35.850895549362505,
                        1729
                    ],
                    [
                        138.804632383699,
                        35.85119999435526,
                        1725
                    ],
                    [
                        138.8048141857185,
                        35.8514986785103,
                        1724
                    ],
                    [
                        138.80491303528947,
                        35.85178118594441,
                        1713
                    ],
                    [
                        138.80491768942557,
                        35.85209248388455,
                        1712
                    ],
                    [
                        138.8050528380065,
                        35.85237817514175,
                        1703
                    ],
                    [
                        138.80514284218413,
                        35.85271741662986,
                        1699
                    ],
                    [
                        138.8053365604749,
                        35.853021080052855,
                        1702
                    ],
                    [
                        138.80555775941335,
                        35.8532924565005,
                        1692
                    ],
                    [
                        138.80546536452067,
                        35.85359620103472,
                        1694
                    ],
                    [
                        138.80550159025734,
                        35.85392893857677,
                        1696
                    ],
                    [
                        138.80575974317514,
                        35.854126954111614,
                        1692
                    ],
                    [
                        138.8060848696057,
                        35.854207805920865,
                        1696
                    ],
                    [
                        138.80637503518355,
                        35.85437412006533,
                        1700
                    ],
                    [
                        138.80655946290142,
                        35.854631328981334,
                        1707
                    ],
                    [
                        138.80676982471283,
                        35.85485617416728,
                        1711
                    ],
                    [
                        138.80696188501352,
                        35.85509682689253,
                        1712
                    ],
                    [
                        138.8071847584366,
                        35.85527357851477,
                        1715
                    ],
                    [
                        138.80747849991144,
                        35.85531874698594,
                        1718
                    ],
                    [
                        138.80782425668153,
                        35.85529697702104,
                        1723
                    ],
                    [
                        138.8081390118638,
                        35.85525977032853,
                        1726
                    ],
                    [
                        138.80840957953154,
                        35.85509966605683,
                        1730
                    ],
                    [
                        138.80866185559182,
                        35.855159214357556,
                        1731
                    ],
                    [
                        138.8089364705675,
                        35.85536888802914,
                        1735
                    ],
                    [
                        138.80914027734264,
                        35.85560544598969,
                        1741
                    ],
                    [
                        138.80918879826947,
                        35.85585399800133,
                        1749
                    ],
                    [
                        138.8093470078473,
                        35.85601263657016,
                        1756
                    ],
                    [
                        138.80962058639784,
                        35.855877788323696,
                        1752
                    ],
                    [
                        138.8099706509307,
                        35.855991134682974,
                        1754
                    ],
                    [
                        138.81020674858186,
                        35.85623071995448,
                        1755
                    ],
                    [
                        138.8104312345395,
                        35.85649314852861,
                        1759
                    ],
                    [
                        138.8104603721844,
                        35.856831255364696,
                        1763
                    ],
                    [
                        138.81046977800372,
                        35.857133217824895,
                        1767
                    ],
                    [
                        138.810405464648,
                        35.85749659938733,
                        1772
                    ],
                    [
                        138.81034116446162,
                        35.857789412713714,
                        1779
                    ],
                    [
                        138.8104402388685,
                        35.85793197282182,
                        1774
                    ],
                    [
                        138.8104392697566,
                        35.85788120916194,
                        1777
                    ]
                ]
            }
        },
        {
            "type": "Feature",
            "properties": {
                "name": "20240707",
                "time": "2024-07-06T20:30:04Z",
                "coordTimes": [
                    "2024-07-06T20:30:04Z",
                    "2024-07-06T20:30:42Z",
                    "2024-07-06T20:31:09Z",
                    "2024-07-06T20:31:42Z",
                    "2024-07-06T20:32:13Z",
                    "2024-07-06T20:32:40Z",
                    "2024-07-06T20:33:07Z",
                    "2024-07-06T20:33:38Z",
                    "2024-07-06T20:34:08Z",
                    "2024-07-06T20:34:44Z",
                    "2024-07-06T20:35:13Z",
                    "2024-07-06T20:35:42Z",
                    "2024-07-06T20:36:10Z",
                    "2024-07-06T20:36:47Z",
                    "2024-07-06T20:37:22Z",
                    "2024-07-06T20:37:50Z",
                    "2024-07-06T20:38:16Z",
                    "2024-07-06T20:38:51Z",
                    "2024-07-06T20:39:17Z",
                    "2024-07-06T20:39:44Z",
                    "2024-07-06T20:40:12Z",
                    "2024-07-06T20:42:01Z",
                    "2024-07-06T20:43:26Z",
                    "2024-07-06T20:43:55Z",
                    "2024-07-06T20:44:28Z",
                    "2024-07-06T20:45:01Z",
                    "2024-07-06T20:45:30Z",
                    "2024-07-06T20:45:56Z",
                    "2024-07-06T20:46:28Z",
                    "2024-07-06T20:46:59Z",
                    "2024-07-06T20:47:32Z",
                    "2024-07-06T20:48:02Z",
                    "2024-07-06T20:48:27Z",
                    "2024-07-06T20:48:57Z",
                    "2024-07-06T20:49:36Z",
                    "2024-07-06T20:50:27Z",
                    "2024-07-06T20:51:07Z",
                    "2024-07-06T20:51:48Z",
                    "2024-07-06T20:52:28Z",
                    "2024-07-06T20:53:37Z",
                    "2024-07-06T20:54:26Z",
                    "2024-07-06T20:55:06Z",
                    "2024-07-06T20:56:29Z",
                    "2024-07-06T20:57:32Z",
                    "2024-07-06T20:58:23Z",
                    "2024-07-06T20:59:04Z",
                    "2024-07-06T20:59:59Z",
                    "2024-07-06T21:00:55Z",
                    "2024-07-06T21:02:23Z",
                    "2024-07-06T21:07:03Z",
                    "2024-07-06T21:08:46Z",
                    "2024-07-06T21:09:24Z",
                    "2024-07-06T21:10:10Z",
                    "2024-07-06T21:10:59Z",
                    "2024-07-06T21:11:40Z",
                    "2024-07-06T21:12:34Z",
                    "2024-07-06T21:13:06Z",
                    "2024-07-06T21:13:36Z",
                    "2024-07-06T21:14:09Z",
                    "2024-07-06T21:14:43Z",
                    "2024-07-06T21:15:17Z",
                    "2024-07-06T21:16:06Z",
                    "2024-07-06T21:16:43Z",
                    "2024-07-06T21:17:17Z",
                    "2024-07-06T21:17:59Z",
                    "2024-07-06T21:19:06Z",
                    "2024-07-06T21:19:56Z",
                    "2024-07-06T21:20:34Z",
                    "2024-07-06T21:21:09Z",
                    "2024-07-06T21:21:39Z",
                    "2024-07-06T21:22:11Z",
                    "2024-07-06T21:22:48Z",
                    "2024-07-06T21:23:19Z",
                    "2024-07-06T21:23:55Z",
                    "2024-07-06T21:24:26Z",
                    "2024-07-06T21:24:54Z",
                    "2024-07-06T21:25:21Z",
                    "2024-07-06T21:25:47Z",
                    "2024-07-06T21:26:18Z",
                    "2024-07-06T21:26:46Z",
                    "2024-07-06T21:27:11Z",
                    "2024-07-06T21:27:39Z",
                    "2024-07-06T21:28:10Z",
                    "2024-07-06T21:28:44Z",
                    "2024-07-06T21:29:18Z",
                    "2024-07-06T21:29:50Z",
                    "2024-07-06T21:30:17Z",
                    "2024-07-06T21:30:49Z",
                    "2024-07-06T21:32:00Z",
                    "2024-07-06T21:33:03Z",
                    "2024-07-06T21:33:46Z",
                    "2024-07-06T21:34:40Z",
                    "2024-07-06T21:35:15Z",
                    "2024-07-06T21:36:13Z",
                    "2024-07-06T21:36:55Z",
                    "2024-07-06T21:37:34Z",
                    "2024-07-06T21:38:05Z",
                    "2024-07-06T21:39:01Z",
                    "2024-07-06T21:39:35Z",
                    "2024-07-06T21:40:19Z",
                    "2024-07-06T21:40:54Z",
                    "2024-07-06T21:41:25Z",
                    "2024-07-06T21:42:09Z",
                    "2024-07-06T21:42:43Z",
                    "2024-07-06T21:43:21Z",
                    "2024-07-06T21:43:53Z",
                    "2024-07-06T21:44:32Z",
                    "2024-07-06T21:45:15Z",
                    "2024-07-06T21:45:43Z",
                    "2024-07-06T21:46:12Z",
                    "2024-07-06T21:46:39Z",
                    "2024-07-06T21:47:19Z",
                    "2024-07-06T21:47:58Z",
                    "2024-07-06T21:48:39Z",
                    "2024-07-06T21:49:06Z",
                    "2024-07-06T21:49:35Z",
                    "2024-07-06T21:50:03Z",
                    "2024-07-06T21:50:41Z",
                    "2024-07-06T21:51:17Z",
                    "2024-07-06T21:51:54Z",
                    "2024-07-06T21:52:27Z",
                    "2024-07-06T21:52:56Z",
                    "2024-07-06T21:53:24Z",
                    "2024-07-06T21:54:11Z",
                    "2024-07-06T21:55:33Z",
                    "2024-07-06T21:56:04Z",
                    "2024-07-06T21:56:33Z",
                    "2024-07-06T21:57:07Z",
                    "2024-07-06T21:57:47Z",
                    "2024-07-06T21:58:17Z",
                    "2024-07-06T21:58:51Z",
                    "2024-07-06T21:59:26Z",
                    "2024-07-06T21:59:58Z",
                    "2024-07-06T22:00:26Z",
                    "2024-07-06T22:01:27Z",
                    "2024-07-06T22:02:42Z",
                    "2024-07-06T22:03:26Z",
                    "2024-07-06T22:03:52Z",
                    "2024-07-06T22:04:23Z",
                    "2024-07-06T22:04:53Z",
                    "2024-07-06T22:05:29Z",
                    "2024-07-06T22:06:00Z",
                    "2024-07-06T22:06:29Z",
                    "2024-07-06T22:07:16Z",
                    "2024-07-06T22:08:08Z",
                    "2024-07-06T22:08:49Z",
                    "2024-07-06T22:09:47Z",
                    "2024-07-06T22:10:26Z",
                    "2024-07-06T22:11:37Z",
                    "2024-07-06T22:12:08Z",
                    "2024-07-06T22:12:39Z",
                    "2024-07-06T22:13:16Z",
                    "2024-07-06T22:13:58Z",
                    "2024-07-06T22:15:21Z",
                    "2024-07-06T22:16:01Z",
                    "2024-07-06T22:16:51Z",
                    "2024-07-06T22:17:22Z",
                    "2024-07-06T22:17:54Z",
                    "2024-07-06T22:18:24Z",
                    "2024-07-06T22:18:54Z",
                    "2024-07-06T22:19:30Z",
                    "2024-07-06T22:20:03Z",
                    "2024-07-06T22:20:34Z",
                    "2024-07-06T22:21:08Z",
                    "2024-07-06T22:21:37Z",
                    "2024-07-06T22:22:07Z",
                    "2024-07-06T22:22:42Z",
                    "2024-07-06T22:23:20Z",
                    "2024-07-06T22:24:21Z",
                    "2024-07-06T22:24:55Z",
                    "2024-07-06T22:25:33Z",
                    "2024-07-06T22:26:27Z",
                    "2024-07-06T22:27:29Z",
                    "2024-07-06T22:28:54Z",
                    "2024-07-06T22:30:39Z",
                    "2024-07-06T22:31:14Z",
                    "2024-07-06T22:31:48Z",
                    "2024-07-06T22:32:27Z",
                    "2024-07-06T22:33:36Z",
                    "2024-07-06T22:34:22Z",
                    "2024-07-06T22:35:05Z",
                    "2024-07-06T22:36:24Z",
                    "2024-07-06T22:42:39Z",
                    "2024-07-06T22:43:09Z",
                    "2024-07-06T22:43:43Z",
                    "2024-07-06T22:44:12Z",
                    "2024-07-06T22:44:50Z",
                    "2024-07-06T22:45:34Z",
                    "2024-07-06T22:46:07Z",
                    "2024-07-06T22:46:34Z",
                    "2024-07-06T22:47:43Z",
                    "2024-07-06T22:48:10Z",
                    "2024-07-06T22:48:38Z",
                    "2024-07-06T22:49:30Z",
                    "2024-07-06T22:50:01Z",
                    "2024-07-06T22:50:26Z",
                    "2024-07-06T22:50:53Z",
                    "2024-07-06T22:51:20Z",
                    "2024-07-06T22:51:50Z",
                    "2024-07-06T22:52:19Z",
                    "2024-07-06T22:52:53Z",
                    "2024-07-06T22:53:29Z",
                    "2024-07-06T22:54:03Z",
                    "2024-07-06T22:54:49Z",
                    "2024-07-06T22:55:25Z",
                    "2024-07-06T22:56:04Z",
                    "2024-07-06T22:56:47Z",
                    "2024-07-06T22:57:24Z",
                    "2024-07-06T22:57:58Z",
                    "2024-07-06T22:58:39Z",
                    "2024-07-06T22:59:11Z",
                    "2024-07-06T22:59:44Z",
                    "2024-07-06T23:00:17Z",
                    "2024-07-06T23:00:52Z",
                    "2024-07-06T23:01:21Z",
                    "2024-07-06T23:01:59Z",
                    "2024-07-06T23:02:42Z",
                    "2024-07-06T23:03:18Z",
                    "2024-07-06T23:03:54Z",
                    "2024-07-06T23:04:25Z",
                    "2024-07-06T23:04:56Z",
                    "2024-07-06T23:05:26Z",
                    "2024-07-06T23:05:56Z",
                    "2024-07-06T23:06:27Z",
                    "2024-07-06T23:07:19Z",
                    "2024-07-06T23:07:45Z",
                    "2024-07-06T23:08:26Z",
                    "2024-07-06T23:09:22Z",
                    "2024-07-06T23:09:52Z",
                    "2024-07-06T23:10:26Z",
                    "2024-07-06T23:11:06Z",
                    "2024-07-06T23:11:34Z",
                    "2024-07-06T23:12:04Z",
                    "2024-07-06T23:12:31Z",
                    "2024-07-06T23:12:59Z",
                    "2024-07-06T23:13:26Z",
                    "2024-07-06T23:13:52Z",
                    "2024-07-06T23:14:19Z",
                    "2024-07-06T23:14:46Z",
                    "2024-07-06T23:15:14Z",
                    "2024-07-06T23:15:51Z",
                    "2024-07-06T23:16:17Z",
                    "2024-07-06T23:16:43Z",
                    "2024-07-06T23:17:10Z",
                    "2024-07-06T23:17:36Z",
                    "2024-07-06T23:18:03Z",
                    "2024-07-06T23:18:29Z",
                    "2024-07-06T23:18:55Z",
                    "2024-07-06T23:19:23Z",
                    "2024-07-06T23:20:14Z",
                    "2024-07-06T23:20:41Z",
                    "2024-07-06T23:21:07Z",
                    "2024-07-06T23:21:34Z",
                    "2024-07-06T23:22:00Z",
                    "2024-07-06T23:22:29Z",
                    "2024-07-06T23:22:58Z",
                    "2024-07-06T23:23:26Z",
                    "2024-07-06T23:23:52Z",
                    "2024-07-06T23:24:18Z",
                    "2024-07-06T23:24:48Z",
                    "2024-07-06T23:25:17Z",
                    "2024-07-06T23:25:44Z",
                    "2024-07-06T23:26:14Z",
                    "2024-07-06T23:26:41Z",
                    "2024-07-06T23:27:16Z",
                    "2024-07-06T23:27:42Z",
                    "2024-07-06T23:28:11Z",
                    "2024-07-06T23:28:38Z",
                    "2024-07-06T23:29:07Z",
                    "2024-07-06T23:29:38Z",
                    "2024-07-06T23:30:12Z",
                    "2024-07-06T23:41:11Z",
                    "2024-07-06T23:44:12Z",
                    "2024-07-06T23:44:43Z",
                    "2024-07-06T23:45:15Z",
                    "2024-07-06T23:45:52Z",
                    "2024-07-06T23:46:39Z",
                    "2024-07-06T23:47:07Z",
                    "2024-07-06T23:47:41Z",
                    "2024-07-06T23:48:15Z",
                    "2024-07-06T23:48:56Z",
                    "2024-07-06T23:52:05Z",
                    "2024-07-06T23:52:43Z",
                    "2024-07-06T23:53:26Z",
                    "2024-07-06T23:54:00Z",
                    "2024-07-06T23:54:38Z",
                    "2024-07-06T23:55:13Z",
                    "2024-07-06T23:55:55Z",
                    "2024-07-06T23:56:33Z",
                    "2024-07-06T23:57:19Z",
                    "2024-07-06T23:58:28Z",
                    "2024-07-06T23:58:56Z",
                    "2024-07-06T23:59:24Z",
                    "2024-07-06T23:59:58Z",
                    "2024-07-07T00:00:27Z",
                    "2024-07-07T00:01:47Z",
                    "2024-07-07T00:03:22Z",
                    "2024-07-07T00:03:54Z",
                    "2024-07-07T00:04:22Z",
                    "2024-07-07T00:04:53Z",
                    "2024-07-07T00:05:23Z",
                    "2024-07-07T00:05:54Z",
                    "2024-07-07T00:06:23Z",
                    "2024-07-07T00:06:54Z",
                    "2024-07-07T00:07:25Z",
                    "2024-07-07T00:07:52Z",
                    "2024-07-07T00:08:18Z",
                    "2024-07-07T00:08:45Z",
                    "2024-07-07T00:09:17Z",
                    "2024-07-07T00:09:48Z",
                    "2024-07-07T00:10:19Z",
                    "2024-07-07T00:10:48Z",
                    "2024-07-07T00:11:19Z",
                    "2024-07-07T00:11:48Z",
                    "2024-07-07T00:12:18Z",
                    "2024-07-07T00:12:46Z",
                    "2024-07-07T00:13:16Z",
                    "2024-07-07T00:13:48Z",
                    "2024-07-07T00:14:16Z",
                    "2024-07-07T00:14:48Z",
                    "2024-07-07T00:15:20Z",
                    "2024-07-07T00:15:52Z",
                    "2024-07-07T00:16:29Z",
                    "2024-07-07T00:16:59Z",
                    "2024-07-07T00:17:29Z",
                    "2024-07-07T00:17:58Z",
                    "2024-07-07T00:18:24Z",
                    "2024-07-07T00:18:52Z",
                    "2024-07-07T00:19:25Z",
                    "2024-07-07T00:19:58Z",
                    "2024-07-07T00:20:42Z",
                    "2024-07-07T00:21:18Z",
                    "2024-07-07T00:21:47Z",
                    "2024-07-07T00:22:11Z",
                    "2024-07-07T00:22:42Z",
                    "2024-07-07T00:23:10Z",
                    "2024-07-07T00:23:40Z",
                    "2024-07-07T00:24:09Z",
                    "2024-07-07T00:24:52Z",
                    "2024-07-07T00:26:20Z",
                    "2024-07-07T00:26:54Z",
                    "2024-07-07T00:27:23Z",
                    "2024-07-07T00:28:00Z",
                    "2024-07-07T00:28:36Z",
                    "2024-07-07T00:30:58Z",
                    "2024-07-07T00:31:38Z",
                    "2024-07-07T00:32:07Z",
                    "2024-07-07T00:32:40Z",
                    "2024-07-07T00:33:34Z",
                    "2024-07-07T00:35:34Z",
                    "2024-07-07T00:36:02Z",
                    "2024-07-07T00:36:31Z",
                    "2024-07-07T00:37:00Z",
                    "2024-07-07T00:37:32Z",
                    "2024-07-07T00:37:59Z",
                    "2024-07-07T00:38:28Z",
                    "2024-07-07T00:38:57Z",
                    "2024-07-07T00:39:27Z",
                    "2024-07-07T00:39:55Z",
                    "2024-07-07T00:40:26Z",
                    "2024-07-07T00:41:00Z",
                    "2024-07-07T00:41:27Z",
                    "2024-07-07T00:41:57Z",
                    "2024-07-07T00:42:32Z",
                    "2024-07-07T00:43:02Z",
                    "2024-07-07T00:43:30Z",
                    "2024-07-07T00:43:59Z",
                    "2024-07-07T00:44:30Z",
                    "2024-07-07T00:45:01Z",
                    "2024-07-07T00:45:37Z",
                    "2024-07-07T00:46:12Z",
                    "2024-07-07T00:46:41Z",
                    "2024-07-07T00:47:11Z",
                    "2024-07-07T00:47:41Z",
                    "2024-07-07T00:48:18Z",
                    "2024-07-07T00:48:53Z",
                    "2024-07-07T00:49:21Z",
                    "2024-07-07T00:49:52Z",
                    "2024-07-07T00:50:24Z",
                    "2024-07-07T00:50:57Z",
                    "2024-07-07T00:52:35Z",
                    "2024-07-07T00:53:12Z",
                    "2024-07-07T00:53:44Z",
                    "2024-07-07T00:54:18Z",
                    "2024-07-07T00:55:01Z",
                    "2024-07-07T00:55:31Z",
                    "2024-07-07T00:56:02Z",
                    "2024-07-07T00:56:30Z",
                    "2024-07-07T00:57:01Z",
                    "2024-07-07T00:57:27Z",
                    "2024-07-07T00:57:58Z",
                    "2024-07-07T00:58:55Z",
                    "2024-07-07T00:59:43Z",
                    "2024-07-07T01:00:22Z",
                    "2024-07-07T01:00:54Z",
                    "2024-07-07T01:01:24Z",
                    "2024-07-07T01:01:52Z",
                    "2024-07-07T01:02:36Z",
                    "2024-07-07T01:03:06Z",
                    "2024-07-07T01:03:45Z",
                    "2024-07-07T01:04:12Z",
                    "2024-07-07T01:04:42Z",
                    "2024-07-07T01:05:12Z",
                    "2024-07-07T01:05:47Z",
                    "2024-07-07T01:06:15Z",
                    "2024-07-07T01:06:40Z",
                    "2024-07-07T01:22:18Z",
                    "2024-07-07T01:22:49Z",
                    "2024-07-07T01:23:15Z",
                    "2024-07-07T01:23:43Z",
                    "2024-07-07T01:24:16Z",
                    "2024-07-07T01:24:46Z",
                    "2024-07-07T01:25:19Z",
                    "2024-07-07T01:25:45Z",
                    "2024-07-07T01:26:21Z",
                    "2024-07-07T01:26:49Z",
                    "2024-07-07T01:27:24Z",
                    "2024-07-07T01:27:57Z",
                    "2024-07-07T01:28:36Z",
                    "2024-07-07T01:29:19Z",
                    "2024-07-07T01:29:51Z",
                    "2024-07-07T01:30:27Z",
                    "2024-07-07T01:31:08Z",
                    "2024-07-07T01:31:50Z",
                    "2024-07-07T01:32:22Z",
                    "2024-07-07T01:32:56Z",
                    "2024-07-07T01:34:13Z",
                    "2024-07-07T01:34:45Z",
                    "2024-07-07T01:35:12Z",
                    "2024-07-07T01:35:54Z",
                    "2024-07-07T01:36:22Z",
                    "2024-07-07T01:36:55Z",
                    "2024-07-07T01:37:30Z",
                    "2024-07-07T01:38:03Z",
                    "2024-07-07T01:38:28Z",
                    "2024-07-07T01:39:15Z",
                    "2024-07-07T01:40:10Z",
                    "2024-07-07T01:41:02Z",
                    "2024-07-07T01:41:48Z",
                    "2024-07-07T01:42:24Z",
                    "2024-07-07T01:43:00Z",
                    "2024-07-07T01:43:42Z",
                    "2024-07-07T01:44:18Z",
                    "2024-07-07T01:45:21Z",
                    "2024-07-07T01:46:03Z",
                    "2024-07-07T01:46:54Z",
                    "2024-07-07T01:47:45Z",
                    "2024-07-07T01:48:18Z",
                    "2024-07-07T01:49:44Z",
                    "2024-07-07T01:50:27Z",
                    "2024-07-07T01:51:08Z",
                    "2024-07-07T01:51:50Z",
                    "2024-07-07T01:52:28Z",
                    "2024-07-07T01:52:58Z",
                    "2024-07-07T01:53:33Z",
                    "2024-07-07T02:15:38Z",
                    "2024-07-07T02:16:11Z",
                    "2024-07-07T02:16:39Z",
                    "2024-07-07T02:17:07Z",
                    "2024-07-07T02:17:43Z",
                    "2024-07-07T02:18:13Z",
                    "2024-07-07T02:18:50Z",
                    "2024-07-07T02:19:43Z",
                    "2024-07-07T02:20:17Z",
                    "2024-07-07T02:20:49Z",
                    "2024-07-07T02:21:30Z",
                    "2024-07-07T02:22:38Z",
                    "2024-07-07T02:23:25Z",
                    "2024-07-07T02:24:00Z",
                    "2024-07-07T02:24:36Z",
                    "2024-07-07T02:25:15Z",
                    "2024-07-07T02:25:46Z",
                    "2024-07-07T02:26:16Z",
                    "2024-07-07T02:27:04Z",
                    "2024-07-07T02:27:33Z",
                    "2024-07-07T02:28:07Z",
                    "2024-07-07T02:28:37Z",
                    "2024-07-07T02:29:06Z",
                    "2024-07-07T02:29:38Z",
                    "2024-07-07T02:30:05Z",
                    "2024-07-07T02:30:36Z",
                    "2024-07-07T02:31:07Z",
                    "2024-07-07T02:31:56Z",
                    "2024-07-07T02:32:39Z",
                    "2024-07-07T02:33:14Z",
                    "2024-07-07T02:33:58Z",
                    "2024-07-07T02:34:33Z",
                    "2024-07-07T02:35:08Z",
                    "2024-07-07T02:35:50Z",
                    "2024-07-07T02:36:23Z",
                    "2024-07-07T02:37:01Z",
                    "2024-07-07T02:37:34Z",
                    "2024-07-07T02:38:08Z",
                    "2024-07-07T02:39:23Z",
                    "2024-07-07T02:40:04Z",
                    "2024-07-07T02:40:41Z",
                    "2024-07-07T02:41:22Z",
                    "2024-07-07T02:41:59Z",
                    "2024-07-07T02:42:30Z",
                    "2024-07-07T02:43:07Z",
                    "2024-07-07T02:44:58Z",
                    "2024-07-07T02:45:29Z",
                    "2024-07-07T02:46:40Z",
                    "2024-07-07T02:47:45Z",
                    "2024-07-07T02:49:21Z",
                    "2024-07-07T02:50:05Z",
                    "2024-07-07T02:50:59Z",
                    "2024-07-07T02:52:11Z",
                    "2024-07-07T02:53:13Z",
                    "2024-07-07T02:54:05Z",
                    "2024-07-07T02:54:52Z",
                    "2024-07-07T02:55:39Z",
                    "2024-07-07T02:56:16Z",
                    "2024-07-07T02:56:59Z",
                    "2024-07-07T02:57:53Z",
                    "2024-07-07T02:58:54Z",
                    "2024-07-07T03:00:27Z",
                    "2024-07-07T03:01:04Z",
                    "2024-07-07T03:01:38Z",
                    "2024-07-07T03:02:09Z",
                    "2024-07-07T03:02:39Z",
                    "2024-07-07T03:03:13Z",
                    "2024-07-07T03:03:43Z",
                    "2024-07-07T03:04:10Z",
                    "2024-07-07T03:04:42Z",
                    "2024-07-07T03:05:10Z",
                    "2024-07-07T03:05:47Z",
                    "2024-07-07T03:06:30Z",
                    "2024-07-07T03:06:59Z",
                    "2024-07-07T03:07:25Z",
                    "2024-07-07T03:07:55Z",
                    "2024-07-07T03:08:25Z",
                    "2024-07-07T03:22:56Z",
                    "2024-07-07T03:23:25Z",
                    "2024-07-07T03:23:55Z",
                    "2024-07-07T03:24:21Z",
                    "2024-07-07T03:24:52Z",
                    "2024-07-07T03:25:22Z",
                    "2024-07-07T03:25:53Z",
                    "2024-07-07T03:26:25Z",
                    "2024-07-07T03:26:54Z",
                    "2024-07-07T03:27:22Z",
                    "2024-07-07T03:27:56Z",
                    "2024-07-07T03:28:24Z",
                    "2024-07-07T03:28:54Z",
                    "2024-07-07T03:29:23Z",
                    "2024-07-07T03:29:49Z",
                    "2024-07-07T03:30:18Z",
                    "2024-07-07T03:30:47Z",
                    "2024-07-07T03:31:18Z",
                    "2024-07-07T03:31:47Z",
                    "2024-07-07T03:32:23Z",
                    "2024-07-07T03:32:55Z",
                    "2024-07-07T03:33:27Z",
                    "2024-07-07T03:33:56Z",
                    "2024-07-07T03:34:22Z",
                    "2024-07-07T03:34:51Z",
                    "2024-07-07T03:35:18Z",
                    "2024-07-07T03:35:57Z",
                    "2024-07-07T03:36:24Z",
                    "2024-07-07T03:36:49Z",
                    "2024-07-07T03:37:17Z",
                    "2024-07-07T03:37:49Z",
                    "2024-07-07T03:38:47Z",
                    "2024-07-07T03:39:30Z",
                    "2024-07-07T03:40:03Z",
                    "2024-07-07T03:40:36Z",
                    "2024-07-07T03:41:10Z",
                    "2024-07-07T03:41:41Z",
                    "2024-07-07T03:42:16Z",
                    "2024-07-07T03:42:46Z",
                    "2024-07-07T03:43:17Z",
                    "2024-07-07T03:44:41Z",
                    "2024-07-07T03:45:17Z",
                    "2024-07-07T03:45:48Z",
                    "2024-07-07T03:46:20Z",
                    "2024-07-07T03:46:47Z",
                    "2024-07-07T03:47:16Z",
                    "2024-07-07T03:47:44Z",
                    "2024-07-07T03:48:13Z",
                    "2024-07-07T03:48:42Z",
                    "2024-07-07T03:49:14Z",
                    "2024-07-07T03:49:41Z",
                    "2024-07-07T03:50:12Z",
                    "2024-07-07T03:50:42Z",
                    "2024-07-07T03:51:12Z",
                    "2024-07-07T03:51:40Z",
                    "2024-07-07T03:52:09Z",
                    "2024-07-07T03:52:37Z",
                    "2024-07-07T03:53:05Z",
                    "2024-07-07T03:53:33Z",
                    "2024-07-07T03:54:02Z",
                    "2024-07-07T03:54:28Z",
                    "2024-07-07T03:54:58Z",
                    "2024-07-07T03:55:25Z",
                    "2024-07-07T03:55:51Z",
                    "2024-07-07T03:56:17Z",
                    "2024-07-07T03:56:45Z",
                    "2024-07-07T03:57:15Z",
                    "2024-07-07T03:57:47Z",
                    "2024-07-07T03:58:17Z",
                    "2024-07-07T03:58:43Z",
                    "2024-07-07T03:59:13Z",
                    "2024-07-07T03:59:39Z",
                    "2024-07-07T04:00:09Z",
                    "2024-07-07T04:00:35Z",
                    "2024-07-07T04:01:03Z",
                    "2024-07-07T04:01:29Z",
                    "2024-07-07T04:01:57Z",
                    "2024-07-07T04:02:26Z",
                    "2024-07-07T04:02:53Z",
                    "2024-07-07T04:03:21Z",
                    "2024-07-07T04:04:07Z",
                    "2024-07-07T04:04:45Z",
                    "2024-07-07T04:05:12Z",
                    "2024-07-07T04:05:49Z",
                    "2024-07-07T04:06:18Z",
                    "2024-07-07T04:06:49Z",
                    "2024-07-07T04:07:19Z",
                    "2024-07-07T04:07:47Z",
                    "2024-07-07T04:08:16Z",
                    "2024-07-07T04:08:44Z",
                    "2024-07-07T04:09:11Z",
                    "2024-07-07T04:09:44Z",
                    "2024-07-07T04:10:10Z",
                    "2024-07-07T04:10:36Z",
                    "2024-07-07T04:11:03Z",
                    "2024-07-07T04:11:29Z",
                    "2024-07-07T04:11:56Z",
                    "2024-07-07T04:12:24Z",
                    "2024-07-07T04:12:59Z",
                    "2024-07-07T04:13:28Z",
                    "2024-07-07T04:13:55Z",
                    "2024-07-07T04:14:21Z",
                    "2024-07-07T04:14:49Z",
                    "2024-07-07T04:15:20Z",
                    "2024-07-07T04:15:47Z",
                    "2024-07-07T04:16:15Z",
                    "2024-07-07T04:16:43Z",
                    "2024-07-07T04:17:11Z",
                    "2024-07-07T04:17:39Z",
                    "2024-07-07T04:18:05Z",
                    "2024-07-07T04:18:32Z",
                    "2024-07-07T04:19:01Z",
                    "2024-07-07T04:19:29Z",
                    "2024-07-07T04:19:56Z",
                    "2024-07-07T04:20:22Z",
                    "2024-07-07T04:20:50Z",
                    "2024-07-07T04:21:16Z",
                    "2024-07-07T04:21:44Z",
                    "2024-07-07T04:22:19Z",
                    "2024-07-07T04:22:47Z",
                    "2024-07-07T04:23:13Z",
                    "2024-07-07T04:23:40Z",
                    "2024-07-07T04:24:08Z",
                    "2024-07-07T04:24:41Z",
                    "2024-07-07T04:25:08Z",
                    "2024-07-07T04:25:39Z",
                    "2024-07-07T04:26:04Z",
                    "2024-07-07T04:26:32Z",
                    "2024-07-07T04:27:01Z",
                    "2024-07-07T04:27:29Z",
                    "2024-07-07T04:27:56Z",
                    "2024-07-07T04:28:23Z",
                    "2024-07-07T04:28:49Z",
                    "2024-07-07T04:29:17Z",
                    "2024-07-07T04:29:44Z",
                    "2024-07-07T04:30:11Z",
                    "2024-07-07T04:30:40Z",
                    "2024-07-07T04:31:08Z",
                    "2024-07-07T04:31:33Z",
                    "2024-07-07T04:32:01Z",
                    "2024-07-07T04:32:28Z",
                    "2024-07-07T04:32:59Z",
                    "2024-07-07T04:33:25Z",
                    "2024-07-07T04:33:49Z",
                    "2024-07-07T04:34:15Z",
                    "2024-07-07T04:34:43Z",
                    "2024-07-07T04:35:08Z",
                    "2024-07-07T04:35:35Z",
                    "2024-07-07T04:36:14Z",
                    "2024-07-07T04:36:43Z",
                    "2024-07-07T04:37:11Z",
                    "2024-07-07T04:37:44Z",
                    "2024-07-07T04:39:31Z",
                    "2024-07-07T04:40:15Z",
                    "2024-07-07T04:42:29Z",
                    "2024-07-07T04:44:23Z",
                    "2024-07-07T04:44:57Z",
                    "2024-07-07T04:45:24Z",
                    "2024-07-07T04:45:54Z",
                    "2024-07-07T04:46:21Z",
                    "2024-07-07T04:46:51Z",
                    "2024-07-07T04:47:18Z",
                    "2024-07-07T04:47:48Z",
                    "2024-07-07T04:48:16Z",
                    "2024-07-07T04:49:01Z",
                    "2024-07-07T04:49:44Z",
                    "2024-07-07T04:50:12Z",
                    "2024-07-07T04:50:40Z",
                    "2024-07-07T04:51:09Z",
                    "2024-07-07T04:51:42Z",
                    "2024-07-07T04:52:32Z",
                    "2024-07-07T04:52:58Z",
                    "2024-07-07T04:53:25Z",
                    "2024-07-07T04:53:54Z",
                    "2024-07-07T04:54:29Z",
                    "2024-07-07T04:54:57Z",
                    "2024-07-07T04:55:27Z",
                    "2024-07-07T04:55:55Z",
                    "2024-07-07T04:56:22Z",
                    "2024-07-07T04:56:51Z",
                    "2024-07-07T04:57:21Z",
                    "2024-07-07T04:57:56Z",
                    "2024-07-07T04:58:24Z",
                    "2024-07-07T04:59:17Z",
                    "2024-07-07T05:00:04Z",
                    "2024-07-07T05:00:39Z",
                    "2024-07-07T05:01:47Z",
                    "2024-07-07T05:02:21Z",
                    "2024-07-07T05:03:04Z",
                    "2024-07-07T05:03:37Z",
                    "2024-07-07T05:04:49Z",
                    "2024-07-07T05:05:21Z",
                    "2024-07-07T05:05:49Z",
                    "2024-07-07T05:06:21Z",
                    "2024-07-07T05:06:50Z",
                    "2024-07-07T05:07:17Z",
                    "2024-07-07T05:07:46Z",
                    "2024-07-07T05:08:40Z",
                    "2024-07-07T05:09:05Z",
                    "2024-07-07T05:09:51Z",
                    "2024-07-07T05:10:25Z",
                    "2024-07-07T05:12:32Z",
                    "2024-07-07T05:16:07Z",
                    "2024-07-07T05:16:37Z",
                    "2024-07-07T05:17:06Z",
                    "2024-07-07T05:17:36Z",
                    "2024-07-07T05:18:08Z",
                    "2024-07-07T05:18:35Z",
                    "2024-07-07T05:19:05Z",
                    "2024-07-07T05:19:33Z",
                    "2024-07-07T05:20:03Z",
                    "2024-07-07T05:20:31Z",
                    "2024-07-07T05:21:04Z",
                    "2024-07-07T05:21:30Z",
                    "2024-07-07T05:22:04Z",
                    "2024-07-07T05:22:43Z",
                    "2024-07-07T05:23:36Z",
                    "2024-07-07T05:24:17Z",
                    "2024-07-07T05:24:58Z",
                    "2024-07-07T05:25:28Z",
                    "2024-07-07T05:25:58Z",
                    "2024-07-07T05:26:25Z",
                    "2024-07-07T05:27:03Z",
                    "2024-07-07T05:27:36Z",
                    "2024-07-07T05:28:11Z",
                    "2024-07-07T05:28:39Z",
                    "2024-07-07T05:29:07Z",
                    "2024-07-07T05:29:35Z",
                    "2024-07-07T05:30:10Z",
                    "2024-07-07T05:30:46Z",
                    "2024-07-07T05:31:20Z",
                    "2024-07-07T05:31:46Z",
                    "2024-07-07T05:32:37Z",
                    "2024-07-07T05:33:06Z",
                    "2024-07-07T05:33:40Z",
                    "2024-07-07T05:34:12Z",
                    "2024-07-07T05:34:40Z",
                    "2024-07-07T05:35:11Z",
                    "2024-07-07T05:36:00Z",
                    "2024-07-07T05:36:31Z",
                    "2024-07-07T05:37:25Z",
                    "2024-07-07T05:37:56Z",
                    "2024-07-07T05:38:28Z",
                    "2024-07-07T05:39:15Z",
                    "2024-07-07T05:39:52Z",
                    "2024-07-07T05:40:51Z",
                    "2024-07-07T05:41:54Z",
                    "2024-07-07T05:42:25Z",
                    "2024-07-07T05:42:52Z",
                    "2024-07-07T05:43:22Z",
                    "2024-07-07T05:43:48Z",
                    "2024-07-07T05:44:14Z",
                    "2024-07-07T05:44:41Z",
                    "2024-07-07T05:45:09Z",
                    "2024-07-07T05:45:35Z",
                    "2024-07-07T05:46:00Z",
                    "2024-07-07T05:46:27Z",
                    "2024-07-07T05:46:51Z",
                    "2024-07-07T05:47:16Z",
                    "2024-07-07T05:47:41Z",
                    "2024-07-07T05:48:07Z",
                    "2024-07-07T05:48:35Z",
                    "2024-07-07T05:49:01Z",
                    "2024-07-07T05:49:29Z",
                    "2024-07-07T05:49:41Z"
                ]
            },
            "geometry": {
                "type": "LineString",
                "coordinates": [
                    [
                        138.81037706654485,
                        35.85808332505782,
                        1794
                    ],
                    [
                        138.81027104640629,
                        35.85830329273258,
                        1790
                    ],
                    [
                        138.81035264528148,
                        35.85852968336646,
                        1793
                    ],
                    [
                        138.81048014570138,
                        35.85876008232077,
                        1795
                    ],
                    [
                        138.810514489653,
                        35.85903796873535,
                        1802
                    ],
                    [
                        138.81058470614838,
                        35.85932539317118,
                        1805
                    ],
                    [
                        138.81071227828497,
                        35.85955187689544,
                        1804
                    ],
                    [
                        138.81097184817529,
                        35.859626778226975,
                        1807
                    ],
                    [
                        138.81124629623827,
                        35.859737699639496,
                        1813
                    ],
                    [
                        138.81149610066353,
                        35.85989461519736,
                        1818
                    ],
                    [
                        138.81173443326048,
                        35.86004417997424,
                        1822
                    ],
                    [
                        138.81196484103674,
                        35.86026421515336,
                        1828
                    ],
                    [
                        138.81222791495202,
                        35.860486156521446,
                        1831
                    ],
                    [
                        138.8120171810386,
                        35.8606499921599,
                        1833
                    ],
                    [
                        138.81202502974142,
                        35.86085595330544,
                        1832
                    ],
                    [
                        138.81225258532973,
                        35.86111133931369,
                        1830
                    ],
                    [
                        138.81247309556667,
                        35.86136035689383,
                        1824
                    ],
                    [
                        138.8126858653272,
                        35.8615665023693,
                        1825
                    ],
                    [
                        138.81292524131214,
                        35.86177990135261,
                        1826
                    ],
                    [
                        138.81316893331416,
                        35.86199529341707,
                        1830
                    ],
                    [
                        138.81333868551613,
                        35.86217714018308,
                        1835
                    ],
                    [
                        138.81346943283432,
                        35.86236268690102,
                        1842
                    ],
                    [
                        138.81379707712145,
                        35.86247250442087,
                        1838
                    ],
                    [
                        138.8141087984021,
                        35.862464249989024,
                        1840
                    ],
                    [
                        138.81437258000278,
                        35.86241745194044,
                        1845
                    ],
                    [
                        138.81464982326764,
                        35.86244937902435,
                        1851
                    ],
                    [
                        138.81476191202003,
                        35.86274432627083,
                        1852
                    ],
                    [
                        138.8149166398394,
                        35.862988174847914,
                        1845
                    ],
                    [
                        138.81518511665965,
                        35.863194884910214,
                        1833
                    ],
                    [
                        138.81542866743357,
                        35.863343259761415,
                        1838
                    ],
                    [
                        138.81569616411937,
                        35.863508759338785,
                        1836
                    ],
                    [
                        138.8159744283838,
                        35.863750532585414,
                        1829
                    ],
                    [
                        138.8162530674939,
                        35.86391835528887,
                        1831
                    ],
                    [
                        138.81650604405837,
                        35.86402104029951,
                        1833
                    ],
                    [
                        138.816715718247,
                        35.86410443349322,
                        1842
                    ],
                    [
                        138.81688107817436,
                        35.86422041399701,
                        1848
                    ],
                    [
                        138.8170319513625,
                        35.86430733068019,
                        1854
                    ],
                    [
                        138.81719466224837,
                        35.86439233823621,
                        1861
                    ],
                    [
                        138.81739303589706,
                        35.864397669245605,
                        1870
                    ],
                    [
                        138.81759101316632,
                        35.864480641049695,
                        1881
                    ],
                    [
                        138.81763657152885,
                        35.864566599017145,
                        1886
                    ],
                    [
                        138.81778867160463,
                        35.864628955568335,
                        1895
                    ],
                    [
                        138.81789788249068,
                        35.86473929050891,
                        1903
                    ],
                    [
                        138.81801257455808,
                        35.86482062993783,
                        1910
                    ],
                    [
                        138.81817354023678,
                        35.864853090355545,
                        1921
                    ],
                    [
                        138.81834003090256,
                        35.86487331103432,
                        1930
                    ],
                    [
                        138.81838914469762,
                        35.864982267866274,
                        1938
                    ],
                    [
                        138.81842154647853,
                        35.86514915821958,
                        1947
                    ],
                    [
                        138.8185660816659,
                        35.86509841582911,
                        1951
                    ],
                    [
                        138.81876043111694,
                        35.86514842061591,
                        1948
                    ],
                    [
                        138.81892751118977,
                        35.865156349130835,
                        1953
                    ],
                    [
                        138.81910377414476,
                        35.86522828125422,
                        1955
                    ],
                    [
                        138.81928715415938,
                        35.86529557397309,
                        1953
                    ],
                    [
                        138.8195690589876,
                        35.865339440002295,
                        1945
                    ],
                    [
                        138.8197730423787,
                        35.86528107753593,
                        1951
                    ],
                    [
                        138.8199330652509,
                        35.8653330570013,
                        1953
                    ],
                    [
                        138.82016810901607,
                        35.86526310205287,
                        1951
                    ],
                    [
                        138.82039386350263,
                        35.8651788790121,
                        1945
                    ],
                    [
                        138.82065449918193,
                        35.865155392053055,
                        1943
                    ],
                    [
                        138.82095397649545,
                        35.865098946785814,
                        1938
                    ],
                    [
                        138.82121110733462,
                        35.865015416317476,
                        1935
                    ],
                    [
                        138.82148411118774,
                        35.86487966890285,
                        1934
                    ],
                    [
                        138.82167540413963,
                        35.864769270959684,
                        1931
                    ],
                    [
                        138.8218851580798,
                        35.86469323773178,
                        1936
                    ],
                    [
                        138.82206768582782,
                        35.86462069812427,
                        1943
                    ],
                    [
                        138.82226190019003,
                        35.86459887870514,
                        1941
                    ],
                    [
                        138.82240411787538,
                        35.86463140604989,
                        1934
                    ],
                    [
                        138.82251104357556,
                        35.8643995887896,
                        1921
                    ],
                    [
                        138.82258825979935,
                        35.86416395402024,
                        1920
                    ],
                    [
                        138.82233090568084,
                        35.86401177001027,
                        1904
                    ],
                    [
                        138.82207543400432,
                        35.86388088641504,
                        1899
                    ],
                    [
                        138.8223241434641,
                        35.863929216009176,
                        1900
                    ],
                    [
                        138.82259063234412,
                        35.864005335879,
                        1902
                    ],
                    [
                        138.82274653546105,
                        35.86410403220061,
                        1900
                    ],
                    [
                        138.82299750389595,
                        35.86423727286195,
                        1901
                    ],
                    [
                        138.82317767383893,
                        35.86442405448031,
                        1897
                    ],
                    [
                        138.82338156161404,
                        35.86462472886933,
                        1896
                    ],
                    [
                        138.82367303453623,
                        35.86476206387686,
                        1896
                    ],
                    [
                        138.8239891917847,
                        35.864903896465584,
                        1894
                    ],
                    [
                        138.82431691174676,
                        35.86502279275015,
                        1893
                    ],
                    [
                        138.82463355420012,
                        35.86512414767974,
                        1890
                    ],
                    [
                        138.82503798902565,
                        35.86513668845044,
                        1891
                    ],
                    [
                        138.82534169997948,
                        35.865041483296494,
                        1895
                    ],
                    [
                        138.82558326086806,
                        35.86490335167197,
                        1899
                    ],
                    [
                        138.82591837706025,
                        35.864817147030884,
                        1891
                    ],
                    [
                        138.82627913559506,
                        35.864914214318496,
                        1889
                    ],
                    [
                        138.82658079081173,
                        35.86491727207442,
                        1893
                    ],
                    [
                        138.82685926876505,
                        35.864955332898816,
                        1897
                    ],
                    [
                        138.82697922226285,
                        35.86493255487146,
                        1898
                    ],
                    [
                        138.82724106971608,
                        35.86495599431188,
                        1902
                    ],
                    [
                        138.82728699962448,
                        35.865187173459724,
                        1907
                    ],
                    [
                        138.82749831621297,
                        35.86516726151998,
                        1915
                    ],
                    [
                        138.82773942358207,
                        35.8650692804317,
                        1921
                    ],
                    [
                        138.82793956773168,
                        35.86504873095283,
                        1929
                    ],
                    [
                        138.82818307868484,
                        35.865035016084285,
                        1936
                    ],
                    [
                        138.82820763674553,
                        35.86520224613264,
                        1938
                    ],
                    [
                        138.8281794210795,
                        35.865318084394865,
                        1943
                    ],
                    [
                        138.82838245245756,
                        35.865321727058095,
                        1952
                    ],
                    [
                        138.82854317186113,
                        35.865302083488196,
                        1959
                    ],
                    [
                        138.82876963018373,
                        35.86528135035857,
                        1963
                    ],
                    [
                        138.82903692824888,
                        35.86519472365754,
                        1968
                    ],
                    [
                        138.82923967958862,
                        35.86508196858125,
                        1972
                    ],
                    [
                        138.8293944622686,
                        35.86489465658732,
                        1978
                    ],
                    [
                        138.82958647169306,
                        35.86482646615342,
                        1980
                    ],
                    [
                        138.82975814500733,
                        35.864648509562805,
                        1983
                    ],
                    [
                        138.8298609274955,
                        35.864485304790215,
                        1986
                    ],
                    [
                        138.82996087973865,
                        35.86426393125745,
                        1993
                    ],
                    [
                        138.8300265666124,
                        35.864015887064596,
                        1995
                    ],
                    [
                        138.83023504490566,
                        35.86380077951789,
                        1994
                    ],
                    [
                        138.83046519523108,
                        35.86366460819669,
                        1993
                    ],
                    [
                        138.83078171915778,
                        35.86370087806887,
                        1997
                    ],
                    [
                        138.83085438362642,
                        35.86355886146432,
                        1999
                    ],
                    [
                        138.83089316661102,
                        35.86336766778687,
                        2003
                    ],
                    [
                        138.83101374115714,
                        35.86311715528757,
                        2008
                    ],
                    [
                        138.83124577458474,
                        35.86305626695048,
                        2010
                    ],
                    [
                        138.83153959516528,
                        35.86293816906666,
                        2010
                    ],
                    [
                        138.83177386670116,
                        35.862875552258615,
                        2000
                    ],
                    [
                        138.8319675934099,
                        35.86283575126144,
                        2000
                    ],
                    [
                        138.8321144084807,
                        35.86271321067157,
                        2007
                    ],
                    [
                        138.83230841963618,
                        35.86253743369183,
                        2011
                    ],
                    [
                        138.8325363735078,
                        35.86234808012656,
                        2013
                    ],
                    [
                        138.8328454998044,
                        35.862263331892116,
                        2008
                    ],
                    [
                        138.83312931241628,
                        35.86232008351696,
                        2006
                    ],
                    [
                        138.83331054294072,
                        35.86230048964583,
                        2015
                    ],
                    [
                        138.8335823597897,
                        35.86239331841292,
                        2012
                    ],
                    [
                        138.8338570290543,
                        35.86242952220498,
                        2018
                    ],
                    [
                        138.83416758625282,
                        35.86242303927069,
                        2018
                    ],
                    [
                        138.83440538058005,
                        35.86237929555741,
                        2022
                    ],
                    [
                        138.8347153769505,
                        35.86250153864195,
                        2024
                    ],
                    [
                        138.834884452936,
                        35.86271586876694,
                        2023
                    ],
                    [
                        138.83514910022663,
                        35.86287367620984,
                        2018
                    ],
                    [
                        138.83532049708379,
                        35.862995619769485,
                        2021
                    ],
                    [
                        138.83547632699015,
                        35.86313098313395,
                        2021
                    ],
                    [
                        138.8356670097085,
                        35.86327303354716,
                        2022
                    ],
                    [
                        138.83586756495868,
                        35.863417199753094,
                        2027
                    ],
                    [
                        138.83601462013155,
                        35.86354477867659,
                        2037
                    ],
                    [
                        138.83633831292863,
                        35.86358268001152,
                        2031
                    ],
                    [
                        138.8366239373593,
                        35.863667541732546,
                        2029
                    ],
                    [
                        138.8368445989937,
                        35.86377064964638,
                        2029
                    ],
                    [
                        138.8370656262256,
                        35.86390831674932,
                        2029
                    ],
                    [
                        138.83725575618334,
                        35.86404877971526,
                        2032
                    ],
                    [
                        138.83753359398116,
                        35.864185629182295,
                        2034
                    ],
                    [
                        138.83777489213583,
                        35.86429061195764,
                        2038
                    ],
                    [
                        138.83797912105234,
                        35.86442088695051,
                        2043
                    ],
                    [
                        138.83818176176413,
                        35.86444229623846,
                        2041
                    ],
                    [
                        138.8383715183523,
                        35.86441881762523,
                        2032
                    ],
                    [
                        138.8386137288884,
                        35.86444892977166,
                        2019
                    ],
                    [
                        138.83879946669845,
                        35.86442868710812,
                        2016
                    ],
                    [
                        138.8389964074636,
                        35.864452828344014,
                        2004
                    ],
                    [
                        138.8392751510753,
                        35.86452460535933,
                        1995
                    ],
                    [
                        138.83958630814374,
                        35.864549457088884,
                        1993
                    ],
                    [
                        138.8398001562984,
                        35.86456600972213,
                        1998
                    ],
                    [
                        138.8400717744015,
                        35.864618129397996,
                        2004
                    ],
                    [
                        138.84027986373493,
                        35.86465190277055,
                        2013
                    ],
                    [
                        138.84046996394932,
                        35.86469314907419,
                        2019
                    ],
                    [
                        138.84069926875313,
                        35.8648703096839,
                        2024
                    ],
                    [
                        138.84094954085182,
                        35.86487086507488,
                        2026
                    ],
                    [
                        138.84123503937192,
                        35.86492851082133,
                        2026
                    ],
                    [
                        138.84150794963173,
                        35.86499548202726,
                        2025
                    ],
                    [
                        138.84172510633147,
                        35.86502397498819,
                        2024
                    ],
                    [
                        138.84194007782475,
                        35.8651769048126,
                        2026
                    ],
                    [
                        138.84216169374238,
                        35.86530647632309,
                        2031
                    ],
                    [
                        138.84241644179085,
                        35.865448008595095,
                        2028
                    ],
                    [
                        138.84263570886506,
                        35.86552493662743,
                        2029
                    ],
                    [
                        138.84295109428234,
                        35.86565984937602,
                        2031
                    ],
                    [
                        138.8432467681936,
                        35.86577740575353,
                        2031
                    ],
                    [
                        138.843540476061,
                        35.865875834875666,
                        2027
                    ],
                    [
                        138.84371157369986,
                        35.865961330728304,
                        2030
                    ],
                    [
                        138.84379671964456,
                        35.86603093409149,
                        2031
                    ],
                    [
                        138.8440263849991,
                        35.86621631072424,
                        2035
                    ],
                    [
                        138.84419229457527,
                        35.86631047171804,
                        2040
                    ],
                    [
                        138.8443404181551,
                        35.86641942047093,
                        2047
                    ],
                    [
                        138.84451808021547,
                        35.86650310442005,
                        2059
                    ],
                    [
                        138.8445116767117,
                        35.866640768870354,
                        2069
                    ],
                    [
                        138.84460929568522,
                        35.8667783875491,
                        2076
                    ],
                    [
                        138.84470972070318,
                        35.86692498437363,
                        2082
                    ],
                    [
                        138.84495672269114,
                        35.8670748217181,
                        2082
                    ],
                    [
                        138.8451069860835,
                        35.86719965391277,
                        2090
                    ],
                    [
                        138.8452063583146,
                        35.8673486410047,
                        2099
                    ],
                    [
                        138.84533101890713,
                        35.867466645742745,
                        2107
                    ],
                    [
                        138.8453502170621,
                        35.8676713883227,
                        2112
                    ],
                    [
                        138.8454013548604,
                        35.867534313998355,
                        2109
                    ],
                    [
                        138.84560255591953,
                        35.86744536202168,
                        2102
                    ],
                    [
                        138.84581953935458,
                        35.86735932436978,
                        2095
                    ],
                    [
                        138.84604857839628,
                        35.86724900541533,
                        2086
                    ],
                    [
                        138.84632545879165,
                        35.86716801151554,
                        2078
                    ],
                    [
                        138.84667279790682,
                        35.867082382537866,
                        2071
                    ],
                    [
                        138.8470012094702,
                        35.8669794367575,
                        2067
                    ],
                    [
                        138.84734671221716,
                        35.866977347450174,
                        2065
                    ],
                    [
                        138.8476527134831,
                        35.86691384850122,
                        2065
                    ],
                    [
                        138.84792496789163,
                        35.866904223906815,
                        2061
                    ],
                    [
                        138.84827008866705,
                        35.866956499985484,
                        2057
                    ],
                    [
                        138.84853131932937,
                        35.86691801591916,
                        2050
                    ],
                    [
                        138.84882632198372,
                        35.866808522546094,
                        2046
                    ],
                    [
                        138.84913852862314,
                        35.866776684640534,
                        2037
                    ],
                    [
                        138.8493761962131,
                        35.866581702389915,
                        2033
                    ],
                    [
                        138.8496597965268,
                        35.866406642168855,
                        2026
                    ],
                    [
                        138.8498438083113,
                        35.866182608714425,
                        2020
                    ],
                    [
                        138.84987201314914,
                        35.86597517719052,
                        2009
                    ],
                    [
                        138.8499290694983,
                        35.86573060774439,
                        2008
                    ],
                    [
                        138.85000815578692,
                        35.86552137986822,
                        2005
                    ],
                    [
                        138.85005928768078,
                        35.86527354321014,
                        2000
                    ],
                    [
                        138.85004953467327,
                        35.865053756672005,
                        1997
                    ],
                    [
                        138.8503043319406,
                        35.86510009902131,
                        1990
                    ],
                    [
                        138.85056764090484,
                        35.86508075760637,
                        1986
                    ],
                    [
                        138.85080144617675,
                        35.865030733514075,
                        1983
                    ],
                    [
                        138.85099412279735,
                        35.86491291693644,
                        1973
                    ],
                    [
                        138.85114619606992,
                        35.864818341136,
                        1970
                    ],
                    [
                        138.8513477547385,
                        35.864673444088154,
                        1963
                    ],
                    [
                        138.85157973687055,
                        35.86457672517315,
                        1961
                    ],
                    [
                        138.85178726438946,
                        35.86446362687131,
                        1952
                    ],
                    [
                        138.851961275278,
                        35.864364611054675,
                        1948
                    ],
                    [
                        138.85219806549333,
                        35.86426732254882,
                        1946
                    ],
                    [
                        138.85247607948799,
                        35.8642740850339,
                        1938
                    ],
                    [
                        138.85259981475627,
                        35.8640746068407,
                        1935
                    ],
                    [
                        138.85275283988778,
                        35.863910355837795,
                        1934
                    ],
                    [
                        138.85303904707717,
                        35.86382407675437,
                        1927
                    ],
                    [
                        138.85329341575525,
                        35.86372694303885,
                        1925
                    ],
                    [
                        138.85356560348916,
                        35.863572334315045,
                        1925
                    ],
                    [
                        138.85379901762678,
                        35.86342721766538,
                        1917
                    ],
                    [
                        138.8540879991785,
                        35.8634124790981,
                        1917
                    ],
                    [
                        138.85438344836865,
                        35.86334997686388,
                        1914
                    ],
                    [
                        138.85469620846172,
                        35.86325498887208,
                        1910
                    ],
                    [
                        138.85492503971722,
                        35.86330018590956,
                        1911
                    ],
                    [
                        138.855088529688,
                        35.86319107836487,
                        1906
                    ],
                    [
                        138.85526903110357,
                        35.86325868606493,
                        1911
                    ],
                    [
                        138.85551266459498,
                        35.86321582686137,
                        1910
                    ],
                    [
                        138.855560891508,
                        35.86310401295282,
                        1901
                    ],
                    [
                        138.8557590739567,
                        35.86319057714248,
                        1900
                    ],
                    [
                        138.85599246096317,
                        35.86315090231254,
                        1901
                    ],
                    [
                        138.8560672374015,
                        35.86288992196425,
                        1899
                    ],
                    [
                        138.85608782529877,
                        35.862782502123906,
                        1896
                    ],
                    [
                        138.85612668222032,
                        35.86248010843453,
                        1892
                    ],
                    [
                        138.8562961381131,
                        35.8621973587975,
                        1886
                    ],
                    [
                        138.8565213352351,
                        35.86193498772718,
                        1884
                    ],
                    [
                        138.85675761155377,
                        35.861653042102574,
                        1882
                    ],
                    [
                        138.85706147152848,
                        35.86142437320582,
                        1881
                    ],
                    [
                        138.8572776396105,
                        35.86135636842365,
                        1880
                    ],
                    [
                        138.85740038351108,
                        35.861036061914746,
                        1873
                    ],
                    [
                        138.85737347935793,
                        35.86068157151068,
                        1872
                    ],
                    [
                        138.85720603023026,
                        35.860414532584976,
                        1864
                    ],
                    [
                        138.85722319069762,
                        35.86016043735891,
                        1860
                    ],
                    [
                        138.85749911948307,
                        35.85991515619778,
                        1859
                    ],
                    [
                        138.85772414232588,
                        35.85968519642598,
                        1861
                    ],
                    [
                        138.85781272174904,
                        35.859371679138285,
                        1856
                    ],
                    [
                        138.8577045367309,
                        35.859040517840405,
                        1855
                    ],
                    [
                        138.8577281859191,
                        35.858765428019616,
                        1855
                    ],
                    [
                        138.85795390025035,
                        35.858563497754645,
                        1855
                    ],
                    [
                        138.85836748896344,
                        35.85852046758886,
                        1856
                    ],
                    [
                        138.8587068135285,
                        35.85849803135426,
                        1854
                    ],
                    [
                        138.85893371799912,
                        35.858222765124665,
                        1855
                    ],
                    [
                        138.85914388850102,
                        35.8579351199579,
                        1851
                    ],
                    [
                        138.8593710365591,
                        35.85765992776237,
                        1847
                    ],
                    [
                        138.85963387586514,
                        35.85770731121651,
                        1847
                    ],
                    [
                        138.8600461354601,
                        35.85781459551478,
                        1845
                    ],
                    [
                        138.86040172789544,
                        35.85784147131949,
                        1843
                    ],
                    [
                        138.86077533100652,
                        35.8579052419789,
                        1840
                    ],
                    [
                        138.8611312241635,
                        35.858049758418254,
                        1835
                    ],
                    [
                        138.86140212923206,
                        35.85827194843043,
                        1831
                    ],
                    [
                        138.86166167521282,
                        35.8584230361786,
                        1822
                    ],
                    [
                        138.86187565665261,
                        35.85863572771846,
                        1816
                    ],
                    [
                        138.86209263281683,
                        35.858831268898015,
                        1808
                    ],
                    [
                        138.86240334029026,
                        35.858958253420695,
                        1802
                    ],
                    [
                        138.86260662871356,
                        35.85878460030437,
                        1802
                    ],
                    [
                        138.86278928677214,
                        35.85853669788442,
                        1796
                    ],
                    [
                        138.86292819822387,
                        35.858238085817575,
                        1790
                    ],
                    [
                        138.86308199768,
                        35.85794640181146,
                        1781
                    ],
                    [
                        138.86317757896285,
                        35.857692774376424,
                        1773
                    ],
                    [
                        138.8633147831375,
                        35.857443053132606,
                        1763
                    ],
                    [
                        138.86339017859547,
                        35.85719665274953,
                        1753
                    ],
                    [
                        138.86352733843447,
                        35.85707307627363,
                        1748
                    ],
                    [
                        138.86339292031718,
                        35.857013107732236,
                        1747
                    ],
                    [
                        138.86359580650227,
                        35.85710573833756,
                        1747
                    ],
                    [
                        138.86383384459955,
                        35.857080233382675,
                        1748
                    ],
                    [
                        138.86405153606464,
                        35.85716313481644,
                        1753
                    ],
                    [
                        138.86425574294356,
                        35.85722984264162,
                        1759
                    ],
                    [
                        138.8643798621421,
                        35.85726878077166,
                        1770
                    ],
                    [
                        138.86462236183476,
                        35.857423167484086,
                        1768
                    ],
                    [
                        138.86486971671076,
                        35.857460037424076,
                        1775
                    ],
                    [
                        138.86508918489136,
                        35.857502823618205,
                        1779
                    ],
                    [
                        138.86529343342283,
                        35.85744188340808,
                        1783
                    ],
                    [
                        138.86541906365545,
                        35.85757747731897,
                        1795
                    ],
                    [
                        138.86548663678556,
                        35.85743813539856,
                        1804
                    ],
                    [
                        138.86570716499384,
                        35.85736943211214,
                        1809
                    ],
                    [
                        138.86598722872782,
                        35.85734490677791,
                        1815
                    ],
                    [
                        138.86622104014558,
                        35.857378666808636,
                        1821
                    ],
                    [
                        138.8664401567251,
                        35.85740799156619,
                        1822
                    ],
                    [
                        138.86657431181544,
                        35.85733783518173,
                        1829
                    ],
                    [
                        138.86676611210692,
                        35.85725920540045,
                        1836
                    ],
                    [
                        138.86691091821427,
                        35.857172269488224,
                        1843
                    ],
                    [
                        138.86708608515295,
                        35.856916950599285,
                        1844
                    ],
                    [
                        138.86726928323472,
                        35.85672777262134,
                        1844
                    ],
                    [
                        138.86745179183166,
                        35.85654322196293,
                        1846
                    ],
                    [
                        138.8676257028215,
                        35.85630890556647,
                        1849
                    ],
                    [
                        138.86790181904135,
                        35.8562185277721,
                        1850
                    ],
                    [
                        138.86805296239228,
                        35.856072813111226,
                        1853
                    ],
                    [
                        138.86824389561312,
                        35.855824872959616,
                        1855
                    ],
                    [
                        138.8683793872742,
                        35.85560405172195,
                        1853
                    ],
                    [
                        138.86852638832215,
                        35.855342282620434,
                        1857
                    ],
                    [
                        138.8687733627307,
                        35.85514574000337,
                        1858
                    ],
                    [
                        138.86895056777652,
                        35.85493951542983,
                        1858
                    ],
                    [
                        138.86907487987392,
                        35.85473017371186,
                        1861
                    ],
                    [
                        138.8692420428719,
                        35.85454207532919,
                        1861
                    ],
                    [
                        138.8694227601979,
                        35.85431983692978,
                        1864
                    ],
                    [
                        138.86955978127128,
                        35.85400536304397,
                        1863
                    ],
                    [
                        138.86974968325225,
                        35.853762724741024,
                        1864
                    ],
                    [
                        138.86994368039862,
                        35.85355958408206,
                        1863
                    ],
                    [
                        138.87019689192286,
                        35.85339176070599,
                        1866
                    ],
                    [
                        138.87040901781288,
                        35.85333193873889,
                        1865
                    ],
                    [
                        138.87070540725003,
                        35.85321719891093,
                        1867
                    ],
                    [
                        138.87089276950513,
                        35.85302813831464,
                        1871
                    ],
                    [
                        138.87104325607277,
                        35.85284845525445,
                        1871
                    ],
                    [
                        138.87116131929048,
                        35.85265379282609,
                        1873
                    ],
                    [
                        138.87131281767904,
                        35.85244438688499,
                        1872
                    ],
                    [
                        138.87144099413467,
                        35.8522421867916,
                        1871
                    ],
                    [
                        138.87145224075815,
                        35.85204253197403,
                        1872
                    ],
                    [
                        138.87161586913493,
                        35.85185237042123,
                        1871
                    ],
                    [
                        138.87164516411335,
                        35.851658662848266,
                        1871
                    ],
                    [
                        138.87169219608015,
                        35.85142817963241,
                        1865
                    ],
                    [
                        138.87194821271348,
                        35.851342475234674,
                        1857
                    ],
                    [
                        138.87214544319517,
                        35.851279398945636,
                        1851
                    ],
                    [
                        138.87226455722683,
                        35.85115957690062,
                        1854
                    ],
                    [
                        138.87228372551033,
                        35.85092532000457,
                        1844
                    ],
                    [
                        138.87234990993358,
                        35.850616031712136,
                        1841
                    ],
                    [
                        138.87265836287293,
                        35.85042875911446,
                        1842
                    ],
                    [
                        138.87278811130656,
                        35.85037997385302,
                        1844
                    ],
                    [
                        138.8728956040972,
                        35.85007736528753,
                        1844
                    ],
                    [
                        138.8728888783211,
                        35.84986006185485,
                        1841
                    ],
                    [
                        138.87282602956256,
                        35.849581897146315,
                        1842
                    ],
                    [
                        138.8728349173238,
                        35.8493101829458,
                        1845
                    ],
                    [
                        138.87280884673254,
                        35.84918696561849,
                        1843
                    ],
                    [
                        138.87277354288082,
                        35.84889391863698,
                        1848
                    ],
                    [
                        138.87294416321433,
                        35.84864438119161,
                        1844
                    ],
                    [
                        138.87325307456223,
                        35.84853463170111,
                        1842
                    ],
                    [
                        138.87365507212724,
                        35.84856363763879,
                        1841
                    ],
                    [
                        138.87390646200186,
                        35.84849610251227,
                        1844
                    ],
                    [
                        138.87419007828885,
                        35.848288071328554,
                        1843
                    ],
                    [
                        138.87449447818264,
                        35.84817801661011,
                        1845
                    ],
                    [
                        138.87476843176597,
                        35.84802852397196,
                        1851
                    ],
                    [
                        138.87474361101258,
                        35.847781735719735,
                        1848
                    ],
                    [
                        138.8747891153573,
                        35.847453479647115,
                        1847
                    ],
                    [
                        138.87494692180442,
                        35.847303928585085,
                        1850
                    ],
                    [
                        138.87472102120913,
                        35.84707935441086,
                        1853
                    ],
                    [
                        138.87455696699334,
                        35.84685922722546,
                        1850
                    ],
                    [
                        138.87442025181588,
                        35.8466338146749,
                        1849
                    ],
                    [
                        138.87448791279292,
                        35.846405782042524,
                        1848
                    ],
                    [
                        138.87481932486878,
                        35.846343377317275,
                        1850
                    ],
                    [
                        138.8751063178322,
                        35.846196979516044,
                        1856
                    ],
                    [
                        138.87524017760893,
                        35.84616817322925,
                        1849
                    ],
                    [
                        138.8755456956684,
                        35.84615160045903,
                        1853
                    ],
                    [
                        138.8758639967233,
                        35.84616960812611,
                        1856
                    ],
                    [
                        138.87615624513828,
                        35.84612192711337,
                        1857
                    ],
                    [
                        138.87626729962173,
                        35.845947446872096,
                        1859
                    ],
                    [
                        138.876210696609,
                        35.84568140997125,
                        1857
                    ],
                    [
                        138.87616875709475,
                        35.845404052495354,
                        1856
                    ],
                    [
                        138.87631789000082,
                        35.84513468224732,
                        1855
                    ],
                    [
                        138.87657541078815,
                        35.845129333543035,
                        1857
                    ],
                    [
                        138.8769073485315,
                        35.84518740375086,
                        1861
                    ],
                    [
                        138.87707682869845,
                        35.84534859836578,
                        1862
                    ],
                    [
                        138.8772855060391,
                        35.845488349284196,
                        1864
                    ],
                    [
                        138.87760688365108,
                        35.845538458857725,
                        1868
                    ],
                    [
                        138.8778807092182,
                        35.84567406451548,
                        1864
                    ],
                    [
                        138.87805984421652,
                        35.84576276204068,
                        1858
                    ],
                    [
                        138.87822806425643,
                        35.84553777151635,
                        1858
                    ],
                    [
                        138.8783871233626,
                        35.845247615624814,
                        1860
                    ],
                    [
                        138.87863092129115,
                        35.84506727892748,
                        1860
                    ],
                    [
                        138.8789608209422,
                        35.84510228416801,
                        1859
                    ],
                    [
                        138.87929380655814,
                        35.845197038229614,
                        1860
                    ],
                    [
                        138.87952600860064,
                        35.84529521413103,
                        1864
                    ],
                    [
                        138.87979957931447,
                        35.84521225699508,
                        1858
                    ],
                    [
                        138.8800198997244,
                        35.84513812170501,
                        1856
                    ],
                    [
                        138.88026888704138,
                        35.84521857874237,
                        1855
                    ],
                    [
                        138.88049817358512,
                        35.84531056151394,
                        1861
                    ],
                    [
                        138.88074079420397,
                        35.84536485613547,
                        1862
                    ],
                    [
                        138.88093053289947,
                        35.84535677405056,
                        1861
                    ],
                    [
                        138.88110321977493,
                        35.84534356931576,
                        1861
                    ],
                    [
                        138.88111759315817,
                        35.84548577849329,
                        1857
                    ],
                    [
                        138.88124516785612,
                        35.845712307560305,
                        1861
                    ],
                    [
                        138.88122830867619,
                        35.84593830692699,
                        1866
                    ],
                    [
                        138.88141563071213,
                        35.8460095218919,
                        1865
                    ],
                    [
                        138.88166659843284,
                        35.84610223770806,
                        1859
                    ],
                    [
                        138.88193716849403,
                        35.84600784134845,
                        1862
                    ],
                    [
                        138.8822527674163,
                        35.84596158157026,
                        1858
                    ],
                    [
                        138.88242159251274,
                        35.84601460778901,
                        1856
                    ],
                    [
                        138.88264019604497,
                        35.84598264817488,
                        1855
                    ],
                    [
                        138.88294431823476,
                        35.84586497534279,
                        1858
                    ],
                    [
                        138.8831151000396,
                        35.845603701834584,
                        1855
                    ],
                    [
                        138.8833958575539,
                        35.84567014727601,
                        1854
                    ],
                    [
                        138.88376716290847,
                        35.84571024287903,
                        1853
                    ],
                    [
                        138.88397189078867,
                        35.845857495341534,
                        1854
                    ],
                    [
                        138.88408943408473,
                        35.84604223900631,
                        1850
                    ],
                    [
                        138.88439263535713,
                        35.8460598708403,
                        1855
                    ],
                    [
                        138.88452900450412,
                        35.846069267548614,
                        1857
                    ],
                    [
                        138.88471768626366,
                        35.84609293889513,
                        1848
                    ],
                    [
                        138.88492865060644,
                        35.84595337151272,
                        1846
                    ],
                    [
                        138.88518367706538,
                        35.845754378612,
                        1850
                    ],
                    [
                        138.8854901196385,
                        35.845677691452224,
                        1848
                    ],
                    [
                        138.88569045771106,
                        35.84558250289147,
                        1840
                    ],
                    [
                        138.88586692359982,
                        35.84543009048808,
                        1836
                    ],
                    [
                        138.88588667020883,
                        35.845181521446875,
                        1838
                    ],
                    [
                        138.88613620968735,
                        35.84498791822355,
                        1835
                    ],
                    [
                        138.8864404712513,
                        35.844922821981996,
                        1833
                    ],
                    [
                        138.8867798744647,
                        35.84480330243623,
                        1832
                    ],
                    [
                        138.88708534232333,
                        35.844628627871174,
                        1833
                    ],
                    [
                        138.88739189987658,
                        35.844419858428004,
                        1836
                    ],
                    [
                        138.88760015124686,
                        35.84431486361404,
                        1835
                    ],
                    [
                        138.88737940771236,
                        35.84403230391614,
                        1842
                    ],
                    [
                        138.88719274617782,
                        35.84381411377017,
                        1839
                    ],
                    [
                        138.8872472321535,
                        35.84358966315024,
                        1841
                    ],
                    [
                        138.88761880949008,
                        35.84350314644902,
                        1842
                    ],
                    [
                        138.88799623412936,
                        35.84344824703631,
                        1841
                    ],
                    [
                        138.8883289364226,
                        35.84335467328183,
                        1842
                    ],
                    [
                        138.8883514792463,
                        35.84311152168593,
                        1843
                    ],
                    [
                        138.88838856102092,
                        35.84292367388243,
                        1847
                    ],
                    [
                        138.88860128367523,
                        35.84278630620962,
                        1848
                    ],
                    [
                        138.88879054334024,
                        35.84257970321611,
                        1850
                    ],
                    [
                        138.88890783941062,
                        35.84239246535433,
                        1857
                    ],
                    [
                        138.88902946658976,
                        35.84227474970698,
                        1860
                    ],
                    [
                        138.88919811872532,
                        35.84211971819527,
                        1868
                    ],
                    [
                        138.88923650434785,
                        35.84198723369709,
                        1873
                    ],
                    [
                        138.8892173191738,
                        35.84177837214382,
                        1877
                    ],
                    [
                        138.8894265355459,
                        35.841569182194725,
                        1879
                    ],
                    [
                        138.88939131541298,
                        35.84135236563697,
                        1888
                    ],
                    [
                        138.88935443086993,
                        35.84112931768962,
                        1892
                    ],
                    [
                        138.88938017341562,
                        35.84090677914974,
                        1897
                    ],
                    [
                        138.88933720873115,
                        35.84068819101015,
                        1904
                    ],
                    [
                        138.88916682032797,
                        35.84046894549546,
                        1905
                    ],
                    [
                        138.889113941059,
                        35.840224172569386,
                        1911
                    ],
                    [
                        138.8893007313501,
                        35.840091684612325,
                        1914
                    ],
                    [
                        138.8893906158612,
                        35.8399443947625,
                        1919
                    ],
                    [
                        138.88950326816342,
                        35.83977321001381,
                        1921
                    ],
                    [
                        138.88943564980667,
                        35.839591930041806,
                        1926
                    ],
                    [
                        138.8893812051726,
                        35.83940479686709,
                        1930
                    ],
                    [
                        138.88922348540754,
                        35.83919030190364,
                        1925
                    ],
                    [
                        138.88925030018018,
                        35.83896545863872,
                        1927
                    ],
                    [
                        138.88916455380055,
                        35.838704288817326,
                        1930
                    ],
                    [
                        138.88917012351106,
                        35.838524902950766,
                        1932
                    ],
                    [
                        138.88905694397582,
                        35.83833196170831,
                        1938
                    ],
                    [
                        138.8890055854077,
                        35.83812485369598,
                        1943
                    ],
                    [
                        138.88898219306222,
                        35.83788702703746,
                        1943
                    ],
                    [
                        138.88910693928705,
                        35.83765671142708,
                        1949
                    ],
                    [
                        138.88929236617352,
                        35.837539963829244,
                        1958
                    ],
                    [
                        138.88945163098637,
                        35.8375235780308,
                        1959
                    ],
                    [
                        138.88954580783926,
                        35.837367660550264,
                        1962
                    ],
                    [
                        138.8896137311629,
                        35.83722053478365,
                        1971
                    ],
                    [
                        138.88970705523408,
                        35.83706567275276,
                        1978
                    ],
                    [
                        138.88978783416707,
                        35.83687593902186,
                        1985
                    ],
                    [
                        138.8899071363129,
                        35.83675805378521,
                        1989
                    ],
                    [
                        138.88994423069627,
                        35.836574542865485,
                        1996
                    ],
                    [
                        138.88998466128763,
                        35.83637537855006,
                        2000
                    ],
                    [
                        138.88994435754208,
                        35.83619672048306,
                        2006
                    ],
                    [
                        138.88993937628814,
                        35.835991541919185,
                        2012
                    ],
                    [
                        138.889864630837,
                        35.835853493559554,
                        2016
                    ],
                    [
                        138.8896776158393,
                        35.835661161143925,
                        2019
                    ],
                    [
                        138.88962172901014,
                        35.83556677210586,
                        2019
                    ],
                    [
                        138.8898214871041,
                        35.83573898287361,
                        2017
                    ],
                    [
                        138.89000264811037,
                        35.83581918078008,
                        2014
                    ],
                    [
                        138.8902860101053,
                        35.83579796552019,
                        2012
                    ],
                    [
                        138.8905475196667,
                        35.83569275281227,
                        2007
                    ],
                    [
                        138.89082106398814,
                        35.835604777214925,
                        1998
                    ],
                    [
                        138.89089779570588,
                        35.8354139642899,
                        1996
                    ],
                    [
                        138.89104582799348,
                        35.83523403094914,
                        1990
                    ],
                    [
                        138.89113471053219,
                        35.83512516923837,
                        1981
                    ],
                    [
                        138.8912411685115,
                        35.83500649716536,
                        1975
                    ],
                    [
                        138.89141480815795,
                        35.83488215179233,
                        1968
                    ],
                    [
                        138.89155806184456,
                        35.83475407909044,
                        1958
                    ],
                    [
                        138.89168032506308,
                        35.83462069784711,
                        1947
                    ],
                    [
                        138.89190514433605,
                        35.83466829274371,
                        1939
                    ],
                    [
                        138.8921778433085,
                        35.834640029132814,
                        1931
                    ],
                    [
                        138.89223273191894,
                        35.83441776117333,
                        1923
                    ],
                    [
                        138.89244547539505,
                        35.834288486521935,
                        1913
                    ],
                    [
                        138.8926661172294,
                        35.83412339335029,
                        1905
                    ],
                    [
                        138.8929095650001,
                        35.83399889834543,
                        1908
                    ],
                    [
                        138.8929784379619,
                        35.8338332583425,
                        1909
                    ],
                    [
                        138.89306931590676,
                        35.83360917716213,
                        1912
                    ],
                    [
                        138.89314331417785,
                        35.833413983486594,
                        1910
                    ],
                    [
                        138.89319615958777,
                        35.83318648663745,
                        1913
                    ],
                    [
                        138.89320433236946,
                        35.832956484303914,
                        1911
                    ],
                    [
                        138.89328245679943,
                        35.83278365520938,
                        1917
                    ],
                    [
                        138.89329675393472,
                        35.83254637271914,
                        1914
                    ],
                    [
                        138.89328414654983,
                        35.832333478816324,
                        1913
                    ],
                    [
                        138.89330559985666,
                        35.83218388808159,
                        1918
                    ],
                    [
                        138.89328620850455,
                        35.83197601724917,
                        1927
                    ],
                    [
                        138.89334231468501,
                        35.83177627482855,
                        1929
                    ],
                    [
                        138.89341736425206,
                        35.83161135426695,
                        1935
                    ],
                    [
                        138.89349602521946,
                        35.831428626737875,
                        1931
                    ],
                    [
                        138.8935057158622,
                        35.8312285517741,
                        1933
                    ],
                    [
                        138.89358888484978,
                        35.83106613752401,
                        1934
                    ],
                    [
                        138.89359904989246,
                        35.83086008849653,
                        1936
                    ],
                    [
                        138.89359275115586,
                        35.8307102056633,
                        1934
                    ],
                    [
                        138.89361903283302,
                        35.83048620361256,
                        1933
                    ],
                    [
                        138.89358451639018,
                        35.83034425185793,
                        1932
                    ],
                    [
                        138.89356496384391,
                        35.83021319518068,
                        1938
                    ],
                    [
                        138.89354059325558,
                        35.8300986974337,
                        1947
                    ],
                    [
                        138.89340861532497,
                        35.82992234620637,
                        1953
                    ],
                    [
                        138.89334654209964,
                        35.829822928720894,
                        1953
                    ],
                    [
                        138.89322614227572,
                        35.82964087735059,
                        1948
                    ],
                    [
                        138.8931471110703,
                        35.82948611985228,
                        1941
                    ],
                    [
                        138.89304254950073,
                        35.82930727006294,
                        1934
                    ],
                    [
                        138.8931323264898,
                        35.82913971706415,
                        1936
                    ],
                    [
                        138.89305218861017,
                        35.82902384441249,
                        1928
                    ],
                    [
                        138.89304859000464,
                        35.82885822985245,
                        1929
                    ],
                    [
                        138.89302354471135,
                        35.82874778532432,
                        1918
                    ],
                    [
                        138.89318003227618,
                        35.82864661806516,
                        1909
                    ],
                    [
                        138.8932874457833,
                        35.828608407270686,
                        1901
                    ],
                    [
                        138.893273414124,
                        35.82849849383588,
                        1891
                    ],
                    [
                        138.89343160119466,
                        35.82836461972164,
                        1881
                    ],
                    [
                        138.8935479454285,
                        35.82827522556994,
                        1869
                    ],
                    [
                        138.89362413673663,
                        35.82817837876657,
                        1861
                    ],
                    [
                        138.8937807781764,
                        35.828084350497775,
                        1849
                    ],
                    [
                        138.89395086388706,
                        35.82804392037868,
                        1838
                    ],
                    [
                        138.89411753590562,
                        35.827992711746894,
                        1828
                    ],
                    [
                        138.89431744356307,
                        35.82787780464497,
                        1815
                    ],
                    [
                        138.89451491580687,
                        35.8278266391776,
                        1805
                    ],
                    [
                        138.8946662343761,
                        35.82772610135415,
                        1797
                    ],
                    [
                        138.89478505262616,
                        35.82764528271967,
                        1787
                    ],
                    [
                        138.89496040135958,
                        35.827554752778184,
                        1771
                    ],
                    [
                        138.8952578812652,
                        35.82738246998342,
                        1767
                    ],
                    [
                        138.89551015821496,
                        35.82728756491307,
                        1760
                    ],
                    [
                        138.89581984538023,
                        35.827204127197746,
                        1756
                    ],
                    [
                        138.89604546609687,
                        35.827055668826,
                        1752
                    ],
                    [
                        138.8963406631749,
                        35.82700572404097,
                        1745
                    ],
                    [
                        138.89663561222582,
                        35.82690575462925,
                        1750
                    ],
                    [
                        138.89692622205877,
                        35.82682028806745,
                        1741
                    ],
                    [
                        138.89726151577042,
                        35.82673930558269,
                        1745
                    ],
                    [
                        138.89749875260054,
                        35.82654707856883,
                        1736
                    ],
                    [
                        138.8976727316236,
                        35.8264535747423,
                        1729
                    ],
                    [
                        138.89790629046925,
                        35.82628135835347,
                        1721
                    ],
                    [
                        138.89810488360885,
                        35.826058334933755,
                        1715
                    ],
                    [
                        138.89834104540105,
                        35.82579969399205,
                        1709
                    ],
                    [
                        138.89859347575398,
                        35.82566624910402,
                        1708
                    ],
                    [
                        138.89876038191542,
                        35.82548661154242,
                        1706
                    ],
                    [
                        138.89911048109795,
                        35.82536641940008,
                        1707
                    ],
                    [
                        138.8994439310861,
                        35.82528114976116,
                        1706
                    ],
                    [
                        138.89981411254337,
                        35.82526843771268,
                        1706
                    ],
                    [
                        138.90014861902446,
                        35.82520392353127,
                        1707
                    ],
                    [
                        138.90044052884662,
                        35.82508110265936,
                        1711
                    ],
                    [
                        138.9006314105664,
                        35.82488684289608,
                        1709
                    ],
                    [
                        138.90079101448416,
                        35.82468887420128,
                        1702
                    ],
                    [
                        138.90098221371312,
                        35.82447219477699,
                        1693
                    ],
                    [
                        138.9010532229451,
                        35.82426751057418,
                        1682
                    ],
                    [
                        138.90111767014477,
                        35.82405502266306,
                        1674
                    ],
                    [
                        138.90122454311137,
                        35.82387916232765,
                        1664
                    ],
                    [
                        138.90135860373917,
                        35.82366136635053,
                        1661
                    ],
                    [
                        138.90153932042182,
                        35.82342480351591,
                        1664
                    ],
                    [
                        138.90178999355302,
                        35.8232424489928,
                        1665
                    ],
                    [
                        138.90206453322924,
                        35.82304262432655,
                        1661
                    ],
                    [
                        138.90232296980028,
                        35.82283949347804,
                        1656
                    ],
                    [
                        138.90250712029294,
                        35.82266598612093,
                        1653
                    ],
                    [
                        138.90272857421283,
                        35.82244396154268,
                        1648
                    ],
                    [
                        138.90290596796078,
                        35.822230860579154,
                        1642
                    ],
                    [
                        138.90296512773793,
                        35.82201106168564,
                        1633
                    ],
                    [
                        138.90323115570055,
                        35.82183730535703,
                        1624
                    ],
                    [
                        138.90333924619043,
                        35.821615538735905,
                        1617
                    ],
                    [
                        138.90347397448383,
                        35.82138428165613,
                        1609
                    ],
                    [
                        138.90358536291393,
                        35.82112858092286,
                        1601
                    ],
                    [
                        138.9036645254541,
                        35.82085460973255,
                        1605
                    ],
                    [
                        138.90385080373025,
                        35.82061223297205,
                        1601
                    ],
                    [
                        138.9040324920725,
                        35.82047121524668,
                        1601
                    ],
                    [
                        138.9042447524096,
                        35.82024434686704,
                        1600
                    ],
                    [
                        138.90452955096202,
                        35.82003540203165,
                        1599
                    ],
                    [
                        138.90461070590035,
                        35.819732818381006,
                        1600
                    ],
                    [
                        138.90454229349226,
                        35.81950827516161,
                        1604
                    ],
                    [
                        138.90445072598408,
                        35.8193827884861,
                        1609
                    ],
                    [
                        138.90445280547348,
                        35.81922605121492,
                        1612
                    ],
                    [
                        138.90431556905912,
                        35.81904940681645,
                        1619
                    ],
                    [
                        138.90410044278045,
                        35.81884974919454,
                        1618
                    ],
                    [
                        138.90399506072808,
                        35.81869041762664,
                        1626
                    ],
                    [
                        138.90403518835822,
                        35.818524239786704,
                        1628
                    ],
                    [
                        138.90418371590212,
                        35.818309990783824,
                        1628
                    ],
                    [
                        138.90424559832778,
                        35.81815259216094,
                        1627
                    ],
                    [
                        138.90433200851848,
                        35.817923689220876,
                        1626
                    ],
                    [
                        138.90447631055332,
                        35.81782750623129,
                        1618
                    ],
                    [
                        138.9046422622187,
                        35.81770023305005,
                        1605
                    ],
                    [
                        138.90482473807307,
                        35.81757225647206,
                        1598
                    ],
                    [
                        138.90506133531179,
                        35.81746299688323,
                        1590
                    ],
                    [
                        138.90535589592955,
                        35.817351275233946,
                        1582
                    ],
                    [
                        138.9056472545929,
                        35.81718950211689,
                        1581
                    ],
                    [
                        138.9058887682751,
                        35.81710563822106,
                        1575
                    ],
                    [
                        138.90619401090595,
                        35.817013729205776,
                        1565
                    ],
                    [
                        138.9065272566965,
                        35.816874912569894,
                        1562
                    ],
                    [
                        138.90684310793358,
                        35.81670155574898,
                        1562
                    ],
                    [
                        138.90711204962963,
                        35.816603214237055,
                        1558
                    ],
                    [
                        138.9073819720442,
                        35.81647433446606,
                        1561
                    ],
                    [
                        138.90765908408687,
                        35.81628681619503,
                        1564
                    ],
                    [
                        138.90795103715737,
                        35.81612930434999,
                        1569
                    ],
                    [
                        138.90831564174835,
                        35.81598213363324,
                        1567
                    ],
                    [
                        138.9086512985397,
                        35.815770574967765,
                        1566
                    ],
                    [
                        138.90885030628706,
                        35.81552534101453,
                        1562
                    ],
                    [
                        138.9090401574349,
                        35.815287519395035,
                        1560
                    ],
                    [
                        138.90930413248935,
                        35.815022892151944,
                        1557
                    ],
                    [
                        138.9095507018649,
                        35.8147942489403,
                        1547
                    ],
                    [
                        138.90983752006449,
                        35.81459500975528,
                        1543
                    ],
                    [
                        138.91009387690508,
                        35.81436448972514,
                        1539
                    ],
                    [
                        138.91032202853174,
                        35.814110557211635,
                        1537
                    ],
                    [
                        138.91064923258563,
                        35.81392376161723,
                        1530
                    ],
                    [
                        138.91092752043528,
                        35.81374196197367,
                        1529
                    ],
                    [
                        138.91109299080375,
                        35.813505677160904,
                        1523
                    ],
                    [
                        138.91106250474215,
                        35.813241819841465,
                        1518
                    ],
                    [
                        138.91097444561856,
                        35.81300072642335,
                        1513
                    ],
                    [
                        138.91101818258943,
                        35.81265982789301,
                        1509
                    ],
                    [
                        138.91115173979838,
                        35.812392539719255,
                        1505
                    ],
                    [
                        138.911159941,
                        35.812130908618116,
                        1498
                    ],
                    [
                        138.91127828084836,
                        35.81182506919716,
                        1495
                    ],
                    [
                        138.91133343829523,
                        35.81150591842848,
                        1486
                    ],
                    [
                        138.91142894894918,
                        35.81119690505457,
                        1484
                    ],
                    [
                        138.91150976485616,
                        35.81091027751139,
                        1484
                    ],
                    [
                        138.9115693244082,
                        35.810646223616764,
                        1476
                    ],
                    [
                        138.91168591443562,
                        35.81038872253173,
                        1473
                    ],
                    [
                        138.91166223823262,
                        35.81008493323029,
                        1465
                    ],
                    [
                        138.91165993760916,
                        35.809791933921005,
                        1470
                    ],
                    [
                        138.91163835327916,
                        35.80950935899939,
                        1474
                    ],
                    [
                        138.91156309457435,
                        35.809376452271515,
                        1489
                    ],
                    [
                        138.91156329273906,
                        35.80912598276229,
                        1483
                    ],
                    [
                        138.91169649038213,
                        35.80880519064787,
                        1479
                    ],
                    [
                        138.91189135022026,
                        35.80857805474586,
                        1474
                    ],
                    [
                        138.91220688129584,
                        35.80841577854492,
                        1468
                    ],
                    [
                        138.91251348471172,
                        35.80823321398562,
                        1461
                    ],
                    [
                        138.91283422314189,
                        35.808033263710804,
                        1448
                    ],
                    [
                        138.9130963570007,
                        35.80784234490834,
                        1443
                    ],
                    [
                        138.9133602850534,
                        35.80767900402477,
                        1439
                    ],
                    [
                        138.913592585483,
                        35.80750368523428,
                        1433
                    ],
                    [
                        138.913843759948,
                        35.80737113847997,
                        1425
                    ],
                    [
                        138.91411307386107,
                        35.80719983941401,
                        1424
                    ],
                    [
                        138.91450011156576,
                        35.80706187244911,
                        1428
                    ],
                    [
                        138.9148668671779,
                        35.80691607537138,
                        1427
                    ],
                    [
                        138.91518810534188,
                        35.80672816957568,
                        1430
                    ],
                    [
                        138.91545081656028,
                        35.806506745758135,
                        1430
                    ],
                    [
                        138.91580297315207,
                        35.80629231263112,
                        1423
                    ],
                    [
                        138.91597639115366,
                        35.80611770915836,
                        1431
                    ],
                    [
                        138.91618790570698,
                        35.80594728458216,
                        1438
                    ],
                    [
                        138.9165059267444,
                        35.80579191663789,
                        1443
                    ],
                    [
                        138.91686341001466,
                        35.805663926432366,
                        1443
                    ],
                    [
                        138.91720749647502,
                        35.805755544584606,
                        1444
                    ],
                    [
                        138.9175366616275,
                        35.805722211567854,
                        1437
                    ],
                    [
                        138.91779714885044,
                        35.80557129249949,
                        1431
                    ],
                    [
                        138.91808657233582,
                        35.80541087997865,
                        1421
                    ],
                    [
                        138.91836260242593,
                        35.805265956147714,
                        1415
                    ],
                    [
                        138.91875139669665,
                        35.805246410859596,
                        1403
                    ],
                    [
                        138.9191702848225,
                        35.80522946358613,
                        1398
                    ],
                    [
                        138.9195485171962,
                        35.80524606192848,
                        1394
                    ],
                    [
                        138.91995262202124,
                        35.80524261058409,
                        1393
                    ],
                    [
                        138.92023658145357,
                        35.80520227248214,
                        1390
                    ],
                    [
                        138.92043613439634,
                        35.805047916565236,
                        1394
                    ],
                    [
                        138.92082167449854,
                        35.80499555287716,
                        1395
                    ],
                    [
                        138.9211160365321,
                        35.804956897937835,
                        1389
                    ],
                    [
                        138.92148690228885,
                        35.804821741451356,
                        1386
                    ],
                    [
                        138.92179830682392,
                        35.80468402352699,
                        1386
                    ],
                    [
                        138.92221266778287,
                        35.80456712392562,
                        1384
                    ],
                    [
                        138.92245660138144,
                        35.804516430570274,
                        1386
                    ],
                    [
                        138.92282276519785,
                        35.80448693317245,
                        1394
                    ],
                    [
                        138.92316531719712,
                        35.804500795548186,
                        1398
                    ],
                    [
                        138.9235430422912,
                        35.804546036228025,
                        1399
                    ],
                    [
                        138.92389262696784,
                        35.80454627861527,
                        1400
                    ],
                    [
                        138.92414807446062,
                        35.80458067089185,
                        1404
                    ],
                    [
                        138.92449104540657,
                        35.8045539491666,
                        1404
                    ],
                    [
                        138.92481701628813,
                        35.80444677467989,
                        1405
                    ],
                    [
                        138.92516871991472,
                        35.804270874473445,
                        1406
                    ],
                    [
                        138.92546658864788,
                        35.80405494728545,
                        1398
                    ],
                    [
                        138.92561514116875,
                        35.80376076788677,
                        1398
                    ],
                    [
                        138.9258007281864,
                        35.80350348006878,
                        1402
                    ],
                    [
                        138.92612783284818,
                        35.80329158516319,
                        1400
                    ],
                    [
                        138.92642804962003,
                        35.80307447265304,
                        1401
                    ],
                    [
                        138.92666536626763,
                        35.80281228751985,
                        1398
                    ],
                    [
                        138.92685388814235,
                        35.80257083577907,
                        1399
                    ],
                    [
                        138.92700416237184,
                        35.802266772229196,
                        1395
                    ],
                    [
                        138.92710732022942,
                        35.80194942196612,
                        1393
                    ],
                    [
                        138.92727992638575,
                        35.80163467414366,
                        1393
                    ],
                    [
                        138.92753861481933,
                        35.801363384048976,
                        1385
                    ],
                    [
                        138.92790234548744,
                        35.80119415876095,
                        1380
                    ],
                    [
                        138.92824661809698,
                        35.80110749395042,
                        1369
                    ],
                    [
                        138.92858556261177,
                        35.80098876821308,
                        1363
                    ],
                    [
                        138.9289624188038,
                        35.80088847435633,
                        1359
                    ],
                    [
                        138.9292513469493,
                        35.80077657152725,
                        1353
                    ],
                    [
                        138.92952325703354,
                        35.80062767835507,
                        1361
                    ],
                    [
                        138.9299224132734,
                        35.800564053077935,
                        1353
                    ],
                    [
                        138.9302475742489,
                        35.800376963119454,
                        1356
                    ],
                    [
                        138.93060118220257,
                        35.80026130743468,
                        1351
                    ],
                    [
                        138.93091921744522,
                        35.800094064488924,
                        1355
                    ],
                    [
                        138.93101646319516,
                        35.799901508512285,
                        1354
                    ],
                    [
                        138.93105792784465,
                        35.799731325998046,
                        1351
                    ],
                    [
                        138.93140306901705,
                        35.799649768695346,
                        1347
                    ],
                    [
                        138.9317681986355,
                        35.799584662289625,
                        1343
                    ],
                    [
                        138.93203320513416,
                        35.79953649209745,
                        1342
                    ],
                    [
                        138.93207059066322,
                        35.79962642159117,
                        1345
                    ],
                    [
                        138.9319826963835,
                        35.79951801918181,
                        1343
                    ],
                    [
                        138.9321104643537,
                        35.79953184606964,
                        1344
                    ],
                    [
                        138.932027799621,
                        35.79930116949981,
                        1343
                    ],
                    [
                        138.93188773486693,
                        35.799126408427576,
                        1345
                    ],
                    [
                        138.9317368950878,
                        35.79888990754206,
                        1339
                    ],
                    [
                        138.93186397090486,
                        35.798635951034086,
                        1335
                    ],
                    [
                        138.93212393316304,
                        35.79839118761698,
                        1324
                    ],
                    [
                        138.932360865646,
                        35.79818689605862,
                        1315
                    ],
                    [
                        138.93241848770964,
                        35.798037015004404,
                        1309
                    ],
                    [
                        138.93270414757845,
                        35.797898671828946,
                        1304
                    ],
                    [
                        138.93302370923948,
                        35.798007303474535,
                        1291
                    ],
                    [
                        138.93323581026394,
                        35.79809319411708,
                        1292
                    ],
                    [
                        138.93321300894314,
                        35.797778101815,
                        1283
                    ],
                    [
                        138.93306379394983,
                        35.797505771940905,
                        1274
                    ],
                    [
                        138.9329132494463,
                        35.79720948471338,
                        1270
                    ],
                    [
                        138.93276640015517,
                        35.79692431779574,
                        1262
                    ],
                    [
                        138.93307673802911,
                        35.79681297168426,
                        1249
                    ],
                    [
                        138.93303261077313,
                        35.79657563719896,
                        1234
                    ],
                    [
                        138.93333415303928,
                        35.79650475066039,
                        1228
                    ],
                    [
                        138.9335866888679,
                        35.79647260055062,
                        1220
                    ],
                    [
                        138.93367028902037,
                        35.796301320737946,
                        1215
                    ],
                    [
                        138.9339130027917,
                        35.796296404819564,
                        1202
                    ],
                    [
                        138.9339858509907,
                        35.79612038523891,
                        1196
                    ],
                    [
                        138.93379579670727,
                        35.79591438570593,
                        1187
                    ],
                    [
                        138.93344583650637,
                        35.79577036446479,
                        1184
                    ],
                    [
                        138.9331794508586,
                        35.795537513397704,
                        1182
                    ],
                    [
                        138.93293239534023,
                        35.79539499684387,
                        1173
                    ],
                    [
                        138.93270882083533,
                        35.79537833585847,
                        1165
                    ],
                    [
                        138.93235589420613,
                        35.795434450828196,
                        1160
                    ],
                    [
                        138.9320604625892,
                        35.79538003151016,
                        1152
                    ],
                    [
                        138.93196010681706,
                        35.795241850795136,
                        1141
                    ],
                    [
                        138.93168911712456,
                        35.79525969402649,
                        1132
                    ],
                    [
                        138.93186468238642,
                        35.79507550033428,
                        1130
                    ],
                    [
                        138.93163599667494,
                        35.79502784681993,
                        1119
                    ],
                    [
                        138.93141577457573,
                        35.79503591043859,
                        1109
                    ],
                    [
                        138.93118128261497,
                        35.7950461387532,
                        1101
                    ],
                    [
                        138.9309478220763,
                        35.79495782234959,
                        1105
                    ],
                    [
                        138.93062908316116,
                        35.79490219774229,
                        1094
                    ],
                    [
                        138.93034453962053,
                        35.79473258319459,
                        1086
                    ],
                    [
                        138.9301731251323,
                        35.79459682715953,
                        1079
                    ],
                    [
                        138.92991594720164,
                        35.794377999326535,
                        1069
                    ],
                    [
                        138.92964374969725,
                        35.7941314627822,
                        1058
                    ],
                    [
                        138.9295210491751,
                        35.79399113486026,
                        1050
                    ],
                    [
                        138.92932347802326,
                        35.79401795356656,
                        1044
                    ],
                    [
                        138.92923100020997,
                        35.79427363874593,
                        1040
                    ],
                    [
                        138.92899991125086,
                        35.79443832521865,
                        1036
                    ],
                    [
                        138.92881785890083,
                        35.79447236474601,
                        1023
                    ],
                    [
                        138.92848469525822,
                        35.79456305211512,
                        1026
                    ],
                    [
                        138.92853271216993,
                        35.79446078718995,
                        1035
                    ],
                    [
                        138.9283794804074,
                        35.79435428874397,
                        1026
                    ],
                    [
                        138.92840849585016,
                        35.79410714546879,
                        1014
                    ],
                    [
                        138.9284309576373,
                        35.79384872436274,
                        1006
                    ],
                    [
                        138.92830626934048,
                        35.79358020655567,
                        992
                    ],
                    [
                        138.9283464363251,
                        35.79338699475227,
                        977
                    ],
                    [
                        138.92833388431606,
                        35.79314881719552,
                        968
                    ],
                    [
                        138.92830457747812,
                        35.79289361682478,
                        961
                    ],
                    [
                        138.92835574502402,
                        35.792598210785215,
                        955
                    ],
                    [
                        138.92841808003757,
                        35.792371549335165,
                        950
                    ],
                    [
                        138.92843186094498,
                        35.79215776663446,
                        943
                    ],
                    [
                        138.928403250912,
                        35.791903596845856,
                        932
                    ],
                    [
                        138.92827649975646,
                        35.79159789144847,
                        924
                    ],
                    [
                        138.92839309206147,
                        35.79134363233484,
                        915
                    ],
                    [
                        138.92853948017319,
                        35.79122371116294,
                        910
                    ],
                    [
                        138.92880282091153,
                        35.79111884794889,
                        904
                    ],
                    [
                        138.92859843728084,
                        35.79097362740637,
                        896
                    ],
                    [
                        138.92840799575634,
                        35.790859866264675,
                        888
                    ],
                    [
                        138.9280494779888,
                        35.79094847309842,
                        872
                    ],
                    [
                        138.9276812142462,
                        35.79110887212708,
                        866
                    ],
                    [
                        138.92741371591745,
                        35.79119074535531,
                        859
                    ],
                    [
                        138.9272860228836,
                        35.791462342634695,
                        854
                    ],
                    [
                        138.92725320721482,
                        35.79171000971617,
                        851
                    ],
                    [
                        138.9271849465682,
                        35.791881283179976,
                        853
                    ],
                    [
                        138.92702670028993,
                        35.792086185665624,
                        850
                    ],
                    [
                        138.9267472739381,
                        35.79220102491927,
                        849
                    ],
                    [
                        138.92646467079197,
                        35.79213583109204,
                        834
                    ],
                    [
                        138.92650150307006,
                        35.79200155734113,
                        823
                    ],
                    [
                        138.92624844363718,
                        35.791985553202416,
                        818
                    ],
                    [
                        138.9258437162123,
                        35.791990678667645,
                        805
                    ],
                    [
                        138.92564861969296,
                        35.79189178572751,
                        804
                    ],
                    [
                        138.9254205787325,
                        35.7919060435263,
                        785
                    ],
                    [
                        138.9250551702444,
                        35.79180375545463,
                        778
                    ],
                    [
                        138.92476244528723,
                        35.791688188762784,
                        768
                    ],
                    [
                        138.92455747490519,
                        35.79159879176224,
                        755
                    ],
                    [
                        138.92432416806574,
                        35.791561224594474,
                        747
                    ],
                    [
                        138.9240196456256,
                        35.79155920852804,
                        743
                    ],
                    [
                        138.9238111712507,
                        35.79148196305538,
                        727
                    ],
                    [
                        138.92347463254936,
                        35.7913910533913,
                        717
                    ],
                    [
                        138.92321843591884,
                        35.79144368895485,
                        701
                    ],
                    [
                        138.922821883809,
                        35.79147341956258,
                        694
                    ],
                    [
                        138.92257354164082,
                        35.79147483311303,
                        689
                    ],
                    [
                        138.9224362409961,
                        35.79140752031766,
                        675
                    ],
                    [
                        138.9223012739849,
                        35.79119956082354,
                        669
                    ],
                    [
                        138.92191356743842,
                        35.791215463745914,
                        648
                    ],
                    [
                        138.92164850829195,
                        35.791114524929334,
                        640
                    ],
                    [
                        138.92133138808896,
                        35.7909412790061,
                        637
                    ],
                    [
                        138.92093381864427,
                        35.791015514417566,
                        631
                    ],
                    [
                        138.92107213452132,
                        35.79080829313311,
                        630
                    ],
                    [
                        138.9215141016339,
                        35.79081931966957,
                        626
                    ],
                    [
                        138.92196298526963,
                        35.79084707442286,
                        625
                    ],
                    [
                        138.9224431992475,
                        35.790839563611485,
                        627
                    ],
                    [
                        138.92290210747427,
                        35.79079680900199,
                        629
                    ],
                    [
                        138.92323932138814,
                        35.79063901436243,
                        632
                    ],
                    [
                        138.9234853933868,
                        35.790355455560025,
                        631
                    ],
                    [
                        138.92378168922545,
                        35.79011995981053,
                        628
                    ],
                    [
                        138.92407461083718,
                        35.78989114004861,
                        630
                    ],
                    [
                        138.92449575334012,
                        35.78978808440416,
                        625
                    ],
                    [
                        138.92432183464604,
                        35.78966092649462,
                        620
                    ],
                    [
                        138.9239216592844,
                        35.7895524525944,
                        625
                    ],
                    [
                        138.92388502500677,
                        35.789318982375974,
                        621
                    ],
                    [
                        138.92421667699287,
                        35.789244811286366,
                        618
                    ],
                    [
                        138.9244634560979,
                        35.78914116500903,
                        615
                    ],
                    [
                        138.92457027023784,
                        35.789106614674374,
                        612
                    ]
                ]
            }
        }
    ]
}