{
    "type": "FeatureCollection",
    "features": [
        {
            "type": "Feature",
            "properties": {
                "name": "20240802",
                "time": "2024-08-01T20:09:40Z",
                "coordTimes": [
                    "2024-08-01T20:09:40Z",
                    "2024-08-01T20:12:11Z",
                    "2024-08-01T20:12:32Z",
                    "2024-08-01T20:12:59Z",
                    "2024-08-01T20:13:25Z",
                    "2024-08-01T20:13:51Z",
                    "2024-08-01T20:14:17Z",
                    "2024-08-01T20:14:44Z",
                    "2024-08-01T20:15:11Z",
                    "2024-08-01T20:15:36Z",
                    "2024-08-01T20:15:46Z",
                    "2024-08-01T20:19:29Z",
                    "2024-08-01T20:20:18Z",
                    "2024-08-01T20:20:45Z",
                    "2024-08-01T20:21:12Z",
                    "2024-08-01T20:21:42Z",
                    "2024-08-01T20:22:10Z",
                    "2024-08-01T20:22:36Z",
                    "2024-08-01T20:23:04Z",
                    "2024-08-01T20:23:32Z",
                    "2024-08-01T20:23:59Z",
                    "2024-08-01T20:24:29Z",
                    "2024-08-01T20:25:00Z",
                    "2024-08-01T20:25:27Z",
                    "2024-08-01T20:25:55Z",
                    "2024-08-01T20:26:26Z",
                    "2024-08-01T20:26:49Z",
                    "2024-08-01T20:27:17Z",
                    "2024-08-01T20:27:45Z",
                    "2024-08-01T20:28:22Z",
                    "2024-08-01T20:28:51Z",
                    "2024-08-01T20:29:17Z",
                    "2024-08-01T20:29:40Z",
                    "2024-08-01T20:30:10Z",
                    "2024-08-01T20:30:39Z",
                    "2024-08-01T20:31:06Z",
                    "2024-08-01T20:31:33Z",
                    "2024-08-01T20:32:01Z",
                    "2024-08-01T20:32:29Z",
                    "2024-08-01T20:32:58Z",
                    "2024-08-01T20:33:27Z",
                    "2024-08-01T20:33:55Z",
                    "2024-08-01T20:34:25Z",
                    "2024-08-01T20:34:54Z",
                    "2024-08-01T20:35:20Z",
                    "2024-08-01T20:35:47Z",
                    "2024-08-01T20:36:16Z",
                    "2024-08-01T20:36:43Z",
                    "2024-08-01T20:37:12Z",
                    "2024-08-01T20:37:40Z",
                    "2024-08-01T20:38:19Z",
                    "2024-08-01T20:38:45Z",
                    "2024-08-01T20:39:12Z",
                    "2024-08-01T20:39:39Z",
                    "2024-08-01T20:40:05Z",
                    "2024-08-01T20:40:36Z",
                    "2024-08-01T20:41:03Z",
                    "2024-08-01T20:41:29Z",
                    "2024-08-01T20:41:55Z",
                    "2024-08-01T20:42:23Z",
                    "2024-08-01T20:42:50Z",
                    "2024-08-01T20:43:17Z",
                    "2024-08-01T20:43:47Z",
                    "2024-08-01T20:44:13Z",
                    "2024-08-01T20:44:43Z",
                    "2024-08-01T20:45:10Z",
                    "2024-08-01T20:45:39Z",
                    "2024-08-01T20:46:09Z",
                    "2024-08-01T20:46:35Z",
                    "2024-08-01T20:47:03Z",
                    "2024-08-01T20:47:30Z",
                    "2024-08-01T20:47:56Z",
                    "2024-08-01T20:48:24Z",
                    "2024-08-01T20:48:51Z",
                    "2024-08-01T20:49:17Z",
                    "2024-08-01T20:49:46Z",
                    "2024-08-01T20:50:15Z",
                    "2024-08-01T20:50:42Z",
                    "2024-08-01T20:51:10Z",
                    "2024-08-01T20:51:41Z",
                    "2024-08-01T20:52:09Z",
                    "2024-08-01T20:52:34Z",
                    "2024-08-01T20:53:03Z",
                    "2024-08-01T20:53:30Z",
                    "2024-08-01T20:53:57Z",
                    "2024-08-01T20:54:26Z",
                    "2024-08-01T20:54:55Z",
                    "2024-08-01T20:55:21Z",
                    "2024-08-01T20:55:47Z",
                    "2024-08-01T20:56:15Z",
                    "2024-08-01T20:56:43Z",
                    "2024-08-01T20:57:12Z",
                    "2024-08-01T20:57:40Z",
                    "2024-08-01T20:58:06Z",
                    "2024-08-01T20:58:35Z",
                    "2024-08-01T20:59:05Z",
                    "2024-08-01T20:59:31Z",
                    "2024-08-01T20:59:59Z",
                    "2024-08-01T21:00:29Z",
                    "2024-08-01T21:00:56Z",
                    "2024-08-01T21:01:27Z",
                    "2024-08-01T21:01:54Z",
                    "2024-08-01T21:02:23Z",
                    "2024-08-01T21:02:51Z",
                    "2024-08-01T21:03:20Z",
                    "2024-08-01T21:03:46Z",
                    "2024-08-01T21:04:14Z",
                    "2024-08-01T21:04:43Z",
                    "2024-08-01T21:05:10Z",
                    "2024-08-01T21:05:39Z",
                    "2024-08-01T21:06:08Z",
                    "2024-08-01T21:06:38Z",
                    "2024-08-01T21:07:11Z",
                    "2024-08-01T21:07:39Z",
                    "2024-08-01T21:08:07Z",
                    "2024-08-01T21:08:36Z",
                    "2024-08-01T21:09:08Z",
                    "2024-08-01T21:09:38Z",
                    "2024-08-01T21:10:04Z",
                    "2024-08-01T21:10:32Z",
                    "2024-08-01T21:11:04Z",
                    "2024-08-01T21:11:35Z",
                    "2024-08-01T21:12:02Z",
                    "2024-08-01T21:12:33Z",
                    "2024-08-01T21:13:02Z",
                    "2024-08-01T21:13:31Z",
                    "2024-08-01T21:13:58Z",
                    "2024-08-01T21:14:24Z",
                    "2024-08-01T21:14:54Z",
                    "2024-08-01T21:15:23Z",
                    "2024-08-01T21:15:52Z",
                    "2024-08-01T21:16:18Z",
                    "2024-08-01T21:16:46Z",
                    "2024-08-01T21:17:14Z",
                    "2024-08-01T21:17:43Z",
                    "2024-08-01T21:18:11Z",
                    "2024-08-01T21:18:39Z",
                    "2024-08-01T21:19:10Z",
                    "2024-08-01T21:19:40Z",
                    "2024-08-01T21:20:07Z",
                    "2024-08-01T21:20:34Z",
                    "2024-08-01T21:21:02Z",
                    "2024-08-01T21:21:30Z",
                    "2024-08-01T21:21:57Z",
                    "2024-08-01T21:22:26Z",
                    "2024-08-01T21:22:54Z",
                    "2024-08-01T21:23:23Z",
                    "2024-08-01T21:23:51Z",
                    "2024-08-01T21:24:27Z",
                    "2024-08-01T21:24:55Z",
                    "2024-08-01T21:25:21Z",
                    "2024-08-01T21:25:47Z",
                    "2024-08-01T21:26:16Z",
                    "2024-08-01T21:26:41Z",
                    "2024-08-01T21:27:09Z",
                    "2024-08-01T21:27:36Z",
                    "2024-08-01T21:28:07Z",
                    "2024-08-01T21:28:38Z",
                    "2024-08-01T21:29:04Z",
                    "2024-08-01T21:29:35Z",
                    "2024-08-01T21:30:02Z",
                    "2024-08-01T21:30:30Z",
                    "2024-08-01T21:31:00Z",
                    "2024-08-01T21:31:28Z",
                    "2024-08-01T21:31:58Z",
                    "2024-08-01T21:32:22Z",
                    "2024-08-01T21:32:53Z",
                    "2024-08-01T21:33:21Z",
                    "2024-08-01T21:33:47Z",
                    "2024-08-01T21:34:18Z",
                    "2024-08-01T21:34:44Z",
                    "2024-08-01T21:35:10Z",
                    "2024-08-01T21:35:42Z",
                    "2024-08-01T21:36:10Z",
                    "2024-08-01T21:36:39Z",
                    "2024-08-01T21:37:09Z",
                    "2024-08-01T21:37:37Z",
                    "2024-08-01T21:38:06Z",
                    "2024-08-01T21:38:36Z",
                    "2024-08-01T21:39:05Z",
                    "2024-08-01T21:39:32Z",
                    "2024-08-01T21:40:01Z",
                    "2024-08-01T21:40:31Z",
                    "2024-08-01T21:41:00Z",
                    "2024-08-01T21:41:30Z",
                    "2024-08-01T21:41:59Z",
                    "2024-08-01T21:42:30Z",
                    "2024-08-01T21:43:01Z",
                    "2024-08-01T21:43:31Z",
                    "2024-08-01T21:44:02Z",
                    "2024-08-01T21:44:31Z",
                    "2024-08-01T21:45:00Z",
                    "2024-08-01T21:45:29Z",
                    "2024-08-01T21:46:08Z",
                    "2024-08-01T21:53:57Z",
                    "2024-08-01T21:54:46Z",
                    "2024-08-01T21:55:19Z",
                    "2024-08-01T21:55:50Z",
                    "2024-08-01T21:56:27Z",
                    "2024-08-01T21:57:07Z",
                    "2024-08-01T21:57:41Z",
                    "2024-08-01T21:58:14Z",
                    "2024-08-01T21:58:52Z",
                    "2024-08-01T21:59:36Z",
                    "2024-08-01T22:00:15Z",
                    "2024-08-01T22:00:41Z",
                    "2024-08-01T22:01:11Z",
                    "2024-08-01T22:01:47Z",
                    "2024-08-01T22:02:26Z",
                    "2024-08-01T22:03:06Z",
                    "2024-08-01T22:03:42Z",
                    "2024-08-01T22:04:32Z",
                    "2024-08-01T22:05:10Z",
                    "2024-08-01T22:05:39Z",
                    "2024-08-01T22:06:12Z",
                    "2024-08-01T22:06:46Z",
                    "2024-08-01T22:07:30Z",
                    "2024-08-01T22:08:02Z",
                    "2024-08-01T22:08:41Z",
                    "2024-08-01T22:09:26Z",
                    "2024-08-01T22:10:00Z",
                    "2024-08-01T22:10:36Z",
                    "2024-08-01T22:11:17Z",
                    "2024-08-01T22:11:51Z",
                    "2024-08-01T22:12:35Z",
                    "2024-08-01T22:13:20Z",
                    "2024-08-01T22:13:52Z",
                    "2024-08-01T22:14:26Z",
                    "2024-08-01T22:14:57Z",
                    "2024-08-01T22:15:35Z",
                    "2024-08-01T22:16:07Z",
                    "2024-08-01T22:16:41Z",
                    "2024-08-01T22:17:18Z",
                    "2024-08-01T22:17:56Z",
                    "2024-08-01T22:18:38Z",
                    "2024-08-01T22:19:14Z",
                    "2024-08-01T22:20:01Z",
                    "2024-08-01T22:20:45Z",
                    "2024-08-01T22:21:26Z",
                    "2024-08-01T22:22:43Z",
                    "2024-08-01T22:23:18Z",
                    "2024-08-01T22:23:53Z",
                    "2024-08-01T22:24:38Z",
                    "2024-08-01T22:25:20Z",
                    "2024-08-01T22:26:06Z",
                    "2024-08-01T22:26:49Z",
                    "2024-08-01T22:28:17Z",
                    "2024-08-01T22:28:52Z",
                    "2024-08-01T22:29:30Z",
                    "2024-08-01T22:30:19Z",
                    "2024-08-01T22:30:50Z",
                    "2024-08-01T22:31:24Z",
                    "2024-08-01T22:38:21Z",
                    "2024-08-01T22:38:54Z",
                    "2024-08-01T22:39:28Z",
                    "2024-08-01T22:40:04Z",
                    "2024-08-01T22:40:35Z",
                    "2024-08-01T22:41:18Z",
                    "2024-08-01T22:42:01Z",
                    "2024-08-01T22:42:52Z",
                    "2024-08-01T22:43:36Z",
                    "2024-08-01T22:44:28Z",
                    "2024-08-01T22:45:20Z",
                    "2024-08-01T22:45:56Z",
                    "2024-08-01T22:46:52Z",
                    "2024-08-01T22:47:51Z",
                    "2024-08-01T22:48:28Z",
                    "2024-08-01T22:49:03Z",
                    "2024-08-01T22:49:43Z",
                    "2024-08-01T22:50:32Z",
                    "2024-08-01T22:51:41Z",
                    "2024-08-01T22:52:17Z",
                    "2024-08-01T22:52:51Z",
                    "2024-08-01T22:53:22Z",
                    "2024-08-01T22:54:57Z",
                    "2024-08-01T22:55:47Z",
                    "2024-08-01T22:57:14Z",
                    "2024-08-01T22:58:30Z",
                    "2024-08-01T22:59:34Z",
                    "2024-08-01T23:00:19Z",
                    "2024-08-01T23:01:01Z",
                    "2024-08-01T23:02:18Z",
                    "2024-08-01T23:03:08Z",
                    "2024-08-01T23:03:57Z",
                    "2024-08-01T23:05:11Z",
                    "2024-08-01T23:06:19Z",
                    "2024-08-01T23:08:34Z",
                    "2024-08-01T23:09:16Z",
                    "2024-08-01T23:10:33Z",
                    "2024-08-01T23:12:57Z",
                    "2024-08-01T23:13:52Z",
                    "2024-08-01T23:14:58Z",
                    "2024-08-01T23:15:42Z",
                    "2024-08-01T23:16:55Z",
                    "2024-08-01T23:18:24Z",
                    "2024-08-01T23:20:01Z",
                    "2024-08-01T23:21:02Z",
                    "2024-08-01T23:22:21Z",
                    "2024-08-01T23:23:13Z",
                    "2024-08-01T23:24:39Z",
                    "2024-08-01T23:25:54Z",
                    "2024-08-01T23:26:50Z",
                    "2024-08-01T23:28:31Z",
                    "2024-08-01T23:29:33Z",
                    "2024-08-01T23:31:25Z",
                    "2024-08-01T23:32:21Z",
                    "2024-08-01T23:33:20Z",
                    "2024-08-01T23:34:21Z",
                    "2024-08-01T23:35:10Z",
                    "2024-08-01T23:35:56Z",
                    "2024-08-01T23:36:34Z",
                    "2024-08-01T23:37:16Z",
                    "2024-08-01T23:37:51Z",
                    "2024-08-01T23:38:27Z",
                    "2024-08-01T23:38:59Z",
                    "2024-08-01T23:39:36Z",
                    "2024-08-01T23:40:17Z",
                    "2024-08-01T23:42:26Z",
                    "2024-08-01T23:58:52Z",
                    "2024-08-01T23:59:32Z",
                    "2024-08-02T00:00:16Z",
                    "2024-08-02T00:01:11Z",
                    "2024-08-02T00:02:10Z",
                    "2024-08-02T00:03:12Z",
                    "2024-08-02T00:04:05Z",
                    "2024-08-02T00:05:01Z",
                    "2024-08-02T00:06:39Z",
                    "2024-08-02T00:07:29Z",
                    "2024-08-02T00:08:10Z",
                    "2024-08-02T00:09:15Z",
                    "2024-08-02T00:10:42Z",
                    "2024-08-02T00:11:37Z",
                    "2024-08-02T00:12:37Z",
                    "2024-08-02T00:13:41Z",
                    "2024-08-02T00:15:32Z",
                    "2024-08-02T00:16:30Z",
                    "2024-08-02T00:17:19Z",
                    "2024-08-02T00:18:26Z",
                    "2024-08-02T00:19:11Z",
                    "2024-08-02T00:20:20Z",
                    "2024-08-02T00:21:00Z",
                    "2024-08-02T00:22:11Z",
                    "2024-08-02T00:23:21Z",
                    "2024-08-02T00:24:21Z",
                    "2024-08-02T00:25:43Z",
                    "2024-08-02T00:26:41Z",
                    "2024-08-02T00:28:06Z",
                    "2024-08-02T00:29:43Z",
                    "2024-08-02T00:30:42Z",
                    "2024-08-02T00:31:52Z",
                    "2024-08-02T00:32:55Z",
                    "2024-08-02T00:34:01Z",
                    "2024-08-02T00:35:09Z",
                    "2024-08-02T00:36:14Z",
                    "2024-08-02T00:38:04Z",
                    "2024-08-02T00:39:22Z",
                    "2024-08-02T00:40:50Z",
                    "2024-08-02T00:42:47Z",
                    "2024-08-02T00:43:46Z",
                    "2024-08-02T00:44:47Z",
                    "2024-08-02T00:45:46Z",
                    "2024-08-02T00:46:36Z",
                    "2024-08-02T00:47:32Z",
                    "2024-08-02T00:48:37Z",
                    "2024-08-02T00:49:21Z",
                    "2024-08-02T01:01:49Z",
                    "2024-08-02T01:03:15Z",
                    "2024-08-02T01:04:51Z",
                    "2024-08-02T01:06:03Z",
                    "2024-08-02T01:07:10Z",
                    "2024-08-02T01:08:13Z",
                    "2024-08-02T01:09:14Z",
                    "2024-08-02T01:10:41Z",
                    "2024-08-02T01:11:47Z",
                    "2024-08-02T01:13:14Z",
                    "2024-08-02T01:14:29Z",
                    "2024-08-02T01:16:54Z",
                    "2024-08-02T01:18:38Z",
                    "2024-08-02T01:19:47Z",
                    "2024-08-02T01:21:12Z",
                    "2024-08-02T01:22:49Z",
                    "2024-08-02T01:24:11Z",
                    "2024-08-02T01:25:01Z",
                    "2024-08-02T01:31:19Z",
                    "2024-08-02T01:32:16Z",
                    "2024-08-02T01:33:20Z",
                    "2024-08-02T01:35:28Z",
                    "2024-08-02T01:36:50Z",
                    "2024-08-02T01:38:21Z",
                    "2024-08-02T01:39:24Z",
                    "2024-08-02T01:40:42Z",
                    "2024-08-02T01:41:58Z",
                    "2024-08-02T01:43:02Z",
                    "2024-08-02T01:44:29Z",
                    "2024-08-02T01:45:50Z",
                    "2024-08-02T01:47:01Z",
                    "2024-08-02T01:48:45Z",
                    "2024-08-02T01:50:01Z",
                    "2024-08-02T01:51:36Z",
                    "2024-08-02T01:52:37Z",
                    "2024-08-02T01:53:45Z",
                    "2024-08-02T01:55:00Z",
                    "2024-08-02T01:55:40Z",
                    "2024-08-02T02:06:12Z",
                    "2024-08-02T02:07:27Z",
                    "2024-08-02T02:08:13Z",
                    "2024-08-02T02:09:15Z",
                    "2024-08-02T02:10:10Z",
                    "2024-08-02T02:11:03Z",
                    "2024-08-02T02:11:48Z",
                    "2024-08-02T02:12:33Z",
                    "2024-08-02T02:13:44Z",
                    "2024-08-02T02:14:59Z",
                    "2024-08-02T02:16:24Z",
                    "2024-08-02T02:17:11Z",
                    "2024-08-02T02:18:34Z",
                    "2024-08-02T02:20:02Z",
                    "2024-08-02T02:21:31Z",
                    "2024-08-02T02:22:51Z",
                    "2024-08-02T02:23:30Z",
                    "2024-08-02T02:24:02Z",
                    "2024-08-02T02:24:59Z",
                    "2024-08-02T02:25:38Z",
                    "2024-08-02T02:27:20Z",
                    "2024-08-02T04:39:02Z",
                    "2024-08-02T04:40:25Z",
                    "2024-08-02T04:42:05Z",
                    "2024-08-02T04:43:20Z",
                    "2024-08-02T04:44:20Z",
                    "2024-08-02T04:45:20Z",
                    "2024-08-02T04:46:07Z",
                    "2024-08-02T04:46:52Z",
                    "2024-08-02T04:47:42Z",
                    "2024-08-02T04:48:27Z",
                    "2024-08-02T04:49:17Z",
                    "2024-08-02T04:50:05Z",
                    "2024-08-02T04:50:55Z",
                    "2024-08-02T04:51:36Z",
                    "2024-08-02T04:52:22Z",
                    "2024-08-02T04:53:00Z",
                    "2024-08-02T04:53:32Z",
                    "2024-08-02T04:54:18Z",
                    "2024-08-02T04:55:22Z",
                    "2024-08-02T04:56:32Z",
                    "2024-08-02T04:57:23Z",
                    "2024-08-02T04:58:13Z",
                    "2024-08-02T04:58:53Z",
                    "2024-08-02T04:59:46Z",
                    "2024-08-02T05:00:27Z",
                    "2024-08-02T05:01:11Z",
                    "2024-08-02T05:01:52Z",
                    "2024-08-02T05:02:30Z",
                    "2024-08-02T05:03:16Z",
                    "2024-08-02T05:05:06Z",
                    "2024-08-02T05:26:51Z",
                    "2024-08-02T05:27:32Z",
                    "2024-08-02T05:28:16Z",
                    "2024-08-02T05:28:58Z",
                    "2024-08-02T05:31:22Z",
                    "2024-08-02T05:31:56Z",
                    "2024-08-02T05:32:32Z",
                    "2024-08-02T05:33:09Z",
                    "2024-08-02T05:33:48Z",
                    "2024-08-02T05:34:28Z",
                    "2024-08-02T05:35:10Z",
                    "2024-08-02T05:35:42Z",
                    "2024-08-02T05:36:12Z",
                    "2024-08-02T05:36:47Z",
                    "2024-08-02T05:37:15Z",
                    "2024-08-02T05:37:49Z",
                    "2024-08-02T05:38:40Z",
                    "2024-08-02T05:39:28Z",
                    "2024-08-02T05:40:12Z",
                    "2024-08-02T05:40:59Z",
                    "2024-08-02T05:41:40Z",
                    "2024-08-02T05:42:47Z",
                    "2024-08-02T05:43:47Z",
                    "2024-08-02T05:45:05Z",
                    "2024-08-02T05:46:33Z",
                    "2024-08-02T05:49:20Z",
                    "2024-08-02T05:50:14Z",
                    "2024-08-02T05:50:58Z",
                    "2024-08-02T05:52:19Z",
                    "2024-08-02T05:52:55Z",
                    "2024-08-02T05:56:51Z"
                ]
            },
            "geometry": {
                "type": "LineString",
                "coordinates": [
                    [
                        137.57270865894608,
                        36.27795112561548,
                        1051
                    ],
                    [
                        137.57408315731286,
                        36.2812364366869,
                        1066
                    ],
                    [
                        137.5742700392363,
                        36.28106555753772,
                        1076
                    ],
                    [
                        137.57444786133053,
                        36.28138062595526,
                        1080
                    ],
                    [
                        137.57461652083495,
                        36.28165766932249,
                        1084
                    ],
                    [
                        137.57478343964047,
                        36.281939575490064,
                        1082
                    ],
                    [
                        137.57481931933393,
                        36.282274622679125,
                        1084
                    ],
                    [
                        137.57489618994737,
                        36.282586532934296,
                        1081
                    ],
                    [
                        137.57497160833253,
                        36.28280701879385,
                        1080
                    ],
                    [
                        137.57501580951464,
                        36.28310310213672,
                        1083
                    ],
                    [
                        137.57497628953794,
                        36.28318986880976,
                        1083
                    ],
                    [
                        137.5750158912737,
                        36.28349712468738,
                        1085
                    ],
                    [
                        137.5751437058899,
                        36.28379168905712,
                        1088
                    ],
                    [
                        137.57493831655648,
                        36.28407114323955,
                        1091
                    ],
                    [
                        137.57485094952304,
                        36.284354416870215,
                        1091
                    ],
                    [
                        137.57502357047005,
                        36.284612530310824,
                        1099
                    ],
                    [
                        137.57527023016803,
                        36.284867028412236,
                        1102
                    ],
                    [
                        137.5752841237611,
                        36.28516470746618,
                        1104
                    ],
                    [
                        137.57526658185435,
                        36.28544509567465,
                        1103
                    ],
                    [
                        137.57546310105323,
                        36.28567710184377,
                        1113
                    ],
                    [
                        137.57557710812299,
                        36.285964417509945,
                        1113
                    ],
                    [
                        137.57580900681745,
                        36.286232979808126,
                        1115
                    ],
                    [
                        137.57610630099515,
                        36.286399128476205,
                        1117
                    ],
                    [
                        137.57639591576745,
                        36.28652990612726,
                        1121
                    ],
                    [
                        137.5766978094726,
                        36.286665322842445,
                        1126
                    ],
                    [
                        137.57695332421554,
                        36.28680960689447,
                        1128
                    ],
                    [
                        137.57721305371788,
                        36.28703441071468,
                        1128
                    ],
                    [
                        137.57744329228908,
                        36.28693955178556,
                        1131
                    ],
                    [
                        137.5771761749339,
                        36.28676525080905,
                        1131
                    ],
                    [
                        137.57751066334816,
                        36.28676797315282,
                        1135
                    ],
                    [
                        137.5778602874588,
                        36.28685937668921,
                        1138
                    ],
                    [
                        137.57819371364235,
                        36.28695196175295,
                        1141
                    ],
                    [
                        137.5784666534951,
                        36.2870670270678,
                        1145
                    ],
                    [
                        137.57880727584407,
                        36.287183637441125,
                        1146
                    ],
                    [
                        137.5791901021021,
                        36.28721083778611,
                        1148
                    ],
                    [
                        137.57906918233695,
                        36.28704595773243,
                        1150
                    ],
                    [
                        137.57872226782942,
                        36.28691743350227,
                        1155
                    ],
                    [
                        137.57840295955538,
                        36.28680450734133,
                        1156
                    ],
                    [
                        137.57846272216327,
                        36.28666179657358,
                        1160
                    ],
                    [
                        137.57879053496274,
                        36.286799285152895,
                        1168
                    ],
                    [
                        137.57913800043815,
                        36.28682930794384,
                        1169
                    ],
                    [
                        137.57948078010455,
                        36.2868430082604,
                        1171
                    ],
                    [
                        137.57987688075434,
                        36.28685827371638,
                        1174
                    ],
                    [
                        137.5802711624874,
                        36.28685213658273,
                        1176
                    ],
                    [
                        137.58064445365346,
                        36.28684177205306,
                        1175
                    ],
                    [
                        137.58101381354894,
                        36.28680689297542,
                        1178
                    ],
                    [
                        137.58137280571208,
                        36.286871900989155,
                        1182
                    ],
                    [
                        137.58170901608918,
                        36.28695095037468,
                        1186
                    ],
                    [
                        137.58204542104804,
                        36.28698603113759,
                        1187
                    ],
                    [
                        137.5823073332981,
                        36.2871487609473,
                        1187
                    ],
                    [
                        137.58251077565234,
                        36.28741074380707,
                        1189
                    ],
                    [
                        137.5827064045414,
                        36.28766346957916,
                        1192
                    ],
                    [
                        137.58287088176263,
                        36.28783251478228,
                        1195
                    ],
                    [
                        137.5831882676799,
                        36.28795092280934,
                        1195
                    ],
                    [
                        137.58347135412637,
                        36.2881366363361,
                        1196
                    ],
                    [
                        137.58375869634827,
                        36.288257272584495,
                        1204
                    ],
                    [
                        137.58410811276855,
                        36.288308047706174,
                        1203
                    ],
                    [
                        137.58449456585944,
                        36.28840305986917,
                        1207
                    ],
                    [
                        137.5848391820937,
                        36.28848028237341,
                        1209
                    ],
                    [
                        137.58520257883345,
                        36.28860638371344,
                        1213
                    ],
                    [
                        137.585534923114,
                        36.28868879069794,
                        1215
                    ],
                    [
                        137.58587528907995,
                        36.28876362082237,
                        1218
                    ],
                    [
                        137.58614214108206,
                        36.28880991515314,
                        1219
                    ],
                    [
                        137.5863874077252,
                        36.28897923232583,
                        1224
                    ],
                    [
                        137.58664657714706,
                        36.28918877082937,
                        1226
                    ],
                    [
                        137.58693280214325,
                        36.289337646492655,
                        1227
                    ],
                    [
                        137.58732032994413,
                        36.28935444034011,
                        1233
                    ],
                    [
                        137.58770583549818,
                        36.28947291155447,
                        1237
                    ],
                    [
                        137.58800483699903,
                        36.28963216546337,
                        1238
                    ],
                    [
                        137.58836315923025,
                        36.28968805982236,
                        1240
                    ],
                    [
                        137.58863612261942,
                        36.28983342536649,
                        1245
                    ],
                    [
                        137.58886159939794,
                        36.28999644394585,
                        1246
                    ],
                    [
                        137.58910286660168,
                        36.29021850012783,
                        1244
                    ],
                    [
                        137.589323216652,
                        36.29045720805594,
                        1246
                    ],
                    [
                        137.58950067366294,
                        36.29072519696365,
                        1253
                    ],
                    [
                        137.58971481098882,
                        36.29094744357958,
                        1254
                    ],
                    [
                        137.58996788575442,
                        36.29115813942662,
                        1256
                    ],
                    [
                        137.59014238917632,
                        36.29137540001907,
                        1258
                    ],
                    [
                        137.59034239766703,
                        36.291598166637904,
                        1259
                    ],
                    [
                        137.59054809306787,
                        36.29186041194575,
                        1259
                    ],
                    [
                        137.5908292819465,
                        36.29206459310342,
                        1262
                    ],
                    [
                        137.59116570758218,
                        36.29210949473786,
                        1264
                    ],
                    [
                        137.59146468219703,
                        36.29225708532124,
                        1267
                    ],
                    [
                        137.59171115841184,
                        36.29243648499602,
                        1271
                    ],
                    [
                        137.59206617424817,
                        36.29254465129984,
                        1273
                    ],
                    [
                        137.59240959038783,
                        36.292712515976206,
                        1274
                    ],
                    [
                        137.59273022311348,
                        36.29284792458315,
                        1278
                    ],
                    [
                        137.59308020817895,
                        36.29291756917944,
                        1280
                    ],
                    [
                        137.59340166465643,
                        36.29305900024822,
                        1279
                    ],
                    [
                        137.59376612866708,
                        36.293155068969156,
                        1284
                    ],
                    [
                        137.5941345208298,
                        36.29317944690254,
                        1286
                    ],
                    [
                        137.59451714060827,
                        36.29316527845421,
                        1292
                    ],
                    [
                        137.59491161046694,
                        36.29317512781542,
                        1293
                    ],
                    [
                        137.59527686347292,
                        36.29320045254701,
                        1295
                    ],
                    [
                        137.59566095222155,
                        36.29314601554005,
                        1296
                    ],
                    [
                        137.59602394916928,
                        36.293214390548144,
                        1302
                    ],
                    [
                        137.59627874708482,
                        36.293435637011754,
                        1304
                    ],
                    [
                        137.59633673165465,
                        36.293722463434,
                        1303
                    ],
                    [
                        137.59655680886766,
                        36.29395192860549,
                        1306
                    ],
                    [
                        137.59674421983294,
                        36.2939326267964,
                        1312
                    ],
                    [
                        137.59656790905598,
                        36.29362672187977,
                        1311
                    ],
                    [
                        137.5965086426183,
                        36.29331520499384,
                        1311
                    ],
                    [
                        137.5964201915396,
                        36.29299203538458,
                        1314
                    ],
                    [
                        137.59622761432826,
                        36.292725314035614,
                        1319
                    ],
                    [
                        137.59594629516897,
                        36.2925262611441,
                        1323
                    ],
                    [
                        137.595638526715,
                        36.29239359751327,
                        1325
                    ],
                    [
                        137.59535245874957,
                        36.29226545727667,
                        1325
                    ],
                    [
                        137.59508843753932,
                        36.292053550603136,
                        1325
                    ],
                    [
                        137.594773209517,
                        36.29194053622462,
                        1327
                    ],
                    [
                        137.59446969598778,
                        36.29184448288573,
                        1332
                    ],
                    [
                        137.5941602038526,
                        36.291674554711584,
                        1336
                    ],
                    [
                        137.5938688884376,
                        36.29160680144637,
                        1339
                    ],
                    [
                        137.59354447831635,
                        36.29154855928176,
                        1341
                    ],
                    [
                        137.5932686182923,
                        36.29140114559997,
                        1344
                    ],
                    [
                        137.5929479159417,
                        36.2914098930552,
                        1345
                    ],
                    [
                        137.59268609507836,
                        36.291213286660394,
                        1346
                    ],
                    [
                        137.59295489266148,
                        36.29101675815712,
                        1347
                    ],
                    [
                        137.59329479921735,
                        36.290869991612425,
                        1350
                    ],
                    [
                        137.59363843640162,
                        36.29081042970011,
                        1354
                    ],
                    [
                        137.59397747187933,
                        36.29069736616099,
                        1356
                    ],
                    [
                        137.5943389213587,
                        36.290753039412664,
                        1356
                    ],
                    [
                        137.59464789273952,
                        36.290887210227524,
                        1365
                    ],
                    [
                        137.59486498293757,
                        36.29109070026405,
                        1365
                    ],
                    [
                        137.5951931816109,
                        36.29121577378742,
                        1370
                    ],
                    [
                        137.59550134728403,
                        36.291349282979155,
                        1373
                    ],
                    [
                        137.59579949168142,
                        36.29152927161796,
                        1381
                    ],
                    [
                        137.5961108857099,
                        36.29160784180887,
                        1384
                    ],
                    [
                        137.59633013242015,
                        36.291790217247836,
                        1384
                    ],
                    [
                        137.59665771799445,
                        36.291931762410776,
                        1381
                    ],
                    [
                        137.59700101180294,
                        36.2920790133501,
                        1387
                    ],
                    [
                        137.5972666801443,
                        36.29221925828411,
                        1392
                    ],
                    [
                        137.5976118571297,
                        36.2923199530514,
                        1396
                    ],
                    [
                        137.5978988338768,
                        36.292463882225086,
                        1399
                    ],
                    [
                        137.59820340512525,
                        36.29263438988301,
                        1401
                    ],
                    [
                        137.59838288567133,
                        36.29287042776068,
                        1396
                    ],
                    [
                        137.59849448438987,
                        36.29315777846432,
                        1400
                    ],
                    [
                        137.59877768722671,
                        36.29333710358903,
                        1400
                    ],
                    [
                        137.5991580710626,
                        36.29336897041711,
                        1402
                    ],
                    [
                        137.59950865588732,
                        36.29329138773195,
                        1405
                    ],
                    [
                        137.59985041105222,
                        36.293259858193316,
                        1415
                    ],
                    [
                        137.60015635431267,
                        36.293327138528014,
                        1421
                    ],
                    [
                        137.60039383882796,
                        36.29351655582968,
                        1419
                    ],
                    [
                        137.60070100710413,
                        36.29355777558649,
                        1417
                    ],
                    [
                        137.60096229087446,
                        36.29341195759505,
                        1423
                    ],
                    [
                        137.6011651785044,
                        36.29320985018278,
                        1427
                    ],
                    [
                        137.6014531146745,
                        36.29324979924316,
                        1429
                    ],
                    [
                        137.60176601735762,
                        36.29337233800484,
                        1432
                    ],
                    [
                        137.6020983210875,
                        36.29344195725273,
                        1432
                    ],
                    [
                        137.60238249743688,
                        36.29335354747879,
                        1433
                    ],
                    [
                        137.60264712376892,
                        36.293103480749856,
                        1431
                    ],
                    [
                        137.60297480142938,
                        36.29323889528805,
                        1427
                    ],
                    [
                        137.60282830832082,
                        36.29353347164117,
                        1427
                    ],
                    [
                        137.60301716635055,
                        36.29378147430164,
                        1435
                    ],
                    [
                        137.60327342789157,
                        36.29395379179307,
                        1436
                    ],
                    [
                        137.60357054879412,
                        36.29408701683422,
                        1437
                    ],
                    [
                        137.60390545192328,
                        36.29409050298734,
                        1445
                    ],
                    [
                        137.6042443256916,
                        36.29397509821139,
                        1446
                    ],
                    [
                        137.60460026738355,
                        36.294026159017506,
                        1454
                    ],
                    [
                        137.60482450850662,
                        36.29422301074423,
                        1454
                    ],
                    [
                        137.6050651521583,
                        36.294398311598286,
                        1455
                    ],
                    [
                        137.60538206811165,
                        36.29430438897919,
                        1460
                    ],
                    [
                        137.60571052977085,
                        36.29425549253487,
                        1465
                    ],
                    [
                        137.60605008901413,
                        36.294280626575386,
                        1468
                    ],
                    [
                        137.60636790046345,
                        36.294292974331114,
                        1470
                    ],
                    [
                        137.60657774647524,
                        36.29445452414002,
                        1473
                    ],
                    [
                        137.60664584142296,
                        36.29470261049022,
                        1472
                    ],
                    [
                        137.60687575446573,
                        36.294926731535746,
                        1470
                    ],
                    [
                        137.607160973814,
                        36.29492298101536,
                        1479
                    ],
                    [
                        137.60742152292124,
                        36.295043005815145,
                        1481
                    ],
                    [
                        137.60760664365648,
                        36.29520541770649,
                        1487
                    ],
                    [
                        137.6077669466567,
                        36.2954083396226,
                        1490
                    ],
                    [
                        137.60796443032615,
                        36.29566161957282,
                        1488
                    ],
                    [
                        137.60814320364537,
                        36.29589035552751,
                        1490
                    ],
                    [
                        137.60842312069033,
                        36.29601615705086,
                        1492
                    ],
                    [
                        137.60868802591807,
                        36.29618480076387,
                        1492
                    ],
                    [
                        137.60895333707143,
                        36.296313305985535,
                        1496
                    ],
                    [
                        137.60930271961277,
                        36.29629865033136,
                        1500
                    ],
                    [
                        137.60960913396292,
                        36.296412032532835,
                        1506
                    ],
                    [
                        137.60977645767954,
                        36.296660678403185,
                        1508
                    ],
                    [
                        137.60980999571078,
                        36.29695009796303,
                        1505
                    ],
                    [
                        137.6098349444806,
                        36.297226010714816,
                        1507
                    ],
                    [
                        137.61008922942997,
                        36.297451846132915,
                        1513
                    ],
                    [
                        137.61018381909477,
                        36.297710525195065,
                        1512
                    ],
                    [
                        137.61039731825693,
                        36.2978907782084,
                        1515
                    ],
                    [
                        137.61076648007466,
                        36.29794751413309,
                        1524
                    ],
                    [
                        137.6110690185301,
                        36.298054877920826,
                        1530
                    ],
                    [
                        137.6111143386143,
                        36.29831746776971,
                        1527
                    ],
                    [
                        137.61107040244946,
                        36.298576738707126,
                        1526
                    ],
                    [
                        137.61139278211422,
                        36.29868763963789,
                        1533
                    ],
                    [
                        137.61151119754138,
                        36.298919815451214,
                        1533
                    ],
                    [
                        137.61179557554357,
                        36.29904541698397,
                        1537
                    ],
                    [
                        137.6119426299395,
                        36.299265978728045,
                        1542
                    ],
                    [
                        137.61216042549407,
                        36.29946954814067,
                        1540
                    ],
                    [
                        137.612202279782,
                        36.299259335433376,
                        1544
                    ],
                    [
                        137.61236847421688,
                        36.29931208273437,
                        1550
                    ],
                    [
                        137.61253212362627,
                        36.29923027840167,
                        1556
                    ],
                    [
                        137.61275831702253,
                        36.29914401682761,
                        1562
                    ],
                    [
                        137.61290709678516,
                        36.298960125911,
                        1565
                    ],
                    [
                        137.6129551334819,
                        36.29877111010089,
                        1572
                    ],
                    [
                        137.6130461589093,
                        36.29862264302877,
                        1576
                    ],
                    [
                        137.61324045531882,
                        36.298511828952954,
                        1580
                    ],
                    [
                        137.61350875371068,
                        36.29842718696968,
                        1583
                    ],
                    [
                        137.61370209356656,
                        36.298314385203916,
                        1588
                    ],
                    [
                        137.61391270574623,
                        36.29822974666676,
                        1593
                    ],
                    [
                        137.61409901957356,
                        36.29819231210897,
                        1598
                    ],
                    [
                        137.61428735262115,
                        36.29811530291224,
                        1602
                    ],
                    [
                        137.61442857947168,
                        36.2982178031456,
                        1609
                    ],
                    [
                        137.61469349330906,
                        36.298168297233616,
                        1613
                    ],
                    [
                        137.61487317686206,
                        36.29807827985476,
                        1621
                    ],
                    [
                        137.61503006784966,
                        36.297951656611495,
                        1627
                    ],
                    [
                        137.6152728622197,
                        36.297934812124375,
                        1630
                    ],
                    [
                        137.61543939316599,
                        36.29778940033719,
                        1631
                    ],
                    [
                        137.61560680833813,
                        36.29762768545825,
                        1639
                    ],
                    [
                        137.61582343329155,
                        36.29755296811302,
                        1638
                    ],
                    [
                        137.6160197921307,
                        36.29750999660626,
                        1648
                    ],
                    [
                        137.61622015132835,
                        36.29744488854965,
                        1650
                    ],
                    [
                        137.61645412373,
                        36.29740266426248,
                        1656
                    ],
                    [
                        137.61665205160855,
                        36.297423039512836,
                        1654
                    ],
                    [
                        137.61678637023292,
                        36.29742031303885,
                        1661
                    ],
                    [
                        137.61705246066424,
                        36.29734356861479,
                        1666
                    ],
                    [
                        137.61724626352,
                        36.297242751585884,
                        1666
                    ],
                    [
                        137.6174246627534,
                        36.29717843404731,
                        1676
                    ],
                    [
                        137.61755964348694,
                        36.297036192105985,
                        1679
                    ],
                    [
                        137.61765856623356,
                        36.296848623882724,
                        1685
                    ],
                    [
                        137.617851673876,
                        36.296742320975035,
                        1691
                    ],
                    [
                        137.61803475385398,
                        36.29659798718352,
                        1692
                    ],
                    [
                        137.61816728553708,
                        36.29644164631826,
                        1694
                    ],
                    [
                        137.61831485025465,
                        36.29626138300498,
                        1698
                    ],
                    [
                        137.61847521043848,
                        36.296147227193565,
                        1703
                    ],
                    [
                        137.61856921171102,
                        36.29599753030856,
                        1707
                    ],
                    [
                        137.61857693469364,
                        36.295765700613615,
                        1713
                    ],
                    [
                        137.6187326509477,
                        36.29565533489908,
                        1713
                    ],
                    [
                        137.61882935187376,
                        36.29547901864538,
                        1722
                    ],
                    [
                        137.61900298635905,
                        36.295377763837756,
                        1726
                    ],
                    [
                        137.61908894338222,
                        36.29521245902573,
                        1729
                    ],
                    [
                        137.6192147270301,
                        36.29507906328534,
                        1735
                    ],
                    [
                        137.61941333691084,
                        36.295024206537896,
                        1740
                    ],
                    [
                        137.61953275590605,
                        36.29486711953504,
                        1748
                    ],
                    [
                        137.61969129950452,
                        36.29473637141343,
                        1753
                    ],
                    [
                        137.61988981277807,
                        36.294711990669875,
                        1756
                    ],
                    [
                        137.62010112862285,
                        36.29465655749553,
                        1756
                    ],
                    [
                        137.62025920284677,
                        36.294528811511974,
                        1763
                    ],
                    [
                        137.6203915142588,
                        36.294385448490864,
                        1770
                    ],
                    [
                        137.62048057244522,
                        36.29421491385838,
                        1775
                    ],
                    [
                        137.62058915813128,
                        36.29405896211847,
                        1781
                    ],
                    [
                        137.62069707975874,
                        36.29395744872852,
                        1788
                    ],
                    [
                        137.62082251855972,
                        36.294089943872585,
                        1790
                    ],
                    [
                        137.6210524640936,
                        36.29406914438316,
                        1795
                    ],
                    [
                        137.62121283437102,
                        36.293993760591114,
                        1801
                    ],
                    [
                        137.62146916925798,
                        36.293960861598705,
                        1790
                    ],
                    [
                        137.62176915676363,
                        36.29384222533584,
                        1801
                    ],
                    [
                        137.62199971074074,
                        36.29379858864439,
                        1798
                    ],
                    [
                        137.62219781219582,
                        36.293734358658796,
                        1804
                    ],
                    [
                        137.62236905616234,
                        36.29364233327136,
                        1810
                    ],
                    [
                        137.62260766645886,
                        36.293583543707996,
                        1813
                    ],
                    [
                        137.62289791905246,
                        36.293560776427874,
                        1813
                    ],
                    [
                        137.6231741391895,
                        36.2934821738957,
                        1815
                    ],
                    [
                        137.62336166327594,
                        36.29342457258532,
                        1826
                    ],
                    [
                        137.623599276456,
                        36.29337572946696,
                        1828
                    ],
                    [
                        137.6237732808187,
                        36.29330661058781,
                        1839
                    ],
                    [
                        137.6239683423056,
                        36.29319199193335,
                        1843
                    ],
                    [
                        137.62408996691158,
                        36.29311649410566,
                        1847
                    ],
                    [
                        137.62427776989088,
                        36.29303282822566,
                        1855
                    ],
                    [
                        137.6245331888784,
                        36.29304316944193,
                        1857
                    ],
                    [
                        137.62464134840107,
                        36.29292248353346,
                        1861
                    ],
                    [
                        137.62480573124262,
                        36.29292430067554,
                        1868
                    ],
                    [
                        137.62504858465724,
                        36.29280499572162,
                        1876
                    ],
                    [
                        137.6253139939531,
                        36.292820507965835,
                        1875
                    ],
                    [
                        137.62544925868306,
                        36.29278478273689,
                        1887
                    ],
                    [
                        137.62568580338174,
                        36.29276892125617,
                        1886
                    ],
                    [
                        137.6258488696039,
                        36.29279758240054,
                        1891
                    ],
                    [
                        137.62602944633343,
                        36.292896728660786,
                        1897
                    ],
                    [
                        137.62625052362964,
                        36.29300831805679,
                        1899
                    ],
                    [
                        137.62637828795502,
                        36.293057956052344,
                        1894
                    ],
                    [
                        137.62634858212007,
                        36.29318607233342,
                        1895
                    ],
                    [
                        137.62646534392294,
                        36.29323584337715,
                        1898
                    ],
                    [
                        137.62663209569138,
                        36.29315367936854,
                        1907
                    ],
                    [
                        137.62680680378946,
                        36.29307778602945,
                        1918
                    ],
                    [
                        137.6270022026495,
                        36.293034074150775,
                        1932
                    ],
                    [
                        137.6272257885824,
                        36.29301765901434,
                        1935
                    ],
                    [
                        137.62733662062044,
                        36.29303863849585,
                        1937
                    ],
                    [
                        137.62754912303885,
                        36.29298432862932,
                        1951
                    ],
                    [
                        137.62774597581046,
                        36.292994358308455,
                        1957
                    ],
                    [
                        137.62786947801004,
                        36.29309798589221,
                        1961
                    ],
                    [
                        137.62802713499423,
                        36.29317154204042,
                        1974
                    ],
                    [
                        137.62821723180758,
                        36.29317965460054,
                        1980
                    ],
                    [
                        137.6283672321699,
                        36.29324070178972,
                        1987
                    ],
                    [
                        137.62851348157537,
                        36.29328388014182,
                        1994
                    ],
                    [
                        137.62864570923594,
                        36.29331943818953,
                        1997
                    ],
                    [
                        137.62878854157714,
                        36.293426543122834,
                        2009
                    ],
                    [
                        137.62892787125045,
                        36.29349362307036,
                        2014
                    ],
                    [
                        137.62898427686926,
                        36.29360036383335,
                        2025
                    ],
                    [
                        137.62903972190443,
                        36.29370643827752,
                        2025
                    ],
                    [
                        137.62922420584601,
                        36.29374935768712,
                        2032
                    ],
                    [
                        137.62934492807827,
                        36.29378982050453,
                        2045
                    ],
                    [
                        137.62948445828155,
                        36.29370503021818,
                        2055
                    ],
                    [
                        137.6295063570849,
                        36.29359844659789,
                        2060
                    ],
                    [
                        137.62959201714355,
                        36.29352805899111,
                        2062
                    ],
                    [
                        137.62971439735355,
                        36.293656929774556,
                        2076
                    ],
                    [
                        137.62982307858417,
                        36.29349538313205,
                        2075
                    ],
                    [
                        137.6299744645916,
                        36.29354417267975,
                        2094
                    ],
                    [
                        137.63000997005793,
                        36.29363589156628,
                        2107
                    ],
                    [
                        137.63014317324829,
                        36.29361400419787,
                        2119
                    ],
                    [
                        137.63031624573378,
                        36.293591516811986,
                        2129
                    ],
                    [
                        137.6304847165449,
                        36.29364735786612,
                        2145
                    ],
                    [
                        137.63066134294905,
                        36.293585642309374,
                        2151
                    ],
                    [
                        137.63079537955886,
                        36.29354818440497,
                        2159
                    ],
                    [
                        137.63093176311233,
                        36.293577369666735,
                        2171
                    ],
                    [
                        137.63105360375258,
                        36.29357990906743,
                        2177
                    ],
                    [
                        137.63124142452898,
                        36.293589107577716,
                        2180
                    ],
                    [
                        137.63140378063005,
                        36.29357032741229,
                        2185
                    ],
                    [
                        137.63160516390937,
                        36.293572899081454,
                        2193
                    ],
                    [
                        137.6318809738209,
                        36.293633954051884,
                        2194
                    ],
                    [
                        137.63212630957636,
                        36.29370125461415,
                        2197
                    ],
                    [
                        137.63235114637038,
                        36.29367402900999,
                        2198
                    ],
                    [
                        137.63263770492605,
                        36.293681498266935,
                        2202
                    ],
                    [
                        137.63283988083606,
                        36.2936363837644,
                        2208
                    ],
                    [
                        137.63295528369602,
                        36.2936508250556,
                        2214
                    ],
                    [
                        137.63312267829997,
                        36.29356187174217,
                        2216
                    ],
                    [
                        137.63331832744254,
                        36.29348580399917,
                        2222
                    ],
                    [
                        137.63343148113157,
                        36.29335381618442,
                        2225
                    ],
                    [
                        137.63355974113452,
                        36.293282492176814,
                        2230
                    ],
                    [
                        137.6337039180917,
                        36.29318363527573,
                        2240
                    ],
                    [
                        137.63385361645058,
                        36.29314224265374,
                        2246
                    ],
                    [
                        137.63400206893382,
                        36.2931274350295,
                        2254
                    ],
                    [
                        137.63416894160315,
                        36.293124524329635,
                        2259
                    ],
                    [
                        137.6342977540797,
                        36.293113452934406,
                        2264
                    ],
                    [
                        137.63447235420202,
                        36.29310342292581,
                        2272
                    ],
                    [
                        137.63459236572535,
                        36.29308901850733,
                        2278
                    ],
                    [
                        137.634783793531,
                        36.2931119840382,
                        2285
                    ],
                    [
                        137.63498135618536,
                        36.29307718702082,
                        2295
                    ],
                    [
                        137.63512165065686,
                        36.29303177534522,
                        2303
                    ],
                    [
                        137.63530145171006,
                        36.2930014577358,
                        2309
                    ],
                    [
                        137.63541814154956,
                        36.29292812237988,
                        2316
                    ],
                    [
                        137.63557307664794,
                        36.29287880148724,
                        2327
                    ],
                    [
                        137.63571807854208,
                        36.292814445576795,
                        2333
                    ],
                    [
                        137.63586643900658,
                        36.29277276915849,
                        2339
                    ],
                    [
                        137.6359776829674,
                        36.29276058584775,
                        2340
                    ],
                    [
                        137.6361474635073,
                        36.29275452913681,
                        2351
                    ],
                    [
                        137.6362327698237,
                        36.29286547573983,
                        2357
                    ],
                    [
                        137.63635033314762,
                        36.292969042463476,
                        2358
                    ],
                    [
                        137.63653201637715,
                        36.2929848512049,
                        2373
                    ],
                    [
                        137.63666454728278,
                        36.29291712709003,
                        2377
                    ],
                    [
                        137.6368084656578,
                        36.29289565394486,
                        2382
                    ],
                    [
                        137.63697623129414,
                        36.292867330053326,
                        2386
                    ],
                    [
                        137.63715699540245,
                        36.2928947452035,
                        2394
                    ],
                    [
                        137.63729060734266,
                        36.29292889355123,
                        2406
                    ],
                    [
                        137.63747230081532,
                        36.29290631422468,
                        2413
                    ],
                    [
                        137.63764678106295,
                        36.29292952359261,
                        2418
                    ],
                    [
                        137.63780564111715,
                        36.29291707391363,
                        2430
                    ],
                    [
                        137.6379681739415,
                        36.29291108329923,
                        2440
                    ],
                    [
                        137.6381236106683,
                        36.292909548873254,
                        2451
                    ],
                    [
                        137.63827203257264,
                        36.29292453688272,
                        2455
                    ],
                    [
                        137.63841963228856,
                        36.292934189281624,
                        2457
                    ],
                    [
                        137.6385926404698,
                        36.292925353609846,
                        2467
                    ],
                    [
                        137.63874133960647,
                        36.29296078440504,
                        2480
                    ],
                    [
                        137.63890888445547,
                        36.292957963835654,
                        2487
                    ],
                    [
                        137.63905563282952,
                        36.29295182653466,
                        2500
                    ],
                    [
                        137.63923145843248,
                        36.29292278663709,
                        2501
                    ],
                    [
                        137.63936360760698,
                        36.292863528544224,
                        2513
                    ],
                    [
                        137.6395254489203,
                        36.292830757861594,
                        2513
                    ],
                    [
                        137.63969141416516,
                        36.292796851460736,
                        2520
                    ],
                    [
                        137.6398639282627,
                        36.29273101207703,
                        2528
                    ],
                    [
                        137.6400087866986,
                        36.29272657373153,
                        2540
                    ],
                    [
                        137.64012045609854,
                        36.29280494502234,
                        2544
                    ],
                    [
                        137.64030327312219,
                        36.29281094592985,
                        2557
                    ],
                    [
                        137.64045609758892,
                        36.292741436039464,
                        2566
                    ],
                    [
                        137.64056372408942,
                        36.292779520444185,
                        2580
                    ],
                    [
                        137.64070630858706,
                        36.292854526267064,
                        2585
                    ],
                    [
                        137.6408692017065,
                        36.292810696638284,
                        2590
                    ],
                    [
                        137.64093976561048,
                        36.29290471127602,
                        2599
                    ],
                    [
                        137.64109261035708,
                        36.29285446901661,
                        2603
                    ],
                    [
                        137.64126263463467,
                        36.2928501502496,
                        2617
                    ],
                    [
                        137.64136138843566,
                        36.29294819511022,
                        2625
                    ],
                    [
                        137.64152629043548,
                        36.29298486582282,
                        2634
                    ],
                    [
                        137.6415910345418,
                        36.29308813244089,
                        2639
                    ],
                    [
                        137.64171926734085,
                        36.292997549468474,
                        2641
                    ],
                    [
                        137.6418671408833,
                        36.29304461315238,
                        2646
                    ],
                    [
                        137.64194110124518,
                        36.293130549733974,
                        2654
                    ],
                    [
                        137.6420344955533,
                        36.29319596542373,
                        2662
                    ],
                    [
                        137.64216523704255,
                        36.293218626278716,
                        2675
                    ],
                    [
                        137.6423222644702,
                        36.29318163915533,
                        2684
                    ],
                    [
                        137.6424914291418,
                        36.29311194826597,
                        2688
                    ],
                    [
                        137.6426502250088,
                        36.29306817923187,
                        2699
                    ],
                    [
                        137.64279070626534,
                        36.293117670244726,
                        2702
                    ],
                    [
                        137.64284431055077,
                        36.29323182422153,
                        2714
                    ],
                    [
                        137.64300191021837,
                        36.29326123367145,
                        2722
                    ],
                    [
                        137.6431502758574,
                        36.29326945680322,
                        2732
                    ],
                    [
                        137.6432971633328,
                        36.29331368181707,
                        2739
                    ],
                    [
                        137.64341611214968,
                        36.2932724575517,
                        2747
                    ],
                    [
                        137.6435735538528,
                        36.29327358892948,
                        2753
                    ],
                    [
                        137.64373309786333,
                        36.293238860470396,
                        2764
                    ],
                    [
                        137.64387713263653,
                        36.2932543908444,
                        2773
                    ],
                    [
                        137.64400204954703,
                        36.29335805311842,
                        2782
                    ],
                    [
                        137.64416558938115,
                        36.29336959384278,
                        2790
                    ],
                    [
                        137.64431190736784,
                        36.29333697314128,
                        2796
                    ],
                    [
                        137.6444540333602,
                        36.293299893288804,
                        2808
                    ],
                    [
                        137.64461481568122,
                        36.293344597761816,
                        2813
                    ],
                    [
                        137.64472042126596,
                        36.29343745138717,
                        2823
                    ],
                    [
                        137.64486204273078,
                        36.293414687997874,
                        2832
                    ],
                    [
                        137.6449755428658,
                        36.29344450466747,
                        2837
                    ],
                    [
                        137.6451266345611,
                        36.29338884036339,
                        2851
                    ],
                    [
                        137.64527005706216,
                        36.29344341317768,
                        2853
                    ],
                    [
                        137.64543096277126,
                        36.29349221605243,
                        2860
                    ],
                    [
                        137.64556989328156,
                        36.293579495156834,
                        2870
                    ],
                    [
                        137.6456950576523,
                        36.29352458261306,
                        2879
                    ],
                    [
                        137.64585319285035,
                        36.29353643457438,
                        2886
                    ],
                    [
                        137.64594139652644,
                        36.29343132061364,
                        2894
                    ],
                    [
                        137.64600409215194,
                        36.29333795654141,
                        2899
                    ],
                    [
                        137.64615321464956,
                        36.29341615651619,
                        2904
                    ],
                    [
                        137.64625188382254,
                        36.29349845463429,
                        2911
                    ],
                    [
                        137.64640223174783,
                        36.293453569388774,
                        2920
                    ],
                    [
                        137.64660754005143,
                        36.29353105675778,
                        2930
                    ],
                    [
                        137.6467701819313,
                        36.293563843095576,
                        2940
                    ],
                    [
                        137.64682982195396,
                        36.293671082231086,
                        2945
                    ],
                    [
                        137.64691962363835,
                        36.2937565927008,
                        2957
                    ],
                    [
                        137.64707782796538,
                        36.29379122232434,
                        2965
                    ],
                    [
                        137.64720358061558,
                        36.293885398611046,
                        2974
                    ],
                    [
                        137.64734321127662,
                        36.29395032141727,
                        2986
                    ],
                    [
                        137.64758811090198,
                        36.29385059425212,
                        2985
                    ],
                    [
                        137.64770128417211,
                        36.29362272092828,
                        2979
                    ],
                    [
                        137.64776500322108,
                        36.293845275399356,
                        2979
                    ],
                    [
                        137.64772134824292,
                        36.29398681866298,
                        2986
                    ],
                    [
                        137.6478589870467,
                        36.29397408436739,
                        2979
                    ],
                    [
                        137.6478178524301,
                        36.29332680036859,
                        2989
                    ],
                    [
                        137.64772886979708,
                        36.29322512025759,
                        2998
                    ],
                    [
                        137.64775251905345,
                        36.293123648513046,
                        3011
                    ],
                    [
                        137.64764986532862,
                        36.29298825992801,
                        3021
                    ],
                    [
                        137.64760882659846,
                        36.29288691913818,
                        3027
                    ],
                    [
                        137.64765508722587,
                        36.292739024567965,
                        3043
                    ],
                    [
                        137.64777544188632,
                        36.292664672142884,
                        3051
                    ],
                    [
                        137.64776155122246,
                        36.29252230717467,
                        3061
                    ],
                    [
                        137.64779334269622,
                        36.292419646430105,
                        3066
                    ],
                    [
                        137.64785363767342,
                        36.29229675036439,
                        3073
                    ],
                    [
                        137.64796220635282,
                        36.29219662582754,
                        3083
                    ],
                    [
                        137.6479655914908,
                        36.29206178213177,
                        3090
                    ],
                    [
                        137.6479193454025,
                        36.2918923016214,
                        3098
                    ],
                    [
                        137.64790357531697,
                        36.291653208293454,
                        3103
                    ],
                    [
                        137.64784225052927,
                        36.29147013248215,
                        3112
                    ],
                    [
                        137.64782457407944,
                        36.291259058532916,
                        3115
                    ],
                    [
                        137.6478238625145,
                        36.29108438293315,
                        3118
                    ],
                    [
                        137.6479120274747,
                        36.29090486512019,
                        3126
                    ],
                    [
                        137.64791246542066,
                        36.29072643035963,
                        3133
                    ],
                    [
                        137.64787226830737,
                        36.290548965949775,
                        3138
                    ],
                    [
                        137.64784377870288,
                        36.290376513543535,
                        3144
                    ],
                    [
                        137.6477202227102,
                        36.29020159856657,
                        3152
                    ],
                    [
                        137.647529525136,
                        36.29005111696919,
                        3150
                    ],
                    [
                        137.64734920780631,
                        36.28995383473984,
                        3159
                    ],
                    [
                        137.6474205699556,
                        36.289788143221685,
                        3162
                    ],
                    [
                        137.64746826001598,
                        36.28966196697836,
                        3169
                    ],
                    [
                        137.64761853589005,
                        36.28946349151467,
                        3172
                    ],
                    [
                        137.64775969723613,
                        36.28933421658016,
                        3179
                    ],
                    [
                        137.6478887927458,
                        36.28934002177485,
                        3187
                    ],
                    [
                        137.64782291716173,
                        36.2892540112041,
                        3183
                    ],
                    [
                        137.64769756004327,
                        36.289381139363925,
                        3174
                    ],
                    [
                        137.64754605297153,
                        36.28958459368679,
                        3169
                    ],
                    [
                        137.64741733749423,
                        36.289735353810826,
                        3164
                    ],
                    [
                        137.64740268337712,
                        36.28993099265381,
                        3160
                    ],
                    [
                        137.64752932437744,
                        36.29002456172289,
                        3151
                    ],
                    [
                        137.64770425909686,
                        36.290183978739044,
                        3151
                    ],
                    [
                        137.64783787928897,
                        36.29032056521842,
                        3147
                    ],
                    [
                        137.6478931950258,
                        36.29047840258789,
                        3141
                    ],
                    [
                        137.64791550277627,
                        36.290642051653904,
                        3134
                    ],
                    [
                        137.6478697327907,
                        36.290854606754884,
                        3127
                    ],
                    [
                        137.64783751594982,
                        36.291020682717175,
                        3120
                    ],
                    [
                        137.64783067980372,
                        36.29125757677406,
                        3113
                    ],
                    [
                        137.64780874059105,
                        36.291390934060416,
                        3112
                    ],
                    [
                        137.64790699339235,
                        36.29158487999914,
                        3105
                    ],
                    [
                        137.64793616889102,
                        36.291885664107745,
                        3098
                    ],
                    [
                        137.64799501448672,
                        36.29203249810113,
                        3092
                    ],
                    [
                        137.64793042441713,
                        36.292196927707,
                        3081
                    ],
                    [
                        137.64780179187315,
                        36.292318778271216,
                        3072
                    ],
                    [
                        137.64780377998613,
                        36.292468158060316,
                        3065
                    ],
                    [
                        137.64773443312743,
                        36.29258837101235,
                        3056
                    ],
                    [
                        137.64769181952718,
                        36.29269550353925,
                        3047
                    ],
                    [
                        137.64757557751744,
                        36.292805829835906,
                        3036
                    ],
                    [
                        137.6476018605573,
                        36.29292314671611,
                        3019
                    ],
                    [
                        137.64767670036025,
                        36.29300882952489,
                        3016
                    ],
                    [
                        137.6477458391573,
                        36.29312554796334,
                        3011
                    ],
                    [
                        137.647738663013,
                        36.29321633165112,
                        2999
                    ],
                    [
                        137.64782751402484,
                        36.293328545385165,
                        2988
                    ],
                    [
                        137.6476538916645,
                        36.29359048278286,
                        2978
                    ],
                    [
                        137.64748187563976,
                        36.29349904591149,
                        2972
                    ],
                    [
                        137.6477925298797,
                        36.29376942376065,
                        2981
                    ],
                    [
                        137.64785693091207,
                        36.2939330656321,
                        2978
                    ]
                ]
            }
        },
        {
            "type": "Feature",
            "properties": {
                "name": "20240803",
                "time": "2024-08-02T20:48:11Z",
                "coordTimes": [
                    "2024-08-02T20:48:11Z",
                    "2024-08-02T20:51:16Z",
                    "2024-08-02T20:51:58Z",
                    "2024-08-02T20:52:32Z",
                    "2024-08-02T20:53:52Z",
                    "2024-08-02T20:54:35Z",
                    "2024-08-02T20:55:38Z",
                    "2024-08-02T20:56:26Z",
                    "2024-08-02T20:57:14Z",
                    "2024-08-02T20:58:03Z",
                    "2024-08-02T20:59:02Z",
                    "2024-08-02T20:59:35Z",
                    "2024-08-02T21:00:24Z",
                    "2024-08-02T21:01:06Z",
                    "2024-08-02T21:01:55Z",
                    "2024-08-02T21:02:38Z",
                    "2024-08-02T21:03:32Z",
                    "2024-08-02T21:04:50Z",
                    "2024-08-02T21:09:22Z",
                    "2024-08-02T21:10:28Z",
                    "2024-08-02T21:11:07Z",
                    "2024-08-02T21:11:58Z",
                    "2024-08-02T21:12:42Z",
                    "2024-08-02T21:13:23Z",
                    "2024-08-02T21:17:59Z",
                    "2024-08-02T21:20:22Z",
                    "2024-08-02T21:22:21Z",
                    "2024-08-02T21:24:41Z",
                    "2024-08-02T21:25:39Z",
                    "2024-08-02T21:27:21Z",
                    "2024-08-02T21:28:10Z",
                    "2024-08-02T21:29:03Z",
                    "2024-08-02T21:30:00Z",
                    "2024-08-02T21:31:59Z",
                    "2024-08-02T21:33:40Z",
                    "2024-08-02T21:36:31Z",
                    "2024-08-02T21:39:51Z",
                    "2024-08-02T21:42:35Z",
                    "2024-08-02T21:45:02Z",
                    "2024-08-02T21:46:40Z",
                    "2024-08-02T21:47:49Z",
                    "2024-08-02T21:48:44Z",
                    "2024-08-02T21:50:02Z",
                    "2024-08-02T21:52:42Z",
                    "2024-08-02T21:53:46Z",
                    "2024-08-02T21:54:51Z",
                    "2024-08-02T21:56:37Z",
                    "2024-08-02T21:57:45Z",
                    "2024-08-02T21:58:58Z",
                    "2024-08-02T22:00:23Z",
                    "2024-08-02T22:01:20Z",
                    "2024-08-02T22:02:02Z",
                    "2024-08-02T22:02:55Z",
                    "2024-08-02T22:03:44Z",
                    "2024-08-02T22:04:50Z",
                    "2024-08-02T22:05:38Z",
                    "2024-08-02T22:07:04Z",
                    "2024-08-02T22:09:15Z",
                    "2024-08-02T22:10:04Z",
                    "2024-08-02T22:11:18Z",
                    "2024-08-02T22:12:02Z",
                    "2024-08-02T22:13:37Z",
                    "2024-08-02T22:15:10Z",
                    "2024-08-02T22:17:39Z",
                    "2024-08-02T22:18:47Z",
                    "2024-08-02T22:19:51Z",
                    "2024-08-02T22:21:07Z",
                    "2024-08-02T22:22:43Z",
                    "2024-08-02T22:23:51Z",
                    "2024-08-02T22:24:56Z",
                    "2024-08-02T22:25:50Z",
                    "2024-08-02T22:27:31Z",
                    "2024-08-02T22:29:29Z",
                    "2024-08-02T22:30:12Z",
                    "2024-08-02T22:31:10Z",
                    "2024-08-02T22:33:33Z",
                    "2024-08-02T22:34:19Z",
                    "2024-08-02T22:35:36Z",
                    "2024-08-02T22:36:32Z",
                    "2024-08-02T22:37:45Z",
                    "2024-08-02T22:40:01Z",
                    "2024-08-02T22:40:45Z",
                    "2024-08-02T22:42:45Z",
                    "2024-08-02T22:44:21Z",
                    "2024-08-02T22:45:10Z",
                    "2024-08-02T22:46:00Z",
                    "2024-08-02T22:48:47Z",
                    "2024-08-02T22:50:43Z",
                    "2024-08-02T22:51:47Z",
                    "2024-08-02T22:52:39Z",
                    "2024-08-02T22:53:14Z",
                    "2024-08-02T22:54:04Z",
                    "2024-08-02T22:54:48Z",
                    "2024-08-02T22:55:37Z",
                    "2024-08-02T22:56:40Z",
                    "2024-08-02T22:57:38Z",
                    "2024-08-02T22:58:23Z",
                    "2024-08-02T22:59:41Z",
                    "2024-08-02T23:00:17Z",
                    "2024-08-02T23:35:25Z",
                    "2024-08-02T23:36:06Z",
                    "2024-08-02T23:37:05Z",
                    "2024-08-02T23:38:18Z",
                    "2024-08-02T23:38:57Z",
                    "2024-08-02T23:40:45Z",
                    "2024-08-02T23:45:24Z",
                    "2024-08-02T23:46:56Z",
                    "2024-08-02T23:48:13Z",
                    "2024-08-02T23:52:26Z",
                    "2024-08-02T23:54:23Z",
                    "2024-08-02T23:55:48Z",
                    "2024-08-02T23:57:46Z",
                    "2024-08-03T00:00:13Z",
                    "2024-08-03T00:01:16Z",
                    "2024-08-03T00:02:42Z",
                    "2024-08-03T00:03:23Z",
                    "2024-08-03T00:04:00Z",
                    "2024-08-03T00:04:54Z",
                    "2024-08-03T00:05:39Z",
                    "2024-08-03T00:06:25Z",
                    "2024-08-03T00:07:36Z",
                    "2024-08-03T00:08:31Z",
                    "2024-08-03T00:09:58Z",
                    "2024-08-03T00:12:16Z",
                    "2024-08-03T00:13:41Z",
                    "2024-08-03T00:15:03Z",
                    "2024-08-03T00:15:58Z",
                    "2024-08-03T00:17:27Z",
                    "2024-08-03T00:20:34Z",
                    "2024-08-03T00:22:30Z",
                    "2024-08-03T00:23:39Z",
                    "2024-08-03T00:24:41Z",
                    "2024-08-03T00:27:32Z",
                    "2024-08-03T00:31:31Z",
                    "2024-08-03T00:32:32Z",
                    "2024-08-03T00:34:53Z",
                    "2024-08-03T00:39:23Z",
                    "2024-08-03T00:41:36Z",
                    "2024-08-03T00:45:24Z",
                    "2024-08-03T00:48:00Z",
                    "2024-08-03T00:49:21Z",
                    "2024-08-03T00:50:25Z",
                    "2024-08-03T00:52:24Z",
                    "2024-08-03T00:54:06Z",
                    "2024-08-03T00:55:24Z",
                    "2024-08-03T01:05:01Z",
                    "2024-08-03T01:07:10Z",
                    "2024-08-03T01:08:06Z",
                    "2024-08-03T01:08:49Z",
                    "2024-08-03T01:10:14Z",
                    "2024-08-03T01:11:13Z",
                    "2024-08-03T01:12:35Z",
                    "2024-08-03T01:14:28Z",
                    "2024-08-03T01:17:18Z",
                    "2024-08-03T01:19:20Z",
                    "2024-08-03T01:20:51Z",
                    "2024-08-03T01:33:13Z",
                    "2024-08-03T01:34:42Z",
                    "2024-08-03T01:36:46Z",
                    "2024-08-03T01:37:51Z",
                    "2024-08-03T01:39:01Z",
                    "2024-08-03T01:39:47Z",
                    "2024-08-03T01:40:29Z",
                    "2024-08-03T01:41:16Z",
                    "2024-08-03T01:41:55Z",
                    "2024-08-03T01:42:39Z",
                    "2024-08-03T01:43:14Z",
                    "2024-08-03T01:43:50Z",
                    "2024-08-03T01:44:46Z",
                    "2024-08-03T01:45:52Z",
                    "2024-08-03T01:46:33Z",
                    "2024-08-03T01:47:08Z",
                    "2024-08-03T01:48:41Z",
                    "2024-08-03T01:49:19Z",
                    "2024-08-03T01:50:13Z",
                    "2024-08-03T01:51:02Z",
                    "2024-08-03T01:52:02Z",
                    "2024-08-03T01:53:14Z",
                    "2024-08-03T01:53:57Z",
                    "2024-08-03T01:54:46Z",
                    "2024-08-03T02:06:25Z",
                    "2024-08-03T02:07:05Z",
                    "2024-08-03T02:07:54Z",
                    "2024-08-03T02:09:29Z",
                    "2024-08-03T02:10:08Z",
                    "2024-08-03T02:11:07Z",
                    "2024-08-03T02:12:04Z",
                    "2024-08-03T02:13:01Z",
                    "2024-08-03T02:13:57Z",
                    "2024-08-03T02:14:49Z",
                    "2024-08-03T02:16:06Z",
                    "2024-08-03T02:16:55Z",
                    "2024-08-03T02:17:44Z",
                    "2024-08-03T02:18:51Z",
                    "2024-08-03T02:19:30Z",
                    "2024-08-03T02:20:30Z",
                    "2024-08-03T02:21:36Z",
                    "2024-08-03T02:22:37Z",
                    "2024-08-03T02:23:16Z",
                    "2024-08-03T02:24:25Z",
                    "2024-08-03T02:26:04Z",
                    "2024-08-03T02:29:21Z",
                    "2024-08-03T02:31:20Z",
                    "2024-08-03T02:32:45Z",
                    "2024-08-03T02:34:26Z",
                    "2024-08-03T02:36:25Z",
                    "2024-08-03T02:38:20Z",
                    "2024-08-03T02:38:58Z",
                    "2024-08-03T02:40:32Z",
                    "2024-08-03T02:48:53Z",
                    "2024-08-03T02:50:17Z",
                    "2024-08-03T02:51:00Z",
                    "2024-08-03T02:52:09Z",
                    "2024-08-03T02:53:33Z",
                    "2024-08-03T02:54:16Z",
                    "2024-08-03T02:55:05Z",
                    "2024-08-03T02:56:03Z",
                    "2024-08-03T02:56:53Z",
                    "2024-08-03T02:59:00Z",
                    "2024-08-03T02:59:57Z",
                    "2024-08-03T03:02:07Z",
                    "2024-08-03T03:02:46Z",
                    "2024-08-03T03:03:16Z",
                    "2024-08-03T03:03:45Z",
                    "2024-08-03T03:04:15Z",
                    "2024-08-03T03:04:57Z",
                    "2024-08-03T03:04:59Z"
                ]
            },
            "geometry": {
                "type": "LineString",
                "coordinates": [
                    [
                        137.64782412111705,
                        36.29393162500111,
                        2982
                    ],
                    [
                        137.64772426221288,
                        36.29387587205225,
                        2984
                    ],
                    [
                        137.6477255202125,
                        36.29405582846472,
                        2995
                    ],
                    [
                        137.64761145919857,
                        36.29417399495059,
                        3001
                    ],
                    [
                        137.64758617547346,
                        36.294317548444134,
                        3011
                    ],
                    [
                        137.64744092089734,
                        36.294423896716005,
                        3015
                    ],
                    [
                        137.6475576536623,
                        36.294497936323815,
                        3027
                    ],
                    [
                        137.64763369871926,
                        36.29460647748576,
                        3033
                    ],
                    [
                        137.64760180445634,
                        36.29471602358232,
                        3042
                    ],
                    [
                        137.64750263788358,
                        36.294851930251355,
                        3048
                    ],
                    [
                        137.6474898177898,
                        36.29498297883356,
                        3052
                    ],
                    [
                        137.6473652041461,
                        36.295127345290815,
                        3056
                    ],
                    [
                        137.64733575480747,
                        36.29527112129631,
                        3064
                    ],
                    [
                        137.6471919690443,
                        36.29541912046104,
                        3067
                    ],
                    [
                        137.64708399835087,
                        36.29555422084693,
                        3076
                    ],
                    [
                        137.64697987820279,
                        36.2956733393837,
                        3081
                    ],
                    [
                        137.64687374929179,
                        36.29578631644522,
                        3088
                    ],
                    [
                        137.6468907277006,
                        36.29590812806182,
                        3097
                    ],
                    [
                        137.64687217762742,
                        36.29601581664248,
                        3102
                    ],
                    [
                        137.64669466224848,
                        36.2960985721011,
                        3095
                    ],
                    [
                        137.6466131457459,
                        36.29623605111518,
                        3099
                    ],
                    [
                        137.64664658103763,
                        36.296399226452834,
                        3097
                    ],
                    [
                        137.64665130944474,
                        36.29658361652169,
                        3096
                    ],
                    [
                        137.64665960646985,
                        36.29670334732691,
                        3094
                    ],
                    [
                        137.64669988583168,
                        36.29683162229087,
                        3077
                    ],
                    [
                        137.64685287012466,
                        36.29687422599476,
                        3070
                    ],
                    [
                        137.64701052050722,
                        36.296843657648445,
                        3058
                    ],
                    [
                        137.64709185069248,
                        36.29692889359705,
                        3046
                    ],
                    [
                        137.64709754714877,
                        36.29706309516858,
                        3039
                    ],
                    [
                        137.64723708019324,
                        36.29718020523952,
                        3031
                    ],
                    [
                        137.6473985812855,
                        36.29728098009856,
                        3037
                    ],
                    [
                        137.64747287884694,
                        36.29737829098714,
                        3032
                    ],
                    [
                        137.64759897179368,
                        36.29749468498708,
                        3025
                    ],
                    [
                        137.6474961766713,
                        36.297529779719746,
                        3028
                    ],
                    [
                        137.6475035522466,
                        36.29764011411453,
                        3024
                    ],
                    [
                        137.6474996744327,
                        36.297748830901824,
                        3012
                    ],
                    [
                        137.64748275144024,
                        36.29786416851717,
                        3004
                    ],
                    [
                        137.6474193453045,
                        36.29795944953532,
                        2991
                    ],
                    [
                        137.64755700346205,
                        36.29804609496312,
                        2982
                    ],
                    [
                        137.64771707754244,
                        36.29807495094262,
                        2973
                    ],
                    [
                        137.6477391861989,
                        36.298218037439746,
                        2970
                    ],
                    [
                        137.6478223087421,
                        36.29832691992305,
                        2976
                    ],
                    [
                        137.64783001694846,
                        36.298473498970644,
                        2979
                    ],
                    [
                        137.6479268497858,
                        36.29858620331231,
                        2977
                    ],
                    [
                        137.64794959217835,
                        36.298680200854676,
                        2974
                    ],
                    [
                        137.64799105176564,
                        36.29882497214886,
                        2968
                    ],
                    [
                        137.64799040024616,
                        36.29892638781857,
                        2956
                    ],
                    [
                        137.64806656640155,
                        36.299108960176824,
                        2950
                    ],
                    [
                        137.64809034990066,
                        36.29923532444434,
                        2957
                    ],
                    [
                        137.64814464897697,
                        36.29936998370329,
                        2966
                    ],
                    [
                        137.64833639745038,
                        36.29944382789091,
                        2973
                    ],
                    [
                        137.64840053134222,
                        36.29962505151482,
                        2977
                    ],
                    [
                        137.64841240023839,
                        36.299805881444335,
                        2972
                    ],
                    [
                        137.64848024500972,
                        36.29991414567877,
                        2979
                    ],
                    [
                        137.6485345702318,
                        36.30001976665183,
                        2985
                    ],
                    [
                        137.64861619376373,
                        36.300121080750074,
                        2992
                    ],
                    [
                        137.64859796544465,
                        36.300216996836774,
                        2998
                    ],
                    [
                        137.64865177748348,
                        36.30031547588809,
                        3004
                    ],
                    [
                        137.64877485227382,
                        36.30041492863851,
                        3004
                    ],
                    [
                        137.64888906089007,
                        36.30051718446211,
                        3005
                    ],
                    [
                        137.64900307813846,
                        36.300623248888236,
                        3006
                    ],
                    [
                        137.6490514685557,
                        36.30071683701146,
                        3007
                    ],
                    [
                        137.6491036774407,
                        36.300818543519405,
                        3009
                    ],
                    [
                        137.6492619597982,
                        36.30085691501708,
                        3017
                    ],
                    [
                        137.64938995050332,
                        36.3009105241485,
                        3019
                    ],
                    [
                        137.6495627957954,
                        36.30096393953283,
                        3025
                    ],
                    [
                        137.6496434863577,
                        36.30103618475875,
                        3032
                    ],
                    [
                        137.64976029313584,
                        36.30113064933463,
                        3036
                    ],
                    [
                        137.64986518593403,
                        36.30127779224207,
                        3044
                    ],
                    [
                        137.6499912323064,
                        36.30137501245447,
                        3049
                    ],
                    [
                        137.65004333079904,
                        36.301480575382314,
                        3044
                    ],
                    [
                        137.6501584748183,
                        36.30156660757116,
                        3053
                    ],
                    [
                        137.6503175165747,
                        36.30160804493662,
                        3061
                    ],
                    [
                        137.65048744017503,
                        36.301666136494006,
                        3067
                    ],
                    [
                        137.65060951781038,
                        36.3017837204043,
                        3068
                    ],
                    [
                        137.65068939046404,
                        36.30190534644608,
                        3057
                    ],
                    [
                        137.65083453991892,
                        36.30193819101343,
                        3060
                    ],
                    [
                        137.65102710593555,
                        36.30195384133072,
                        3061
                    ],
                    [
                        137.65117053375621,
                        36.302004215137636,
                        3070
                    ],
                    [
                        137.65132364288627,
                        36.30207609555875,
                        3073
                    ],
                    [
                        137.65144982325836,
                        36.30213691160761,
                        3079
                    ],
                    [
                        137.65161931081795,
                        36.302185930324136,
                        3079
                    ],
                    [
                        137.65171917951017,
                        36.302282852532336,
                        3095
                    ],
                    [
                        137.65185286350558,
                        36.30236216027399,
                        3100
                    ],
                    [
                        137.65192764487378,
                        36.30244419329139,
                        3099
                    ],
                    [
                        137.65198776370184,
                        36.30259137292087,
                        3103
                    ],
                    [
                        137.6519153632434,
                        36.302457707429284,
                        3100
                    ],
                    [
                        137.65198746292845,
                        36.3023689838604,
                        3088
                    ],
                    [
                        137.65216457004985,
                        36.302407362993925,
                        3079
                    ],
                    [
                        137.6523197644025,
                        36.30250472010035,
                        3073
                    ],
                    [
                        137.65236233285455,
                        36.30269080568563,
                        3071
                    ],
                    [
                        137.65231908123903,
                        36.302836095576666,
                        3068
                    ],
                    [
                        137.6524453426817,
                        36.30301418465944,
                        3065
                    ],
                    [
                        137.6524825518106,
                        36.30317073858665,
                        3071
                    ],
                    [
                        137.6523585949534,
                        36.30323854927546,
                        3078
                    ],
                    [
                        137.65246117890092,
                        36.30333076939749,
                        3084
                    ],
                    [
                        137.65258902493701,
                        36.303389635631234,
                        3091
                    ],
                    [
                        137.65265163537475,
                        36.30352766319726,
                        3101
                    ],
                    [
                        137.6525514830129,
                        36.30357213106108,
                        3102
                    ],
                    [
                        137.65273371513808,
                        36.30358620595142,
                        3097
                    ],
                    [
                        137.65284987735367,
                        36.30371493595087,
                        3093
                    ],
                    [
                        137.65265997508237,
                        36.3036610202016,
                        3072
                    ],
                    [
                        137.65283606143086,
                        36.30376932097285,
                        3090
                    ],
                    [
                        137.65270781982102,
                        36.3038936617958,
                        3093
                    ],
                    [
                        137.65275560337278,
                        36.30398143021086,
                        3082
                    ],
                    [
                        137.6528531021103,
                        36.3040399965515,
                        3072
                    ],
                    [
                        137.65286629471433,
                        36.304145612398464,
                        3062
                    ],
                    [
                        137.65287491152696,
                        36.30427047269377,
                        3053
                    ],
                    [
                        137.65301106911073,
                        36.304320924222026,
                        3039
                    ],
                    [
                        137.65308596275986,
                        36.30443247809749,
                        3026
                    ],
                    [
                        137.6531352011604,
                        36.30451891471313,
                        3021
                    ],
                    [
                        137.65325866530537,
                        36.30454708613058,
                        3006
                    ],
                    [
                        137.65332618863158,
                        36.30462522965209,
                        2999
                    ],
                    [
                        137.6533151815358,
                        36.30474128992836,
                        2990
                    ],
                    [
                        137.6531735956079,
                        36.30491324618321,
                        2985
                    ],
                    [
                        137.65301430245006,
                        36.30497342155192,
                        2987
                    ],
                    [
                        137.65289974261282,
                        36.3050913499357,
                        2986
                    ],
                    [
                        137.65270960152458,
                        36.305128618591056,
                        2988
                    ],
                    [
                        137.65256956547856,
                        36.305160130130275,
                        2987
                    ],
                    [
                        137.65242302107882,
                        36.30526693724226,
                        2985
                    ],
                    [
                        137.65231039581587,
                        36.305292284017526,
                        2980
                    ],
                    [
                        137.6522714694439,
                        36.30548972036637,
                        2976
                    ],
                    [
                        137.65220358309503,
                        36.305580015464194,
                        2966
                    ],
                    [
                        137.65211596139739,
                        36.30567485939295,
                        2959
                    ],
                    [
                        137.65204273388588,
                        36.30581981320445,
                        2952
                    ],
                    [
                        137.65193994421392,
                        36.305893420899636,
                        2947
                    ],
                    [
                        137.6518176515389,
                        36.30595838893764,
                        2945
                    ],
                    [
                        137.65170485009997,
                        36.30594268077343,
                        2938
                    ],
                    [
                        137.65158803313983,
                        36.30592137334179,
                        2921
                    ],
                    [
                        137.6513913244935,
                        36.30598920713585,
                        2914
                    ],
                    [
                        137.65113651958592,
                        36.30601842698789,
                        2913
                    ],
                    [
                        137.65098845238012,
                        36.306095289193436,
                        2911
                    ],
                    [
                        137.65085563206318,
                        36.30612601052014,
                        2909
                    ],
                    [
                        137.65075628129358,
                        36.306190006013324,
                        2903
                    ],
                    [
                        137.6506379652367,
                        36.306238734012915,
                        2901
                    ],
                    [
                        137.6506183741542,
                        36.3063501084533,
                        2894
                    ],
                    [
                        137.6506711147611,
                        36.306451906814985,
                        2873
                    ],
                    [
                        137.65058062439266,
                        36.30653977622179,
                        2864
                    ],
                    [
                        137.65063225386837,
                        36.30662345961682,
                        2850
                    ],
                    [
                        137.65053065354599,
                        36.30670087767004,
                        2839
                    ],
                    [
                        137.65037783142154,
                        36.306742557367976,
                        2828
                    ],
                    [
                        137.65031025686253,
                        36.30683939139081,
                        2819
                    ],
                    [
                        137.65043384788243,
                        36.30691496685989,
                        2808
                    ],
                    [
                        137.6503578265131,
                        36.307023754997566,
                        2802
                    ],
                    [
                        137.65026514445054,
                        36.307102245612256,
                        2795
                    ],
                    [
                        137.65013414251058,
                        36.30717121472545,
                        2798
                    ],
                    [
                        137.6500385749942,
                        36.30726643803698,
                        2809
                    ],
                    [
                        137.64992768854924,
                        36.30734177573063,
                        2811
                    ],
                    [
                        137.64980082310376,
                        36.307470606074695,
                        2809
                    ],
                    [
                        137.6496657946694,
                        36.307595778342424,
                        2807
                    ],
                    [
                        137.649585215377,
                        36.30769943886568,
                        2812
                    ],
                    [
                        137.64949211380693,
                        36.30781895658384,
                        2812
                    ],
                    [
                        137.64947434438818,
                        36.307920048036415,
                        2828
                    ],
                    [
                        137.64931588057186,
                        36.30798904046693,
                        2833
                    ],
                    [
                        137.6491737816676,
                        36.30807484053902,
                        2840
                    ],
                    [
                        137.64913506384792,
                        36.30816148744134,
                        2840
                    ],
                    [
                        137.6490963950961,
                        36.308297338916034,
                        2825
                    ],
                    [
                        137.64906223728502,
                        36.30841348783839,
                        2821
                    ],
                    [
                        137.64909038656594,
                        36.30852549375609,
                        2811
                    ],
                    [
                        137.64899383858165,
                        36.30861201801672,
                        2800
                    ],
                    [
                        137.64887277592112,
                        36.30868509574013,
                        2788
                    ],
                    [
                        137.6487412997193,
                        36.308574636754365,
                        2781
                    ],
                    [
                        137.64872330466358,
                        36.30874172997795,
                        2778
                    ],
                    [
                        137.64866391659442,
                        36.30890928961359,
                        2768
                    ],
                    [
                        137.64868243171972,
                        36.30907549109012,
                        2762
                    ],
                    [
                        137.64861856861268,
                        36.309211624257706,
                        2760
                    ],
                    [
                        137.64873449499697,
                        36.30939177407765,
                        2759
                    ],
                    [
                        137.64883487001933,
                        36.309589351655546,
                        2758
                    ],
                    [
                        137.64894174222044,
                        36.30967917049227,
                        2767
                    ],
                    [
                        137.64894191650512,
                        36.30982411388478,
                        2772
                    ],
                    [
                        137.64906217934976,
                        36.30994654575428,
                        2772
                    ],
                    [
                        137.6491724072598,
                        36.31007243541292,
                        2770
                    ],
                    [
                        137.64915888780777,
                        36.31022127689838,
                        2760
                    ],
                    [
                        137.6490979028442,
                        36.310359226765506,
                        2755
                    ],
                    [
                        137.64909328380247,
                        36.310478434760974,
                        2750
                    ],
                    [
                        137.6492233371389,
                        36.31054159533736,
                        2757
                    ],
                    [
                        137.64918930802415,
                        36.31067202738787,
                        2748
                    ],
                    [
                        137.64926221569635,
                        36.310823873339494,
                        2750
                    ],
                    [
                        137.64940225056677,
                        36.310950713295995,
                        2755
                    ],
                    [
                        137.64948049997523,
                        36.31110944436064,
                        2754
                    ],
                    [
                        137.64942954908076,
                        36.31133410340415,
                        2758
                    ],
                    [
                        137.64944375345678,
                        36.31146382459069,
                        2758
                    ],
                    [
                        137.64938692108745,
                        36.31164756860402,
                        2760
                    ],
                    [
                        137.64924220346808,
                        36.311807539926605,
                        2760
                    ],
                    [
                        137.64914154841284,
                        36.31198926145108,
                        2761
                    ],
                    [
                        137.64907943338648,
                        36.312193184715774,
                        2765
                    ],
                    [
                        137.64907808522187,
                        36.312344421721775,
                        2768
                    ],
                    [
                        137.64909249329614,
                        36.31247194892894,
                        2763
                    ],
                    [
                        137.6490222302092,
                        36.31261215939548,
                        2758
                    ],
                    [
                        137.64913446162336,
                        36.31275686061703,
                        2759
                    ],
                    [
                        137.6492371472061,
                        36.31286531261786,
                        2767
                    ],
                    [
                        137.6492509090739,
                        36.3130155148554,
                        2773
                    ],
                    [
                        137.64918763938425,
                        36.313141305996666,
                        2775
                    ],
                    [
                        137.64916670870005,
                        36.31325248485638,
                        2779
                    ],
                    [
                        137.64917851085147,
                        36.31339057357044,
                        2782
                    ],
                    [
                        137.6492357782197,
                        36.31354370544877,
                        2786
                    ],
                    [
                        137.6493247397534,
                        36.31366420556672,
                        2783
                    ],
                    [
                        137.64934206125764,
                        36.31384588400617,
                        2786
                    ],
                    [
                        137.64931239278843,
                        36.31398000796375,
                        2790
                    ],
                    [
                        137.6493935297533,
                        36.31409124288468,
                        2796
                    ],
                    [
                        137.64949563858787,
                        36.31421616600733,
                        2805
                    ],
                    [
                        137.64955110144393,
                        36.31436256031274,
                        2825
                    ],
                    [
                        137.64967252073984,
                        36.31444224831288,
                        2838
                    ],
                    [
                        137.64959267834445,
                        36.3145312594034,
                        2847
                    ],
                    [
                        137.64962925678375,
                        36.314641816156346,
                        2857
                    ],
                    [
                        137.6496155721183,
                        36.314757117454995,
                        2868
                    ],
                    [
                        137.64962555322955,
                        36.31487734279699,
                        2883
                    ],
                    [
                        137.6495837316739,
                        36.31500987617656,
                        2883
                    ],
                    [
                        137.64960266542926,
                        36.315148623833295,
                        2895
                    ],
                    [
                        137.6496093558495,
                        36.315258237153024,
                        2903
                    ],
                    [
                        137.64956452935567,
                        36.315404348172656,
                        2915
                    ],
                    [
                        137.64959244559464,
                        36.31554167503648,
                        2919
                    ],
                    [
                        137.64951154303236,
                        36.31566313677268,
                        2927
                    ],
                    [
                        137.6496021294824,
                        36.315787099165846,
                        2934
                    ],
                    [
                        137.64958423567597,
                        36.31588940090032,
                        2939
                    ],
                    [
                        137.64962199374853,
                        36.31598023415279,
                        2943
                    ],
                    [
                        137.64976664353398,
                        36.31594216596388,
                        2954
                    ],
                    [
                        137.64977671954713,
                        36.316093710951385,
                        2955
                    ],
                    [
                        137.64987014047162,
                        36.31620273543574,
                        2967
                    ],
                    [
                        137.6500009742514,
                        36.316213436012134,
                        2975
                    ],
                    [
                        137.65003668822817,
                        36.31634707542586,
                        2983
                    ],
                    [
                        137.65031904606803,
                        36.31644219177038,
                        2989
                    ],
                    [
                        137.65053547165962,
                        36.316515549349205,
                        2985
                    ],
                    [
                        137.65069060338686,
                        36.31663651062606,
                        2978
                    ],
                    [
                        137.65057392201155,
                        36.31684978825373,
                        2977
                    ],
                    [
                        137.6504205899326,
                        36.31680994880475,
                        2975
                    ],
                    [
                        137.65052823206068,
                        36.31673923160576,
                        2974
                    ]
                ]
            }
        },
        {
            "type": "Feature",
            "properties": {
                "name": "20240804",
                "time": "2024-08-03T21:25:50Z",
                "coordTimes": [
                    "2024-08-03T21:25:50Z",
                    "2024-08-03T21:26:45Z",
                    "2024-08-03T21:27:18Z",
                    "2024-08-03T21:27:49Z",
                    "2024-08-03T21:28:20Z",
                    "2024-08-03T21:28:58Z",
                    "2024-08-03T21:29:47Z",
                    "2024-08-03T21:30:50Z",
                    "2024-08-03T21:31:23Z",
                    "2024-08-03T21:32:08Z",
                    "2024-08-03T21:32:55Z",
                    "2024-08-03T21:33:39Z",
                    "2024-08-03T21:34:20Z",
                    "2024-08-03T21:34:56Z",
                    "2024-08-03T21:36:07Z",
                    "2024-08-03T21:37:01Z",
                    "2024-08-03T21:38:09Z",
                    "2024-08-03T21:38:41Z",
                    "2024-08-03T21:39:43Z",
                    "2024-08-03T21:42:39Z",
                    "2024-08-03T21:44:21Z",
                    "2024-08-03T21:45:25Z",
                    "2024-08-03T21:46:05Z",
                    "2024-08-03T21:46:42Z",
                    "2024-08-03T21:48:56Z",
                    "2024-08-03T21:50:39Z",
                    "2024-08-03T21:51:21Z",
                    "2024-08-03T21:52:16Z",
                    "2024-08-03T21:52:59Z",
                    "2024-08-03T21:53:39Z",
                    "2024-08-03T21:54:28Z",
                    "2024-08-03T21:55:05Z",
                    "2024-08-03T21:55:56Z",
                    "2024-08-03T21:56:34Z",
                    "2024-08-03T21:57:10Z",
                    "2024-08-03T21:57:56Z",
                    "2024-08-03T21:59:02Z",
                    "2024-08-03T21:59:47Z",
                    "2024-08-03T22:00:45Z",
                    "2024-08-03T22:02:16Z",
                    "2024-08-03T22:02:58Z",
                    "2024-08-03T22:03:46Z",
                    "2024-08-03T22:04:16Z",
                    "2024-08-03T22:04:50Z",
                    "2024-08-03T22:05:28Z",
                    "2024-08-03T22:05:56Z",
                    "2024-08-03T22:06:45Z",
                    "2024-08-03T22:07:31Z",
                    "2024-08-03T22:09:18Z",
                    "2024-08-03T22:10:10Z",
                    "2024-08-03T22:11:15Z",
                    "2024-08-03T22:11:57Z",
                    "2024-08-03T22:18:22Z",
                    "2024-08-03T22:19:01Z",
                    "2024-08-03T22:19:35Z",
                    "2024-08-03T22:20:11Z",
                    "2024-08-03T22:21:09Z",
                    "2024-08-03T22:22:28Z",
                    "2024-08-03T22:24:11Z",
                    "2024-08-03T22:25:29Z",
                    "2024-08-03T22:26:42Z",
                    "2024-08-03T22:27:39Z",
                    "2024-08-03T22:29:15Z",
                    "2024-08-03T22:31:02Z",
                    "2024-08-03T22:32:33Z",
                    "2024-08-03T22:33:11Z",
                    "2024-08-03T22:34:00Z",
                    "2024-08-03T22:34:53Z",
                    "2024-08-03T22:35:52Z",
                    "2024-08-03T22:36:50Z",
                    "2024-08-03T22:38:01Z",
                    "2024-08-03T22:40:06Z",
                    "2024-08-03T22:41:38Z",
                    "2024-08-03T22:42:11Z",
                    "2024-08-03T22:43:00Z",
                    "2024-08-03T22:43:52Z",
                    "2024-08-03T22:44:34Z",
                    "2024-08-03T22:45:36Z",
                    "2024-08-03T22:47:04Z",
                    "2024-08-03T22:47:39Z",
                    "2024-08-03T22:48:41Z",
                    "2024-08-03T22:49:48Z",
                    "2024-08-03T22:51:31Z",
                    "2024-08-03T22:52:15Z",
                    "2024-08-03T22:53:30Z",
                    "2024-08-03T22:54:31Z",
                    "2024-08-03T22:55:41Z",
                    "2024-08-03T22:56:39Z",
                    "2024-08-03T22:58:22Z",
                    "2024-08-03T22:59:14Z",
                    "2024-08-03T23:00:18Z",
                    "2024-08-03T23:01:39Z",
                    "2024-08-03T23:02:49Z",
                    "2024-08-03T23:03:38Z",
                    "2024-08-03T23:04:40Z",
                    "2024-08-03T23:06:44Z",
                    "2024-08-03T23:08:22Z",
                    "2024-08-03T23:09:05Z",
                    "2024-08-03T23:10:53Z",
                    "2024-08-03T23:12:00Z",
                    "2024-08-03T23:13:04Z",
                    "2024-08-03T23:13:53Z",
                    "2024-08-03T23:14:40Z",
                    "2024-08-03T23:16:17Z",
                    "2024-08-03T23:17:32Z",
                    "2024-08-03T23:18:43Z",
                    "2024-08-03T23:19:34Z",
                    "2024-08-03T23:20:18Z",
                    "2024-08-03T23:20:58Z",
                    "2024-08-03T23:21:42Z",
                    "2024-08-03T23:22:25Z",
                    "2024-08-03T23:23:11Z",
                    "2024-08-03T23:24:09Z",
                    "2024-08-03T23:25:10Z",
                    "2024-08-03T23:26:43Z",
                    "2024-08-03T23:28:03Z",
                    "2024-08-03T23:29:20Z",
                    "2024-08-03T23:30:45Z",
                    "2024-08-03T23:31:39Z",
                    "2024-08-03T23:32:36Z",
                    "2024-08-03T23:33:26Z",
                    "2024-08-03T23:34:06Z",
                    "2024-08-03T23:36:08Z",
                    "2024-08-03T23:36:51Z",
                    "2024-08-03T23:37:41Z",
                    "2024-08-03T23:38:27Z",
                    "2024-08-03T23:39:13Z",
                    "2024-08-03T23:39:54Z",
                    "2024-08-03T23:40:55Z",
                    "2024-08-03T23:41:39Z",
                    "2024-08-03T23:42:15Z",
                    "2024-08-03T23:42:52Z",
                    "2024-08-03T23:43:41Z",
                    "2024-08-03T23:44:18Z",
                    "2024-08-03T23:44:46Z",
                    "2024-08-03T23:45:27Z",
                    "2024-08-03T23:46:09Z",
                    "2024-08-03T23:46:45Z",
                    "2024-08-03T23:47:22Z",
                    "2024-08-03T23:48:07Z",
                    "2024-08-03T23:49:09Z",
                    "2024-08-03T23:50:18Z",
                    "2024-08-03T23:50:49Z",
                    "2024-08-03T23:51:23Z",
                    "2024-08-03T23:52:03Z",
                    "2024-08-03T23:52:38Z",
                    "2024-08-03T23:53:17Z",
                    "2024-08-03T23:53:55Z",
                    "2024-08-03T23:54:29Z",
                    "2024-08-03T23:55:12Z",
                    "2024-08-03T23:55:52Z",
                    "2024-08-03T23:56:20Z",
                    "2024-08-04T00:10:04Z",
                    "2024-08-04T00:10:41Z",
                    "2024-08-04T00:11:11Z",
                    "2024-08-04T00:11:40Z",
                    "2024-08-04T00:34:45Z",
                    "2024-08-04T00:35:14Z",
                    "2024-08-04T00:35:41Z",
                    "2024-08-04T00:36:08Z",
                    "2024-08-04T00:36:38Z",
                    "2024-08-04T00:37:04Z",
                    "2024-08-04T00:37:32Z",
                    "2024-08-04T00:37:57Z",
                    "2024-08-04T00:38:26Z",
                    "2024-08-04T00:38:55Z",
                    "2024-08-04T00:39:28Z",
                    "2024-08-04T00:40:01Z",
                    "2024-08-04T00:40:32Z",
                    "2024-08-04T00:41:06Z",
                    "2024-08-04T00:41:41Z",
                    "2024-08-04T00:42:12Z",
                    "2024-08-04T00:42:50Z",
                    "2024-08-04T00:43:23Z",
                    "2024-08-04T00:43:59Z",
                    "2024-08-04T00:44:30Z",
                    "2024-08-04T00:45:05Z",
                    "2024-08-04T00:45:44Z",
                    "2024-08-04T00:46:20Z",
                    "2024-08-04T00:47:06Z",
                    "2024-08-04T00:47:40Z",
                    "2024-08-04T00:48:08Z",
                    "2024-08-04T00:48:44Z",
                    "2024-08-04T00:49:15Z",
                    "2024-08-04T00:49:52Z",
                    "2024-08-04T00:50:28Z",
                    "2024-08-04T00:51:03Z",
                    "2024-08-04T00:51:38Z",
                    "2024-08-04T00:52:09Z",
                    "2024-08-04T00:52:43Z",
                    "2024-08-04T00:53:20Z",
                    "2024-08-04T00:53:56Z",
                    "2024-08-04T00:54:29Z",
                    "2024-08-04T00:55:02Z",
                    "2024-08-04T00:55:37Z",
                    "2024-08-04T00:56:12Z",
                    "2024-08-04T00:56:51Z",
                    "2024-08-04T00:57:26Z",
                    "2024-08-04T00:57:55Z",
                    "2024-08-04T00:58:26Z",
                    "2024-08-04T00:58:56Z",
                    "2024-08-04T00:59:38Z",
                    "2024-08-04T01:00:30Z",
                    "2024-08-04T01:01:11Z",
                    "2024-08-04T01:01:46Z",
                    "2024-08-04T01:02:28Z",
                    "2024-08-04T01:03:04Z",
                    "2024-08-04T01:03:45Z",
                    "2024-08-04T01:04:19Z",
                    "2024-08-04T01:04:58Z",
                    "2024-08-04T01:05:33Z",
                    "2024-08-04T01:06:09Z",
                    "2024-08-04T01:06:35Z",
                    "2024-08-04T01:07:18Z",
                    "2024-08-04T01:07:57Z",
                    "2024-08-04T01:09:13Z",
                    "2024-08-04T01:10:05Z",
                    "2024-08-04T01:10:48Z",
                    "2024-08-04T01:11:20Z",
                    "2024-08-04T01:11:57Z",
                    "2024-08-04T01:12:33Z",
                    "2024-08-04T01:13:11Z",
                    "2024-08-04T01:13:46Z",
                    "2024-08-04T01:14:18Z",
                    "2024-08-04T01:14:52Z",
                    "2024-08-04T01:15:25Z",
                    "2024-08-04T01:16:16Z",
                    "2024-08-04T01:17:08Z",
                    "2024-08-04T01:17:50Z",
                    "2024-08-04T01:18:36Z",
                    "2024-08-04T01:19:15Z",
                    "2024-08-04T01:19:44Z",
                    "2024-08-04T01:20:21Z",
                    "2024-08-04T01:20:59Z",
                    "2024-08-04T01:21:28Z",
                    "2024-08-04T01:22:00Z",
                    "2024-08-04T01:22:33Z",
                    "2024-08-04T01:23:08Z",
                    "2024-08-04T01:23:37Z",
                    "2024-08-04T01:24:20Z",
                    "2024-08-04T01:24:54Z",
                    "2024-08-04T01:25:23Z",
                    "2024-08-04T01:25:57Z",
                    "2024-08-04T01:26:31Z",
                    "2024-08-04T01:27:29Z",
                    "2024-08-04T01:28:24Z",
                    "2024-08-04T01:29:12Z",
                    "2024-08-04T01:29:42Z",
                    "2024-08-04T01:30:19Z",
                    "2024-08-04T01:30:50Z",
                    "2024-08-04T01:31:22Z",
                    "2024-08-04T01:31:54Z",
                    "2024-08-04T01:32:28Z",
                    "2024-08-04T01:33:09Z",
                    "2024-08-04T01:33:56Z",
                    "2024-08-04T01:34:27Z",
                    "2024-08-04T01:35:00Z",
                    "2024-08-04T01:35:30Z",
                    "2024-08-04T01:36:03Z",
                    "2024-08-04T01:36:33Z",
                    "2024-08-04T01:37:10Z",
                    "2024-08-04T01:37:43Z",
                    "2024-08-04T01:38:14Z",
                    "2024-08-04T01:38:48Z",
                    "2024-08-04T01:39:22Z",
                    "2024-08-04T01:39:58Z",
                    "2024-08-04T01:40:31Z",
                    "2024-08-04T01:41:10Z",
                    "2024-08-04T01:41:46Z",
                    "2024-08-04T01:43:14Z",
                    "2024-08-04T01:43:50Z",
                    "2024-08-04T01:44:43Z",
                    "2024-08-04T01:45:32Z",
                    "2024-08-04T01:46:05Z",
                    "2024-08-04T01:46:39Z",
                    "2024-08-04T01:47:16Z",
                    "2024-08-04T01:47:47Z",
                    "2024-08-04T01:48:15Z",
                    "2024-08-04T01:48:49Z",
                    "2024-08-04T01:49:23Z",
                    "2024-08-04T01:49:52Z",
                    "2024-08-04T01:50:29Z",
                    "2024-08-04T01:50:56Z",
                    "2024-08-04T01:51:24Z",
                    "2024-08-04T01:51:52Z",
                    "2024-08-04T01:52:24Z",
                    "2024-08-04T01:52:59Z",
                    "2024-08-04T01:53:35Z",
                    "2024-08-04T01:54:05Z",
                    "2024-08-04T01:54:35Z",
                    "2024-08-04T01:55:06Z",
                    "2024-08-04T01:55:37Z",
                    "2024-08-04T01:56:02Z",
                    "2024-08-04T01:56:33Z",
                    "2024-08-04T01:57:01Z",
                    "2024-08-04T01:57:32Z",
                    "2024-08-04T01:58:00Z",
                    "2024-08-04T01:58:39Z",
                    "2024-08-04T01:59:08Z",
                    "2024-08-04T01:59:35Z",
                    "2024-08-04T02:00:26Z",
                    "2024-08-04T02:00:53Z",
                    "2024-08-04T02:01:20Z",
                    "2024-08-04T02:01:49Z",
                    "2024-08-04T02:02:18Z",
                    "2024-08-04T02:02:43Z",
                    "2024-08-04T02:03:15Z",
                    "2024-08-04T02:03:57Z",
                    "2024-08-04T02:04:38Z",
                    "2024-08-04T02:05:13Z",
                    "2024-08-04T02:17:13Z",
                    "2024-08-04T02:17:44Z",
                    "2024-08-04T02:18:10Z",
                    "2024-08-04T02:18:36Z",
                    "2024-08-04T02:19:04Z",
                    "2024-08-04T02:19:33Z",
                    "2024-08-04T02:20:01Z",
                    "2024-08-04T02:20:29Z",
                    "2024-08-04T02:20:57Z",
                    "2024-08-04T02:21:24Z",
                    "2024-08-04T02:21:50Z",
                    "2024-08-04T02:22:20Z",
                    "2024-08-04T02:22:47Z",
                    "2024-08-04T02:23:15Z",
                    "2024-08-04T02:23:45Z",
                    "2024-08-04T02:24:12Z",
                    "2024-08-04T02:24:39Z",
                    "2024-08-04T02:25:07Z",
                    "2024-08-04T02:25:37Z",
                    "2024-08-04T02:26:06Z",
                    "2024-08-04T02:26:33Z",
                    "2024-08-04T02:26:59Z",
                    "2024-08-04T02:27:26Z",
                    "2024-08-04T02:27:53Z",
                    "2024-08-04T02:28:18Z",
                    "2024-08-04T02:28:45Z",
                    "2024-08-04T02:29:13Z",
                    "2024-08-04T02:29:42Z",
                    "2024-08-04T02:30:09Z",
                    "2024-08-04T02:30:38Z",
                    "2024-08-04T02:31:04Z",
                    "2024-08-04T02:31:29Z",
                    "2024-08-04T02:31:57Z",
                    "2024-08-04T02:32:26Z",
                    "2024-08-04T02:32:54Z",
                    "2024-08-04T02:33:22Z",
                    "2024-08-04T02:33:51Z",
                    "2024-08-04T02:34:19Z",
                    "2024-08-04T02:34:47Z",
                    "2024-08-04T02:35:14Z",
                    "2024-08-04T02:35:39Z",
                    "2024-08-04T02:36:06Z",
                    "2024-08-04T02:36:33Z",
                    "2024-08-04T02:37:01Z",
                    "2024-08-04T02:37:28Z",
                    "2024-08-04T02:37:54Z",
                    "2024-08-04T02:38:20Z",
                    "2024-08-04T02:38:50Z",
                    "2024-08-04T02:39:18Z",
                    "2024-08-04T02:39:46Z",
                    "2024-08-04T02:40:15Z",
                    "2024-08-04T02:40:42Z",
                    "2024-08-04T02:41:11Z",
                    "2024-08-04T02:41:39Z",
                    "2024-08-04T02:42:06Z",
                    "2024-08-04T02:42:34Z",
                    "2024-08-04T02:43:01Z",
                    "2024-08-04T02:43:30Z",
                    "2024-08-04T02:43:58Z",
                    "2024-08-04T02:44:26Z",
                    "2024-08-04T02:44:56Z",
                    "2024-08-04T02:45:25Z",
                    "2024-08-04T02:45:51Z",
                    "2024-08-04T02:46:19Z",
                    "2024-08-04T02:46:45Z",
                    "2024-08-04T02:47:12Z",
                    "2024-08-04T02:47:39Z",
                    "2024-08-04T02:48:06Z",
                    "2024-08-04T02:48:35Z",
                    "2024-08-04T02:49:03Z",
                    "2024-08-04T02:49:32Z",
                    "2024-08-04T02:50:00Z",
                    "2024-08-04T02:50:26Z",
                    "2024-08-04T02:50:55Z",
                    "2024-08-04T02:51:23Z",
                    "2024-08-04T02:51:57Z",
                    "2024-08-04T02:52:26Z",
                    "2024-08-04T02:52:55Z",
                    "2024-08-04T02:53:28Z",
                    "2024-08-04T02:54:01Z",
                    "2024-08-04T02:54:31Z",
                    "2024-08-04T02:54:59Z",
                    "2024-08-04T02:55:26Z",
                    "2024-08-04T02:55:54Z",
                    "2024-08-04T02:56:21Z",
                    "2024-08-04T02:56:47Z",
                    "2024-08-04T02:57:15Z",
                    "2024-08-04T02:57:44Z",
                    "2024-08-04T02:58:12Z",
                    "2024-08-04T02:58:40Z",
                    "2024-08-04T02:59:07Z",
                    "2024-08-04T02:59:35Z",
                    "2024-08-04T03:00:03Z",
                    "2024-08-04T03:00:34Z",
                    "2024-08-04T03:01:02Z",
                    "2024-08-04T03:01:31Z",
                    "2024-08-04T03:01:59Z",
                    "2024-08-04T03:02:27Z",
                    "2024-08-04T03:02:54Z",
                    "2024-08-04T03:03:19Z",
                    "2024-08-04T03:03:45Z",
                    "2024-08-04T03:04:13Z",
                    "2024-08-04T03:04:41Z",
                    "2024-08-04T03:05:07Z",
                    "2024-08-04T03:05:39Z",
                    "2024-08-04T03:06:06Z",
                    "2024-08-04T03:06:33Z",
                    "2024-08-04T03:07:02Z",
                    "2024-08-04T03:07:29Z",
                    "2024-08-04T03:07:57Z",
                    "2024-08-04T03:08:26Z",
                    "2024-08-04T03:08:52Z",
                    "2024-08-04T03:09:19Z",
                    "2024-08-04T03:09:47Z",
                    "2024-08-04T03:10:14Z",
                    "2024-08-04T03:10:42Z",
                    "2024-08-04T03:11:10Z",
                    "2024-08-04T03:11:38Z",
                    "2024-08-04T03:12:08Z",
                    "2024-08-04T03:12:37Z",
                    "2024-08-04T03:13:05Z",
                    "2024-08-04T03:13:33Z",
                    "2024-08-04T03:14:02Z",
                    "2024-08-04T03:14:31Z",
                    "2024-08-04T03:15:01Z",
                    "2024-08-04T03:15:28Z",
                    "2024-08-04T03:15:56Z",
                    "2024-08-04T03:16:22Z",
                    "2024-08-04T03:16:50Z",
                    "2024-08-04T03:17:18Z",
                    "2024-08-04T03:17:43Z",
                    "2024-08-04T03:18:10Z",
                    "2024-08-04T03:18:39Z",
                    "2024-08-04T03:19:07Z",
                    "2024-08-04T03:19:35Z",
                    "2024-08-04T03:20:04Z",
                    "2024-08-04T03:20:31Z",
                    "2024-08-04T03:21:00Z",
                    "2024-08-04T03:21:28Z",
                    "2024-08-04T03:21:55Z",
                    "2024-08-04T03:22:22Z",
                    "2024-08-04T03:22:52Z",
                    "2024-08-04T03:23:19Z",
                    "2024-08-04T03:23:46Z",
                    "2024-08-04T03:24:14Z",
                    "2024-08-04T03:24:40Z",
                    "2024-08-04T03:25:08Z",
                    "2024-08-04T03:25:36Z",
                    "2024-08-04T03:26:04Z",
                    "2024-08-04T03:26:30Z",
                    "2024-08-04T03:27:00Z",
                    "2024-08-04T03:27:38Z",
                    "2024-08-04T03:28:11Z",
                    "2024-08-04T03:28:40Z",
                    "2024-08-04T03:29:08Z",
                    "2024-08-04T03:29:38Z",
                    "2024-08-04T03:30:08Z",
                    "2024-08-04T03:30:34Z",
                    "2024-08-04T03:31:03Z",
                    "2024-08-04T03:31:29Z",
                    "2024-08-04T03:31:58Z",
                    "2024-08-04T03:32:27Z",
                    "2024-08-04T03:32:53Z",
                    "2024-08-04T03:33:21Z",
                    "2024-08-04T03:33:48Z",
                    "2024-08-04T03:34:18Z",
                    "2024-08-04T03:34:43Z",
                    "2024-08-04T03:35:17Z",
                    "2024-08-04T03:35:44Z",
                    "2024-08-04T03:36:10Z",
                    "2024-08-04T03:36:36Z",
                    "2024-08-04T03:37:02Z",
                    "2024-08-04T03:37:30Z",
                    "2024-08-04T03:37:59Z",
                    "2024-08-04T03:38:24Z",
                    "2024-08-04T03:38:51Z",
                    "2024-08-04T03:39:18Z",
                    "2024-08-04T03:39:46Z",
                    "2024-08-04T03:40:13Z",
                    "2024-08-04T03:40:39Z",
                    "2024-08-04T03:41:05Z",
                    "2024-08-04T03:41:32Z",
                    "2024-08-04T03:41:59Z",
                    "2024-08-04T03:42:27Z",
                    "2024-08-04T03:42:57Z",
                    "2024-08-04T03:43:29Z",
                    "2024-08-04T03:43:55Z",
                    "2024-08-04T03:44:22Z",
                    "2024-08-04T03:44:53Z",
                    "2024-08-04T03:45:22Z",
                    "2024-08-04T03:45:49Z",
                    "2024-08-04T03:46:15Z",
                    "2024-08-04T03:46:45Z",
                    "2024-08-04T03:47:12Z",
                    "2024-08-04T03:47:40Z",
                    "2024-08-04T03:47:52Z"
                ]
            },
            "geometry": {
                "type": "LineString",
                "coordinates": [
                    [
                        137.65026768607115,
                        36.31704072229265,
                        2731
                    ],
                    [
                        137.65021070921588,
                        36.3169531816976,
                        2972
                    ],
                    [
                        137.64996421410444,
                        36.316980892934666,
                        2968
                    ],
                    [
                        137.6497570363757,
                        36.31695755292355,
                        2965
                    ],
                    [
                        137.64951050258875,
                        36.31695024115534,
                        2962
                    ],
                    [
                        137.64926689679098,
                        36.31699215724098,
                        2958
                    ],
                    [
                        137.64903691531666,
                        36.316929460305616,
                        2951
                    ],
                    [
                        137.64881681073925,
                        36.31693960604937,
                        2943
                    ],
                    [
                        137.64867249259254,
                        36.316982630322066,
                        2938
                    ],
                    [
                        137.64849787245217,
                        36.316985071378745,
                        2930
                    ],
                    [
                        137.64831902851103,
                        36.31710647737068,
                        2922
                    ],
                    [
                        137.6481303600942,
                        36.317121775580084,
                        2914
                    ],
                    [
                        137.6479125748016,
                        36.31719308918265,
                        2907
                    ],
                    [
                        137.6477166559565,
                        36.31721249690599,
                        2901
                    ],
                    [
                        137.64762297528327,
                        36.31728571910384,
                        2893
                    ],
                    [
                        137.64749309037046,
                        36.317300761393255,
                        2888
                    ],
                    [
                        137.64738548538537,
                        36.317369837174745,
                        2878
                    ],
                    [
                        137.64722643853582,
                        36.31737357495042,
                        2875
                    ],
                    [
                        137.6471149734729,
                        36.31746310296478,
                        2866
                    ],
                    [
                        137.6469682913662,
                        36.31748577896827,
                        2857
                    ],
                    [
                        137.64698717609082,
                        36.3175766816519,
                        2845
                    ],
                    [
                        137.6471245001929,
                        36.317662441723506,
                        2841
                    ],
                    [
                        137.64730817601549,
                        36.31779895628239,
                        2836
                    ],
                    [
                        137.64744443227303,
                        36.31790845703639,
                        2838
                    ],
                    [
                        137.64732064092837,
                        36.31793838697934,
                        2822
                    ],
                    [
                        137.6472492222743,
                        36.31809116557058,
                        2815
                    ],
                    [
                        137.64724803189796,
                        36.31820580128221,
                        2809
                    ],
                    [
                        137.64721731325653,
                        36.318328209658596,
                        2804
                    ],
                    [
                        137.64699433963332,
                        36.31824491729132,
                        2800
                    ],
                    [
                        137.6470260571794,
                        36.318419376254425,
                        2793
                    ],
                    [
                        137.64690168865155,
                        36.3185470435432,
                        2786
                    ],
                    [
                        137.64675611816241,
                        36.3185318309149,
                        2781
                    ],
                    [
                        137.6465896092594,
                        36.31856170721952,
                        2774
                    ],
                    [
                        137.64655217777425,
                        36.31870276662833,
                        2768
                    ],
                    [
                        137.6463863854593,
                        36.31862785274425,
                        2762
                    ],
                    [
                        137.6461848462852,
                        36.31865856586568,
                        2757
                    ],
                    [
                        137.64615294852666,
                        36.31881874597534,
                        2748
                    ],
                    [
                        137.64601491320266,
                        36.31887340686654,
                        2741
                    ],
                    [
                        137.64591512131295,
                        36.31898581914649,
                        2736
                    ],
                    [
                        137.64573960703046,
                        36.31889737868153,
                        2727
                    ],
                    [
                        137.64557348864776,
                        36.31883175453118,
                        2723
                    ],
                    [
                        137.6453441645567,
                        36.318752779094744,
                        2717
                    ],
                    [
                        137.6450521104325,
                        36.31872048253008,
                        2718
                    ],
                    [
                        137.64478179478377,
                        36.31872222679749,
                        2717
                    ],
                    [
                        137.64445664530552,
                        36.318686456631546,
                        2718
                    ],
                    [
                        137.6441733154209,
                        36.31871512886098,
                        2718
                    ],
                    [
                        137.64393436422017,
                        36.318769172781174,
                        2723
                    ],
                    [
                        137.64375662181496,
                        36.318819495755484,
                        2727
                    ],
                    [
                        137.6435436205103,
                        36.318877583193576,
                        2734
                    ],
                    [
                        137.6433784195231,
                        36.31893883521823,
                        2730
                    ],
                    [
                        137.64324071521696,
                        36.31906682382494,
                        2730
                    ],
                    [
                        137.64312067384463,
                        36.31922308742135,
                        2727
                    ],
                    [
                        137.64302355184375,
                        36.319327687128265,
                        2721
                    ],
                    [
                        137.64288372006547,
                        36.31942647141036,
                        2724
                    ],
                    [
                        137.64272077327155,
                        36.31954481407681,
                        2720
                    ],
                    [
                        137.64254360910934,
                        36.31963587707049,
                        2715
                    ],
                    [
                        137.64243823563493,
                        36.319713048346564,
                        2708
                    ],
                    [
                        137.64236256540238,
                        36.31981257264556,
                        2701
                    ],
                    [
                        137.64222772485053,
                        36.319838838741774,
                        2687
                    ],
                    [
                        137.64206220408616,
                        36.31982518625088,
                        2679
                    ],
                    [
                        137.6418859406438,
                        36.319843228644054,
                        2670
                    ],
                    [
                        137.6417611674293,
                        36.31986623970987,
                        2660
                    ],
                    [
                        137.64163728278027,
                        36.31986361950175,
                        2648
                    ],
                    [
                        137.64153614772954,
                        36.319813875076065,
                        2639
                    ],
                    [
                        137.64132753461016,
                        36.31983542925252,
                        2629
                    ],
                    [
                        137.64114704789344,
                        36.31983024604485,
                        2632
                    ],
                    [
                        137.64101531361555,
                        36.31982137170702,
                        2630
                    ],
                    [
                        137.6408732872851,
                        36.31989761503515,
                        2620
                    ],
                    [
                        137.64069721371692,
                        36.31992567604023,
                        2615
                    ],
                    [
                        137.64055393722347,
                        36.31988829925014,
                        2606
                    ],
                    [
                        137.64039010961517,
                        36.31984923550971,
                        2598
                    ],
                    [
                        137.64023561098634,
                        36.31977072364412,
                        2587
                    ],
                    [
                        137.64003370183988,
                        36.3197478665198,
                        2575
                    ],
                    [
                        137.63997058042938,
                        36.31965884926842,
                        2572
                    ],
                    [
                        137.63982852177193,
                        36.319677077929185,
                        2567
                    ],
                    [
                        137.6396830443697,
                        36.319707698770294,
                        2559
                    ],
                    [
                        137.63952089588275,
                        36.31975817334422,
                        2552
                    ],
                    [
                        137.63936535765546,
                        36.31981272242719,
                        2542
                    ],
                    [
                        137.63927252941372,
                        36.31986601996824,
                        2530
                    ],
                    [
                        137.6394169955652,
                        36.31997763299467,
                        2530
                    ],
                    [
                        137.6393597170133,
                        36.32008004183138,
                        2522
                    ],
                    [
                        137.63929104521185,
                        36.320187380583434,
                        2512
                    ],
                    [
                        137.63919244532602,
                        36.320256154709654,
                        2501
                    ],
                    [
                        137.6391739145046,
                        36.32038972173322,
                        2493
                    ],
                    [
                        137.63909406174767,
                        36.32050907027002,
                        2484
                    ],
                    [
                        137.63896925778113,
                        36.32040876810656,
                        2478
                    ],
                    [
                        137.63890743378602,
                        36.32054489563444,
                        2471
                    ],
                    [
                        137.63878814179947,
                        36.32052680319879,
                        2462
                    ],
                    [
                        137.63865683196116,
                        36.320616831915025,
                        2448
                    ],
                    [
                        137.63851883590198,
                        36.3206025347048,
                        2440
                    ],
                    [
                        137.63838590512117,
                        36.32068377633332,
                        2432
                    ],
                    [
                        137.63839184421798,
                        36.3208419107316,
                        2422
                    ],
                    [
                        137.63824504954871,
                        36.32090826994929,
                        2413
                    ],
                    [
                        137.63803248094752,
                        36.32088184246126,
                        2404
                    ],
                    [
                        137.63787961797055,
                        36.32083901128455,
                        2400
                    ],
                    [
                        137.63779949278825,
                        36.320919918531956,
                        2381
                    ],
                    [
                        137.63767984133702,
                        36.32098687989415,
                        2374
                    ],
                    [
                        137.63764585609923,
                        36.32082876494293,
                        2367
                    ],
                    [
                        137.63752620109923,
                        36.32088472309239,
                        2355
                    ],
                    [
                        137.63740719190432,
                        36.320818682287516,
                        2348
                    ],
                    [
                        137.63728313757449,
                        36.32087536852815,
                        2337
                    ],
                    [
                        137.63715527704832,
                        36.32083345203375,
                        2332
                    ],
                    [
                        137.63698492396927,
                        36.32069879128112,
                        2325
                    ],
                    [
                        137.63687112403807,
                        36.32077652064417,
                        2310
                    ],
                    [
                        137.63676609877479,
                        36.3208675268972,
                        2302
                    ],
                    [
                        137.63663509472548,
                        36.320974928100675,
                        2292
                    ],
                    [
                        137.6365109310443,
                        36.32106948269438,
                        2282
                    ],
                    [
                        137.6363247855528,
                        36.32115683640072,
                        2278
                    ],
                    [
                        137.63613598526373,
                        36.32114244900869,
                        2270
                    ],
                    [
                        137.63592755277762,
                        36.321151619326564,
                        2262
                    ],
                    [
                        137.63577077458754,
                        36.32118344709738,
                        2253
                    ],
                    [
                        137.6356410915908,
                        36.321267902152,
                        2242
                    ],
                    [
                        137.63553315734757,
                        36.32137479094609,
                        2233
                    ],
                    [
                        137.63537544042083,
                        36.32150868601625,
                        2222
                    ],
                    [
                        137.6352065961709,
                        36.32151110996708,
                        2204
                    ],
                    [
                        137.63507944549428,
                        36.32150286368343,
                        2194
                    ],
                    [
                        137.6349358276243,
                        36.32150124599002,
                        2189
                    ],
                    [
                        137.63478999133378,
                        36.32155054276359,
                        2171
                    ],
                    [
                        137.63487563662716,
                        36.32169600182552,
                        2161
                    ],
                    [
                        137.63488591750524,
                        36.32183246829375,
                        2155
                    ],
                    [
                        137.63488356360023,
                        36.32196129345526,
                        2148
                    ],
                    [
                        137.63465235970241,
                        36.321905124924484,
                        2142
                    ],
                    [
                        137.63458135943014,
                        36.321982561960866,
                        2128
                    ],
                    [
                        137.6347243862583,
                        36.32213919686753,
                        2123
                    ],
                    [
                        137.6349165627757,
                        36.32232359670302,
                        2119
                    ],
                    [
                        137.63499338011343,
                        36.32243014510895,
                        2115
                    ],
                    [
                        137.63497223771114,
                        36.322575576467834,
                        2112
                    ],
                    [
                        137.63476202080386,
                        36.32260080811841,
                        2107
                    ],
                    [
                        137.63456340085844,
                        36.32258516149832,
                        2100
                    ],
                    [
                        137.63432646975212,
                        36.32253730638252,
                        2094
                    ],
                    [
                        137.63415581370086,
                        36.3224586898431,
                        2089
                    ],
                    [
                        137.63397777841155,
                        36.32244466124839,
                        2081
                    ],
                    [
                        137.63379379423546,
                        36.322489834314624,
                        2075
                    ],
                    [
                        137.63364224739098,
                        36.32254692982686,
                        2074
                    ],
                    [
                        137.6334045477005,
                        36.32260019988653,
                        2075
                    ],
                    [
                        137.6331808527285,
                        36.3227050038677,
                        2070
                    ],
                    [
                        137.63297282814466,
                        36.322724551802985,
                        2066
                    ],
                    [
                        137.6327588549094,
                        36.322701949342004,
                        2060
                    ],
                    [
                        137.63256926576523,
                        36.32274164908595,
                        2055
                    ],
                    [
                        137.63227625030342,
                        36.32274664758776,
                        2049
                    ],
                    [
                        137.63216443378175,
                        36.32273932506587,
                        2042
                    ],
                    [
                        137.63198789038486,
                        36.322717336280945,
                        2039
                    ],
                    [
                        137.63179684990698,
                        36.32264474380088,
                        2034
                    ],
                    [
                        137.63157341859412,
                        36.32264675921319,
                        2028
                    ],
                    [
                        137.63133993284,
                        36.32260139982324,
                        2023
                    ],
                    [
                        137.631123225447,
                        36.32258818047726,
                        2015
                    ],
                    [
                        137.63089339688864,
                        36.32257298371329,
                        2012
                    ],
                    [
                        137.63067529655348,
                        36.32260772880705,
                        2007
                    ],
                    [
                        137.6306532848079,
                        36.32279111295592,
                        2000
                    ],
                    [
                        137.63050668341123,
                        36.32300956782686,
                        1998
                    ],
                    [
                        137.63029456696705,
                        36.32308061135217,
                        1998
                    ],
                    [
                        137.63018867363337,
                        36.32321498255452,
                        1992
                    ],
                    [
                        137.62995565342084,
                        36.3233673519137,
                        1997
                    ],
                    [
                        137.62977259199585,
                        36.323602336616254,
                        1995
                    ],
                    [
                        137.62987734982772,
                        36.323352148682375,
                        1998
                    ],
                    [
                        137.6301450211959,
                        36.323199329853125,
                        1995
                    ],
                    [
                        137.62987021559687,
                        36.32309819200189,
                        1991
                    ],
                    [
                        137.62957907599252,
                        36.32291287345081,
                        1986
                    ],
                    [
                        137.62946457014314,
                        36.32261666856189,
                        1985
                    ],
                    [
                        137.62935280971539,
                        36.322382110541376,
                        1983
                    ],
                    [
                        137.6292229579991,
                        36.32211992932653,
                        1983
                    ],
                    [
                        137.6292539153917,
                        36.32190466585826,
                        1982
                    ],
                    [
                        137.62916341594448,
                        36.32166209724507,
                        1984
                    ],
                    [
                        137.62919101846703,
                        36.321421897582674,
                        1986
                    ],
                    [
                        137.62922650364249,
                        36.321182909500436,
                        1987
                    ],
                    [
                        137.62936304276872,
                        36.32103734098831,
                        1976
                    ],
                    [
                        137.6293776653502,
                        36.32082415679298,
                        1968
                    ],
                    [
                        137.6295432276475,
                        36.32070738405406,
                        1958
                    ],
                    [
                        137.62955240856766,
                        36.32043000115895,
                        1954
                    ],
                    [
                        137.62977017051463,
                        36.32027992841852,
                        1948
                    ],
                    [
                        137.62988465229213,
                        36.32004867993309,
                        1943
                    ],
                    [
                        137.62990459298936,
                        36.319820375799225,
                        1938
                    ],
                    [
                        137.62994778758636,
                        36.3195802690488,
                        1933
                    ],
                    [
                        137.63008210262998,
                        36.31941677127572,
                        1930
                    ],
                    [
                        137.6301931242216,
                        36.319228590472875,
                        1931
                    ],
                    [
                        137.6303672861945,
                        36.31903190995691,
                        1924
                    ],
                    [
                        137.63058223584466,
                        36.31892488520654,
                        1921
                    ],
                    [
                        137.63078820071286,
                        36.31872996205514,
                        1916
                    ],
                    [
                        137.63102038290495,
                        36.31876123939367,
                        1910
                    ],
                    [
                        137.6311701346681,
                        36.31868523899943,
                        1907
                    ],
                    [
                        137.63132322630494,
                        36.318519406069356,
                        1907
                    ],
                    [
                        137.63154143829075,
                        36.31838215303534,
                        1903
                    ],
                    [
                        137.63172482487704,
                        36.318258314524925,
                        1900
                    ],
                    [
                        137.63190787158246,
                        36.31813166587646,
                        1893
                    ],
                    [
                        137.63207094367607,
                        36.31789565947359,
                        1890
                    ],
                    [
                        137.63219004901487,
                        36.31768432913664,
                        1887
                    ],
                    [
                        137.63234585210108,
                        36.31751927025001,
                        1888
                    ],
                    [
                        137.6323745233818,
                        36.31730318612331,
                        1886
                    ],
                    [
                        137.63241487343814,
                        36.31711361558221,
                        1886
                    ],
                    [
                        137.632486355818,
                        36.31691052011455,
                        1881
                    ],
                    [
                        137.63257855909484,
                        36.316690173688734,
                        1881
                    ],
                    [
                        137.6325459614235,
                        36.31651564026242,
                        1871
                    ],
                    [
                        137.6324897679237,
                        36.31629534309602,
                        1869
                    ],
                    [
                        137.63252485852945,
                        36.31606130165655,
                        1867
                    ],
                    [
                        137.6326713342896,
                        36.31588097740178,
                        1867
                    ],
                    [
                        137.63279422980017,
                        36.31568230282796,
                        1862
                    ],
                    [
                        137.63284910196307,
                        36.315463962926465,
                        1860
                    ],
                    [
                        137.6328768784168,
                        36.315236964011845,
                        1855
                    ],
                    [
                        137.63290927371747,
                        36.315059886110575,
                        1850
                    ],
                    [
                        137.63289558787883,
                        36.31490347806908,
                        1844
                    ],
                    [
                        137.63285914965675,
                        36.314762605405946,
                        1844
                    ],
                    [
                        137.63280877659636,
                        36.31452937068068,
                        1838
                    ],
                    [
                        137.63265311990267,
                        36.31433188207799,
                        1829
                    ],
                    [
                        137.63252646172856,
                        36.31416905323313,
                        1821
                    ],
                    [
                        137.63240938046036,
                        36.31399931695757,
                        1819
                    ],
                    [
                        137.6322893098252,
                        36.31383998365238,
                        1812
                    ],
                    [
                        137.63224336297003,
                        36.313669724931856,
                        1806
                    ],
                    [
                        137.6321823612958,
                        36.31351640224731,
                        1795
                    ],
                    [
                        137.63214657135555,
                        36.31331493513798,
                        1791
                    ],
                    [
                        137.63209879602962,
                        36.31313279109715,
                        1784
                    ],
                    [
                        137.63208444282276,
                        36.31290633426783,
                        1781
                    ],
                    [
                        137.63198484393672,
                        36.31269742773032,
                        1771
                    ],
                    [
                        137.63192268803667,
                        36.31250284384299,
                        1770
                    ],
                    [
                        137.6318522532591,
                        36.312339004785485,
                        1766
                    ],
                    [
                        137.63175071948254,
                        36.31220625184101,
                        1766
                    ],
                    [
                        137.6315814978368,
                        36.31206978364305,
                        1763
                    ],
                    [
                        137.63146504367,
                        36.311944316601945,
                        1756
                    ],
                    [
                        137.63130513805484,
                        36.31186198102832,
                        1757
                    ],
                    [
                        137.63105358814568,
                        36.311776001811104,
                        1753
                    ],
                    [
                        137.63087540909936,
                        36.31174050651818,
                        1750
                    ],
                    [
                        137.63066798306085,
                        36.31170613148608,
                        1746
                    ],
                    [
                        137.63050245810933,
                        36.31155851099121,
                        1738
                    ],
                    [
                        137.63035092470855,
                        36.31134999099248,
                        1730
                    ],
                    [
                        137.63009372326144,
                        36.31130050242558,
                        1726
                    ],
                    [
                        137.62985572217335,
                        36.311131156939325,
                        1718
                    ],
                    [
                        137.6297652521124,
                        36.31088345236987,
                        1716
                    ],
                    [
                        137.6297715995206,
                        36.310732850408364,
                        1719
                    ],
                    [
                        137.62981408778765,
                        36.310563596433084,
                        1722
                    ],
                    [
                        137.62959028888923,
                        36.31044477730516,
                        1718
                    ],
                    [
                        137.6293333809601,
                        36.310346166924546,
                        1713
                    ],
                    [
                        137.62909994670207,
                        36.31028925051266,
                        1708
                    ],
                    [
                        137.62886434893068,
                        36.31016713022113,
                        1709
                    ],
                    [
                        137.6286677023736,
                        36.31002223053939,
                        1705
                    ],
                    [
                        137.62849237681422,
                        36.3099060261153,
                        1702
                    ],
                    [
                        137.62820004686756,
                        36.30976190218761,
                        1704
                    ],
                    [
                        137.62796011336079,
                        36.30964358149731,
                        1704
                    ],
                    [
                        137.62764788457554,
                        36.30946900191436,
                        1704
                    ],
                    [
                        137.62738989376803,
                        36.309350236353396,
                        1706
                    ],
                    [
                        137.62719384465782,
                        36.309189595568405,
                        1697
                    ],
                    [
                        137.62698112354724,
                        36.30900375204757,
                        1697
                    ],
                    [
                        137.62677310807305,
                        36.30888215300505,
                        1697
                    ],
                    [
                        137.62647013309422,
                        36.30882398112232,
                        1693
                    ],
                    [
                        137.62622845305776,
                        36.30867463176073,
                        1684
                    ],
                    [
                        137.62605462308395,
                        36.30856104262017,
                        1680
                    ],
                    [
                        137.62600676402417,
                        36.30843239173279,
                        1673
                    ],
                    [
                        137.6258783744097,
                        36.30834563192249,
                        1670
                    ],
                    [
                        137.62564756402065,
                        36.308318719687456,
                        1667
                    ],
                    [
                        137.62541415194383,
                        36.30825990132968,
                        1662
                    ],
                    [
                        137.6252037826345,
                        36.30810915941003,
                        1661
                    ],
                    [
                        137.62500253526994,
                        36.30799641225427,
                        1657
                    ],
                    [
                        137.62481037519944,
                        36.30782940226009,
                        1652
                    ],
                    [
                        137.62460883312295,
                        36.30767144373883,
                        1648
                    ],
                    [
                        137.6243568658337,
                        36.307577121513056,
                        1645
                    ],
                    [
                        137.6242234402255,
                        36.30743115306977,
                        1647
                    ],
                    [
                        137.62400973611784,
                        36.30749649590741,
                        1645
                    ],
                    [
                        137.623812913565,
                        36.307394072239255,
                        1641
                    ],
                    [
                        137.62366030570462,
                        36.30721509154539,
                        1635
                    ],
                    [
                        137.6234306920797,
                        36.30705273472681,
                        1634
                    ],
                    [
                        137.62320046222888,
                        36.30697665589671,
                        1630
                    ],
                    [
                        137.62295883517163,
                        36.30687749935806,
                        1629
                    ],
                    [
                        137.62275294056673,
                        36.306764833011286,
                        1627
                    ],
                    [
                        137.62247146263763,
                        36.306610200873656,
                        1625
                    ],
                    [
                        137.62233477258854,
                        36.30650243041591,
                        1627
                    ],
                    [
                        137.622104159633,
                        36.30641911068085,
                        1625
                    ],
                    [
                        137.62184426297944,
                        36.3063039945435,
                        1622
                    ],
                    [
                        137.62153440167648,
                        36.30621024051928,
                        1621
                    ],
                    [
                        137.62130305106768,
                        36.306100835798176,
                        1618
                    ],
                    [
                        137.6210453040462,
                        36.306035381932205,
                        1616
                    ],
                    [
                        137.6208800417977,
                        36.3059227262096,
                        1615
                    ],
                    [
                        137.6206332726532,
                        36.305785246402536,
                        1604
                    ],
                    [
                        137.62048710830132,
                        36.305646308329436,
                        1601
                    ],
                    [
                        137.62028672592749,
                        36.30564779757418,
                        1597
                    ],
                    [
                        137.62007452929302,
                        36.30551521356886,
                        1592
                    ],
                    [
                        137.6198176698896,
                        36.305348612704,
                        1589
                    ],
                    [
                        137.61963719745924,
                        36.305178250936365,
                        1580
                    ],
                    [
                        137.6193487653087,
                        36.30507957660211,
                        1579
                    ],
                    [
                        137.6191965168832,
                        36.30491907082517,
                        1573
                    ],
                    [
                        137.61901759074652,
                        36.304775798405295,
                        1570
                    ],
                    [
                        137.61879201429676,
                        36.30460901032046,
                        1566
                    ],
                    [
                        137.6185972721405,
                        36.30455065569392,
                        1569
                    ],
                    [
                        137.61834236724965,
                        36.30440064974754,
                        1563
                    ],
                    [
                        137.61810579880088,
                        36.30431500120195,
                        1557
                    ],
                    [
                        137.61785745046333,
                        36.30416557940014,
                        1555
                    ],
                    [
                        137.61760243944494,
                        36.30409991249574,
                        1557
                    ],
                    [
                        137.61732107105797,
                        36.30402877640297,
                        1557
                    ],
                    [
                        137.61704282218437,
                        36.30393577504376,
                        1554
                    ],
                    [
                        137.61682751706522,
                        36.303779215374064,
                        1555
                    ],
                    [
                        137.61654346413712,
                        36.303681553018606,
                        1558
                    ],
                    [
                        137.61624741313096,
                        36.303545213168235,
                        1551
                    ],
                    [
                        137.61609605661175,
                        36.30331548497145,
                        1554
                    ],
                    [
                        137.61586112168487,
                        36.303122344823336,
                        1550
                    ],
                    [
                        137.61563834129564,
                        36.30296981750915,
                        1556
                    ],
                    [
                        137.61542222038779,
                        36.302770817603765,
                        1555
                    ],
                    [
                        137.61516806173594,
                        36.30259345912444,
                        1556
                    ],
                    [
                        137.61494813342975,
                        36.302324022458734,
                        1554
                    ],
                    [
                        137.61485400969633,
                        36.30210656926409,
                        1558
                    ],
                    [
                        137.61469729847914,
                        36.30187810173743,
                        1560
                    ],
                    [
                        137.61459251917506,
                        36.30163807008254,
                        1561
                    ],
                    [
                        137.61443212986157,
                        36.30144577465919,
                        1561
                    ],
                    [
                        137.61436138284282,
                        36.301239300235515,
                        1566
                    ],
                    [
                        137.614105302026,
                        36.30111046765302,
                        1571
                    ],
                    [
                        137.61378423930933,
                        36.30105552929277,
                        1570
                    ],
                    [
                        137.61359152607545,
                        36.300888016816415,
                        1564
                    ],
                    [
                        137.6135821356958,
                        36.30062678963577,
                        1565
                    ],
                    [
                        137.61378946744665,
                        36.30046623200058,
                        1568
                    ],
                    [
                        137.6140132701457,
                        36.30035308776603,
                        1566
                    ],
                    [
                        137.61407995600584,
                        36.30022681121193,
                        1562
                    ],
                    [
                        137.61401114752547,
                        36.30009577690765,
                        1552
                    ],
                    [
                        137.61390816779362,
                        36.29993128402986,
                        1546
                    ],
                    [
                        137.6137125291293,
                        36.29973905256669,
                        1547
                    ],
                    [
                        137.6134346288908,
                        36.299560706287345,
                        1547
                    ],
                    [
                        137.61307552766496,
                        36.29958298216912,
                        1550
                    ],
                    [
                        137.6127195076965,
                        36.299671128909424,
                        1547
                    ],
                    [
                        137.61233860610318,
                        36.29962051313508,
                        1543
                    ],
                    [
                        137.61202590976055,
                        36.29945427825039,
                        1538
                    ],
                    [
                        137.61187926339244,
                        36.299140532114805,
                        1537
                    ],
                    [
                        137.6115903693625,
                        36.29899357992319,
                        1536
                    ],
                    [
                        137.61140934286732,
                        36.298837683210785,
                        1536
                    ],
                    [
                        137.61124927707903,
                        36.298671448256385,
                        1533
                    ],
                    [
                        137.61101017768868,
                        36.2984562894351,
                        1529
                    ],
                    [
                        137.61108268589237,
                        36.298187617859455,
                        1530
                    ],
                    [
                        137.61087801864744,
                        36.297999831779094,
                        1523
                    ],
                    [
                        137.61048507427216,
                        36.297930475753475,
                        1524
                    ],
                    [
                        137.61019409722977,
                        36.29776970415721,
                        1518
                    ],
                    [
                        137.61003475927293,
                        36.29748733700815,
                        1513
                    ],
                    [
                        137.60982491442107,
                        36.29727634574336,
                        1510
                    ],
                    [
                        137.6097536100504,
                        36.296952581250544,
                        1512
                    ],
                    [
                        137.60971849587372,
                        36.29663450328262,
                        1503
                    ],
                    [
                        137.60950952409962,
                        36.29639859232243,
                        1500
                    ],
                    [
                        137.6091722250386,
                        36.29639910035994,
                        1500
                    ],
                    [
                        137.60878475901214,
                        36.29627962138154,
                        1493
                    ],
                    [
                        137.60851616893547,
                        36.296117416768396,
                        1491
                    ],
                    [
                        137.6081576502171,
                        36.29603890296343,
                        1486
                    ],
                    [
                        137.60793359487138,
                        36.29572949809593,
                        1483
                    ],
                    [
                        137.60774971693337,
                        36.295458446337435,
                        1485
                    ],
                    [
                        137.60755322628947,
                        36.295207822028836,
                        1489
                    ],
                    [
                        137.6073067042019,
                        36.29506832000566,
                        1480
                    ],
                    [
                        137.60699874514643,
                        36.29503130377277,
                        1478
                    ],
                    [
                        137.60665342544632,
                        36.29484456314187,
                        1465
                    ],
                    [
                        137.60651664326042,
                        36.29453276533459,
                        1469
                    ],
                    [
                        137.60637363294055,
                        36.29431162799736,
                        1469
                    ],
                    [
                        137.60605756390427,
                        36.29426523021764,
                        1464
                    ],
                    [
                        137.60570083110693,
                        36.294280754237036,
                        1460
                    ],
                    [
                        137.6053369278283,
                        36.2943540301177,
                        1453
                    ],
                    [
                        137.60495669927684,
                        36.294401274056206,
                        1451
                    ],
                    [
                        137.60472028263038,
                        36.29414857265437,
                        1447
                    ],
                    [
                        137.60439598421198,
                        36.29400532199448,
                        1449
                    ],
                    [
                        137.60405881555891,
                        36.29412044159134,
                        1444
                    ],
                    [
                        137.60367980759943,
                        36.29413384839296,
                        1440
                    ],
                    [
                        137.60329965577495,
                        36.29406073933858,
                        1436
                    ],
                    [
                        137.60303767039218,
                        36.29387143800237,
                        1434
                    ],
                    [
                        137.6028116844423,
                        36.29362856229971,
                        1431
                    ],
                    [
                        137.60286096218633,
                        36.29330719205228,
                        1437
                    ],
                    [
                        137.60268952547872,
                        36.29313507656502,
                        1436
                    ],
                    [
                        137.60247222335084,
                        36.293342505428726,
                        1433
                    ],
                    [
                        137.60214755987303,
                        36.29351665241353,
                        1430
                    ],
                    [
                        137.6017743060037,
                        36.29343696560758,
                        1426
                    ],
                    [
                        137.60140814230334,
                        36.293312132704166,
                        1425
                    ],
                    [
                        137.60117072915082,
                        36.29327486132473,
                        1423
                    ],
                    [
                        137.60089281271505,
                        36.29353990985839,
                        1420
                    ],
                    [
                        137.60050262880856,
                        36.29358489344504,
                        1412
                    ],
                    [
                        137.60015749701967,
                        36.29342083896712,
                        1413
                    ],
                    [
                        137.59984119850904,
                        36.293262714678185,
                        1411
                    ],
                    [
                        137.59949334953532,
                        36.29336393309371,
                        1410
                    ],
                    [
                        137.59911682472455,
                        36.293445432805136,
                        1406
                    ],
                    [
                        137.59869779288022,
                        36.29335863730431,
                        1399
                    ],
                    [
                        137.59842348149053,
                        36.29313286898259,
                        1398
                    ],
                    [
                        137.5982784595778,
                        36.29281161887749,
                        1399
                    ],
                    [
                        137.5980661783653,
                        36.29257100893698,
                        1397
                    ],
                    [
                        137.59776798464952,
                        36.29239532489824,
                        1396
                    ],
                    [
                        137.59740647741083,
                        36.29230020390349,
                        1391
                    ],
                    [
                        137.59702839076266,
                        36.292173443202344,
                        1384
                    ],
                    [
                        137.59671650361915,
                        36.29201890593909,
                        1382
                    ],
                    [
                        137.5963780119999,
                        36.291890780860406,
                        1382
                    ],
                    [
                        137.59610070317245,
                        36.2916950214335,
                        1378
                    ],
                    [
                        137.59582195517876,
                        36.2915776402688,
                        1375
                    ],
                    [
                        137.59547628441837,
                        36.29144045248042,
                        1371
                    ],
                    [
                        137.5951763119704,
                        36.29128783713096,
                        1368
                    ],
                    [
                        137.59483588934953,
                        36.29115266918954,
                        1367
                    ],
                    [
                        137.59457665078205,
                        36.29093862036359,
                        1364
                    ],
                    [
                        137.59423946383416,
                        36.29077447103385,
                        1361
                    ],
                    [
                        137.59388969801068,
                        36.29077008131699,
                        1357
                    ],
                    [
                        137.5935291801176,
                        36.29086584018241,
                        1352
                    ],
                    [
                        137.5931790021429,
                        36.29095099759635,
                        1351
                    ],
                    [
                        137.59288911130562,
                        36.29110254609138,
                        1348
                    ],
                    [
                        137.59269165033137,
                        36.291261779004095,
                        1347
                    ],
                    [
                        137.59296429445993,
                        36.29141548914205,
                        1345
                    ],
                    [
                        137.59331384881517,
                        36.29142849255727,
                        1344
                    ],
                    [
                        137.59360976793315,
                        36.29160004041478,
                        1340
                    ],
                    [
                        137.5940144702687,
                        36.29162284833716,
                        1341
                    ],
                    [
                        137.59433419871138,
                        36.29176378755561,
                        1339
                    ],
                    [
                        137.59464016126762,
                        36.291872185548364,
                        1334
                    ],
                    [
                        137.59496261956662,
                        36.29202404448614,
                        1327
                    ],
                    [
                        137.59526658293834,
                        36.29220022922678,
                        1323
                    ],
                    [
                        137.59553084227156,
                        36.29234348576402,
                        1323
                    ],
                    [
                        137.5958673723595,
                        36.292496951460336,
                        1326
                    ],
                    [
                        137.5961793563587,
                        36.29267515834189,
                        1323
                    ],
                    [
                        137.5963782242795,
                        36.29292903317646,
                        1320
                    ],
                    [
                        137.59649165656484,
                        36.293209236450565,
                        1316
                    ],
                    [
                        137.59651820046216,
                        36.293534649523956,
                        1314
                    ],
                    [
                        137.596684431519,
                        36.29380348697364,
                        1315
                    ],
                    [
                        137.59664199925766,
                        36.29408018318364,
                        1307
                    ],
                    [
                        137.59635985947278,
                        36.2938646733595,
                        1307
                    ],
                    [
                        137.5963358888439,
                        36.293557937923666,
                        1300
                    ],
                    [
                        137.59615221657216,
                        36.2933026519374,
                        1299
                    ],
                    [
                        137.59581351854212,
                        36.29316287867128,
                        1298
                    ],
                    [
                        137.59546695650488,
                        36.29323111539813,
                        1295
                    ],
                    [
                        137.59511129442916,
                        36.293260428889944,
                        1294
                    ],
                    [
                        137.59472875774892,
                        36.293224612998024,
                        1291
                    ],
                    [
                        137.5943837343875,
                        36.293233022476485,
                        1287
                    ],
                    [
                        137.59399890811582,
                        36.29322826211403,
                        1284
                    ],
                    [
                        137.5936042175633,
                        36.293172159248996,
                        1281
                    ],
                    [
                        137.5932634726853,
                        36.29303769169401,
                        1279
                    ],
                    [
                        137.59293793417555,
                        36.292951280184525,
                        1278
                    ],
                    [
                        137.5925832934079,
                        36.2929001010226,
                        1274
                    ],
                    [
                        137.59230122167676,
                        36.29271128279355,
                        1275
                    ],
                    [
                        137.59195209004943,
                        36.292562732355975,
                        1272
                    ],
                    [
                        137.59159947613722,
                        36.29246495587902,
                        1269
                    ],
                    [
                        137.59136508672347,
                        36.29222966353138,
                        1266
                    ],
                    [
                        137.59100684902538,
                        36.29216014105192,
                        1261
                    ],
                    [
                        137.5906529924887,
                        36.29201804607382,
                        1258
                    ],
                    [
                        137.5904281080264,
                        36.291784565464695,
                        1256
                    ],
                    [
                        137.59018064778502,
                        36.29163562109565,
                        1252
                    ],
                    [
                        137.59007902995472,
                        36.29134309588539,
                        1255
                    ],
                    [
                        137.58985432765346,
                        36.291096102301346,
                        1250
                    ],
                    [
                        137.5896262518874,
                        36.290846873907256,
                        1248
                    ],
                    [
                        137.58938488066758,
                        36.29062001160284,
                        1247
                    ],
                    [
                        137.58917210981053,
                        36.290387347689794,
                        1243
                    ],
                    [
                        137.58894914287276,
                        36.290144583087184,
                        1242
                    ],
                    [
                        137.58869195735966,
                        36.289926184725566,
                        1239
                    ],
                    [
                        137.5883745862432,
                        36.289742867975264,
                        1236
                    ],
                    [
                        137.58803399233435,
                        36.28967167485797,
                        1235
                    ],
                    [
                        137.5877274262934,
                        36.28948158604727,
                        1238
                    ],
                    [
                        137.58737278277422,
                        36.289369537036244,
                        1237
                    ],
                    [
                        137.5869934733726,
                        36.28933437737963,
                        1232
                    ],
                    [
                        137.58665801122706,
                        36.28921161695108,
                        1227
                    ],
                    [
                        137.58642498294347,
                        36.28896705443652,
                        1222
                    ],
                    [
                        137.58616411748287,
                        36.28881418057309,
                        1221
                    ],
                    [
                        137.5857822213826,
                        36.28874064099103,
                        1220
                    ],
                    [
                        137.58541518987457,
                        36.28865915795582,
                        1216
                    ],
                    [
                        137.58507931606277,
                        36.28858525522511,
                        1212
                    ],
                    [
                        137.58469850619989,
                        36.288485287560924,
                        1209
                    ],
                    [
                        137.5843286778887,
                        36.2883653344554,
                        1208
                    ],
                    [
                        137.58393997626303,
                        36.28831730317431,
                        1206
                    ],
                    [
                        137.5835677651599,
                        36.288213474587614,
                        1202
                    ],
                    [
                        137.58324600488257,
                        36.288012064314884,
                        1200
                    ],
                    [
                        137.58294294802974,
                        36.28786661772653,
                        1196
                    ],
                    [
                        137.58271871645408,
                        36.28763699390463,
                        1194
                    ],
                    [
                        137.58249193072425,
                        36.287386534819646,
                        1191
                    ],
                    [
                        137.5822621535919,
                        36.28715420834893,
                        1186
                    ],
                    [
                        137.58203822778287,
                        36.28697778082465,
                        1188
                    ],
                    [
                        137.58165573349152,
                        36.28693237322699,
                        1185
                    ],
                    [
                        137.5813002723022,
                        36.28686923919887,
                        1183
                    ],
                    [
                        137.58095707051925,
                        36.28683182163544,
                        1183
                    ],
                    [
                        137.58058810498588,
                        36.28691145885992,
                        1182
                    ],
                    [
                        137.5802204841638,
                        36.286922842629565,
                        1180
                    ],
                    [
                        137.57984666286953,
                        36.28693507303728,
                        1177
                    ],
                    [
                        137.57943882670543,
                        36.28689049800872,
                        1182
                    ],
                    [
                        137.579115826938,
                        36.286846260881646,
                        1172
                    ],
                    [
                        137.5787542683411,
                        36.28684651292371,
                        1170
                    ],
                    [
                        137.57851789990835,
                        36.28675735321657,
                        1167
                    ],
                    [
                        137.5782949109692,
                        36.28672483991229,
                        1165
                    ],
                    [
                        137.57860041939125,
                        36.28689967268388,
                        1158
                    ],
                    [
                        137.57894951250012,
                        36.28703229198445,
                        1159
                    ],
                    [
                        137.57925902772558,
                        36.287169978322574,
                        1156
                    ],
                    [
                        137.57893446126428,
                        36.287212957302124,
                        1153
                    ],
                    [
                        137.57857988212507,
                        36.2871135187965,
                        1150
                    ],
                    [
                        137.5782547400049,
                        36.28700161170488,
                        1148
                    ],
                    [
                        137.57792163779345,
                        36.28687317542489,
                        1145
                    ],
                    [
                        137.57757303289245,
                        36.286801205084,
                        1142
                    ],
                    [
                        137.57719836905818,
                        36.28669474050726,
                        1134
                    ],
                    [
                        137.57729322414446,
                        36.28688734538879,
                        1136
                    ],
                    [
                        137.57732296727053,
                        36.287077716127385,
                        1133
                    ],
                    [
                        137.57701045803915,
                        36.28690501994758,
                        1130
                    ],
                    [
                        137.57676309680815,
                        36.28667765287138,
                        1129
                    ],
                    [
                        137.57643001238253,
                        36.28655049275035,
                        1124
                    ],
                    [
                        137.5761105363032,
                        36.286401235796404,
                        1120
                    ],
                    [
                        137.57582263112062,
                        36.2862922477511,
                        1116
                    ],
                    [
                        137.57562587712877,
                        36.28601571582097,
                        1111
                    ],
                    [
                        137.57546817056345,
                        36.28576026049114,
                        1108
                    ],
                    [
                        137.57531859764978,
                        36.28548937978808,
                        1105
                    ],
                    [
                        137.57517754400294,
                        36.28519925548309,
                        1105
                    ],
                    [
                        137.57521313108802,
                        36.2848908076966,
                        1104
                    ],
                    [
                        137.57501773811867,
                        36.284681336960794,
                        1103
                    ],
                    [
                        137.5748032132445,
                        36.284423745800055,
                        1094
                    ],
                    [
                        137.5749085491419,
                        36.28411153291718,
                        1089
                    ],
                    [
                        137.57504258625502,
                        36.28383624793986,
                        1089
                    ],
                    [
                        137.57505103198628,
                        36.28353940306021,
                        1088
                    ],
                    [
                        137.57499093836194,
                        36.28324400361718,
                        1084
                    ],
                    [
                        137.5750736807301,
                        36.2829603575804,
                        1083
                    ],
                    [
                        137.5750270343056,
                        36.28268293844808,
                        1083
                    ],
                    [
                        137.57491775199142,
                        36.28237288806847,
                        1083
                    ],
                    [
                        137.57484136143515,
                        36.2820789737607,
                        1079
                    ],
                    [
                        137.57470063146147,
                        36.28179724692694,
                        1079
                    ],
                    [
                        137.57451647113103,
                        36.28153201310938,
                        1077
                    ],
                    [
                        137.57422941229717,
                        36.28136936385208,
                        1071
                    ],
                    [
                        137.57396752931731,
                        36.28117903437383,
                        1069
                    ],
                    [
                        137.57392809351236,
                        36.28089199328395,
                        1067
                    ],
                    [
                        137.57376762654886,
                        36.28060974711911,
                        1067
                    ],
                    [
                        137.57350214353175,
                        36.28031424192777,
                        1062
                    ],
                    [
                        137.57321284652946,
                        36.280071746655025,
                        1057
                    ],
                    [
                        137.57298850009107,
                        36.27985549914854,
                        1053
                    ],
                    [
                        137.57280458234476,
                        36.27961584864962,
                        1052
                    ],
                    [
                        137.57256855657056,
                        36.27941880084284,
                        1050
                    ],
                    [
                        137.57267083763455,
                        36.279166025808365,
                        1047
                    ],
                    [
                        137.57263605609535,
                        36.27903042942427,
                        1048
                    ]
                ]
            }
        },

        {
            "type": "Feature",
            "properties": {
                "name": "20240810",
                "time": "2024-08-09T22:32:58Z",
                "coordTimes": [
                    "2024-08-09T22:32:58Z",
                    "2024-08-09T22:33:30Z",
                    "2024-08-09T22:34:06Z",
                    "2024-08-09T22:34:47Z",
                    "2024-08-09T22:35:19Z",
                    "2024-08-09T22:35:59Z",
                    "2024-08-09T22:36:33Z",
                    "2024-08-09T22:37:00Z",
                    "2024-08-09T22:37:29Z",
                    "2024-08-09T22:37:56Z",
                    "2024-08-09T22:38:26Z",
                    "2024-08-09T22:38:55Z",
                    "2024-08-09T22:39:22Z",
                    "2024-08-09T22:39:52Z",
                    "2024-08-09T22:40:20Z",
                    "2024-08-09T22:40:50Z",
                    "2024-08-09T22:41:33Z",
                    "2024-08-09T22:42:05Z",
                    "2024-08-09T22:42:34Z",
                    "2024-08-09T22:43:05Z",
                    "2024-08-09T22:43:37Z",
                    "2024-08-09T22:44:08Z",
                    "2024-08-09T22:44:41Z",
                    "2024-08-09T22:45:10Z",
                    "2024-08-09T22:45:40Z",
                    "2024-08-09T22:46:12Z",
                    "2024-08-09T22:46:46Z",
                    "2024-08-09T22:47:15Z",
                    "2024-08-09T22:47:42Z",
                    "2024-08-09T22:48:16Z",
                    "2024-08-09T22:48:50Z",
                    "2024-08-09T22:49:21Z",
                    "2024-08-09T22:49:59Z",
                    "2024-08-09T22:50:33Z",
                    "2024-08-09T22:51:04Z",
                    "2024-08-09T22:51:40Z",
                    "2024-08-09T22:52:15Z",
                    "2024-08-09T22:52:49Z",
                    "2024-08-09T22:53:25Z",
                    "2024-08-09T22:54:05Z",
                    "2024-08-09T22:54:43Z",
                    "2024-08-09T22:55:20Z",
                    "2024-08-09T22:55:58Z",
                    "2024-08-09T22:56:25Z",
                    "2024-08-09T22:56:59Z",
                    "2024-08-09T22:57:35Z",
                    "2024-08-09T22:58:06Z",
                    "2024-08-09T22:58:37Z",
                    "2024-08-09T22:59:11Z",
                    "2024-08-09T22:59:40Z",
                    "2024-08-09T23:00:11Z",
                    "2024-08-09T23:00:45Z",
                    "2024-08-09T23:01:17Z",
                    "2024-08-09T23:01:50Z",
                    "2024-08-09T23:02:29Z",
                    "2024-08-09T23:03:10Z",
                    "2024-08-09T23:03:49Z",
                    "2024-08-09T23:04:26Z",
                    "2024-08-09T23:05:15Z",
                    "2024-08-09T23:05:54Z",
                    "2024-08-09T23:06:24Z",
                    "2024-08-09T23:06:51Z",
                    "2024-08-09T23:07:21Z",
                    "2024-08-09T23:07:49Z",
                    "2024-08-09T23:08:16Z",
                    "2024-08-09T23:08:48Z",
                    "2024-08-09T23:09:15Z",
                    "2024-08-09T23:09:49Z",
                    "2024-08-09T23:10:17Z",
                    "2024-08-09T23:10:46Z",
                    "2024-08-09T23:11:21Z",
                    "2024-08-09T23:11:55Z",
                    "2024-08-09T23:12:28Z",
                    "2024-08-09T23:23:10Z",
                    "2024-08-09T23:23:47Z",
                    "2024-08-09T23:24:24Z",
                    "2024-08-09T23:24:52Z",
                    "2024-08-09T23:25:20Z",
                    "2024-08-09T23:25:48Z",
                    "2024-08-09T23:26:15Z",
                    "2024-08-09T23:26:41Z",
                    "2024-08-09T23:27:07Z",
                    "2024-08-09T23:27:34Z",
                    "2024-08-09T23:28:03Z",
                    "2024-08-09T23:28:39Z",
                    "2024-08-09T23:29:11Z",
                    "2024-08-09T23:30:03Z",
                    "2024-08-09T23:30:31Z",
                    "2024-08-09T23:30:59Z",
                    "2024-08-09T23:31:29Z",
                    "2024-08-09T23:32:00Z",
                    "2024-08-09T23:32:29Z",
                    "2024-08-09T23:33:00Z",
                    "2024-08-09T23:33:37Z",
                    "2024-08-09T23:34:10Z",
                    "2024-08-09T23:34:37Z",
                    "2024-08-09T23:35:04Z",
                    "2024-08-09T23:35:33Z",
                    "2024-08-09T23:35:59Z",
                    "2024-08-09T23:36:30Z",
                    "2024-08-09T23:37:01Z",
                    "2024-08-09T23:37:29Z",
                    "2024-08-09T23:38:05Z",
                    "2024-08-09T23:38:36Z",
                    "2024-08-09T23:39:03Z",
                    "2024-08-09T23:39:33Z",
                    "2024-08-09T23:40:21Z",
                    "2024-08-09T23:40:48Z",
                    "2024-08-09T23:41:19Z",
                    "2024-08-09T23:41:47Z",
                    "2024-08-09T23:42:15Z",
                    "2024-08-09T23:42:49Z",
                    "2024-08-09T23:43:28Z",
                    "2024-08-09T23:44:01Z",
                    "2024-08-09T23:44:32Z",
                    "2024-08-09T23:44:57Z",
                    "2024-08-09T23:45:32Z",
                    "2024-08-09T23:46:02Z",
                    "2024-08-09T23:46:29Z",
                    "2024-08-09T23:46:56Z",
                    "2024-08-09T23:47:24Z",
                    "2024-08-09T23:47:56Z",
                    "2024-08-09T23:48:45Z",
                    "2024-08-09T23:49:32Z",
                    "2024-08-09T23:50:17Z",
                    "2024-08-09T23:50:55Z",
                    "2024-08-09T23:51:33Z",
                    "2024-08-09T23:52:01Z",
                    "2024-08-09T23:52:36Z",
                    "2024-08-09T23:53:04Z",
                    "2024-08-09T23:53:37Z",
                    "2024-08-09T23:54:07Z",
                    "2024-08-09T23:54:40Z",
                    "2024-08-09T23:55:08Z",
                    "2024-08-09T23:55:44Z",
                    "2024-08-09T23:56:15Z",
                    "2024-08-09T23:56:50Z",
                    "2024-08-09T23:57:17Z",
                    "2024-08-09T23:57:46Z",
                    "2024-08-09T23:58:14Z",
                    "2024-08-09T23:58:49Z",
                    "2024-08-09T23:59:19Z",
                    "2024-08-09T23:59:45Z",
                    "2024-08-10T00:00:10Z",
                    "2024-08-10T00:00:43Z",
                    "2024-08-10T00:01:13Z",
                    "2024-08-10T00:01:39Z",
                    "2024-08-10T00:02:07Z",
                    "2024-08-10T00:02:36Z",
                    "2024-08-10T00:03:02Z",
                    "2024-08-10T00:03:27Z",
                    "2024-08-10T00:03:53Z",
                    "2024-08-10T00:04:23Z",
                    "2024-08-10T00:04:54Z",
                    "2024-08-10T00:05:39Z",
                    "2024-08-10T00:06:10Z",
                    "2024-08-10T00:06:42Z",
                    "2024-08-10T00:07:16Z",
                    "2024-08-10T00:07:55Z",
                    "2024-08-10T00:08:22Z",
                    "2024-08-10T00:08:59Z",
                    "2024-08-10T00:09:30Z",
                    "2024-08-10T00:10:02Z",
                    "2024-08-10T00:10:34Z",
                    "2024-08-10T00:11:03Z",
                    "2024-08-10T00:11:39Z",
                    "2024-08-10T00:12:16Z",
                    "2024-08-10T00:12:52Z",
                    "2024-08-10T00:13:21Z",
                    "2024-08-10T00:13:49Z",
                    "2024-08-10T00:14:26Z",
                    "2024-08-10T00:14:55Z",
                    "2024-08-10T00:15:25Z",
                    "2024-08-10T00:15:55Z",
                    "2024-08-10T00:16:22Z",
                    "2024-08-10T00:16:59Z",
                    "2024-08-10T00:17:31Z",
                    "2024-08-10T00:18:09Z",
                    "2024-08-10T00:18:42Z",
                    "2024-08-10T00:19:09Z",
                    "2024-08-10T00:19:50Z",
                    "2024-08-10T00:20:34Z",
                    "2024-08-10T00:21:29Z",
                    "2024-08-10T00:22:12Z",
                    "2024-08-10T00:23:02Z",
                    "2024-08-10T00:23:31Z",
                    "2024-08-10T00:23:59Z",
                    "2024-08-10T00:24:27Z",
                    "2024-08-10T00:24:59Z",
                    "2024-08-10T00:25:34Z",
                    "2024-08-10T00:26:30Z",
                    "2024-08-10T00:27:17Z",
                    "2024-08-10T00:27:42Z",
                    "2024-08-10T00:28:23Z",
                    "2024-08-10T00:29:07Z",
                    "2024-08-10T00:31:37Z",
                    "2024-08-10T00:32:07Z",
                    "2024-08-10T00:32:40Z",
                    "2024-08-10T00:33:12Z",
                    "2024-08-10T00:34:12Z",
                    "2024-08-10T00:34:51Z",
                    "2024-08-10T00:35:32Z",
                    "2024-08-10T00:36:13Z",
                    "2024-08-10T00:37:02Z",
                    "2024-08-10T00:37:54Z",
                    "2024-08-10T00:38:35Z",
                    "2024-08-10T00:40:09Z",
                    "2024-08-10T00:40:45Z",
                    "2024-08-10T00:41:36Z",
                    "2024-08-10T00:43:02Z",
                    "2024-08-10T00:43:38Z",
                    "2024-08-10T00:44:17Z",
                    "2024-08-10T00:45:20Z",
                    "2024-08-10T00:46:24Z",
                    "2024-08-10T00:47:09Z",
                    "2024-08-10T00:47:35Z",
                    "2024-08-10T00:48:06Z",
                    "2024-08-10T00:48:38Z",
                    "2024-08-10T00:49:30Z",
                    "2024-08-10T00:50:18Z",
                    "2024-08-10T00:50:55Z",
                    "2024-08-10T00:51:49Z",
                    "2024-08-10T00:52:44Z",
                    "2024-08-10T00:53:43Z",
                    "2024-08-10T00:54:29Z",
                    "2024-08-10T00:55:13Z",
                    "2024-08-10T00:55:54Z",
                    "2024-08-10T00:56:42Z",
                    "2024-08-10T00:57:49Z",
                    "2024-08-10T00:58:40Z",
                    "2024-08-10T00:59:43Z",
                    "2024-08-10T01:00:45Z",
                    "2024-08-10T01:01:32Z",
                    "2024-08-10T01:02:22Z",
                    "2024-08-10T01:03:02Z",
                    "2024-08-10T01:03:44Z",
                    "2024-08-10T01:04:26Z",
                    "2024-08-10T01:05:07Z",
                    "2024-08-10T01:05:58Z",
                    "2024-08-10T01:06:29Z",
                    "2024-08-10T01:07:10Z",
                    "2024-08-10T01:07:55Z",
                    "2024-08-10T01:08:55Z",
                    "2024-08-10T01:09:29Z",
                    "2024-08-10T01:10:10Z",
                    "2024-08-10T01:10:46Z",
                    "2024-08-10T01:11:22Z",
                    "2024-08-10T01:12:05Z",
                    "2024-08-10T01:12:34Z",
                    "2024-08-10T01:13:08Z",
                    "2024-08-10T01:13:39Z",
                    "2024-08-10T01:14:19Z",
                    "2024-08-10T01:28:07Z",
                    "2024-08-10T01:28:39Z",
                    "2024-08-10T01:29:22Z",
                    "2024-08-10T01:29:57Z",
                    "2024-08-10T01:30:43Z",
                    "2024-08-10T01:31:17Z",
                    "2024-08-10T01:31:45Z",
                    "2024-08-10T01:32:22Z",
                    "2024-08-10T01:33:00Z",
                    "2024-08-10T01:33:38Z",
                    "2024-08-10T01:34:37Z",
                    "2024-08-10T01:35:29Z",
                    "2024-08-10T01:35:59Z",
                    "2024-08-10T01:36:33Z",
                    "2024-08-10T01:37:13Z",
                    "2024-08-10T01:37:48Z",
                    "2024-08-10T01:38:35Z",
                    "2024-08-10T01:39:09Z",
                    "2024-08-10T01:39:45Z",
                    "2024-08-10T01:40:23Z",
                    "2024-08-10T01:40:54Z",
                    "2024-08-10T01:41:25Z",
                    "2024-08-10T01:42:09Z",
                    "2024-08-10T01:42:40Z",
                    "2024-08-10T01:43:21Z",
                    "2024-08-10T01:43:58Z",
                    "2024-08-10T01:44:45Z",
                    "2024-08-10T01:45:37Z",
                    "2024-08-10T01:46:25Z",
                    "2024-08-10T01:47:09Z",
                    "2024-08-10T01:47:42Z",
                    "2024-08-10T01:48:22Z",
                    "2024-08-10T01:49:05Z",
                    "2024-08-10T01:49:49Z",
                    "2024-08-10T01:50:37Z",
                    "2024-08-10T01:51:12Z",
                    "2024-08-10T01:52:06Z",
                    "2024-08-10T01:52:43Z",
                    "2024-08-10T01:53:15Z",
                    "2024-08-10T01:54:08Z",
                    "2024-08-10T01:54:38Z",
                    "2024-08-10T01:55:09Z",
                    "2024-08-10T01:55:59Z",
                    "2024-08-10T01:57:03Z",
                    "2024-08-10T01:58:27Z",
                    "2024-08-10T01:59:35Z",
                    "2024-08-10T02:00:43Z",
                    "2024-08-10T02:02:32Z",
                    "2024-08-10T02:04:22Z",
                    "2024-08-10T02:05:17Z",
                    "2024-08-10T02:06:12Z",
                    "2024-08-10T02:06:46Z",
                    "2024-08-10T02:07:41Z",
                    "2024-08-10T02:08:14Z",
                    "2024-08-10T02:09:13Z",
                    "2024-08-10T02:30:50Z",
                    "2024-08-10T02:31:24Z",
                    "2024-08-10T02:32:03Z",
                    "2024-08-10T02:32:36Z",
                    "2024-08-10T02:33:23Z",
                    "2024-08-10T02:34:08Z",
                    "2024-08-10T02:34:47Z",
                    "2024-08-10T02:35:46Z",
                    "2024-08-10T02:37:14Z",
                    "2024-08-10T02:38:04Z",
                    "2024-08-10T02:39:14Z",
                    "2024-08-10T02:41:10Z",
                    "2024-08-10T02:42:22Z",
                    "2024-08-10T02:43:35Z",
                    "2024-08-10T02:44:49Z",
                    "2024-08-10T02:46:02Z",
                    "2024-08-10T02:47:48Z",
                    "2024-08-10T02:51:07Z",
                    "2024-08-10T02:53:35Z",
                    "2024-08-10T02:54:26Z",
                    "2024-08-10T02:55:27Z",
                    "2024-08-10T02:57:18Z",
                    "2024-08-10T02:58:51Z",
                    "2024-08-10T02:59:35Z",
                    "2024-08-10T03:00:19Z",
                    "2024-08-10T03:01:10Z",
                    "2024-08-10T03:02:36Z",
                    "2024-08-10T03:03:13Z",
                    "2024-08-10T03:03:40Z",
                    "2024-08-10T03:04:11Z",
                    "2024-08-10T03:04:50Z",
                    "2024-08-10T03:05:36Z",
                    "2024-08-10T03:06:30Z",
                    "2024-08-10T03:07:11Z",
                    "2024-08-10T03:08:08Z",
                    "2024-08-10T03:09:04Z",
                    "2024-08-10T03:11:39Z",
                    "2024-08-10T03:14:23Z",
                    "2024-08-10T03:15:04Z",
                    "2024-08-10T03:16:07Z",
                    "2024-08-10T03:17:03Z",
                    "2024-08-10T03:17:59Z",
                    "2024-08-10T03:19:08Z",
                    "2024-08-10T03:20:16Z",
                    "2024-08-10T03:22:35Z",
                    "2024-08-10T03:24:30Z",
                    "2024-08-10T03:26:47Z",
                    "2024-08-10T03:28:02Z",
                    "2024-08-10T03:29:04Z",
                    "2024-08-10T03:29:53Z",
                    "2024-08-10T03:30:48Z",
                    "2024-08-10T03:31:41Z",
                    "2024-08-10T03:32:32Z",
                    "2024-08-10T03:33:27Z",
                    "2024-08-10T03:34:47Z",
                    "2024-08-10T03:35:37Z",
                    "2024-08-10T03:36:42Z",
                    "2024-08-10T03:37:58Z",
                    "2024-08-10T03:38:33Z",
                    "2024-08-10T03:39:32Z",
                    "2024-08-10T03:40:10Z",
                    "2024-08-10T03:40:58Z",
                    "2024-08-10T03:41:47Z",
                    "2024-08-10T03:42:19Z",
                    "2024-08-10T03:43:06Z",
                    "2024-08-10T03:43:52Z",
                    "2024-08-10T03:44:38Z",
                    "2024-08-10T03:45:32Z",
                    "2024-08-10T03:46:20Z",
                    "2024-08-10T03:46:47Z",
                    "2024-08-10T03:47:25Z",
                    "2024-08-10T03:48:08Z",
                    "2024-08-10T03:48:40Z",
                    "2024-08-10T03:49:18Z",
                    "2024-08-10T03:50:08Z",
                    "2024-08-10T03:50:43Z",
                    "2024-08-10T03:51:36Z",
                    "2024-08-10T03:52:05Z",
                    "2024-08-10T03:52:34Z",
                    "2024-08-10T03:53:10Z",
                    "2024-08-10T03:53:45Z",
                    "2024-08-10T03:54:11Z",
                    "2024-08-10T03:55:01Z",
                    "2024-08-10T03:56:03Z",
                    "2024-08-10T03:56:45Z",
                    "2024-08-10T03:57:28Z",
                    "2024-08-10T03:58:30Z",
                    "2024-08-10T03:59:50Z",
                    "2024-08-10T04:00:28Z",
                    "2024-08-10T04:01:11Z",
                    "2024-08-10T04:01:51Z",
                    "2024-08-10T04:02:32Z",
                    "2024-08-10T04:03:35Z",
                    "2024-08-10T04:15:59Z",
                    "2024-08-10T04:16:43Z",
                    "2024-08-10T04:17:17Z",
                    "2024-08-10T04:17:50Z",
                    "2024-08-10T04:18:44Z",
                    "2024-08-10T04:19:26Z",
                    "2024-08-10T04:20:01Z",
                    "2024-08-10T04:21:03Z",
                    "2024-08-10T04:21:51Z",
                    "2024-08-10T04:22:31Z",
                    "2024-08-10T04:23:29Z",
                    "2024-08-10T04:24:11Z",
                    "2024-08-10T04:24:45Z",
                    "2024-08-10T04:25:20Z",
                    "2024-08-10T04:26:07Z",
                    "2024-08-10T04:26:40Z",
                    "2024-08-10T04:27:13Z",
                    "2024-08-10T04:27:46Z",
                    "2024-08-10T04:28:41Z",
                    "2024-08-10T04:29:20Z",
                    "2024-08-10T04:30:06Z",
                    "2024-08-10T04:30:43Z",
                    "2024-08-10T04:32:37Z",
                    "2024-08-10T04:33:14Z",
                    "2024-08-10T04:34:07Z",
                    "2024-08-10T04:34:47Z",
                    "2024-08-10T04:35:20Z",
                    "2024-08-10T04:36:07Z",
                    "2024-08-10T04:36:36Z",
                    "2024-08-10T04:37:10Z",
                    "2024-08-10T04:38:32Z",
                    "2024-08-10T04:39:13Z",
                    "2024-08-10T04:41:00Z",
                    "2024-08-10T04:41:51Z",
                    "2024-08-10T04:42:46Z",
                    "2024-08-10T04:43:46Z",
                    "2024-08-10T04:44:59Z",
                    "2024-08-10T04:45:57Z",
                    "2024-08-10T04:47:03Z",
                    "2024-08-10T04:48:28Z",
                    "2024-08-10T04:49:10Z",
                    "2024-08-10T04:49:55Z",
                    "2024-08-10T04:50:27Z",
                    "2024-08-10T04:51:06Z",
                    "2024-08-10T04:51:37Z",
                    "2024-08-10T04:52:12Z",
                    "2024-08-10T04:52:45Z",
                    "2024-08-10T04:53:14Z",
                    "2024-08-10T04:53:44Z",
                    "2024-08-10T04:54:26Z",
                    "2024-08-10T04:55:02Z",
                    "2024-08-10T04:55:54Z",
                    "2024-08-10T04:56:33Z",
                    "2024-08-10T04:57:25Z",
                    "2024-08-10T04:58:39Z",
                    "2024-08-10T05:01:27Z",
                    "2024-08-10T05:02:40Z",
                    "2024-08-10T05:04:04Z",
                    "2024-08-10T05:05:41Z",
                    "2024-08-10T05:06:28Z",
                    "2024-08-10T05:07:09Z",
                    "2024-08-10T05:07:46Z",
                    "2024-08-10T05:09:06Z",
                    "2024-08-10T05:09:42Z",
                    "2024-08-10T05:10:38Z",
                    "2024-08-10T05:11:48Z",
                    "2024-08-10T05:12:55Z",
                    "2024-08-10T05:13:57Z",
                    "2024-08-10T05:14:48Z",
                    "2024-08-10T05:15:55Z",
                    "2024-08-10T05:16:30Z",
                    "2024-08-10T05:17:12Z",
                    "2024-08-10T05:18:06Z",
                    "2024-08-10T05:18:38Z",
                    "2024-08-10T05:19:22Z",
                    "2024-08-10T05:20:48Z",
                    "2024-08-10T05:21:39Z",
                    "2024-08-10T05:22:19Z",
                    "2024-08-10T05:23:25Z",
                    "2024-08-10T05:25:04Z",
                    "2024-08-10T05:25:50Z",
                    "2024-08-10T05:26:12Z"
                ]
            },
            "geometry": {
                "type": "LineString",
                "coordinates": [
                    [
                        137.81133367605014,
                        36.66030300979064,
                        1646
                    ],
                    [
                        137.81126488268774,
                        36.66020875558282,
                        1648
                    ],
                    [
                        137.81106683167937,
                        36.66024754623171,
                        1659
                    ],
                    [
                        137.81087702057945,
                        36.66013981619914,
                        1668
                    ],
                    [
                        137.8106572011249,
                        36.6599763828202,
                        1676
                    ],
                    [
                        137.81064853071086,
                        36.659775041425526,
                        1682
                    ],
                    [
                        137.8103926764331,
                        36.65975141898753,
                        1678
                    ],
                    [
                        137.81002802689082,
                        36.65961926026759,
                        1681
                    ],
                    [
                        137.80970885550752,
                        36.65951949846632,
                        1680
                    ],
                    [
                        137.80934484587556,
                        36.65951144637544,
                        1674
                    ],
                    [
                        137.8091862745029,
                        36.65928034820268,
                        1668
                    ],
                    [
                        137.80904351015306,
                        36.6590072165981,
                        1665
                    ],
                    [
                        137.80892640931685,
                        36.658738959394704,
                        1665
                    ],
                    [
                        137.8089571036181,
                        36.65849832470122,
                        1673
                    ],
                    [
                        137.80892645719447,
                        36.6582766353469,
                        1681
                    ],
                    [
                        137.8089329923266,
                        36.65805238089746,
                        1686
                    ],
                    [
                        137.808629358456,
                        36.65808689390253,
                        1697
                    ],
                    [
                        137.80853279463904,
                        36.65798657276154,
                        1706
                    ],
                    [
                        137.80844524895537,
                        36.657910379067225,
                        1712
                    ],
                    [
                        137.80830641178574,
                        36.65780152753358,
                        1719
                    ],
                    [
                        137.8082228704424,
                        36.65766985007144,
                        1728
                    ],
                    [
                        137.80793426851844,
                        36.65774366212665,
                        1733
                    ],
                    [
                        137.80764757261434,
                        36.657700607691666,
                        1740
                    ],
                    [
                        137.80749158149425,
                        36.65760619168171,
                        1750
                    ],
                    [
                        137.80754703307434,
                        36.657377245912286,
                        1749
                    ],
                    [
                        137.80725646499008,
                        36.65743379408326,
                        1759
                    ],
                    [
                        137.80694249607913,
                        36.65744278907874,
                        1764
                    ],
                    [
                        137.80667372583665,
                        36.65746859056223,
                        1768
                    ],
                    [
                        137.80645881232945,
                        36.65755028486648,
                        1777
                    ],
                    [
                        137.80621085873352,
                        36.65754082650208,
                        1784
                    ],
                    [
                        137.8059241099731,
                        36.65757714144851,
                        1786
                    ],
                    [
                        137.80567740606452,
                        36.65754368222202,
                        1795
                    ],
                    [
                        137.80541794766071,
                        36.657524280664994,
                        1803
                    ],
                    [
                        137.80522461487652,
                        36.657526444779,
                        1811
                    ],
                    [
                        137.80502100199715,
                        36.65749212991462,
                        1817
                    ],
                    [
                        137.80469717219583,
                        36.657533298522495,
                        1822
                    ],
                    [
                        137.80450306203392,
                        36.65748784458198,
                        1831
                    ],
                    [
                        137.80430727456945,
                        36.657425969270136,
                        1838
                    ],
                    [
                        137.804060346606,
                        36.65743707724355,
                        1841
                    ],
                    [
                        137.8038225548394,
                        36.65739952803014,
                        1850
                    ],
                    [
                        137.80359348701214,
                        36.6574258031128,
                        1858
                    ],
                    [
                        137.80341943705642,
                        36.65736697123872,
                        1862
                    ],
                    [
                        137.8032334661752,
                        36.65725467397006,
                        1870
                    ],
                    [
                        137.80300049460223,
                        36.657147442209435,
                        1873
                    ],
                    [
                        137.80282429331163,
                        36.65700502036074,
                        1880
                    ],
                    [
                        137.80264999018434,
                        36.656831101373086,
                        1880
                    ],
                    [
                        137.80247526008617,
                        36.65660868290096,
                        1884
                    ],
                    [
                        137.8022976346552,
                        36.6563121487471,
                        1887
                    ],
                    [
                        137.80209103118256,
                        36.65605951502475,
                        1893
                    ],
                    [
                        137.8018925161384,
                        36.65584848079068,
                        1893
                    ],
                    [
                        137.80158652594577,
                        36.65565985624176,
                        1893
                    ],
                    [
                        137.80131412521857,
                        36.65551160623859,
                        1900
                    ],
                    [
                        137.80108615141447,
                        36.65539071457332,
                        1906
                    ],
                    [
                        137.8008724004666,
                        36.65527573967703,
                        1912
                    ],
                    [
                        137.80067083321575,
                        36.65518839345186,
                        1919
                    ],
                    [
                        137.80044075351796,
                        36.655119481107086,
                        1929
                    ],
                    [
                        137.8001751672147,
                        36.65511939431719,
                        1935
                    ],
                    [
                        137.79994398148418,
                        36.6550964605886,
                        1942
                    ],
                    [
                        137.7997793090402,
                        36.65505752986126,
                        1953
                    ],
                    [
                        137.79955502532832,
                        36.65497119244173,
                        1959
                    ],
                    [
                        137.7994020749968,
                        36.6546950905694,
                        1958
                    ],
                    [
                        137.79923424807575,
                        36.65448278362482,
                        1961
                    ],
                    [
                        137.79912910689382,
                        36.654228042149995,
                        1966
                    ],
                    [
                        137.79910976663064,
                        36.65399616192251,
                        1968
                    ],
                    [
                        137.7989091655594,
                        36.65375857204971,
                        1971
                    ],
                    [
                        137.79872010717938,
                        36.65352040460468,
                        1975
                    ],
                    [
                        137.79855785420452,
                        36.65331130697151,
                        1979
                    ],
                    [
                        137.79844176203449,
                        36.65303548133367,
                        1981
                    ],
                    [
                        137.79832282327112,
                        36.652812889159925,
                        1987
                    ],
                    [
                        137.7983198382851,
                        36.65258034909384,
                        1993
                    ],
                    [
                        137.79821952819248,
                        36.65233296277647,
                        2000
                    ],
                    [
                        137.7982100525991,
                        36.65208188991941,
                        2005
                    ],
                    [
                        137.79829544126437,
                        36.65187685160618,
                        2011
                    ],
                    [
                        137.79802256564435,
                        36.65188763303501,
                        2009
                    ],
                    [
                        137.7977052904803,
                        36.65183884376205,
                        2000
                    ],
                    [
                        137.79747948535473,
                        36.651831946306196,
                        1988
                    ],
                    [
                        137.7971150379851,
                        36.651879473005515,
                        1986
                    ],
                    [
                        137.79665020192405,
                        36.65188665971614,
                        1984
                    ],
                    [
                        137.7962663647417,
                        36.65179819193437,
                        1988
                    ],
                    [
                        137.7959369094415,
                        36.65159155918901,
                        1989
                    ],
                    [
                        137.79555408747882,
                        36.65157299037542,
                        1987
                    ],
                    [
                        137.7951965367996,
                        36.65147630927321,
                        1986
                    ],
                    [
                        137.7950570031573,
                        36.651297573616,
                        1989
                    ],
                    [
                        137.79485171623952,
                        36.65130085020143,
                        1995
                    ],
                    [
                        137.79470974792662,
                        36.65122737294631,
                        2003
                    ],
                    [
                        137.79448867749593,
                        36.65114395500976,
                        2012
                    ],
                    [
                        137.79415528865303,
                        36.65117566889981,
                        2021
                    ],
                    [
                        137.7938726965061,
                        36.65127242220747,
                        2028
                    ],
                    [
                        137.79346357659176,
                        36.651206260491975,
                        2020
                    ],
                    [
                        137.79318863029476,
                        36.65131880153113,
                        2026
                    ],
                    [
                        137.7929198029153,
                        36.651445010299376,
                        2030
                    ],
                    [
                        137.79259133468562,
                        36.65151609640467,
                        2025
                    ],
                    [
                        137.7923480383974,
                        36.65163194626825,
                        2033
                    ],
                    [
                        137.79218895705424,
                        36.65177844648981,
                        2038
                    ],
                    [
                        137.7919142526899,
                        36.651803791757665,
                        2040
                    ],
                    [
                        137.79169175252852,
                        36.65191215685205,
                        2040
                    ],
                    [
                        137.7914617400158,
                        36.651986683318995,
                        2040
                    ],
                    [
                        137.79125928066955,
                        36.65226430259051,
                        2035
                    ],
                    [
                        137.79102430697597,
                        36.65228609423352,
                        2033
                    ],
                    [
                        137.79073110334338,
                        36.65213120135528,
                        2026
                    ],
                    [
                        137.79046391596884,
                        36.65211332932801,
                        2017
                    ],
                    [
                        137.79013438281507,
                        36.65211429176095,
                        2005
                    ],
                    [
                        137.7898453858141,
                        36.65214305379309,
                        1997
                    ],
                    [
                        137.78956765225226,
                        36.652194476906935,
                        1988
                    ],
                    [
                        137.78929524840873,
                        36.652286328338995,
                        1981
                    ],
                    [
                        137.78890633861667,
                        36.652370182436655,
                        1978
                    ],
                    [
                        137.78868684940068,
                        36.65241920835047,
                        1979
                    ],
                    [
                        137.78834953263933,
                        36.65247673635642,
                        1981
                    ],
                    [
                        137.78794164091258,
                        36.65256595236077,
                        1974
                    ],
                    [
                        137.7875987156307,
                        36.652627977276765,
                        1971
                    ],
                    [
                        137.7872790278049,
                        36.65261454540192,
                        1978
                    ],
                    [
                        137.78701901192036,
                        36.652765875975,
                        1984
                    ],
                    [
                        137.78684644461765,
                        36.65289857406719,
                        1992
                    ],
                    [
                        137.78670855642608,
                        36.65307326137828,
                        1999
                    ],
                    [
                        137.78646145036154,
                        36.65326882127109,
                        2003
                    ],
                    [
                        137.78625595673338,
                        36.653398382981464,
                        2006
                    ],
                    [
                        137.7859131998874,
                        36.65351096751263,
                        2008
                    ],
                    [
                        137.78553340659255,
                        36.65355759358909,
                        2009
                    ],
                    [
                        137.7852580839721,
                        36.65367295667104,
                        2009
                    ],
                    [
                        137.78491151864003,
                        36.653802365287724,
                        2007
                    ],
                    [
                        137.78466014867598,
                        36.65392559975829,
                        2010
                    ],
                    [
                        137.7844294943038,
                        36.65403699844851,
                        2015
                    ],
                    [
                        137.7843522902824,
                        36.65418369973063,
                        2029
                    ],
                    [
                        137.78431102928263,
                        36.654332972269486,
                        2040
                    ],
                    [
                        137.78416725724995,
                        36.65451281613593,
                        2046
                    ],
                    [
                        137.78399893839577,
                        36.65462646463358,
                        2055
                    ],
                    [
                        137.78375423876633,
                        36.65475925419667,
                        2064
                    ],
                    [
                        137.78344949267827,
                        36.65479236393456,
                        2065
                    ],
                    [
                        137.78319759574615,
                        36.654889904234466,
                        2072
                    ],
                    [
                        137.78284769647888,
                        36.65496992366754,
                        2074
                    ],
                    [
                        137.78256995072093,
                        36.65509622062043,
                        2077
                    ],
                    [
                        137.78236143051552,
                        36.655210474321855,
                        2083
                    ],
                    [
                        137.7820461885689,
                        36.655287910753614,
                        2087
                    ],
                    [
                        137.7817958265563,
                        36.65535903217174,
                        2092
                    ],
                    [
                        137.78151843981817,
                        36.655446576006206,
                        2099
                    ],
                    [
                        137.78123036139294,
                        36.65547742840475,
                        2106
                    ],
                    [
                        137.78094118208264,
                        36.65549590734027,
                        2108
                    ],
                    [
                        137.78059288157021,
                        36.65546605007264,
                        2110
                    ],
                    [
                        137.7802774779111,
                        36.65556561491088,
                        2111
                    ],
                    [
                        137.77991663093468,
                        36.65553355924807,
                        2109
                    ],
                    [
                        137.77972930270624,
                        36.655636598795894,
                        2118
                    ],
                    [
                        137.7793888779913,
                        36.65570343402965,
                        2120
                    ],
                    [
                        137.7790619242014,
                        36.655561881141416,
                        2122
                    ],
                    [
                        137.77873063894103,
                        36.65550838809678,
                        2124
                    ],
                    [
                        137.7784603733139,
                        36.65533126888573,
                        2127
                    ],
                    [
                        137.7779805750477,
                        36.655358089553545,
                        2127
                    ],
                    [
                        137.77768010800284,
                        36.65548002362998,
                        2130
                    ],
                    [
                        137.77732883613209,
                        36.65552738410763,
                        2132
                    ],
                    [
                        137.77697845941057,
                        36.655520054570815,
                        2130
                    ],
                    [
                        137.77665316285092,
                        36.65552173913896,
                        2130
                    ],
                    [
                        137.77633643279412,
                        36.65551397894351,
                        2131
                    ],
                    [
                        137.77605249829307,
                        36.65560037603159,
                        2136
                    ],
                    [
                        137.77582929237752,
                        36.655619652680514,
                        2141
                    ],
                    [
                        137.77550174391837,
                        36.655662340261344,
                        2140
                    ],
                    [
                        137.77533423795882,
                        36.65568278222622,
                        2152
                    ],
                    [
                        137.77512115660795,
                        36.655736829176156,
                        2154
                    ],
                    [
                        137.7749062118136,
                        36.65588700043391,
                        2158
                    ],
                    [
                        137.77470249277823,
                        36.6559607923781,
                        2162
                    ],
                    [
                        137.77443628000182,
                        36.65607861672117,
                        2171
                    ],
                    [
                        137.774090943445,
                        36.65610334200341,
                        2174
                    ],
                    [
                        137.7737743954377,
                        36.65614355486674,
                        2175
                    ],
                    [
                        137.77347198502537,
                        36.656228863890185,
                        2178
                    ],
                    [
                        137.77319426185437,
                        36.65633451973077,
                        2180
                    ],
                    [
                        137.77284697808165,
                        36.65637742633298,
                        2185
                    ],
                    [
                        137.77254825133338,
                        36.65646131948097,
                        2188
                    ],
                    [
                        137.77230261082227,
                        36.65644332114967,
                        2199
                    ],
                    [
                        137.77203742578692,
                        36.65645638013288,
                        2200
                    ],
                    [
                        137.77172154169017,
                        36.65655382106179,
                        2207
                    ],
                    [
                        137.7713812908506,
                        36.65660135979517,
                        2206
                    ],
                    [
                        137.77105947518004,
                        36.65670438333754,
                        2207
                    ],
                    [
                        137.77087726595448,
                        36.656776206925336,
                        2204
                    ],
                    [
                        137.77052887714748,
                        36.6567328835864,
                        2198
                    ],
                    [
                        137.7702475397528,
                        36.65685790012124,
                        2200
                    ],
                    [
                        137.76995259359092,
                        36.65682162828263,
                        2196
                    ],
                    [
                        137.76970595268773,
                        36.6569630241966,
                        2198
                    ],
                    [
                        137.76948434815583,
                        36.65706703486402,
                        2204
                    ],
                    [
                        137.7693152282739,
                        36.657179184122775,
                        2208
                    ],
                    [
                        137.76920734646714,
                        36.65730558515665,
                        2215
                    ],
                    [
                        137.76904428459787,
                        36.65749448400532,
                        2219
                    ],
                    [
                        137.76880135945908,
                        36.657674986435815,
                        2223
                    ],
                    [
                        137.76863349636506,
                        36.657814748181615,
                        2230
                    ],
                    [
                        137.76854612274443,
                        36.65798331448514,
                        2237
                    ],
                    [
                        137.7685511921443,
                        36.658178533207476,
                        2249
                    ],
                    [
                        137.76851520808466,
                        36.65838292599346,
                        2256
                    ],
                    [
                        137.76832739978926,
                        36.65858997401891,
                        2266
                    ],
                    [
                        137.7680869955475,
                        36.6586826313478,
                        2267
                    ],
                    [
                        137.76793495369662,
                        36.65881328160402,
                        2269
                    ],
                    [
                        137.76773781980683,
                        36.65899333225591,
                        2268
                    ],
                    [
                        137.76752003978325,
                        36.65911169966719,
                        2266
                    ],
                    [
                        137.76726056672697,
                        36.65923542064157,
                        2262
                    ],
                    [
                        137.7670379827204,
                        36.65927672557395,
                        2251
                    ],
                    [
                        137.76686500940806,
                        36.659422178103334,
                        2245
                    ],
                    [
                        137.7667035001554,
                        36.65958067459461,
                        2242
                    ],
                    [
                        137.76667953740318,
                        36.659734026724315,
                        2247
                    ],
                    [
                        137.76669541566858,
                        36.659901087058515,
                        2251
                    ],
                    [
                        137.76655646908895,
                        36.660039621020935,
                        2246
                    ],
                    [
                        137.76641694621995,
                        36.66018752742192,
                        2243
                    ],
                    [
                        137.7662194067028,
                        36.660415486405384,
                        2239
                    ],
                    [
                        137.76616514037758,
                        36.66061728255451,
                        2247
                    ],
                    [
                        137.76600474783038,
                        36.66082173699766,
                        2253
                    ],
                    [
                        137.76591790310775,
                        36.660962093194115,
                        2260
                    ],
                    [
                        137.765935310564,
                        36.661102946968455,
                        2265
                    ],
                    [
                        137.76590954101212,
                        36.661253018069694,
                        2273
                    ],
                    [
                        137.76593269854942,
                        36.661398683011925,
                        2282
                    ],
                    [
                        137.76596488819922,
                        36.66148695304733,
                        2291
                    ],
                    [
                        137.76584655535726,
                        36.661531589213986,
                        2297
                    ],
                    [
                        137.76587126477537,
                        36.66169462454648,
                        2309
                    ],
                    [
                        137.7659730233442,
                        36.66181448873384,
                        2316
                    ],
                    [
                        137.76603833058562,
                        36.661924188620034,
                        2321
                    ],
                    [
                        137.76603551072745,
                        36.66208693584511,
                        2337
                    ],
                    [
                        137.765931377444,
                        36.66218934057617,
                        2339
                    ],
                    [
                        137.76586405062005,
                        36.66232851340132,
                        2343
                    ],
                    [
                        137.7658186492283,
                        36.662457665602446,
                        2352
                    ],
                    [
                        137.76574478314495,
                        36.662594835378464,
                        2360
                    ],
                    [
                        137.76548488316993,
                        36.66270483386145,
                        2357
                    ],
                    [
                        137.76530696760958,
                        36.66283362504234,
                        2357
                    ],
                    [
                        137.76510189970074,
                        36.662952537446884,
                        2359
                    ],
                    [
                        137.76492367136714,
                        36.66307669500518,
                        2367
                    ],
                    [
                        137.76470395335863,
                        36.6630841743248,
                        2371
                    ],
                    [
                        137.76452040809372,
                        36.66320947531129,
                        2380
                    ],
                    [
                        137.7643645825562,
                        36.6632452735208,
                        2385
                    ],
                    [
                        137.76430157510723,
                        36.6633755298999,
                        2396
                    ],
                    [
                        137.764159448128,
                        36.66347034385533,
                        2405
                    ],
                    [
                        137.7640188855836,
                        36.66353894870246,
                        2412
                    ],
                    [
                        137.76384612331486,
                        36.663573581849846,
                        2420
                    ],
                    [
                        137.76378791921613,
                        36.66369580389502,
                        2428
                    ],
                    [
                        137.7636896035689,
                        36.66379262332976,
                        2434
                    ],
                    [
                        137.76345938962493,
                        36.66382221217677,
                        2441
                    ],
                    [
                        137.76329045813227,
                        36.66391760991368,
                        2451
                    ],
                    [
                        137.76309415502567,
                        36.663965199184155,
                        2458
                    ],
                    [
                        137.7629709793757,
                        36.664045527357025,
                        2469
                    ],
                    [
                        137.7629187411968,
                        36.66418702656826,
                        2477
                    ],
                    [
                        137.76285315170503,
                        36.664346493044626,
                        2485
                    ],
                    [
                        137.7627014301763,
                        36.66449982985917,
                        2493
                    ],
                    [
                        137.7625684348346,
                        36.66471904139217,
                        2499
                    ],
                    [
                        137.7623717855051,
                        36.66475688651188,
                        2502
                    ],
                    [
                        137.76217603060073,
                        36.664736517352274,
                        2511
                    ],
                    [
                        137.76198944284857,
                        36.66472690150469,
                        2518
                    ],
                    [
                        137.7617934568723,
                        36.6647264955398,
                        2521
                    ],
                    [
                        137.76149334053005,
                        36.66467483318645,
                        2525
                    ],
                    [
                        137.76128411637666,
                        36.66462230454303,
                        2532
                    ],
                    [
                        137.7610422751976,
                        36.66462449617524,
                        2540
                    ],
                    [
                        137.7607748889252,
                        36.6645171748445,
                        2536
                    ],
                    [
                        137.76055230814305,
                        36.66454180257891,
                        2530
                    ],
                    [
                        137.76042620340192,
                        36.66455142226681,
                        2524
                    ],
                    [
                        137.76036098362846,
                        36.66439130021986,
                        2519
                    ],
                    [
                        137.76031846281586,
                        36.66425955445821,
                        2514
                    ],
                    [
                        137.76032827140426,
                        36.66405371655197,
                        2505
                    ],
                    [
                        137.76027771918473,
                        36.663969442936725,
                        2502
                    ],
                    [
                        137.76025395246174,
                        36.66367893120639,
                        2496
                    ],
                    [
                        137.76020735283518,
                        36.663458440969826,
                        2493
                    ],
                    [
                        137.7600295699173,
                        36.66329271702494,
                        2491
                    ],
                    [
                        137.76002337676542,
                        36.66317685688629,
                        2489
                    ],
                    [
                        137.7598604070539,
                        36.66296927850347,
                        2496
                    ],
                    [
                        137.75973340242297,
                        36.66278798966375,
                        2502
                    ],
                    [
                        137.75964843588338,
                        36.662609222097025,
                        2507
                    ],
                    [
                        137.75954206429495,
                        36.662418119210734,
                        2513
                    ],
                    [
                        137.75949181220946,
                        36.662171379947345,
                        2520
                    ],
                    [
                        137.7594468762421,
                        36.66197252275445,
                        2525
                    ],
                    [
                        137.7594112213647,
                        36.6618571898736,
                        2528
                    ],
                    [
                        137.75927203042372,
                        36.661712923625444,
                        2535
                    ],
                    [
                        137.75918543155018,
                        36.66156654561351,
                        2541
                    ],
                    [
                        137.75914859106686,
                        36.661368098774965,
                        2549
                    ],
                    [
                        137.7591927054105,
                        36.661210836871156,
                        2556
                    ],
                    [
                        137.7590700141309,
                        36.66106625480502,
                        2563
                    ],
                    [
                        137.75908849745537,
                        36.66097307559424,
                        2567
                    ],
                    [
                        137.758990104475,
                        36.66084060860692,
                        2573
                    ],
                    [
                        137.7588467402683,
                        36.660736392059356,
                        2579
                    ],
                    [
                        137.75870893752236,
                        36.660574854105526,
                        2587
                    ],
                    [
                        137.7584607309973,
                        36.66048065789825,
                        2591
                    ],
                    [
                        137.75830953231028,
                        36.660402521635476,
                        2598
                    ],
                    [
                        137.75806155367292,
                        36.6603669736271,
                        2602
                    ],
                    [
                        137.75774364109404,
                        36.66029517204707,
                        2607
                    ],
                    [
                        137.7575783480457,
                        36.660189261078216,
                        2612
                    ],
                    [
                        137.7573612446653,
                        36.660105539565514,
                        2622
                    ],
                    [
                        137.75716748713413,
                        36.660019188422034,
                        2625
                    ],
                    [
                        137.7570288390011,
                        36.65980332428593,
                        2632
                    ],
                    [
                        137.75693859455683,
                        36.65968241242187,
                        2638
                    ],
                    [
                        137.7569085440587,
                        36.659515775643044,
                        2645
                    ],
                    [
                        137.7567920134867,
                        36.65938344499816,
                        2655
                    ],
                    [
                        137.75678462325413,
                        36.65925232223683,
                        2661
                    ],
                    [
                        137.756719435305,
                        36.65905505743799,
                        2671
                    ],
                    [
                        137.7566000503202,
                        36.658952561247986,
                        2675
                    ],
                    [
                        137.75640259025934,
                        36.65895864310742,
                        2678
                    ],
                    [
                        137.7562087376934,
                        36.658856788723504,
                        2683
                    ],
                    [
                        137.75606170764357,
                        36.658793128726025,
                        2693
                    ],
                    [
                        137.75592215448913,
                        36.658792266300594,
                        2699
                    ],
                    [
                        137.75580493765003,
                        36.65873778412319,
                        2702
                    ],
                    [
                        137.75566782842856,
                        36.65871307829751,
                        2704
                    ],
                    [
                        137.75546955435385,
                        36.65863779425633,
                        2711
                    ],
                    [
                        137.75529167087464,
                        36.6585605731968,
                        2715
                    ],
                    [
                        137.75502094826675,
                        36.658460224236904,
                        2712
                    ],
                    [
                        137.75489445626826,
                        36.65830477827333,
                        2720
                    ],
                    [
                        137.75474404763375,
                        36.65817940383722,
                        2722
                    ],
                    [
                        137.7545117422377,
                        36.658161317650695,
                        2732
                    ],
                    [
                        137.75433819367257,
                        36.65809863561589,
                        2741
                    ],
                    [
                        137.75415278939155,
                        36.65804442543186,
                        2752
                    ],
                    [
                        137.75423695227585,
                        36.65792444827281,
                        2759
                    ],
                    [
                        137.75409507430305,
                        36.65785787348084,
                        2764
                    ],
                    [
                        137.7539098796367,
                        36.657894901260995,
                        2778
                    ],
                    [
                        137.75373620415158,
                        36.657839970265286,
                        2790
                    ],
                    [
                        137.75357443784748,
                        36.657891485316775,
                        2795
                    ],
                    [
                        137.75341301151633,
                        36.65791807100253,
                        2802
                    ],
                    [
                        137.75321763856286,
                        36.6579238751846,
                        2803
                    ],
                    [
                        137.7530799223271,
                        36.6580881704366,
                        2807
                    ],
                    [
                        137.75288513894984,
                        36.65825452472436,
                        2802
                    ],
                    [
                        137.7527417695128,
                        36.65835135174591,
                        2810
                    ],
                    [
                        137.7528367040814,
                        36.658230672577815,
                        2807
                    ],
                    [
                        137.75304204252467,
                        36.6580631542945,
                        2806
                    ],
                    [
                        137.75319633173442,
                        36.65792824403534,
                        2804
                    ],
                    [
                        137.75333485195273,
                        36.65780261455996,
                        2800
                    ],
                    [
                        137.75328378123066,
                        36.657652488501434,
                        2792
                    ],
                    [
                        137.75327619639108,
                        36.65752293874808,
                        2784
                    ],
                    [
                        137.7533023500257,
                        36.65739901346953,
                        2781
                    ],
                    [
                        137.75340581857117,
                        36.65724417797152,
                        2772
                    ],
                    [
                        137.75344895011116,
                        36.65710102925514,
                        2762
                    ],
                    [
                        137.75360758138973,
                        36.65703728993312,
                        2756
                    ],
                    [
                        137.75367635435433,
                        36.65690120480905,
                        2749
                    ],
                    [
                        137.75374475363546,
                        36.65681888000891,
                        2734
                    ],
                    [
                        137.7538009990118,
                        36.656680338636235,
                        2726
                    ],
                    [
                        137.75383444039105,
                        36.65655229486881,
                        2715
                    ],
                    [
                        137.75380000714054,
                        36.65642080077165,
                        2706
                    ],
                    [
                        137.75376786271218,
                        36.656292822829386,
                        2702
                    ],
                    [
                        137.75382924698724,
                        36.65620685435963,
                        2693
                    ],
                    [
                        137.75393552894883,
                        36.6561455493743,
                        2681
                    ],
                    [
                        137.75399442398017,
                        36.656024665149964,
                        2668
                    ],
                    [
                        137.75387290185202,
                        36.65592511783815,
                        2658
                    ],
                    [
                        137.7538874656665,
                        36.655834826544435,
                        2655
                    ],
                    [
                        137.75401769208764,
                        36.655662736747296,
                        2643
                    ],
                    [
                        137.75414093760065,
                        36.65554635332248,
                        2649
                    ],
                    [
                        137.7542412008854,
                        36.655411747491534,
                        2645
                    ],
                    [
                        137.75417958079737,
                        36.65528470862073,
                        2641
                    ],
                    [
                        137.75416877078985,
                        36.65516470881653,
                        2637
                    ],
                    [
                        137.75427282771514,
                        36.65509079432628,
                        2640
                    ],
                    [
                        137.75441877336422,
                        36.65498324126511,
                        2634
                    ],
                    [
                        137.75472418773316,
                        36.65487859019464,
                        2631
                    ],
                    [
                        137.75491848372388,
                        36.65468881644977,
                        2628
                    ],
                    [
                        137.7550199643183,
                        36.65449118476679,
                        2621
                    ],
                    [
                        137.75515346027194,
                        36.654354651138995,
                        2613
                    ],
                    [
                        137.7552238516278,
                        36.65409095566878,
                        2608
                    ],
                    [
                        137.75537115441858,
                        36.65396300694963,
                        2619
                    ],
                    [
                        137.75527479497035,
                        36.653882730569265,
                        2623
                    ],
                    [
                        137.75542917307178,
                        36.65381511370109,
                        2629
                    ],
                    [
                        137.75551982729152,
                        36.653749461671325,
                        2632
                    ],
                    [
                        137.75559262983455,
                        36.6535801341701,
                        2626
                    ],
                    [
                        137.75558520774214,
                        36.653413525123064,
                        2634
                    ],
                    [
                        137.75572468663165,
                        36.65331666748266,
                        2629
                    ],
                    [
                        137.7557468309528,
                        36.65321249333728,
                        2621
                    ],
                    [
                        137.75582469720723,
                        36.65306410187173,
                        2625
                    ],
                    [
                        137.7560414691801,
                        36.65300593956978,
                        2631
                    ],
                    [
                        137.75611826202572,
                        36.65286764729071,
                        2635
                    ],
                    [
                        137.75615173198983,
                        36.65270281041385,
                        2635
                    ],
                    [
                        137.75617366575872,
                        36.65255209272373,
                        2625
                    ],
                    [
                        137.75624491417395,
                        36.65241390687971,
                        2610
                    ],
                    [
                        137.7562845188355,
                        36.65224555394761,
                        2605
                    ],
                    [
                        137.75639224532995,
                        36.65215701969078,
                        2599
                    ],
                    [
                        137.7562355610867,
                        36.65211125159392,
                        2589
                    ],
                    [
                        137.75633029215456,
                        36.6520143911661,
                        2584
                    ],
                    [
                        137.75631252490032,
                        36.65187310212084,
                        2576
                    ],
                    [
                        137.7563763343265,
                        36.65172041581574,
                        2567
                    ],
                    [
                        137.7562860807118,
                        36.65163112910099,
                        2561
                    ],
                    [
                        137.7561832841552,
                        36.651504481977256,
                        2548
                    ],
                    [
                        137.7560113615942,
                        36.6515267603982,
                        2542
                    ],
                    [
                        137.75592141795514,
                        36.65141845596042,
                        2531
                    ],
                    [
                        137.75578261789863,
                        36.65132399266648,
                        2521
                    ],
                    [
                        137.75579051242238,
                        36.65118682478601,
                        2521
                    ],
                    [
                        137.75562186988063,
                        36.6510377868562,
                        2521
                    ],
                    [
                        137.75552448873088,
                        36.65091564999538,
                        2520
                    ],
                    [
                        137.75555882619005,
                        36.65071932196352,
                        2517
                    ],
                    [
                        137.75570551397473,
                        36.65053011266434,
                        2520
                    ],
                    [
                        137.75576597756054,
                        36.6503448376359,
                        2524
                    ],
                    [
                        137.75574032842619,
                        36.650140573350626,
                        2519
                    ],
                    [
                        137.75573202691487,
                        36.6500045702948,
                        2518
                    ],
                    [
                        137.75575639553276,
                        36.649915914773814,
                        2523
                    ],
                    [
                        137.7557396179687,
                        36.6496972944443,
                        2518
                    ],
                    [
                        137.755787127321,
                        36.64944229453864,
                        2510
                    ],
                    [
                        137.75586614899905,
                        36.649256909590896,
                        2510
                    ],
                    [
                        137.75574428376112,
                        36.649025232463885,
                        2513
                    ],
                    [
                        137.75572808465634,
                        36.64886687119911,
                        2517
                    ],
                    [
                        137.75573082052156,
                        36.64870725297623,
                        2518
                    ],
                    [
                        137.75567765389235,
                        36.64859545463075,
                        2521
                    ],
                    [
                        137.75590792733226,
                        36.64855804329716,
                        2528
                    ],
                    [
                        137.75597159670994,
                        36.64838618898486,
                        2532
                    ],
                    [
                        137.75614194532884,
                        36.6482548247336,
                        2535
                    ],
                    [
                        137.7563070673941,
                        36.64811112060452,
                        2537
                    ],
                    [
                        137.75629093139062,
                        36.64789137157616,
                        2536
                    ],
                    [
                        137.75630666389776,
                        36.64774166578324,
                        2533
                    ],
                    [
                        137.75630202357542,
                        36.64753577258313,
                        2531
                    ],
                    [
                        137.75621565878401,
                        36.64737474561755,
                        2535
                    ],
                    [
                        137.75617372913828,
                        36.64723758955186,
                        2532
                    ],
                    [
                        137.75615639443802,
                        36.64708983697048,
                        2527
                    ],
                    [
                        137.75622053669525,
                        36.646884004090836,
                        2534
                    ],
                    [
                        137.75609333164527,
                        36.64677601442071,
                        2536
                    ],
                    [
                        137.7559577011741,
                        36.64678853323864,
                        2545
                    ],
                    [
                        137.7558932316332,
                        36.64664927989596,
                        2554
                    ],
                    [
                        137.75581139120763,
                        36.64650335759689,
                        2555
                    ],
                    [
                        137.75579619177995,
                        36.64630445896569,
                        2549
                    ],
                    [
                        137.75572646716452,
                        36.64613492205495,
                        2549
                    ],
                    [
                        137.75564833057683,
                        36.645957646529986,
                        2550
                    ],
                    [
                        137.75552768487174,
                        36.6459964972558,
                        2548
                    ],
                    [
                        137.75556221594428,
                        36.64582518629773,
                        2548
                    ],
                    [
                        137.7554738332456,
                        36.64568131041623,
                        2542
                    ],
                    [
                        137.75537352303584,
                        36.64556520879689,
                        2536
                    ],
                    [
                        137.75526786118053,
                        36.64540755838516,
                        2531
                    ],
                    [
                        137.75518477614142,
                        36.645199220618046,
                        2525
                    ],
                    [
                        137.75522508539427,
                        36.64496250924694,
                        2518
                    ],
                    [
                        137.75525058005996,
                        36.64483100630552,
                        2515
                    ],
                    [
                        137.75522585048037,
                        36.644641062392715,
                        2504
                    ],
                    [
                        137.75518778521982,
                        36.64446847315591,
                        2496
                    ],
                    [
                        137.75506738680778,
                        36.64431103613056,
                        2489
                    ],
                    [
                        137.7549807474686,
                        36.644105443568236,
                        2479
                    ],
                    [
                        137.7549129971815,
                        36.64392040124088,
                        2472
                    ],
                    [
                        137.75484012923548,
                        36.64373502277258,
                        2466
                    ],
                    [
                        137.7547407279006,
                        36.64348998380916,
                        2462
                    ],
                    [
                        137.75477720802,
                        36.643361325384,
                        2456
                    ],
                    [
                        137.75475272721633,
                        36.64311459300991,
                        2458
                    ],
                    [
                        137.75475678207084,
                        36.64283104065703,
                        2458
                    ],
                    [
                        137.75473067093398,
                        36.64257470128239,
                        2459
                    ],
                    [
                        137.7546996844856,
                        36.642444832996745,
                        2454
                    ],
                    [
                        137.75465420905297,
                        36.642248617188045,
                        2455
                    ],
                    [
                        137.7544415423641,
                        36.64207085210941,
                        2449
                    ],
                    [
                        137.75441284962483,
                        36.64187792513073,
                        2446
                    ],
                    [
                        137.75415848403216,
                        36.64175759870426,
                        2437
                    ],
                    [
                        137.75412860027572,
                        36.641652303698585,
                        2435
                    ],
                    [
                        137.75397775320275,
                        36.6415435392927,
                        2426
                    ],
                    [
                        137.753810039478,
                        36.641436573477826,
                        2421
                    ],
                    [
                        137.75364072105003,
                        36.64139690042804,
                        2418
                    ],
                    [
                        137.75364355364326,
                        36.641230435542305,
                        2420
                    ],
                    [
                        137.75364224242688,
                        36.6410008197331,
                        2420
                    ],
                    [
                        137.7537729688791,
                        36.64084675356061,
                        2418
                    ],
                    [
                        137.75380427039485,
                        36.640677712660384,
                        2424
                    ],
                    [
                        137.7537959329657,
                        36.6405371869767,
                        2430
                    ],
                    [
                        137.75388505112383,
                        36.640386275205586,
                        2443
                    ],
                    [
                        137.75389585545096,
                        36.64024882916282,
                        2446
                    ],
                    [
                        137.75390475581722,
                        36.64009324280821,
                        2455
                    ],
                    [
                        137.75390053371459,
                        36.6399024053475,
                        2458
                    ],
                    [
                        137.753971348856,
                        36.63978059667833,
                        2469
                    ],
                    [
                        137.75407111928115,
                        36.639693503576964,
                        2476
                    ],
                    [
                        137.75415569393607,
                        36.63959062763078,
                        2480
                    ],
                    [
                        137.75422654697417,
                        36.63946173106474,
                        2494
                    ],
                    [
                        137.75437954706962,
                        36.639429634892046,
                        2502
                    ],
                    [
                        137.75449881207163,
                        36.639325296891826,
                        2503
                    ],
                    [
                        137.75454036288633,
                        36.63912800161827,
                        2508
                    ],
                    [
                        137.75446800027885,
                        36.63892758185736,
                        2507
                    ],
                    [
                        137.7543297495369,
                        36.638719273760856,
                        2508
                    ],
                    [
                        137.75429788256528,
                        36.63847661828289,
                        2506
                    ],
                    [
                        137.7542458889379,
                        36.638292862969564,
                        2509
                    ],
                    [
                        137.75406262910113,
                        36.638146203142796,
                        2508
                    ],
                    [
                        137.75384724061664,
                        36.63801114425441,
                        2504
                    ],
                    [
                        137.75368166506203,
                        36.63792247250206,
                        2501
                    ],
                    [
                        137.75346425421998,
                        36.63790099269784,
                        2492
                    ],
                    [
                        137.75335203489323,
                        36.637770050652826,
                        2486
                    ],
                    [
                        137.75322673573154,
                        36.637641127308065,
                        2482
                    ],
                    [
                        137.75308693071926,
                        36.63746984945046,
                        2484
                    ],
                    [
                        137.75317213197292,
                        36.637377329114116,
                        2493
                    ],
                    [
                        137.7532261780499,
                        36.63724197839599,
                        2502
                    ],
                    [
                        137.75313646242898,
                        36.63712216586541,
                        2508
                    ],
                    [
                        137.75316132714363,
                        36.63701290820484,
                        2512
                    ],
                    [
                        137.75311173654515,
                        36.63687830145057,
                        2515
                    ],
                    [
                        137.7532203006341,
                        36.636674962994405,
                        2509
                    ],
                    [
                        137.7533140972959,
                        36.63642130957217,
                        2501
                    ],
                    [
                        137.7532327738023,
                        36.636257585634844,
                        2505
                    ],
                    [
                        137.7531058194987,
                        36.63615146364613,
                        2514
                    ],
                    [
                        137.7529952697086,
                        36.63595513094641,
                        2509
                    ],
                    [
                        137.75304616544776,
                        36.63583635531508,
                        2504
                    ],
                    [
                        137.75290463267993,
                        36.635804779768975,
                        2496
                    ],
                    [
                        137.75278828217103,
                        36.6358061054523,
                        2488
                    ],
                    [
                        137.75263872563693,
                        36.63579567476205,
                        2482
                    ],
                    [
                        137.75241595719797,
                        36.63560985455506,
                        2477
                    ],
                    [
                        137.75240965848764,
                        36.63544730845934,
                        2466
                    ],
                    [
                        137.75241546351603,
                        36.63528357868082,
                        2460
                    ],
                    [
                        137.75233151558712,
                        36.63514683664833,
                        2456
                    ],
                    [
                        137.75230846833202,
                        36.63497113694557,
                        2448
                    ],
                    [
                        137.7523241242634,
                        36.6348039567859,
                        2448
                    ],
                    [
                        137.75234144597536,
                        36.634680374654,
                        2454
                    ],
                    [
                        137.7524030813738,
                        36.634548410002104,
                        2463
                    ],
                    [
                        137.7525340142142,
                        36.63446261150575,
                        2472
                    ],
                    [
                        137.7524160486561,
                        36.634266331838134,
                        2476
                    ],
                    [
                        137.7524187065665,
                        36.634031557824144,
                        2473
                    ],
                    [
                        137.75250760371765,
                        36.633881278939015,
                        2465
                    ],
                    [
                        137.75258575479944,
                        36.63372023961213,
                        2460
                    ],
                    [
                        137.7526487066833,
                        36.63354612816998,
                        2463
                    ]
                ]
            }
        },
        {
            "type": "Feature",
            "properties": {
                "name": "20240811",
                "time": "2024-08-10T20:26:10Z",
                "coordTimes": [
                    "2024-08-10T20:26:10Z",
                    "2024-08-10T20:27:03Z",
                    "2024-08-10T20:28:06Z",
                    "2024-08-10T20:29:12Z",
                    "2024-08-10T20:30:04Z",
                    "2024-08-10T20:31:09Z",
                    "2024-08-10T20:31:52Z",
                    "2024-08-10T20:33:35Z",
                    "2024-08-10T20:34:44Z",
                    "2024-08-10T20:35:42Z",
                    "2024-08-10T20:37:43Z",
                    "2024-08-10T20:39:57Z",
                    "2024-08-10T20:41:07Z",
                    "2024-08-10T20:41:46Z",
                    "2024-08-10T20:42:38Z",
                    "2024-08-10T20:43:55Z",
                    "2024-08-10T20:45:06Z",
                    "2024-08-10T20:46:38Z",
                    "2024-08-10T20:48:04Z",
                    "2024-08-10T20:48:59Z",
                    "2024-08-10T20:50:13Z",
                    "2024-08-10T20:51:24Z",
                    "2024-08-10T20:53:10Z",
                    "2024-08-10T20:54:47Z",
                    "2024-08-10T20:55:34Z",
                    "2024-08-10T20:56:36Z",
                    "2024-08-10T20:57:16Z",
                    "2024-08-10T20:57:55Z",
                    "2024-08-10T20:58:35Z",
                    "2024-08-10T20:59:24Z",
                    "2024-08-10T21:00:16Z",
                    "2024-08-10T21:01:31Z",
                    "2024-08-10T21:02:27Z",
                    "2024-08-10T21:03:47Z",
                    "2024-08-10T21:04:59Z",
                    "2024-08-10T21:05:54Z",
                    "2024-08-10T21:07:19Z",
                    "2024-08-10T21:08:09Z",
                    "2024-08-10T21:09:41Z",
                    "2024-08-10T21:10:19Z",
                    "2024-08-10T21:10:58Z",
                    "2024-08-10T21:11:37Z",
                    "2024-08-10T21:13:42Z",
                    "2024-08-10T21:14:37Z",
                    "2024-08-10T21:15:26Z",
                    "2024-08-10T21:17:48Z",
                    "2024-08-10T21:19:20Z",
                    "2024-08-10T21:21:30Z",
                    "2024-08-10T21:22:17Z",
                    "2024-08-10T21:22:56Z",
                    "2024-08-10T21:23:36Z",
                    "2024-08-10T21:24:13Z",
                    "2024-08-10T21:24:57Z",
                    "2024-08-10T21:25:40Z",
                    "2024-08-10T21:26:28Z",
                    "2024-08-10T21:27:09Z",
                    "2024-08-10T21:27:56Z",
                    "2024-08-10T21:28:54Z",
                    "2024-08-10T21:29:45Z",
                    "2024-08-10T21:32:08Z",
                    "2024-08-10T21:32:51Z",
                    "2024-08-10T21:33:43Z",
                    "2024-08-10T21:34:43Z",
                    "2024-08-10T21:35:49Z",
                    "2024-08-10T21:36:36Z",
                    "2024-08-10T21:47:23Z",
                    "2024-08-10T21:48:21Z",
                    "2024-08-10T21:49:21Z",
                    "2024-08-10T21:50:11Z",
                    "2024-08-10T21:51:08Z",
                    "2024-08-10T21:51:48Z",
                    "2024-08-10T21:52:37Z",
                    "2024-08-10T21:53:21Z",
                    "2024-08-10T21:54:01Z",
                    "2024-08-10T21:54:42Z",
                    "2024-08-10T21:55:13Z",
                    "2024-08-10T21:55:50Z",
                    "2024-08-10T21:56:33Z",
                    "2024-08-10T21:57:56Z",
                    "2024-08-10T21:58:46Z",
                    "2024-08-10T21:59:25Z",
                    "2024-08-10T22:00:03Z",
                    "2024-08-10T22:00:52Z",
                    "2024-08-10T22:01:40Z",
                    "2024-08-10T22:02:25Z",
                    "2024-08-10T22:03:17Z",
                    "2024-08-10T22:03:58Z",
                    "2024-08-10T22:04:32Z",
                    "2024-08-10T22:06:05Z",
                    "2024-08-10T22:07:48Z",
                    "2024-08-10T22:08:47Z",
                    "2024-08-10T22:09:34Z",
                    "2024-08-10T22:10:13Z",
                    "2024-08-10T22:11:03Z",
                    "2024-08-10T22:12:19Z",
                    "2024-08-10T22:13:37Z",
                    "2024-08-10T22:14:27Z",
                    "2024-08-10T22:18:52Z",
                    "2024-08-10T22:24:27Z",
                    "2024-08-10T22:36:51Z",
                    "2024-08-10T22:37:46Z",
                    "2024-08-10T22:38:33Z",
                    "2024-08-10T22:39:20Z",
                    "2024-08-10T22:40:06Z",
                    "2024-08-10T22:40:49Z",
                    "2024-08-10T22:41:45Z",
                    "2024-08-10T22:42:29Z",
                    "2024-08-10T22:43:05Z",
                    "2024-08-10T22:43:35Z",
                    "2024-08-10T22:44:13Z",
                    "2024-08-10T22:44:47Z",
                    "2024-08-10T22:45:29Z",
                    "2024-08-10T22:48:10Z",
                    "2024-08-10T22:48:42Z",
                    "2024-08-10T22:49:10Z",
                    "2024-08-10T22:49:44Z",
                    "2024-08-10T22:50:10Z",
                    "2024-08-10T22:50:59Z",
                    "2024-08-10T22:51:28Z",
                    "2024-08-10T22:52:09Z",
                    "2024-08-10T22:52:45Z",
                    "2024-08-10T22:53:15Z",
                    "2024-08-10T22:53:43Z",
                    "2024-08-10T22:54:13Z",
                    "2024-08-10T22:54:46Z",
                    "2024-08-10T22:55:13Z",
                    "2024-08-10T22:55:47Z",
                    "2024-08-10T22:56:16Z",
                    "2024-08-10T22:57:01Z",
                    "2024-08-10T22:57:42Z",
                    "2024-08-10T22:58:21Z",
                    "2024-08-10T22:58:55Z",
                    "2024-08-10T22:59:23Z",
                    "2024-08-10T22:59:51Z",
                    "2024-08-10T23:00:21Z",
                    "2024-08-10T23:00:49Z",
                    "2024-08-10T23:01:19Z",
                    "2024-08-10T23:01:46Z",
                    "2024-08-10T23:02:40Z",
                    "2024-08-10T23:03:10Z",
                    "2024-08-10T23:03:37Z",
                    "2024-08-10T23:04:13Z",
                    "2024-08-10T23:05:47Z",
                    "2024-08-10T23:06:15Z",
                    "2024-08-10T23:06:52Z",
                    "2024-08-10T23:07:33Z",
                    "2024-08-10T23:08:11Z",
                    "2024-08-10T23:08:52Z",
                    "2024-08-10T23:09:25Z",
                    "2024-08-10T23:10:32Z",
                    "2024-08-10T23:11:11Z",
                    "2024-08-10T23:12:02Z",
                    "2024-08-10T23:12:41Z",
                    "2024-08-10T23:13:14Z",
                    "2024-08-10T23:13:54Z",
                    "2024-08-10T23:14:36Z",
                    "2024-08-10T23:15:17Z",
                    "2024-08-10T23:15:58Z",
                    "2024-08-10T23:16:53Z",
                    "2024-08-10T23:17:34Z",
                    "2024-08-10T23:18:12Z",
                    "2024-08-10T23:18:42Z",
                    "2024-08-10T23:19:13Z",
                    "2024-08-10T23:19:42Z",
                    "2024-08-10T23:20:12Z",
                    "2024-08-10T23:20:40Z",
                    "2024-08-10T23:21:08Z",
                    "2024-08-10T23:21:34Z",
                    "2024-08-10T23:22:01Z",
                    "2024-08-10T23:22:34Z",
                    "2024-08-10T23:23:05Z",
                    "2024-08-10T23:23:36Z",
                    "2024-08-10T23:24:24Z",
                    "2024-08-10T23:25:08Z",
                    "2024-08-10T23:25:46Z",
                    "2024-08-10T23:26:37Z",
                    "2024-08-10T23:27:18Z",
                    "2024-08-10T23:27:47Z",
                    "2024-08-10T23:28:21Z",
                    "2024-08-10T23:29:12Z",
                    "2024-08-10T23:29:48Z",
                    "2024-08-10T23:30:18Z",
                    "2024-08-10T23:30:56Z",
                    "2024-08-10T23:31:28Z",
                    "2024-08-10T23:31:58Z",
                    "2024-08-10T23:32:25Z",
                    "2024-08-10T23:32:58Z",
                    "2024-08-10T23:33:34Z",
                    "2024-08-10T23:34:03Z",
                    "2024-08-10T23:34:31Z",
                    "2024-08-10T23:35:01Z",
                    "2024-08-10T23:35:35Z",
                    "2024-08-10T23:36:04Z",
                    "2024-08-10T23:36:34Z",
                    "2024-08-10T23:37:04Z",
                    "2024-08-10T23:37:38Z",
                    "2024-08-10T23:38:09Z",
                    "2024-08-10T23:38:40Z",
                    "2024-08-10T23:39:35Z",
                    "2024-08-10T23:40:03Z",
                    "2024-08-10T23:40:56Z",
                    "2024-08-10T23:41:52Z",
                    "2024-08-10T23:42:24Z",
                    "2024-08-10T23:42:53Z",
                    "2024-08-10T23:43:26Z",
                    "2024-08-10T23:43:52Z",
                    "2024-08-10T23:44:26Z",
                    "2024-08-10T23:44:54Z",
                    "2024-08-10T23:46:20Z",
                    "2024-08-10T23:54:53Z",
                    "2024-08-10T23:56:24Z",
                    "2024-08-10T23:56:54Z",
                    "2024-08-10T23:57:26Z",
                    "2024-08-10T23:58:03Z",
                    "2024-08-10T23:58:31Z",
                    "2024-08-10T23:59:01Z",
                    "2024-08-10T23:59:33Z",
                    "2024-08-11T00:00:14Z",
                    "2024-08-11T00:00:52Z",
                    "2024-08-11T00:01:34Z",
                    "2024-08-11T00:02:10Z",
                    "2024-08-11T00:02:56Z",
                    "2024-08-11T00:03:45Z",
                    "2024-08-11T00:04:19Z",
                    "2024-08-11T00:04:55Z",
                    "2024-08-11T00:05:27Z",
                    "2024-08-11T00:06:08Z",
                    "2024-08-11T00:07:42Z",
                    "2024-08-11T00:08:19Z",
                    "2024-08-11T00:08:51Z",
                    "2024-08-11T00:09:22Z",
                    "2024-08-11T00:10:00Z",
                    "2024-08-11T00:10:58Z",
                    "2024-08-11T00:11:41Z",
                    "2024-08-11T00:12:47Z",
                    "2024-08-11T00:13:52Z",
                    "2024-08-11T00:15:04Z",
                    "2024-08-11T00:15:57Z",
                    "2024-08-11T00:17:05Z",
                    "2024-08-11T00:17:51Z",
                    "2024-08-11T00:18:42Z",
                    "2024-08-11T00:21:11Z",
                    "2024-08-11T00:22:08Z",
                    "2024-08-11T00:22:38Z",
                    "2024-08-11T00:23:05Z",
                    "2024-08-11T00:23:51Z",
                    "2024-08-11T00:24:21Z",
                    "2024-08-11T00:24:56Z",
                    "2024-08-11T00:25:41Z",
                    "2024-08-11T00:26:34Z",
                    "2024-08-11T00:27:53Z",
                    "2024-08-11T00:29:36Z",
                    "2024-08-11T00:30:09Z",
                    "2024-08-11T00:30:40Z",
                    "2024-08-11T00:33:08Z",
                    "2024-08-11T00:33:53Z",
                    "2024-08-11T00:34:36Z",
                    "2024-08-11T00:35:21Z",
                    "2024-08-11T00:36:01Z",
                    "2024-08-11T00:36:42Z",
                    "2024-08-11T00:37:18Z",
                    "2024-08-11T00:37:50Z",
                    "2024-08-11T00:38:33Z",
                    "2024-08-11T00:39:15Z",
                    "2024-08-11T00:40:04Z",
                    "2024-08-11T00:40:55Z",
                    "2024-08-11T00:41:33Z",
                    "2024-08-11T00:42:16Z",
                    "2024-08-11T00:43:16Z",
                    "2024-08-11T00:44:13Z",
                    "2024-08-11T00:45:13Z",
                    "2024-08-11T00:47:03Z",
                    "2024-08-11T00:47:39Z",
                    "2024-08-11T00:48:19Z",
                    "2024-08-11T00:49:01Z",
                    "2024-08-11T00:49:44Z",
                    "2024-08-11T00:50:22Z",
                    "2024-08-11T00:51:01Z",
                    "2024-08-11T00:52:27Z",
                    "2024-08-11T00:53:28Z",
                    "2024-08-11T00:54:03Z",
                    "2024-08-11T00:54:32Z",
                    "2024-08-11T00:55:06Z",
                    "2024-08-11T00:55:35Z",
                    "2024-08-11T00:56:07Z",
                    "2024-08-11T00:56:37Z",
                    "2024-08-11T00:57:24Z",
                    "2024-08-11T01:11:10Z",
                    "2024-08-11T01:11:50Z",
                    "2024-08-11T01:13:23Z",
                    "2024-08-11T01:14:23Z",
                    "2024-08-11T01:15:01Z",
                    "2024-08-11T01:15:35Z",
                    "2024-08-11T01:16:10Z",
                    "2024-08-11T01:16:44Z",
                    "2024-08-11T01:17:24Z",
                    "2024-08-11T01:18:05Z",
                    "2024-08-11T01:18:47Z",
                    "2024-08-11T01:19:43Z",
                    "2024-08-11T01:20:32Z",
                    "2024-08-11T01:21:24Z",
                    "2024-08-11T01:21:54Z",
                    "2024-08-11T01:22:35Z",
                    "2024-08-11T01:23:33Z",
                    "2024-08-11T01:24:49Z",
                    "2024-08-11T01:25:30Z",
                    "2024-08-11T01:26:03Z",
                    "2024-08-11T01:26:31Z",
                    "2024-08-11T01:27:16Z",
                    "2024-08-11T01:27:49Z",
                    "2024-08-11T01:28:34Z",
                    "2024-08-11T01:29:22Z",
                    "2024-08-11T01:30:10Z",
                    "2024-08-11T01:31:38Z",
                    "2024-08-11T01:32:28Z",
                    "2024-08-11T01:33:27Z",
                    "2024-08-11T01:34:16Z",
                    "2024-08-11T01:34:48Z",
                    "2024-08-11T01:35:55Z",
                    "2024-08-11T01:36:39Z",
                    "2024-08-11T01:37:17Z",
                    "2024-08-11T01:37:51Z",
                    "2024-08-11T01:38:40Z",
                    "2024-08-11T01:39:12Z",
                    "2024-08-11T01:40:10Z",
                    "2024-08-11T01:41:00Z",
                    "2024-08-11T01:42:12Z",
                    "2024-08-11T01:42:48Z",
                    "2024-08-11T01:43:37Z",
                    "2024-08-11T01:44:12Z",
                    "2024-08-11T01:44:54Z",
                    "2024-08-11T01:48:04Z",
                    "2024-08-11T01:49:01Z",
                    "2024-08-11T01:49:46Z",
                    "2024-08-11T01:50:33Z",
                    "2024-08-11T01:51:12Z",
                    "2024-08-11T01:52:18Z",
                    "2024-08-11T01:53:03Z",
                    "2024-08-11T01:53:39Z",
                    "2024-08-11T01:54:29Z",
                    "2024-08-11T01:55:17Z",
                    "2024-08-11T01:55:53Z",
                    "2024-08-11T01:56:42Z",
                    "2024-08-11T01:58:23Z",
                    "2024-08-11T01:59:01Z",
                    "2024-08-11T01:59:46Z",
                    "2024-08-11T02:00:32Z",
                    "2024-08-11T02:01:22Z",
                    "2024-08-11T02:02:11Z",
                    "2024-08-11T02:02:55Z",
                    "2024-08-11T02:03:34Z",
                    "2024-08-11T02:04:18Z",
                    "2024-08-11T02:04:58Z",
                    "2024-08-11T02:05:34Z",
                    "2024-08-11T02:06:32Z",
                    "2024-08-11T02:07:30Z",
                    "2024-08-11T02:08:09Z",
                    "2024-08-11T02:08:41Z",
                    "2024-08-11T02:09:13Z",
                    "2024-08-11T02:09:47Z",
                    "2024-08-11T02:10:17Z",
                    "2024-08-11T02:10:47Z",
                    "2024-08-11T02:11:21Z",
                    "2024-08-11T02:11:48Z",
                    "2024-08-11T02:12:26Z",
                    "2024-08-11T02:12:59Z",
                    "2024-08-11T02:13:29Z",
                    "2024-08-11T02:13:59Z",
                    "2024-08-11T02:14:36Z",
                    "2024-08-11T02:15:09Z",
                    "2024-08-11T02:15:31Z",
                    "2024-08-11T02:16:01Z",
                    "2024-08-11T02:16:29Z",
                    "2024-08-11T02:16:55Z",
                    "2024-08-11T02:17:24Z",
                    "2024-08-11T02:17:50Z",
                    "2024-08-11T02:18:17Z",
                    "2024-08-11T02:18:43Z",
                    "2024-08-11T02:19:10Z",
                    "2024-08-11T02:19:38Z",
                    "2024-08-11T02:20:05Z",
                    "2024-08-11T02:20:33Z",
                    "2024-08-11T02:21:00Z",
                    "2024-08-11T02:21:28Z",
                    "2024-08-11T02:21:54Z",
                    "2024-08-11T02:22:21Z",
                    "2024-08-11T02:22:48Z",
                    "2024-08-11T02:23:17Z",
                    "2024-08-11T02:23:43Z",
                    "2024-08-11T02:24:10Z",
                    "2024-08-11T02:27:42Z",
                    "2024-08-11T02:28:08Z",
                    "2024-08-11T02:28:34Z",
                    "2024-08-11T02:29:00Z",
                    "2024-08-11T02:29:27Z",
                    "2024-08-11T02:29:55Z",
                    "2024-08-11T02:30:23Z",
                    "2024-08-11T02:30:51Z",
                    "2024-08-11T02:31:18Z",
                    "2024-08-11T02:31:45Z",
                    "2024-08-11T02:32:13Z",
                    "2024-08-11T02:32:39Z",
                    "2024-08-11T02:33:10Z",
                    "2024-08-11T02:33:37Z",
                    "2024-08-11T02:34:04Z",
                    "2024-08-11T02:34:32Z",
                    "2024-08-11T02:35:02Z",
                    "2024-08-11T02:35:29Z",
                    "2024-08-11T02:35:57Z",
                    "2024-08-11T02:36:25Z",
                    "2024-08-11T02:36:54Z",
                    "2024-08-11T02:37:23Z",
                    "2024-08-11T02:37:51Z",
                    "2024-08-11T02:38:20Z",
                    "2024-08-11T02:38:46Z",
                    "2024-08-11T02:39:14Z",
                    "2024-08-11T02:39:40Z",
                    "2024-08-11T02:40:09Z",
                    "2024-08-11T02:40:36Z",
                    "2024-08-11T02:41:06Z",
                    "2024-08-11T02:41:32Z",
                    "2024-08-11T02:41:59Z",
                    "2024-08-11T02:42:25Z",
                    "2024-08-11T02:42:51Z",
                    "2024-08-11T02:43:17Z",
                    "2024-08-11T02:43:44Z",
                    "2024-08-11T02:44:11Z",
                    "2024-08-11T02:44:39Z",
                    "2024-08-11T02:45:06Z",
                    "2024-08-11T02:45:35Z",
                    "2024-08-11T02:46:04Z",
                    "2024-08-11T02:46:30Z",
                    "2024-08-11T02:46:58Z",
                    "2024-08-11T02:47:26Z",
                    "2024-08-11T02:47:55Z",
                    "2024-08-11T02:48:24Z",
                    "2024-08-11T02:48:50Z",
                    "2024-08-11T02:49:19Z",
                    "2024-08-11T02:49:46Z",
                    "2024-08-11T02:50:12Z",
                    "2024-08-11T02:50:40Z",
                    "2024-08-11T02:51:08Z",
                    "2024-08-11T02:51:37Z",
                    "2024-08-11T02:52:03Z",
                    "2024-08-11T02:52:30Z",
                    "2024-08-11T02:52:56Z",
                    "2024-08-11T02:53:23Z",
                    "2024-08-11T02:53:55Z",
                    "2024-08-11T02:54:22Z",
                    "2024-08-11T02:54:48Z",
                    "2024-08-11T02:55:16Z",
                    "2024-08-11T02:55:42Z",
                    "2024-08-11T02:56:10Z",
                    "2024-08-11T02:56:38Z",
                    "2024-08-11T02:57:04Z",
                    "2024-08-11T02:57:31Z",
                    "2024-08-11T02:57:59Z",
                    "2024-08-11T02:58:25Z",
                    "2024-08-11T02:58:53Z",
                    "2024-08-11T02:59:25Z",
                    "2024-08-11T02:59:49Z",
                    "2024-08-11T03:00:19Z",
                    "2024-08-11T03:00:46Z",
                    "2024-08-11T03:01:13Z",
                    "2024-08-11T03:01:44Z",
                    "2024-08-11T03:02:09Z",
                    "2024-08-11T03:02:33Z",
                    "2024-08-11T03:03:00Z",
                    "2024-08-11T03:03:28Z",
                    "2024-08-11T03:03:56Z",
                    "2024-08-11T03:04:25Z",
                    "2024-08-11T03:04:51Z",
                    "2024-08-11T03:05:18Z",
                    "2024-08-11T03:05:42Z",
                    "2024-08-11T03:06:08Z",
                    "2024-08-11T03:06:35Z",
                    "2024-08-11T03:07:01Z",
                    "2024-08-11T03:07:28Z",
                    "2024-08-11T03:07:55Z",
                    "2024-08-11T03:08:22Z",
                    "2024-08-11T03:08:47Z",
                    "2024-08-11T03:09:13Z",
                    "2024-08-11T03:09:40Z",
                    "2024-08-11T03:10:06Z",
                    "2024-08-11T03:10:32Z",
                    "2024-08-11T03:10:59Z",
                    "2024-08-11T03:11:26Z",
                    "2024-08-11T03:11:53Z",
                    "2024-08-11T03:12:20Z",
                    "2024-08-11T03:12:45Z",
                    "2024-08-11T03:13:12Z",
                    "2024-08-11T03:13:41Z",
                    "2024-08-11T03:14:07Z",
                    "2024-08-11T03:14:35Z",
                    "2024-08-11T03:15:02Z",
                    "2024-08-11T03:15:28Z",
                    "2024-08-11T03:15:56Z",
                    "2024-08-11T03:16:23Z",
                    "2024-08-11T03:16:49Z",
                    "2024-08-11T03:17:15Z",
                    "2024-08-11T03:17:42Z",
                    "2024-08-11T03:18:08Z",
                    "2024-08-11T03:18:36Z",
                    "2024-08-11T03:19:04Z",
                    "2024-08-11T03:19:32Z",
                    "2024-08-11T03:20:01Z",
                    "2024-08-11T03:20:29Z",
                    "2024-08-11T03:20:56Z",
                    "2024-08-11T03:21:21Z",
                    "2024-08-11T03:21:49Z",
                    "2024-08-11T03:22:17Z",
                    "2024-08-11T03:22:46Z",
                    "2024-08-11T03:23:16Z",
                    "2024-08-11T03:23:44Z",
                    "2024-08-11T03:24:13Z",
                    "2024-08-11T03:24:42Z",
                    "2024-08-11T03:25:10Z",
                    "2024-08-11T03:25:37Z",
                    "2024-08-11T03:26:05Z",
                    "2024-08-11T03:26:32Z",
                    "2024-08-11T03:26:57Z",
                    "2024-08-11T03:27:26Z",
                    "2024-08-11T03:27:53Z",
                    "2024-08-11T03:28:19Z",
                    "2024-08-11T03:28:45Z",
                    "2024-08-11T03:29:09Z",
                    "2024-08-11T03:29:37Z",
                    "2024-08-11T03:30:04Z",
                    "2024-08-11T03:30:33Z",
                    "2024-08-11T03:30:59Z",
                    "2024-08-11T03:31:27Z",
                    "2024-08-11T03:31:52Z",
                    "2024-08-11T03:32:18Z",
                    "2024-08-11T03:32:45Z",
                    "2024-08-11T03:33:12Z",
                    "2024-08-11T03:33:38Z",
                    "2024-08-11T03:34:05Z",
                    "2024-08-11T03:34:33Z",
                    "2024-08-11T03:35:00Z",
                    "2024-08-11T03:35:26Z",
                    "2024-08-11T03:35:53Z",
                    "2024-08-11T03:36:19Z",
                    "2024-08-11T03:36:46Z",
                    "2024-08-11T03:37:12Z",
                    "2024-08-11T03:37:39Z",
                    "2024-08-11T03:38:06Z",
                    "2024-08-11T03:38:35Z",
                    "2024-08-11T03:39:02Z",
                    "2024-08-11T03:39:28Z",
                    "2024-08-11T03:39:55Z",
                    "2024-08-11T03:40:22Z",
                    "2024-08-11T03:40:49Z",
                    "2024-08-11T03:41:16Z",
                    "2024-08-11T03:41:42Z",
                    "2024-08-11T03:42:09Z",
                    "2024-08-11T03:42:36Z",
                    "2024-08-11T03:43:02Z",
                    "2024-08-11T03:43:30Z",
                    "2024-08-11T03:43:57Z",
                    "2024-08-11T03:44:25Z",
                    "2024-08-11T03:44:53Z",
                    "2024-08-11T03:45:22Z",
                    "2024-08-11T03:45:48Z",
                    "2024-08-11T03:46:15Z",
                    "2024-08-11T03:46:41Z",
                    "2024-08-11T03:47:09Z",
                    "2024-08-11T03:47:35Z",
                    "2024-08-11T03:48:05Z",
                    "2024-08-11T03:48:33Z",
                    "2024-08-11T03:48:59Z",
                    "2024-08-11T03:49:27Z",
                    "2024-08-11T03:49:55Z",
                    "2024-08-11T03:50:21Z",
                    "2024-08-11T03:50:50Z",
                    "2024-08-11T03:51:17Z",
                    "2024-08-11T03:51:43Z",
                    "2024-08-11T03:52:19Z",
                    "2024-08-11T03:52:46Z",
                    "2024-08-11T03:53:13Z",
                    "2024-08-11T03:53:41Z",
                    "2024-08-11T03:54:07Z",
                    "2024-08-11T03:54:36Z",
                    "2024-08-11T03:55:02Z",
                    "2024-08-11T03:55:29Z",
                    "2024-08-11T03:55:55Z",
                    "2024-08-11T03:56:24Z",
                    "2024-08-11T03:56:50Z",
                    "2024-08-11T03:57:17Z",
                    "2024-08-11T03:57:46Z",
                    "2024-08-11T03:58:14Z",
                    "2024-08-11T03:58:42Z",
                    "2024-08-11T03:59:10Z",
                    "2024-08-11T03:59:37Z",
                    "2024-08-11T04:00:03Z",
                    "2024-08-11T04:00:45Z",
                    "2024-08-11T04:01:15Z",
                    "2024-08-11T04:01:50Z",
                    "2024-08-11T04:02:21Z",
                    "2024-08-11T04:02:48Z",
                    "2024-08-11T04:03:15Z",
                    "2024-08-11T04:03:42Z",
                    "2024-08-11T04:04:10Z",
                    "2024-08-11T04:04:37Z",
                    "2024-08-11T04:05:06Z",
                    "2024-08-11T04:05:34Z",
                    "2024-08-11T04:06:02Z",
                    "2024-08-11T04:06:27Z",
                    "2024-08-11T04:06:54Z",
                    "2024-08-11T04:07:21Z",
                    "2024-08-11T04:07:48Z",
                    "2024-08-11T04:08:15Z",
                    "2024-08-11T04:08:43Z",
                    "2024-08-11T04:09:09Z",
                    "2024-08-11T04:09:33Z",
                    "2024-08-11T04:09:59Z",
                    "2024-08-11T04:10:28Z",
                    "2024-08-11T04:10:56Z",
                    "2024-08-11T04:11:26Z",
                    "2024-08-11T04:11:53Z",
                    "2024-08-11T04:12:22Z",
                    "2024-08-11T04:12:50Z",
                    "2024-08-11T04:13:15Z",
                    "2024-08-11T04:13:44Z",
                    "2024-08-11T04:14:10Z",
                    "2024-08-11T04:14:39Z",
                    "2024-08-11T04:15:07Z",
                    "2024-08-11T04:15:36Z",
                    "2024-08-11T04:16:01Z",
                    "2024-08-11T04:16:28Z",
                    "2024-08-11T04:16:55Z",
                    "2024-08-11T04:17:21Z",
                    "2024-08-11T04:17:47Z",
                    "2024-08-11T04:18:13Z",
                    "2024-08-11T04:18:41Z",
                    "2024-08-11T04:19:07Z",
                    "2024-08-11T04:19:33Z",
                    "2024-08-11T04:20:00Z",
                    "2024-08-11T04:20:28Z",
                    "2024-08-11T04:20:58Z",
                    "2024-08-11T04:21:25Z",
                    "2024-08-11T04:21:52Z",
                    "2024-08-11T04:22:19Z",
                    "2024-08-11T04:22:47Z",
                    "2024-08-11T04:23:15Z",
                    "2024-08-11T04:23:41Z",
                    "2024-08-11T04:24:08Z",
                    "2024-08-11T04:24:40Z",
                    "2024-08-11T04:25:07Z",
                    "2024-08-11T04:25:33Z",
                    "2024-08-11T04:26:24Z"
                ]
            },
            "geometry": {
                "type": "LineString",
                "coordinates": [
                    [
                        137.75266629711663,
                        36.633524568048784,
                        2462
                    ],
                    [
                        137.7526537274814,
                        36.633414494581785,
                        2471
                    ],
                    [
                        137.75264564185525,
                        36.63331114377887,
                        2480
                    ],
                    [
                        137.75257099018492,
                        36.633234576792255,
                        2491
                    ],
                    [
                        137.7524512154961,
                        36.633126840524284,
                        2490
                    ],
                    [
                        137.7525135883416,
                        36.633020521000795,
                        2487
                    ],
                    [
                        137.75241084173416,
                        36.63290103700608,
                        2495
                    ],
                    [
                        137.7523916660587,
                        36.632800959663115,
                        2507
                    ],
                    [
                        137.75238333884255,
                        36.63266894105594,
                        2508
                    ],
                    [
                        137.75248917465206,
                        36.63255180430577,
                        2514
                    ],
                    [
                        137.75225778240787,
                        36.63245690507555,
                        2499
                    ],
                    [
                        137.75205351073487,
                        36.63235699873597,
                        2496
                    ],
                    [
                        137.7518616813121,
                        36.632320085560345,
                        2492
                    ],
                    [
                        137.7518922122833,
                        36.632194583212296,
                        2500
                    ],
                    [
                        137.7519040099101,
                        36.63205443074421,
                        2508
                    ],
                    [
                        137.75184944969692,
                        36.63191117184537,
                        2518
                    ],
                    [
                        137.75194665635865,
                        36.63184319188555,
                        2524
                    ],
                    [
                        137.75212602289864,
                        36.63181487400312,
                        2538
                    ],
                    [
                        137.75212767825528,
                        36.631687350490374,
                        2548
                    ],
                    [
                        137.75214464091712,
                        36.631504700369916,
                        2548
                    ],
                    [
                        137.7520968489539,
                        36.631415553343984,
                        2557
                    ],
                    [
                        137.75210249417987,
                        36.63128835814895,
                        2568
                    ],
                    [
                        137.75215258597558,
                        36.63116739659706,
                        2581
                    ],
                    [
                        137.75205716372187,
                        36.63105837478105,
                        2586
                    ],
                    [
                        137.75192031585286,
                        36.63093173840444,
                        2589
                    ],
                    [
                        137.75186562128428,
                        36.63081933603036,
                        2596
                    ],
                    [
                        137.75183013240476,
                        36.63064155707049,
                        2599
                    ],
                    [
                        137.75174449029336,
                        36.63046460142981,
                        2601
                    ],
                    [
                        137.75164732978695,
                        36.6303569131007,
                        2609
                    ],
                    [
                        137.75159126747405,
                        36.630240557849966,
                        2613
                    ],
                    [
                        137.751603445872,
                        36.63013833892028,
                        2619
                    ],
                    [
                        137.75171646109368,
                        36.63010277367813,
                        2630
                    ],
                    [
                        137.7515886870909,
                        36.62996514928312,
                        2637
                    ],
                    [
                        137.75161502412132,
                        36.629863130211774,
                        2644
                    ],
                    [
                        137.7514552462811,
                        36.629842928021766,
                        2649
                    ],
                    [
                        137.75125684634546,
                        36.62973432911585,
                        2655
                    ],
                    [
                        137.75120379959017,
                        36.629630239662326,
                        2664
                    ],
                    [
                        137.751407200159,
                        36.62958799216432,
                        2671
                    ],
                    [
                        137.7513984500273,
                        36.629447501302124,
                        2679
                    ],
                    [
                        137.75138333020635,
                        36.6292869996197,
                        2685
                    ],
                    [
                        137.75133982929955,
                        36.62917576861042,
                        2691
                    ],
                    [
                        137.7513177979915,
                        36.62902240598742,
                        2695
                    ],
                    [
                        137.7512679883644,
                        36.62887718220291,
                        2702
                    ],
                    [
                        137.7511769562354,
                        36.62871247615147,
                        2709
                    ],
                    [
                        137.75110303409758,
                        36.62858245858628,
                        2716
                    ],
                    [
                        137.7511159423045,
                        36.628461179205864,
                        2729
                    ],
                    [
                        137.75125440423503,
                        36.62845418673351,
                        2732
                    ],
                    [
                        137.7513222667413,
                        36.62834792735755,
                        2744
                    ],
                    [
                        137.75144972701892,
                        36.628213361945015,
                        2751
                    ],
                    [
                        137.75136842578004,
                        36.627990274949035,
                        2754
                    ],
                    [
                        137.7513301028084,
                        36.62775370792813,
                        2759
                    ],
                    [
                        137.75132424502698,
                        36.62758970449141,
                        2763
                    ],
                    [
                        137.7511455161799,
                        36.62751036470342,
                        2767
                    ],
                    [
                        137.75106333153363,
                        36.62738244097782,
                        2766
                    ],
                    [
                        137.75093245900615,
                        36.62730727053732,
                        2769
                    ],
                    [
                        137.75097869348656,
                        36.6271437364064,
                        2774
                    ],
                    [
                        137.7510037319503,
                        36.62699576677701,
                        2781
                    ],
                    [
                        137.75098791715575,
                        36.62683976911348,
                        2789
                    ],
                    [
                        137.75091461691557,
                        36.62669431872612,
                        2793
                    ],
                    [
                        137.7511265579447,
                        36.62675070524001,
                        2799
                    ],
                    [
                        137.75132115230346,
                        36.626815113379244,
                        2806
                    ],
                    [
                        137.75151514355304,
                        36.6268628948991,
                        2813
                    ],
                    [
                        137.75166191515163,
                        36.62691694949999,
                        2820
                    ],
                    [
                        137.75181495622724,
                        36.62697583856732,
                        2828
                    ],
                    [
                        137.75194502561519,
                        36.626987156815595,
                        2835
                    ],
                    [
                        137.75177998797204,
                        36.62696925851236,
                        2825
                    ],
                    [
                        137.75164208627524,
                        36.626918777167,
                        2818
                    ],
                    [
                        137.7515057696013,
                        36.62687262874138,
                        2811
                    ],
                    [
                        137.75130931424135,
                        36.626823827899,
                        2805
                    ],
                    [
                        137.7511515457136,
                        36.62678431529205,
                        2800
                    ],
                    [
                        137.75093192144345,
                        36.62666072178732,
                        2796
                    ],
                    [
                        137.75077482307518,
                        36.62660304463627,
                        2790
                    ],
                    [
                        137.75045885668825,
                        36.62643478469354,
                        2783
                    ],
                    [
                        137.75020144076595,
                        36.62635084833213,
                        2782
                    ],
                    [
                        137.74991458930955,
                        36.626280409122195,
                        2783
                    ],
                    [
                        137.7496889519509,
                        36.626152279468364,
                        2780
                    ],
                    [
                        137.74949892938648,
                        36.626013218394306,
                        2786
                    ],
                    [
                        137.749336401091,
                        36.62599896255969,
                        2793
                    ],
                    [
                        137.7491012425114,
                        36.62588670386547,
                        2799
                    ],
                    [
                        137.74890736795535,
                        36.62579412817296,
                        2810
                    ],
                    [
                        137.74881715389236,
                        36.62569092290326,
                        2810
                    ],
                    [
                        137.74861482347154,
                        36.625703866734646,
                        2820
                    ],
                    [
                        137.74843532527998,
                        36.62566296839236,
                        2827
                    ],
                    [
                        137.74821473559314,
                        36.62560519887717,
                        2826
                    ],
                    [
                        137.74798019447888,
                        36.625565062755626,
                        2822
                    ],
                    [
                        137.74778505246624,
                        36.625586016317044,
                        2821
                    ],
                    [
                        137.7476364993802,
                        36.62547185279931,
                        2818
                    ],
                    [
                        137.7474629004515,
                        36.6253620028221,
                        2823
                    ],
                    [
                        137.74752731644128,
                        36.625250364087506,
                        2834
                    ],
                    [
                        137.74757617514916,
                        36.62515744251098,
                        2848
                    ],
                    [
                        137.74741305684947,
                        36.62509852772819,
                        2856
                    ],
                    [
                        137.74747830536535,
                        36.62501183054581,
                        2860
                    ],
                    [
                        137.747397852016,
                        36.62491630713301,
                        2868
                    ],
                    [
                        137.74735694543944,
                        36.6248259077067,
                        2871
                    ],
                    [
                        137.74722276756717,
                        36.62475816667136,
                        2877
                    ],
                    [
                        137.7470550645941,
                        36.62471145849004,
                        2889
                    ],
                    [
                        137.747054585592,
                        36.624552313150105,
                        2893
                    ],
                    [
                        137.74682073242667,
                        36.62451430567517,
                        2897
                    ],
                    [
                        137.74671307129236,
                        36.62447165875415,
                        2892
                    ],
                    [
                        137.7469854858612,
                        36.624501850526286,
                        2894
                    ],
                    [
                        137.74688586613027,
                        36.62436646928133,
                        2888
                    ],
                    [
                        137.74684539454012,
                        36.624206496952674,
                        2881
                    ],
                    [
                        137.74671651163493,
                        36.62418851778725,
                        2878
                    ],
                    [
                        137.74666081521545,
                        36.6240886799831,
                        2873
                    ],
                    [
                        137.74662200450481,
                        36.62395588554087,
                        2861
                    ],
                    [
                        137.74654158758668,
                        36.62387162747893,
                        2856
                    ],
                    [
                        137.74642872763323,
                        36.623704595316745,
                        2846
                    ],
                    [
                        137.74637796323051,
                        36.6234977715294,
                        2836
                    ],
                    [
                        137.7463443467069,
                        36.623313501353266,
                        2829
                    ],
                    [
                        137.74626991240814,
                        36.62310598021823,
                        2821
                    ],
                    [
                        137.7462394821604,
                        36.62290174976325,
                        2813
                    ],
                    [
                        137.74631741918063,
                        36.62270673471672,
                        2804
                    ],
                    [
                        137.74626946408108,
                        36.62242450153563,
                        2798
                    ],
                    [
                        137.7462531510577,
                        36.62210802987843,
                        2791
                    ],
                    [
                        137.74612366322347,
                        36.62188146495014,
                        2785
                    ],
                    [
                        137.74600670220292,
                        36.6215521713804,
                        2774
                    ],
                    [
                        137.7459212029322,
                        36.62133196009764,
                        2768
                    ],
                    [
                        137.74587983464014,
                        36.621205658102745,
                        2763
                    ],
                    [
                        137.74582394982536,
                        36.620929241945646,
                        2758
                    ],
                    [
                        137.74570839558487,
                        36.620775317039225,
                        2750
                    ],
                    [
                        137.74559575649326,
                        36.620563676302886,
                        2741
                    ],
                    [
                        137.74548909904902,
                        36.62031561674146,
                        2737
                    ],
                    [
                        137.7454757142608,
                        36.62012480388108,
                        2736
                    ],
                    [
                        137.74534069737416,
                        36.619857660134535,
                        2737
                    ],
                    [
                        137.74527668627957,
                        36.619632545092244,
                        2735
                    ],
                    [
                        137.74520473297753,
                        36.61939544817403,
                        2729
                    ],
                    [
                        137.74508677342214,
                        36.61894589158435,
                        2719
                    ],
                    [
                        137.7449054767266,
                        36.61878083633748,
                        2714
                    ],
                    [
                        137.74473890599805,
                        36.618567782874386,
                        2709
                    ],
                    [
                        137.74470137329627,
                        36.618403073444476,
                        2696
                    ],
                    [
                        137.7445961037707,
                        36.61826516295642,
                        2687
                    ],
                    [
                        137.74446660822173,
                        36.61801878542004,
                        2681
                    ],
                    [
                        137.74442201962515,
                        36.61773922192582,
                        2675
                    ],
                    [
                        137.7444209495615,
                        36.61741284985979,
                        2675
                    ],
                    [
                        137.74443384145505,
                        36.61712159353852,
                        2675
                    ],
                    [
                        137.7444543587896,
                        36.61691072808578,
                        2676
                    ],
                    [
                        137.74443288451462,
                        36.61661995662998,
                        2678
                    ],
                    [
                        137.7443746027716,
                        36.61642663823622,
                        2683
                    ],
                    [
                        137.7444344938728,
                        36.61622775130827,
                        2686
                    ],
                    [
                        137.74453560570836,
                        36.616003348144275,
                        2688
                    ],
                    [
                        137.74457317127664,
                        36.61576170630006,
                        2692
                    ],
                    [
                        137.74452777762068,
                        36.61550747325554,
                        2694
                    ],
                    [
                        137.74447857563217,
                        36.615247282998425,
                        2692
                    ],
                    [
                        137.7443341801394,
                        36.615329233009895,
                        2691
                    ],
                    [
                        137.7444397898819,
                        36.61508738278908,
                        2681
                    ],
                    [
                        137.74460932761625,
                        36.614849597863135,
                        2675
                    ],
                    [
                        137.74466532133252,
                        36.614673027021496,
                        2667
                    ],
                    [
                        137.7446535397985,
                        36.61452960773828,
                        2659
                    ],
                    [
                        137.74468577230192,
                        36.61437942866184,
                        2652
                    ],
                    [
                        137.7447515186897,
                        36.61427171020743,
                        2645
                    ],
                    [
                        137.74462963635025,
                        36.61418001456551,
                        2638
                    ],
                    [
                        137.74446033771713,
                        36.61408840493899,
                        2626
                    ],
                    [
                        137.74429048613118,
                        36.61398525587602,
                        2619
                    ],
                    [
                        137.74436630140258,
                        36.61384305903711,
                        2610
                    ],
                    [
                        137.74423647248528,
                        36.61373857919956,
                        2603
                    ],
                    [
                        137.74426388458366,
                        36.6136185385491,
                        2597
                    ],
                    [
                        137.74421876877676,
                        36.61348879643873,
                        2592
                    ],
                    [
                        137.7442019122036,
                        36.61331893251564,
                        2581
                    ],
                    [
                        137.74427884048202,
                        36.61315462859506,
                        2572
                    ],
                    [
                        137.74412764084371,
                        36.613052160369534,
                        2565
                    ],
                    [
                        137.74421135264816,
                        36.61278828998992,
                        2555
                    ],
                    [
                        137.74423824445714,
                        36.61250255003477,
                        2553
                    ],
                    [
                        137.7444053561593,
                        36.61228483088126,
                        2547
                    ],
                    [
                        137.74451590228594,
                        36.612017856643135,
                        2540
                    ],
                    [
                        137.74461458822663,
                        36.61178844545715,
                        2536
                    ],
                    [
                        137.7446713973376,
                        36.611540742667735,
                        2533
                    ],
                    [
                        137.74480841703,
                        36.61125133939535,
                        2530
                    ],
                    [
                        137.7449363333657,
                        36.61096432040005,
                        2532
                    ],
                    [
                        137.7450602085753,
                        36.610661562916086,
                        2530
                    ],
                    [
                        137.74508350377462,
                        36.61042056567597,
                        2522
                    ],
                    [
                        137.7452761669604,
                        36.6101737423595,
                        2519
                    ],
                    [
                        137.74548204508235,
                        36.610157771044506,
                        2515
                    ],
                    [
                        137.74561475190563,
                        36.60998149418897,
                        2510
                    ],
                    [
                        137.74572567431082,
                        36.60980622354405,
                        2499
                    ],
                    [
                        137.7459069351513,
                        36.60957540072358,
                        2492
                    ],
                    [
                        137.74601155148534,
                        36.60938310236984,
                        2489
                    ],
                    [
                        137.74605324974598,
                        36.60920893389665,
                        2486
                    ],
                    [
                        137.74618552439838,
                        36.60908813961423,
                        2484
                    ],
                    [
                        137.7462075481069,
                        36.6088314457391,
                        2485
                    ],
                    [
                        137.74623639941078,
                        36.60858282129118,
                        2490
                    ],
                    [
                        137.74627286318545,
                        36.608382465698085,
                        2490
                    ],
                    [
                        137.74628555038237,
                        36.608148248408405,
                        2489
                    ],
                    [
                        137.74620576813007,
                        36.607889823073045,
                        2493
                    ],
                    [
                        137.7463387647538,
                        36.607639954005805,
                        2492
                    ],
                    [
                        137.74631248890356,
                        36.60742127375081,
                        2491
                    ],
                    [
                        137.74641918628222,
                        36.60716956544733,
                        2488
                    ],
                    [
                        137.74653851755815,
                        36.60693059576779,
                        2485
                    ],
                    [
                        137.74657349620244,
                        36.60678430634189,
                        2481
                    ],
                    [
                        137.74677352594802,
                        36.60652151895067,
                        2481
                    ],
                    [
                        137.74686672863308,
                        36.60639032568288,
                        2480
                    ],
                    [
                        137.74700325667135,
                        36.606189719703856,
                        2483
                    ],
                    [
                        137.7470313647829,
                        36.605971711237515,
                        2482
                    ],
                    [
                        137.74704536259125,
                        36.60566749321503,
                        2478
                    ],
                    [
                        137.7471295095711,
                        36.60550799245634,
                        2482
                    ],
                    [
                        137.7472390990706,
                        36.605305239865494,
                        2478
                    ],
                    [
                        137.74727975560486,
                        36.60504930556064,
                        2473
                    ],
                    [
                        137.74742417227128,
                        36.604770583063996,
                        2473
                    ],
                    [
                        137.74736566325976,
                        36.60454216072062,
                        2468
                    ],
                    [
                        137.74749841571597,
                        36.60438750694538,
                        2465
                    ],
                    [
                        137.7476088105,
                        36.60420063780825,
                        2463
                    ],
                    [
                        137.74755875025033,
                        36.6040330827437,
                        2456
                    ],
                    [
                        137.7474872546651,
                        36.603907485086204,
                        2448
                    ],
                    [
                        137.74760857241168,
                        36.60366548274204,
                        2444
                    ],
                    [
                        137.74780733610578,
                        36.60349068110946,
                        2436
                    ],
                    [
                        137.74796097990267,
                        36.60333809242208,
                        2428
                    ],
                    [
                        137.74811744929283,
                        36.6031777391505,
                        2424
                    ],
                    [
                        137.74844388187606,
                        36.60305261012099,
                        2423
                    ],
                    [
                        137.74863861440403,
                        36.60295224816467,
                        2418
                    ],
                    [
                        137.74874613127085,
                        36.60302526858809,
                        2423
                    ],
                    [
                        137.7486481557392,
                        36.60293097876092,
                        2416
                    ],
                    [
                        137.74892968952977,
                        36.60271223456406,
                        2414
                    ],
                    [
                        137.74895098723846,
                        36.60246558807868,
                        2409
                    ],
                    [
                        137.748894226641,
                        36.60234634423155,
                        2407
                    ],
                    [
                        137.74894688049906,
                        36.60210755465782,
                        2399
                    ],
                    [
                        137.74913336056946,
                        36.60195086930068,
                        2392
                    ],
                    [
                        137.74926955193303,
                        36.60174294997221,
                        2390
                    ],
                    [
                        137.74941963031273,
                        36.6015277822612,
                        2389
                    ],
                    [
                        137.74958432268932,
                        36.601379999516055,
                        2396
                    ],
                    [
                        137.7497808844951,
                        36.601241084837355,
                        2400
                    ],
                    [
                        137.74990416711202,
                        36.601181243207705,
                        2406
                    ],
                    [
                        137.750092429882,
                        36.601107207690696,
                        2412
                    ],
                    [
                        137.75024509326573,
                        36.60103854245293,
                        2418
                    ],
                    [
                        137.75040640363713,
                        36.60090632065017,
                        2425
                    ],
                    [
                        137.75050345483294,
                        36.600801485659034,
                        2429
                    ],
                    [
                        137.75060218464836,
                        36.60062622384623,
                        2436
                    ],
                    [
                        137.75068992744653,
                        36.600467843294936,
                        2441
                    ],
                    [
                        137.75081855681475,
                        36.600351556449,
                        2445
                    ],
                    [
                        137.75106770501492,
                        36.600158414294974,
                        2441
                    ],
                    [
                        137.7513729486817,
                        36.600104502342326,
                        2438
                    ],
                    [
                        137.75159604967155,
                        36.60003928701295,
                        2432
                    ],
                    [
                        137.75173556874256,
                        36.599830072316216,
                        2428
                    ],
                    [
                        137.75197527266445,
                        36.59987769695396,
                        2422
                    ],
                    [
                        137.75212343209589,
                        36.599786060864226,
                        2416
                    ],
                    [
                        137.75226836761226,
                        36.59974139842079,
                        2411
                    ],
                    [
                        137.75242190037406,
                        36.59984329908534,
                        2405
                    ],
                    [
                        137.75248273079103,
                        36.59996007301198,
                        2390
                    ],
                    [
                        137.7526318796313,
                        36.600055236177774,
                        2384
                    ],
                    [
                        137.75267071498658,
                        36.600185026891225,
                        2380
                    ],
                    [
                        137.752795691484,
                        36.60020103950688,
                        2376
                    ],
                    [
                        137.75292255349723,
                        36.60035884557884,
                        2368
                    ],
                    [
                        137.75309627841963,
                        36.60041760232404,
                        2362
                    ],
                    [
                        137.75326096630107,
                        36.60039362517207,
                        2353
                    ],
                    [
                        137.75341660020226,
                        36.60053083919358,
                        2343
                    ],
                    [
                        137.7534829270022,
                        36.60063373900642,
                        2339
                    ],
                    [
                        137.75363349884188,
                        36.60068713527899,
                        2337
                    ],
                    [
                        137.7539266586848,
                        36.600793041510144,
                        2335
                    ],
                    [
                        137.7541508035032,
                        36.6007888390161,
                        2331
                    ],
                    [
                        137.7543868510463,
                        36.60084132686847,
                        2325
                    ],
                    [
                        137.75456096453317,
                        36.60091855943045,
                        2314
                    ],
                    [
                        137.7547419419984,
                        36.60106829420548,
                        2309
                    ],
                    [
                        137.75482968405927,
                        36.600983504098075,
                        2302
                    ],
                    [
                        137.75501695377812,
                        36.60099066438834,
                        2287
                    ],
                    [
                        137.75529735321007,
                        36.60096557880433,
                        2283
                    ],
                    [
                        137.7553927693405,
                        36.60105832801145,
                        2281
                    ],
                    [
                        137.75564928744998,
                        36.60104925378266,
                        2276
                    ],
                    [
                        137.75588402001432,
                        36.601091989966726,
                        2264
                    ],
                    [
                        137.7560786916296,
                        36.601125716281764,
                        2258
                    ],
                    [
                        137.75627409548548,
                        36.60123403043206,
                        2248
                    ],
                    [
                        137.75642155382394,
                        36.60134550195525,
                        2239
                    ],
                    [
                        137.7566509168472,
                        36.60146199069119,
                        2228
                    ],
                    [
                        137.75696911999674,
                        36.601534233737794,
                        2220
                    ],
                    [
                        137.7572666603744,
                        36.601681047631814,
                        2215
                    ],
                    [
                        137.75740157329471,
                        36.60174874258628,
                        2209
                    ],
                    [
                        137.75755217042655,
                        36.6018111056399,
                        2202
                    ],
                    [
                        137.75768905441316,
                        36.601889881455534,
                        2192
                    ],
                    [
                        137.7578760172161,
                        36.602038314157774,
                        2183
                    ],
                    [
                        137.75806691338505,
                        36.60208338145263,
                        2175
                    ],
                    [
                        137.75811189314447,
                        36.60219120686334,
                        2166
                    ],
                    [
                        137.7582712100778,
                        36.60222831639221,
                        2166
                    ],
                    [
                        137.75838626105048,
                        36.60220530227287,
                        2152
                    ],
                    [
                        137.75840875029348,
                        36.60235441191823,
                        2145
                    ],
                    [
                        137.75847835139487,
                        36.60255284569537,
                        2133
                    ],
                    [
                        137.75857698072056,
                        36.602776743591605,
                        2123
                    ],
                    [
                        137.75878951036626,
                        36.60292620701878,
                        2117
                    ],
                    [
                        137.75900309983737,
                        36.60294639848165,
                        2113
                    ],
                    [
                        137.7593616747328,
                        36.60298089200507,
                        2103
                    ],
                    [
                        137.75957218860592,
                        36.60303781322245,
                        2096
                    ],
                    [
                        137.75970694592732,
                        36.60306162170454,
                        2091
                    ],
                    [
                        137.7597202228619,
                        36.60317602509225,
                        2089
                    ],
                    [
                        137.75987342957552,
                        36.60315176419479,
                        2072
                    ],
                    [
                        137.76011070920975,
                        36.603217389819676,
                        2068
                    ],
                    [
                        137.7602857265153,
                        36.603355966918215,
                        2061
                    ],
                    [
                        137.76038822153154,
                        36.60354578819367,
                        2053
                    ],
                    [
                        137.76057754628403,
                        36.603665577444986,
                        2053
                    ],
                    [
                        137.76077094084755,
                        36.60378049194551,
                        2047
                    ],
                    [
                        137.76098842074904,
                        36.60394073045061,
                        2049
                    ],
                    [
                        137.76106845172382,
                        36.60415155454116,
                        2051
                    ],
                    [
                        137.76112486950444,
                        36.604231806155695,
                        2050
                    ],
                    [
                        137.7612944526394,
                        36.604327407630784,
                        2049
                    ],
                    [
                        137.76138364843328,
                        36.60446630302323,
                        2054
                    ],
                    [
                        137.7614699295105,
                        36.604622322538525,
                        2047
                    ],
                    [
                        137.76171947062275,
                        36.60465770970738,
                        2042
                    ],
                    [
                        137.76190686459225,
                        36.604702144882715,
                        2041
                    ],
                    [
                        137.7620883028305,
                        36.604861733383764,
                        2038
                    ],
                    [
                        137.76236792983235,
                        36.60497729714298,
                        2031
                    ],
                    [
                        137.76258197371183,
                        36.604924042672295,
                        2023
                    ],
                    [
                        137.7627785538361,
                        36.604914086629016,
                        2012
                    ],
                    [
                        137.76299553940808,
                        36.604834192300125,
                        2001
                    ],
                    [
                        137.76315088955783,
                        36.60476901572279,
                        1992
                    ],
                    [
                        137.7633586103561,
                        36.604799036206735,
                        1975
                    ],
                    [
                        137.76357492840899,
                        36.604840215354194,
                        1970
                    ],
                    [
                        137.7638786088146,
                        36.604777754401056,
                        1966
                    ],
                    [
                        137.76385161784648,
                        36.60464740737157,
                        1960
                    ],
                    [
                        137.763992922985,
                        36.60459579379492,
                        1956
                    ],
                    [
                        137.76402038521536,
                        36.60450136827287,
                        1946
                    ],
                    [
                        137.76427984455512,
                        36.60448692036496,
                        1936
                    ],
                    [
                        137.76455032997816,
                        36.604419663054856,
                        1928
                    ],
                    [
                        137.76474085428828,
                        36.604340655971384,
                        1918
                    ],
                    [
                        137.76491870202685,
                        36.604227170700156,
                        1912
                    ],
                    [
                        137.76514696038535,
                        36.60421504392558,
                        1903
                    ],
                    [
                        137.76534918516285,
                        36.60418772383438,
                        1900
                    ],
                    [
                        137.76560360101416,
                        36.60424044739187,
                        1897
                    ],
                    [
                        137.7657772227622,
                        36.60424498413974,
                        1890
                    ],
                    [
                        137.76595717502576,
                        36.604171172604964,
                        1876
                    ],
                    [
                        137.7661411769948,
                        36.60415070863802,
                        1864
                    ],
                    [
                        137.766335241483,
                        36.604149259564544,
                        1852
                    ],
                    [
                        137.76649549555069,
                        36.60410516857084,
                        1843
                    ],
                    [
                        137.76670466028483,
                        36.60418580952161,
                        1836
                    ],
                    [
                        137.76687896793078,
                        36.604183341035274,
                        1823
                    ],
                    [
                        137.7670141630997,
                        36.60411265653871,
                        1814
                    ],
                    [
                        137.7672663154502,
                        36.60407013753264,
                        1806
                    ],
                    [
                        137.76747312214226,
                        36.604101220991474,
                        1798
                    ],
                    [
                        137.76762627516214,
                        36.6040474655527,
                        1789
                    ],
                    [
                        137.7678103381134,
                        36.60402480555543,
                        1782
                    ],
                    [
                        137.76799030788047,
                        36.60401764494249,
                        1770
                    ],
                    [
                        137.7681783854456,
                        36.604112896371134,
                        1757
                    ],
                    [
                        137.76840979843303,
                        36.604063045405155,
                        1734
                    ],
                    [
                        137.7686080885278,
                        36.60407161935396,
                        1734
                    ],
                    [
                        137.76878878552654,
                        36.603984202886615,
                        1728
                    ],
                    [
                        137.76896001274923,
                        36.603909037322175,
                        1712
                    ],
                    [
                        137.76910173264332,
                        36.60401025732579,
                        1707
                    ],
                    [
                        137.7692719284395,
                        36.6039415536765,
                        1695
                    ],
                    [
                        137.7693933701546,
                        36.60378881943006,
                        1683
                    ],
                    [
                        137.76956290956764,
                        36.60368907302479,
                        1667
                    ],
                    [
                        137.76972338762673,
                        36.60358348127267,
                        1658
                    ],
                    [
                        137.76994471287134,
                        36.603545261163205,
                        1649
                    ],
                    [
                        137.77006724546297,
                        36.603591886265406,
                        1633
                    ],
                    [
                        137.77023652528624,
                        36.60352254694575,
                        1623
                    ],
                    [
                        137.77029801971386,
                        36.603643166974734,
                        1612
                    ],
                    [
                        137.77050442819817,
                        36.6036010968419,
                        1599
                    ],
                    [
                        137.7707051312271,
                        36.60361255245034,
                        1591
                    ],
                    [
                        137.7708155562254,
                        36.60349638148099,
                        1585
                    ],
                    [
                        137.77100187669717,
                        36.603461965018106,
                        1565
                    ],
                    [
                        137.7711618942766,
                        36.60344255140791,
                        1549
                    ],
                    [
                        137.77126950761564,
                        36.60334513497059,
                        1546
                    ],
                    [
                        137.77140764519143,
                        36.60344191874747,
                        1533
                    ],
                    [
                        137.77157711271957,
                        36.60340051615279,
                        1520
                    ],
                    [
                        137.77173436409345,
                        36.60344850627838,
                        1511
                    ],
                    [
                        137.77192990631835,
                        36.603444445120836,
                        1499
                    ],
                    [
                        137.77213996903862,
                        36.603429119551514,
                        1487
                    ],
                    [
                        137.7722978729495,
                        36.60349693634251,
                        1479
                    ],
                    [
                        137.77244063369633,
                        36.60354919350176,
                        1468
                    ],
                    [
                        137.77264039421814,
                        36.60351534247805,
                        1457
                    ],
                    [
                        137.77277428375055,
                        36.603513698435556,
                        1448
                    ],
                    [
                        137.7726534504509,
                        36.60364560550672,
                        1437
                    ],
                    [
                        137.77267184819536,
                        36.60382289364916,
                        1430
                    ],
                    [
                        137.77262883511807,
                        36.60397115130185,
                        1420
                    ],
                    [
                        137.77278609694844,
                        36.60390400618229,
                        1415
                    ],
                    [
                        137.77279863118895,
                        36.6040404940866,
                        1412
                    ],
                    [
                        137.77276645297067,
                        36.60426112198584,
                        1405
                    ],
                    [
                        137.77270518798653,
                        36.60447778043549,
                        1403
                    ],
                    [
                        137.77264602715786,
                        36.6046946537757,
                        1402
                    ],
                    [
                        137.77263322275195,
                        36.60491183862492,
                        1394
                    ],
                    [
                        137.77263250031882,
                        36.60506990096989,
                        1393
                    ],
                    [
                        137.7727545831139,
                        36.60527217269181,
                        1380
                    ],
                    [
                        137.7727611851294,
                        36.60551801165902,
                        1377
                    ],
                    [
                        137.7727697549837,
                        36.605811881201376,
                        1379
                    ],
                    [
                        137.77274191404547,
                        36.60608514344475,
                        1376
                    ],
                    [
                        137.77270583587102,
                        36.60640559023062,
                        1373
                    ],
                    [
                        137.77253803754581,
                        36.60627975739771,
                        1381
                    ],
                    [
                        137.773227671706,
                        36.606396308265275,
                        1374
                    ],
                    [
                        137.7732872252373,
                        36.606061712239075,
                        1367
                    ],
                    [
                        137.77348713060846,
                        36.60579214784446,
                        1357
                    ],
                    [
                        137.77364972586764,
                        36.605493512790005,
                        1350
                    ],
                    [
                        137.7738482369531,
                        36.60527421977433,
                        1349
                    ],
                    [
                        137.77418567538666,
                        36.60516282623334,
                        1345
                    ],
                    [
                        137.77418011885518,
                        36.60483731711421,
                        1340
                    ],
                    [
                        137.77450603268642,
                        36.60465369878433,
                        1337
                    ],
                    [
                        137.77487194809086,
                        36.60448745730864,
                        1331
                    ],
                    [
                        137.77529362665604,
                        36.6044441645969,
                        1327
                    ],
                    [
                        137.775658272403,
                        36.60464388631071,
                        1327
                    ],
                    [
                        137.77589654607968,
                        36.604917403099265,
                        1322
                    ],
                    [
                        137.77603396015704,
                        36.60468650019295,
                        1313
                    ],
                    [
                        137.7762026720092,
                        36.60476729642071,
                        1314
                    ],
                    [
                        137.77631651870607,
                        36.60507660930579,
                        1309
                    ],
                    [
                        137.77651101592505,
                        36.60538793256737,
                        1305
                    ],
                    [
                        137.77671288822057,
                        36.60563945251921,
                        1305
                    ],
                    [
                        137.77691487292864,
                        36.60591072881917,
                        1301
                    ],
                    [
                        137.7770969044959,
                        36.60618737504178,
                        1300
                    ],
                    [
                        137.77742367823274,
                        36.606216281737375,
                        1302
                    ],
                    [
                        137.77780616271733,
                        36.606171113436815,
                        1297
                    ],
                    [
                        137.7781968332759,
                        36.60633675040481,
                        1293
                    ],
                    [
                        137.77844093631484,
                        36.606594698811406,
                        1286
                    ],
                    [
                        137.7786921983775,
                        36.6067892177779,
                        1289
                    ],
                    [
                        137.77902252459353,
                        36.606936189661965,
                        1293
                    ],
                    [
                        137.77942187862305,
                        36.607120467449704,
                        1290
                    ],
                    [
                        137.77981538660552,
                        36.607249576688496,
                        1284
                    ],
                    [
                        137.78020144148067,
                        36.60739947072454,
                        1275
                    ],
                    [
                        137.78011858974014,
                        36.607242813923484,
                        1266
                    ],
                    [
                        137.7800592852965,
                        36.607045642517804,
                        1263
                    ],
                    [
                        137.78044105930766,
                        36.60717083867061,
                        1260
                    ],
                    [
                        137.78077061344672,
                        36.60732698049537,
                        1259
                    ],
                    [
                        137.78073888082906,
                        36.607158601976316,
                        1251
                    ],
                    [
                        137.78073061301933,
                        36.60699185955223,
                        1248
                    ],
                    [
                        137.7810378650061,
                        36.607127714099015,
                        1245
                    ],
                    [
                        137.78131755537652,
                        36.6073003394274,
                        1242
                    ],
                    [
                        137.78133494511843,
                        36.60704016748447,
                        1239
                    ],
                    [
                        137.78159540437935,
                        36.607228284918705,
                        1232
                    ],
                    [
                        137.78182019778959,
                        36.60741482847718,
                        1231
                    ],
                    [
                        137.78213969455317,
                        36.60755293882349,
                        1230
                    ],
                    [
                        137.7825305772213,
                        36.60764082651976,
                        1227
                    ],
                    [
                        137.78295413415745,
                        36.607680338867695,
                        1220
                    ],
                    [
                        137.78335498330605,
                        36.60768064190658,
                        1216
                    ],
                    [
                        137.78375595692955,
                        36.60767780792109,
                        1216
                    ],
                    [
                        137.78406776009078,
                        36.60751376361751,
                        1212
                    ],
                    [
                        137.78448061134927,
                        36.60745848005105,
                        1211
                    ],
                    [
                        137.78487664436582,
                        36.60741295338636,
                        1208
                    ],
                    [
                        137.785195199654,
                        36.60730625473452,
                        1204
                    ],
                    [
                        137.78555394232401,
                        36.607211187729085,
                        1199
                    ],
                    [
                        137.78592542168872,
                        36.60713222242149,
                        1200
                    ],
                    [
                        137.78618367511572,
                        36.606943119556576,
                        1197
                    ],
                    [
                        137.78647433335257,
                        36.60674299436432,
                        1190
                    ],
                    [
                        137.78684672274048,
                        36.60661883877541,
                        1192
                    ],
                    [
                        137.7872080568604,
                        36.60647672576446,
                        1187
                    ],
                    [
                        137.7875894916046,
                        36.60643477079165,
                        1187
                    ],
                    [
                        137.78787424358984,
                        36.606241450225895,
                        1186
                    ],
                    [
                        137.78824618950998,
                        36.60614236685946,
                        1185
                    ],
                    [
                        137.7886403747,
                        36.60610295369167,
                        1183
                    ],
                    [
                        137.7890201759634,
                        36.60602063823233,
                        1177
                    ],
                    [
                        137.78937808018756,
                        36.60589870816621,
                        1179
                    ],
                    [
                        137.7895315552388,
                        36.60570065970911,
                        1172
                    ],
                    [
                        137.78922929864586,
                        36.605752268259835,
                        1166
                    ],
                    [
                        137.789134221764,
                        36.605590993490594,
                        1161
                    ],
                    [
                        137.78936848211004,
                        36.605397981006675,
                        1158
                    ],
                    [
                        137.78957389600873,
                        36.60513053500181,
                        1156
                    ],
                    [
                        137.7898552283303,
                        36.60489450803107,
                        1151
                    ],
                    [
                        137.79022977877764,
                        36.604806805831025,
                        1146
                    ],
                    [
                        137.7905695585735,
                        36.60466108303413,
                        1145
                    ],
                    [
                        137.79097554823764,
                        36.60454604163823,
                        1140
                    ],
                    [
                        137.79134081325518,
                        36.60466859775044,
                        1142
                    ],
                    [
                        137.79174481533434,
                        36.60472300823321,
                        1140
                    ],
                    [
                        137.79215530601877,
                        36.60472675275226,
                        1142
                    ],
                    [
                        137.79254535240918,
                        36.604741569179154,
                        1144
                    ],
                    [
                        137.79294990363894,
                        36.60483001531905,
                        1141
                    ],
                    [
                        137.79337746707094,
                        36.60489630230437,
                        1134
                    ],
                    [
                        137.79372799536313,
                        36.60480572363408,
                        1130
                    ],
                    [
                        137.79405890592162,
                        36.604711329978954,
                        1126
                    ],
                    [
                        137.79443511260843,
                        36.6046691948256,
                        1125
                    ],
                    [
                        137.7948308976722,
                        36.60461185884336,
                        1126
                    ],
                    [
                        137.79523497770205,
                        36.604581072565395,
                        1124
                    ],
                    [
                        137.79564425678748,
                        36.60452820338513,
                        1121
                    ],
                    [
                        137.79602409991602,
                        36.60452821574258,
                        1118
                    ],
                    [
                        137.7963893193471,
                        36.604676382011284,
                        1117
                    ],
                    [
                        137.79676788487586,
                        36.604689757678884,
                        1115
                    ],
                    [
                        137.7970690272801,
                        36.60467157270062,
                        1108
                    ],
                    [
                        137.7974450071021,
                        36.60464662490031,
                        1100
                    ],
                    [
                        137.79780280310433,
                        36.60452905893175,
                        1096
                    ],
                    [
                        137.79816301317206,
                        36.60458788146063,
                        1094
                    ],
                    [
                        137.79855625720288,
                        36.60453855013024,
                        1093
                    ],
                    [
                        137.79882657530013,
                        36.60447881949492,
                        1091
                    ],
                    [
                        137.79920052163757,
                        36.60444543119665,
                        1090
                    ],
                    [
                        137.79957200862864,
                        36.60432786470413,
                        1089
                    ],
                    [
                        137.7999342937062,
                        36.60417163045152,
                        1083
                    ],
                    [
                        137.8000998372876,
                        36.6039039971479,
                        1080
                    ],
                    [
                        137.8004034820875,
                        36.60366090712436,
                        1076
                    ],
                    [
                        137.80056467338022,
                        36.60336341873735,
                        1073
                    ],
                    [
                        137.80066992125813,
                        36.60306356023585,
                        1074
                    ],
                    [
                        137.80092907609964,
                        36.602824752534175,
                        1078
                    ],
                    [
                        137.80132902520916,
                        36.60275393947966,
                        1079
                    ],
                    [
                        137.80176119787916,
                        36.60268361105396,
                        1075
                    ],
                    [
                        137.80217168366275,
                        36.602494853177944,
                        1072
                    ],
                    [
                        137.80252394942013,
                        36.602327735884835,
                        1070
                    ],
                    [
                        137.80291674673506,
                        36.60215182081754,
                        1071
                    ],
                    [
                        137.80327891652104,
                        36.60208545834536,
                        1067
                    ],
                    [
                        137.8037116358373,
                        36.60195578830823,
                        1062
                    ],
                    [
                        137.803734235825,
                        36.6016624614596,
                        1055
                    ],
                    [
                        137.8037423587329,
                        36.60131962915268,
                        1053
                    ],
                    [
                        137.8037857230051,
                        36.60098751103099,
                        1050
                    ],
                    [
                        137.8037865675096,
                        36.6006865892118,
                        1051
                    ],
                    [
                        137.80370028562436,
                        36.60039461990491,
                        1047
                    ],
                    [
                        137.80365736843996,
                        36.600089285825526,
                        1050
                    ],
                    [
                        137.80370978493374,
                        36.599742652928605,
                        1048
                    ],
                    [
                        137.8037883162241,
                        36.59937584591166,
                        1043
                    ],
                    [
                        137.80384019378232,
                        36.599023252647356,
                        1043
                    ],
                    [
                        137.80395825410721,
                        36.59870527126291,
                        1043
                    ],
                    [
                        137.8038746553092,
                        36.59837713894424,
                        1041
                    ],
                    [
                        137.80372868302422,
                        36.59806769649043,
                        1039
                    ],
                    [
                        137.8035760678274,
                        36.59774305765408,
                        1039
                    ],
                    [
                        137.8036138309584,
                        36.59742637207125,
                        1039
                    ],
                    [
                        137.80385699047767,
                        36.597277495745566,
                        1039
                    ],
                    [
                        137.80426207458024,
                        36.59725338716289,
                        1036
                    ],
                    [
                        137.8046705475269,
                        36.597183217868526,
                        1035
                    ],
                    [
                        137.80508456142869,
                        36.597148257118576,
                        1036
                    ],
                    [
                        137.80549959683407,
                        36.597096446409736,
                        1033
                    ],
                    [
                        137.80593931933467,
                        36.597030431683336,
                        1033
                    ],
                    [
                        137.80632336130665,
                        36.59701305774413,
                        1035
                    ],
                    [
                        137.80679743176327,
                        36.59706075507528,
                        1034
                    ],
                    [
                        137.80723338644725,
                        36.59711361195944,
                        1034
                    ],
                    [
                        137.80764368450545,
                        36.597165609688645,
                        1035
                    ],
                    [
                        137.80799299146662,
                        36.59727234451703,
                        1039
                    ],
                    [
                        137.80838874710156,
                        36.59741905977067,
                        1041
                    ],
                    [
                        137.80877002973807,
                        36.59749097387217,
                        1042
                    ],
                    [
                        137.80913938623902,
                        36.59761633647137,
                        1046
                    ],
                    [
                        137.80955352048338,
                        36.59767302004906,
                        1050
                    ],
                    [
                        137.80990828261878,
                        36.597565024608656,
                        1054
                    ],
                    [
                        137.81026958886218,
                        36.597684106803364,
                        1062
                    ],
                    [
                        137.8106718864454,
                        36.59767601598729,
                        1062
                    ],
                    [
                        137.81104383874555,
                        36.59771037658111,
                        1069
                    ],
                    [
                        137.81134732234904,
                        36.59788773271581,
                        1065
                    ],
                    [
                        137.81167473566765,
                        36.59800899875572,
                        1072
                    ],
                    [
                        137.81205272250185,
                        36.59797799863838,
                        1074
                    ],
                    [
                        137.8124599725249,
                        36.59798254588867,
                        1076
                    ],
                    [
                        137.8128694264623,
                        36.597957121972016,
                        1083
                    ],
                    [
                        137.8132775166899,
                        36.59802524246213,
                        1091
                    ],
                    [
                        137.8136727182486,
                        36.5980543821471,
                        1087
                    ],
                    [
                        137.8140482119061,
                        36.59796928329186,
                        1089
                    ],
                    [
                        137.8140846269807,
                        36.59767614108898,
                        1096
                    ],
                    [
                        137.8142795162508,
                        36.59744475457732,
                        1097
                    ],
                    [
                        137.81457656649678,
                        36.597225038368,
                        1106
                    ],
                    [
                        137.8149197554067,
                        36.59712734936979,
                        1106
                    ],
                    [
                        137.81526177195195,
                        36.597245950030654,
                        1105
                    ],
                    [
                        137.81549434456036,
                        36.59753783637816,
                        1106
                    ],
                    [
                        137.81588612210675,
                        36.59766383528479,
                        1114
                    ],
                    [
                        137.81626436666548,
                        36.597706710867264,
                        1117
                    ],
                    [
                        137.81663491384904,
                        36.59781669602966,
                        1115
                    ],
                    [
                        137.81702005207737,
                        36.59777622030633,
                        1119
                    ],
                    [
                        137.8174060966244,
                        36.59771723524619,
                        1118
                    ],
                    [
                        137.81782279638006,
                        36.59768833258677,
                        1121
                    ],
                    [
                        137.8181878429143,
                        36.59760538659336,
                        1124
                    ],
                    [
                        137.81854022168753,
                        36.59749453057342,
                        1123
                    ],
                    [
                        137.8188682305023,
                        36.59728139639983,
                        1127
                    ],
                    [
                        137.8191986048698,
                        36.59716902064464,
                        1127
                    ],
                    [
                        137.8195870174819,
                        36.59710005358348,
                        1128
                    ],
                    [
                        137.8199914263402,
                        36.597163687649186,
                        1131
                    ],
                    [
                        137.8204102544476,
                        36.59720742837617,
                        1132
                    ],
                    [
                        137.8208135791057,
                        36.59723005543142,
                        1133
                    ],
                    [
                        137.82120316381932,
                        36.59718164825555,
                        1131
                    ],
                    [
                        137.82164555536278,
                        36.59715065456032,
                        1132
                    ],
                    [
                        137.8220538834173,
                        36.597192534610414,
                        1134
                    ],
                    [
                        137.8224692764096,
                        36.59724254552502,
                        1135
                    ],
                    [
                        137.82287288852194,
                        36.59728797545318,
                        1136
                    ],
                    [
                        137.82326449079176,
                        36.59731366208521,
                        1134
                    ],
                    [
                        137.82364729695828,
                        36.597355813792696,
                        1134
                    ],
                    [
                        137.82398505323508,
                        36.5972539814685,
                        1135
                    ],
                    [
                        137.8243578340406,
                        36.59709478106037,
                        1135
                    ],
                    [
                        137.82477793773987,
                        36.59714028652801,
                        1134
                    ],
                    [
                        137.82517894430458,
                        36.59721169289554,
                        1133
                    ],
                    [
                        137.8255562723,
                        36.59724345200084,
                        1136
                    ],
                    [
                        137.82593586869427,
                        36.597239577943704,
                        1137
                    ],
                    [
                        137.82631736418824,
                        36.59720532614061,
                        1138
                    ],
                    [
                        137.82671808294754,
                        36.597194898836705,
                        1137
                    ],
                    [
                        137.82712730450825,
                        36.5971713322201,
                        1138
                    ],
                    [
                        137.82753340303637,
                        36.59720436942512,
                        1136
                    ],
                    [
                        137.82785078240195,
                        36.59737155732558,
                        1139
                    ],
                    [
                        137.82813227498363,
                        36.59758764635981,
                        1140
                    ],
                    [
                        137.82837084432563,
                        36.59781563750728,
                        1140
                    ],
                    [
                        137.82862430621418,
                        36.59807691864998,
                        1140
                    ],
                    [
                        137.8288259509995,
                        36.59834757169703,
                        1140
                    ],
                    [
                        137.82905837642082,
                        36.59857988371821,
                        1139
                    ],
                    [
                        137.8292815437991,
                        36.59882540434452,
                        1135
                    ],
                    [
                        137.82946532781045,
                        36.599057012985604,
                        1140
                    ],
                    [
                        137.8297872376801,
                        36.598964049999566,
                        1132
                    ],
                    [
                        137.830059261321,
                        36.59882383759431,
                        1125
                    ],
                    [
                        137.83038825048712,
                        36.59878338472555,
                        1121
                    ],
                    [
                        137.8307381098742,
                        36.59869933166595,
                        1117
                    ],
                    [
                        137.83112610328723,
                        36.59880825084224,
                        1112
                    ],
                    [
                        137.83144863428285,
                        36.598953400292324,
                        1110
                    ],
                    [
                        137.8318268946317,
                        36.59900861420676,
                        1106
                    ],
                    [
                        137.83218281001317,
                        36.59918518143298,
                        1097
                    ],
                    [
                        137.83241902020353,
                        36.59942626777932,
                        1096
                    ],
                    [
                        137.83265224801227,
                        36.59960895945225,
                        1098
                    ],
                    [
                        137.83302441636488,
                        36.599683712545406,
                        1092
                    ],
                    [
                        137.83337904494624,
                        36.59978905523566,
                        1086
                    ],
                    [
                        137.833765150474,
                        36.59976378483226,
                        1083
                    ],
                    [
                        137.834170878986,
                        36.59972042352372,
                        1078
                    ],
                    [
                        137.83455262905085,
                        36.599752729535616,
                        1071
                    ],
                    [
                        137.83486999098756,
                        36.599703134613705,
                        1072
                    ],
                    [
                        137.8352445158158,
                        36.59966295313883,
                        1067
                    ],
                    [
                        137.835703777615,
                        36.599604416157,
                        1057
                    ],
                    [
                        137.8360928371812,
                        36.59951470509616,
                        1050
                    ],
                    [
                        137.83647070089216,
                        36.59944993598653,
                        1045
                    ],
                    [
                        137.83635756891763,
                        36.59923606440856,
                        1045
                    ],
                    [
                        137.83600180612814,
                        36.59920302632669,
                        1042
                    ],
                    [
                        137.83564271192057,
                        36.59922752551805,
                        1036
                    ],
                    [
                        137.8352644533497,
                        36.599225828816735,
                        1033
                    ],
                    [
                        137.83485185233306,
                        36.59920497245978,
                        1030
                    ],
                    [
                        137.83443628802556,
                        36.599124384820286,
                        1021
                    ],
                    [
                        137.83408887808588,
                        36.59907098865723,
                        1022
                    ],
                    [
                        137.83368566943153,
                        36.5989876653639,
                        1022
                    ],
                    [
                        137.83357503084085,
                        36.59871752225097,
                        1020
                    ],
                    [
                        137.83362769614405,
                        36.5984102059071,
                        1008
                    ],
                    [
                        137.8334342942938,
                        36.59817919333378,
                        1003
                    ],
                    [
                        137.83312549398653,
                        36.598009097352005,
                        1002
                    ],
                    [
                        137.8330562364886,
                        36.597756506095465,
                        997
                    ],
                    [
                        137.83334437940894,
                        36.5975573916112,
                        982
                    ],
                    [
                        137.83365979846,
                        36.597384576809574,
                        980
                    ],
                    [
                        137.83394639086663,
                        36.59718362984024,
                        980
                    ],
                    [
                        137.83421681372988,
                        36.596992866309634,
                        975
                    ],
                    [
                        137.83425555150254,
                        36.596798454862686,
                        973
                    ],
                    [
                        137.8342900569,
                        36.59649849349108,
                        970
                    ],
                    [
                        137.83443800983332,
                        36.59623778017564,
                        969
                    ],
                    [
                        137.83454042563292,
                        36.59593959882347,
                        962
                    ],
                    [
                        137.8346537880034,
                        36.59564562141042,
                        957
                    ],
                    [
                        137.83487755942346,
                        36.59538614774047,
                        953
                    ],
                    [
                        137.83490592982076,
                        36.59511091174794,
                        947
                    ],
                    [
                        137.83482615576838,
                        36.594814409567995,
                        941
                    ],
                    [
                        137.83469953575593,
                        36.594490687765465,
                        938
                    ],
                    [
                        137.83468560784104,
                        36.59416776938222,
                        938
                    ],
                    [
                        137.83460498580666,
                        36.593864176142326,
                        940
                    ],
                    [
                        137.8343534531294,
                        36.59364627242905,
                        934
                    ],
                    [
                        137.83402177418282,
                        36.593501486352864,
                        929
                    ],
                    [
                        137.83370007363408,
                        36.59332421673355,
                        925
                    ],
                    [
                        137.8333289655345,
                        36.59324798241298,
                        919
                    ],
                    [
                        137.83299774691037,
                        36.593155466101955,
                        917
                    ],
                    [
                        137.8328282841057,
                        36.59295240428177,
                        914
                    ],
                    [
                        137.83315066672057,
                        36.5929185021479,
                        910
                    ],
                    [
                        137.83350347694562,
                        36.59303144296708,
                        910
                    ],
                    [
                        137.83386685877758,
                        36.59306704159911,
                        907
                    ],
                    [
                        137.8339035789605,
                        36.59276828022466,
                        903
                    ],
                    [
                        137.83425718133356,
                        36.59264639592375,
                        899
                    ],
                    [
                        137.83466890249358,
                        36.5926449812522,
                        891
                    ],
                    [
                        137.83496726026684,
                        36.592868680620036,
                        887
                    ],
                    [
                        137.8352424612876,
                        36.59310716298751,
                        884
                    ],
                    [
                        137.8354930685723,
                        36.59333455157796,
                        884
                    ],
                    [
                        137.83575185221648,
                        36.59359743491063,
                        883
                    ],
                    [
                        137.8361171754513,
                        36.59348725943903,
                        878
                    ],
                    [
                        137.83648840418667,
                        36.59361188530288,
                        868
                    ],
                    [
                        137.83685469621346,
                        36.59370315003479,
                        861
                    ],
                    [
                        137.83722445767802,
                        36.593813350038815,
                        853
                    ],
                    [
                        137.83762878162548,
                        36.593855883498605,
                        851
                    ],
                    [
                        137.83801942272532,
                        36.59392431084173,
                        847
                    ],
                    [
                        137.8383942073949,
                        36.593981706480015,
                        843
                    ],
                    [
                        137.83874867608557,
                        36.594048606709066,
                        841
                    ],
                    [
                        137.83915609246648,
                        36.594082694591656,
                        837
                    ],
                    [
                        137.83953188376327,
                        36.59417905433602,
                        835
                    ],
                    [
                        137.8398532049099,
                        36.59432255475008,
                        833
                    ],
                    [
                        137.84021991080039,
                        36.594462122815706,
                        833
                    ],
                    [
                        137.84062013421942,
                        36.59443158457248,
                        832
                    ],
                    [
                        137.8407450268039,
                        36.59475233591999,
                        834
                    ],
                    [
                        137.8411468491086,
                        36.59477034926701,
                        832
                    ],
                    [
                        137.84155575907482,
                        36.59482300575208,
                        827
                    ],
                    [
                        137.84194500567398,
                        36.59483703208639,
                        827
                    ],
                    [
                        137.84227274207635,
                        36.59486713056271,
                        824
                    ],
                    [
                        137.84265724706597,
                        36.59488199155032,
                        822
                    ],
                    [
                        137.84303991090897,
                        36.594886519933574,
                        822
                    ],
                    [
                        137.84333347635206,
                        36.59491311844553,
                        827
                    ],
                    [
                        137.84370784549662,
                        36.594914457498014,
                        827
                    ],
                    [
                        137.84412632920316,
                        36.59490855105268,
                        829
                    ],
                    [
                        137.84443923304048,
                        36.59478006959694,
                        830
                    ],
                    [
                        137.84445040528192,
                        36.59470376212495,
                        827
                    ]
                ]
            }
        },

        {
            "type": "Feature",
            "properties": {
                "name": "20240817",
                "time": "2024-08-16T20:01:13Z",
                "coordTimes": [
                    "2024-08-16T20:01:13Z",
                    "2024-08-16T20:01:33Z",
                    "2024-08-16T20:02:00Z",
                    "2024-08-16T20:02:27Z",
                    "2024-08-16T20:02:52Z",
                    "2024-08-16T20:03:17Z",
                    "2024-08-16T20:03:43Z",
                    "2024-08-16T20:04:10Z",
                    "2024-08-16T20:04:37Z",
                    "2024-08-16T20:05:04Z",
                    "2024-08-16T20:05:31Z",
                    "2024-08-16T20:05:55Z",
                    "2024-08-16T20:06:20Z",
                    "2024-08-16T20:06:46Z",
                    "2024-08-16T20:07:10Z",
                    "2024-08-16T20:07:35Z",
                    "2024-08-16T20:08:05Z",
                    "2024-08-16T20:09:25Z",
                    "2024-08-16T20:10:51Z",
                    "2024-08-16T20:11:25Z",
                    "2024-08-16T20:12:03Z",
                    "2024-08-16T20:12:38Z",
                    "2024-08-16T20:13:12Z",
                    "2024-08-16T20:13:41Z",
                    "2024-08-16T20:14:15Z",
                    "2024-08-16T20:14:49Z",
                    "2024-08-16T20:15:21Z",
                    "2024-08-16T20:15:50Z",
                    "2024-08-16T20:16:22Z",
                    "2024-08-16T20:16:55Z",
                    "2024-08-16T20:17:41Z",
                    "2024-08-16T20:18:13Z",
                    "2024-08-16T20:18:41Z",
                    "2024-08-16T20:19:15Z",
                    "2024-08-16T20:19:40Z",
                    "2024-08-16T20:20:27Z",
                    "2024-08-16T20:20:58Z",
                    "2024-08-16T20:21:36Z",
                    "2024-08-16T20:22:22Z",
                    "2024-08-16T20:22:58Z",
                    "2024-08-16T20:23:26Z",
                    "2024-08-16T20:23:56Z",
                    "2024-08-16T20:24:26Z",
                    "2024-08-16T20:24:55Z",
                    "2024-08-16T20:25:23Z",
                    "2024-08-16T20:25:49Z",
                    "2024-08-16T20:26:16Z",
                    "2024-08-16T20:26:46Z",
                    "2024-08-16T20:27:13Z",
                    "2024-08-16T20:27:40Z",
                    "2024-08-16T20:28:08Z",
                    "2024-08-16T20:28:39Z",
                    "2024-08-16T20:29:10Z",
                    "2024-08-16T20:29:54Z",
                    "2024-08-16T20:30:23Z",
                    "2024-08-16T20:31:01Z",
                    "2024-08-16T20:31:27Z",
                    "2024-08-16T20:31:56Z",
                    "2024-08-16T20:32:23Z",
                    "2024-08-16T20:32:50Z",
                    "2024-08-16T20:33:17Z",
                    "2024-08-16T20:33:49Z",
                    "2024-08-16T20:34:21Z",
                    "2024-08-16T20:34:51Z",
                    "2024-08-16T20:35:18Z",
                    "2024-08-16T20:35:45Z",
                    "2024-08-16T20:36:14Z",
                    "2024-08-16T20:36:43Z",
                    "2024-08-16T20:37:20Z",
                    "2024-08-16T20:37:58Z",
                    "2024-08-16T20:38:33Z",
                    "2024-08-16T20:39:02Z",
                    "2024-08-16T20:39:33Z",
                    "2024-08-16T20:40:05Z",
                    "2024-08-16T20:40:44Z",
                    "2024-08-16T20:41:24Z",
                    "2024-08-16T20:42:11Z",
                    "2024-08-16T20:42:47Z",
                    "2024-08-16T20:43:18Z",
                    "2024-08-16T20:44:02Z",
                    "2024-08-16T20:44:34Z",
                    "2024-08-16T20:47:18Z",
                    "2024-08-16T20:47:51Z",
                    "2024-08-16T20:48:32Z",
                    "2024-08-16T20:48:58Z",
                    "2024-08-16T20:49:31Z",
                    "2024-08-16T20:50:01Z",
                    "2024-08-16T20:50:40Z",
                    "2024-08-16T20:51:23Z",
                    "2024-08-16T20:51:49Z",
                    "2024-08-16T20:52:25Z",
                    "2024-08-16T20:52:58Z",
                    "2024-08-16T20:53:26Z",
                    "2024-08-16T20:53:55Z",
                    "2024-08-16T20:54:21Z",
                    "2024-08-16T20:55:12Z",
                    "2024-08-16T20:55:38Z",
                    "2024-08-16T20:56:03Z",
                    "2024-08-16T20:56:30Z",
                    "2024-08-16T20:56:56Z",
                    "2024-08-16T20:57:23Z",
                    "2024-08-16T20:57:51Z",
                    "2024-08-16T20:58:37Z",
                    "2024-08-16T21:00:53Z",
                    "2024-08-16T21:01:29Z",
                    "2024-08-16T21:02:07Z",
                    "2024-08-16T21:02:42Z",
                    "2024-08-16T21:03:21Z",
                    "2024-08-16T21:03:54Z",
                    "2024-08-16T21:04:26Z",
                    "2024-08-16T21:05:07Z",
                    "2024-08-16T21:05:40Z",
                    "2024-08-16T21:06:10Z",
                    "2024-08-16T21:06:41Z",
                    "2024-08-16T21:07:11Z",
                    "2024-08-16T21:07:42Z",
                    "2024-08-16T21:08:30Z",
                    "2024-08-16T21:09:04Z",
                    "2024-08-16T21:09:37Z",
                    "2024-08-16T21:10:32Z",
                    "2024-08-16T21:11:21Z",
                    "2024-08-16T21:12:04Z",
                    "2024-08-16T21:12:54Z",
                    "2024-08-16T21:13:48Z",
                    "2024-08-16T21:14:24Z",
                    "2024-08-16T21:14:57Z",
                    "2024-08-16T21:15:25Z",
                    "2024-08-16T21:15:59Z",
                    "2024-08-16T21:16:27Z",
                    "2024-08-16T21:16:57Z",
                    "2024-08-16T21:17:33Z",
                    "2024-08-16T21:18:03Z",
                    "2024-08-16T21:18:34Z",
                    "2024-08-16T21:19:11Z",
                    "2024-08-16T21:19:50Z",
                    "2024-08-16T21:20:34Z",
                    "2024-08-16T21:21:17Z",
                    "2024-08-16T21:21:45Z",
                    "2024-08-16T21:22:12Z",
                    "2024-08-16T21:22:45Z",
                    "2024-08-16T21:23:21Z",
                    "2024-08-16T21:23:59Z",
                    "2024-08-16T21:24:36Z",
                    "2024-08-16T21:25:13Z",
                    "2024-08-16T21:25:53Z",
                    "2024-08-16T21:26:47Z",
                    "2024-08-16T21:27:29Z",
                    "2024-08-16T21:27:58Z",
                    "2024-08-16T21:28:24Z",
                    "2024-08-16T21:29:00Z",
                    "2024-08-16T21:29:54Z",
                    "2024-08-16T21:30:37Z",
                    "2024-08-16T21:31:14Z",
                    "2024-08-16T21:32:09Z",
                    "2024-08-16T21:33:39Z",
                    "2024-08-16T21:34:24Z",
                    "2024-08-16T21:35:07Z",
                    "2024-08-16T21:35:47Z",
                    "2024-08-16T21:36:12Z",
                    "2024-08-16T21:36:58Z",
                    "2024-08-16T21:37:42Z",
                    "2024-08-16T21:38:10Z",
                    "2024-08-16T21:38:43Z",
                    "2024-08-16T21:39:30Z",
                    "2024-08-16T21:40:03Z",
                    "2024-08-16T21:40:28Z",
                    "2024-08-16T21:40:55Z",
                    "2024-08-16T21:41:23Z",
                    "2024-08-16T21:41:52Z",
                    "2024-08-16T21:42:21Z",
                    "2024-08-16T21:42:49Z",
                    "2024-08-16T21:43:21Z",
                    "2024-08-16T21:43:47Z",
                    "2024-08-16T21:44:23Z",
                    "2024-08-16T21:44:52Z",
                    "2024-08-16T21:45:19Z",
                    "2024-08-16T21:45:52Z",
                    "2024-08-16T21:46:35Z",
                    "2024-08-16T21:47:11Z",
                    "2024-08-16T21:47:54Z",
                    "2024-08-16T21:48:24Z",
                    "2024-08-16T21:49:02Z",
                    "2024-08-16T21:49:34Z",
                    "2024-08-16T21:50:11Z",
                    "2024-08-16T21:50:52Z",
                    "2024-08-16T21:51:24Z",
                    "2024-08-16T21:52:03Z",
                    "2024-08-16T21:52:36Z",
                    "2024-08-16T21:53:08Z",
                    "2024-08-16T21:53:34Z",
                    "2024-08-16T21:54:18Z",
                    "2024-08-16T21:54:52Z",
                    "2024-08-16T21:55:22Z",
                    "2024-08-16T21:56:01Z",
                    "2024-08-16T21:56:37Z",
                    "2024-08-16T21:57:04Z",
                    "2024-08-16T21:57:35Z",
                    "2024-08-16T21:58:09Z",
                    "2024-08-16T21:58:45Z",
                    "2024-08-16T21:59:20Z",
                    "2024-08-16T21:59:52Z",
                    "2024-08-16T22:00:23Z",
                    "2024-08-16T22:00:52Z",
                    "2024-08-16T22:01:25Z",
                    "2024-08-16T22:01:54Z",
                    "2024-08-16T22:02:53Z",
                    "2024-08-16T22:11:14Z",
                    "2024-08-16T22:11:48Z",
                    "2024-08-16T22:12:16Z",
                    "2024-08-16T22:12:57Z",
                    "2024-08-16T22:13:45Z",
                    "2024-08-16T22:14:27Z",
                    "2024-08-16T22:15:08Z",
                    "2024-08-16T22:15:55Z",
                    "2024-08-16T22:16:45Z",
                    "2024-08-16T22:17:23Z",
                    "2024-08-16T22:18:09Z",
                    "2024-08-16T22:18:49Z",
                    "2024-08-16T22:19:35Z",
                    "2024-08-16T22:20:14Z",
                    "2024-08-16T22:20:47Z",
                    "2024-08-16T22:21:23Z",
                    "2024-08-16T22:22:13Z",
                    "2024-08-16T22:22:46Z",
                    "2024-08-16T22:23:24Z",
                    "2024-08-16T22:24:03Z",
                    "2024-08-16T22:24:39Z",
                    "2024-08-16T22:25:18Z",
                    "2024-08-16T22:26:04Z",
                    "2024-08-16T22:26:50Z",
                    "2024-08-16T22:27:23Z",
                    "2024-08-16T22:28:22Z",
                    "2024-08-16T22:28:52Z",
                    "2024-08-16T22:29:33Z",
                    "2024-08-16T22:30:07Z",
                    "2024-08-16T22:30:39Z",
                    "2024-08-16T22:31:27Z",
                    "2024-08-16T22:32:01Z",
                    "2024-08-16T22:33:07Z",
                    "2024-08-16T22:33:41Z",
                    "2024-08-16T22:34:20Z",
                    "2024-08-16T22:34:55Z",
                    "2024-08-16T22:35:31Z",
                    "2024-08-16T22:36:05Z",
                    "2024-08-16T22:36:41Z",
                    "2024-08-16T22:37:16Z",
                    "2024-08-16T22:37:50Z",
                    "2024-08-16T22:38:25Z",
                    "2024-08-16T22:39:00Z",
                    "2024-08-16T22:39:38Z",
                    "2024-08-16T22:40:13Z",
                    "2024-08-16T22:41:00Z",
                    "2024-08-16T22:41:37Z",
                    "2024-08-16T22:42:52Z",
                    "2024-08-16T22:43:45Z",
                    "2024-08-16T22:44:34Z",
                    "2024-08-16T22:45:52Z",
                    "2024-08-16T22:46:29Z",
                    "2024-08-16T22:47:18Z",
                    "2024-08-16T22:48:16Z",
                    "2024-08-16T22:48:58Z",
                    "2024-08-16T22:49:59Z",
                    "2024-08-16T22:50:41Z",
                    "2024-08-16T22:51:51Z",
                    "2024-08-16T22:52:50Z",
                    "2024-08-16T22:53:25Z",
                    "2024-08-16T22:55:22Z",
                    "2024-08-16T22:56:04Z",
                    "2024-08-16T22:56:47Z",
                    "2024-08-16T22:57:38Z",
                    "2024-08-16T22:58:18Z",
                    "2024-08-16T22:59:06Z",
                    "2024-08-16T22:59:57Z",
                    "2024-08-16T23:00:34Z",
                    "2024-08-16T23:01:19Z",
                    "2024-08-16T23:02:05Z",
                    "2024-08-16T23:02:58Z",
                    "2024-08-16T23:03:31Z",
                    "2024-08-16T23:04:10Z",
                    "2024-08-16T23:04:50Z",
                    "2024-08-16T23:05:43Z",
                    "2024-08-16T23:06:42Z",
                    "2024-08-16T23:07:13Z",
                    "2024-08-16T23:08:02Z",
                    "2024-08-16T23:08:51Z",
                    "2024-08-16T23:09:42Z",
                    "2024-08-16T23:10:20Z",
                    "2024-08-16T23:11:13Z",
                    "2024-08-16T23:12:23Z",
                    "2024-08-16T23:13:12Z",
                    "2024-08-16T23:14:18Z",
                    "2024-08-16T23:15:02Z",
                    "2024-08-16T23:15:32Z",
                    "2024-08-16T23:16:13Z",
                    "2024-08-16T23:16:49Z",
                    "2024-08-16T23:18:25Z",
                    "2024-08-16T23:20:10Z",
                    "2024-08-16T23:20:49Z",
                    "2024-08-16T23:21:43Z",
                    "2024-08-16T23:22:51Z",
                    "2024-08-16T23:24:45Z",
                    "2024-08-16T23:35:09Z",
                    "2024-08-16T23:35:50Z",
                    "2024-08-16T23:36:34Z",
                    "2024-08-16T23:37:54Z",
                    "2024-08-16T23:38:39Z",
                    "2024-08-16T23:39:10Z",
                    "2024-08-16T23:39:52Z",
                    "2024-08-16T23:40:24Z",
                    "2024-08-16T23:41:07Z",
                    "2024-08-16T23:42:12Z",
                    "2024-08-16T23:42:49Z",
                    "2024-08-16T23:44:01Z",
                    "2024-08-16T23:45:39Z",
                    "2024-08-16T23:46:09Z",
                    "2024-08-16T23:46:39Z",
                    "2024-08-16T23:47:23Z",
                    "2024-08-16T23:47:57Z",
                    "2024-08-16T23:48:29Z",
                    "2024-08-16T23:49:02Z",
                    "2024-08-16T23:49:32Z",
                    "2024-08-16T23:50:00Z",
                    "2024-08-16T23:50:29Z",
                    "2024-08-16T23:51:07Z",
                    "2024-08-16T23:51:34Z",
                    "2024-08-16T23:52:07Z",
                    "2024-08-16T23:52:37Z",
                    "2024-08-16T23:53:13Z",
                    "2024-08-16T23:53:42Z",
                    "2024-08-16T23:54:10Z",
                    "2024-08-16T23:54:47Z",
                    "2024-08-16T23:55:19Z",
                    "2024-08-16T23:55:48Z",
                    "2024-08-16T23:56:18Z",
                    "2024-08-16T23:56:48Z",
                    "2024-08-16T23:57:16Z",
                    "2024-08-16T23:57:45Z",
                    "2024-08-16T23:58:17Z",
                    "2024-08-16T23:59:05Z",
                    "2024-08-16T23:59:35Z",
                    "2024-08-17T00:00:05Z",
                    "2024-08-17T00:00:36Z",
                    "2024-08-17T00:01:07Z",
                    "2024-08-17T00:01:41Z",
                    "2024-08-17T00:02:10Z",
                    "2024-08-17T00:02:48Z",
                    "2024-08-17T00:03:28Z",
                    "2024-08-17T00:04:06Z",
                    "2024-08-17T00:04:52Z",
                    "2024-08-17T00:05:33Z",
                    "2024-08-17T00:06:19Z",
                    "2024-08-17T00:06:57Z",
                    "2024-08-17T00:07:26Z",
                    "2024-08-17T00:07:55Z",
                    "2024-08-17T00:08:22Z",
                    "2024-08-17T00:08:51Z",
                    "2024-08-17T00:09:23Z",
                    "2024-08-17T00:09:50Z",
                    "2024-08-17T00:10:17Z",
                    "2024-08-17T00:10:43Z",
                    "2024-08-17T00:11:11Z",
                    "2024-08-17T00:11:40Z",
                    "2024-08-17T00:12:09Z",
                    "2024-08-17T00:12:37Z",
                    "2024-08-17T00:13:09Z",
                    "2024-08-17T00:13:39Z",
                    "2024-08-17T00:14:09Z",
                    "2024-08-17T00:14:38Z",
                    "2024-08-17T00:15:11Z",
                    "2024-08-17T00:15:48Z",
                    "2024-08-17T00:16:33Z",
                    "2024-08-17T00:17:10Z",
                    "2024-08-17T00:17:48Z",
                    "2024-08-17T00:18:19Z",
                    "2024-08-17T00:18:51Z",
                    "2024-08-17T00:19:22Z",
                    "2024-08-17T00:19:52Z",
                    "2024-08-17T00:20:20Z",
                    "2024-08-17T00:20:53Z",
                    "2024-08-17T00:21:34Z",
                    "2024-08-17T00:22:09Z",
                    "2024-08-17T00:22:51Z",
                    "2024-08-17T00:23:21Z",
                    "2024-08-17T00:23:47Z",
                    "2024-08-17T00:24:20Z",
                    "2024-08-17T00:24:53Z",
                    "2024-08-17T00:25:27Z",
                    "2024-08-17T00:25:59Z",
                    "2024-08-17T00:26:27Z",
                    "2024-08-17T00:26:56Z",
                    "2024-08-17T00:27:28Z",
                    "2024-08-17T00:29:11Z",
                    "2024-08-17T00:29:40Z",
                    "2024-08-17T00:30:15Z",
                    "2024-08-17T00:30:42Z",
                    "2024-08-17T00:31:13Z",
                    "2024-08-17T00:31:50Z",
                    "2024-08-17T00:32:23Z",
                    "2024-08-17T00:32:54Z",
                    "2024-08-17T00:33:24Z",
                    "2024-08-17T00:33:53Z",
                    "2024-08-17T00:34:23Z",
                    "2024-08-17T00:35:00Z",
                    "2024-08-17T00:35:28Z",
                    "2024-08-17T00:36:03Z",
                    "2024-08-17T00:36:36Z",
                    "2024-08-17T00:37:05Z",
                    "2024-08-17T00:37:38Z",
                    "2024-08-17T00:38:11Z",
                    "2024-08-17T00:38:49Z",
                    "2024-08-17T00:39:17Z",
                    "2024-08-17T00:39:44Z",
                    "2024-08-17T00:40:14Z",
                    "2024-08-17T00:40:45Z",
                    "2024-08-17T00:41:31Z",
                    "2024-08-17T00:42:22Z",
                    "2024-08-17T00:43:05Z",
                    "2024-08-17T00:43:55Z",
                    "2024-08-17T00:44:27Z",
                    "2024-08-17T00:45:33Z",
                    "2024-08-17T00:46:09Z",
                    "2024-08-17T00:46:46Z",
                    "2024-08-17T00:47:27Z",
                    "2024-08-17T00:48:05Z",
                    "2024-08-17T00:48:41Z",
                    "2024-08-17T00:49:19Z",
                    "2024-08-17T00:49:54Z",
                    "2024-08-17T00:50:25Z",
                    "2024-08-17T00:50:53Z",
                    "2024-08-17T00:51:27Z",
                    "2024-08-17T00:52:05Z",
                    "2024-08-17T00:52:47Z",
                    "2024-08-17T00:53:18Z",
                    "2024-08-17T00:53:52Z",
                    "2024-08-17T00:55:07Z",
                    "2024-08-17T00:56:14Z",
                    "2024-08-17T00:57:15Z",
                    "2024-08-17T00:57:59Z",
                    "2024-08-17T00:58:28Z",
                    "2024-08-17T00:58:55Z",
                    "2024-08-17T00:59:29Z",
                    "2024-08-17T01:00:26Z",
                    "2024-08-17T01:01:07Z",
                    "2024-08-17T01:01:51Z",
                    "2024-08-17T01:02:41Z",
                    "2024-08-17T01:03:27Z",
                    "2024-08-17T01:04:29Z",
                    "2024-08-17T01:05:17Z",
                    "2024-08-17T01:06:11Z",
                    "2024-08-17T01:08:13Z",
                    "2024-08-17T01:09:10Z",
                    "2024-08-17T01:09:50Z",
                    "2024-08-17T01:10:56Z",
                    "2024-08-17T01:11:24Z",
                    "2024-08-17T01:11:57Z",
                    "2024-08-17T01:12:26Z",
                    "2024-08-17T01:12:58Z",
                    "2024-08-17T01:13:30Z",
                    "2024-08-17T01:14:00Z",
                    "2024-08-17T01:14:30Z",
                    "2024-08-17T01:15:02Z",
                    "2024-08-17T01:15:34Z",
                    "2024-08-17T01:16:05Z",
                    "2024-08-17T01:16:33Z",
                    "2024-08-17T01:17:04Z",
                    "2024-08-17T01:17:41Z",
                    "2024-08-17T01:18:43Z",
                    "2024-08-17T01:20:02Z",
                    "2024-08-17T01:20:52Z",
                    "2024-08-17T01:21:41Z",
                    "2024-08-17T01:22:23Z",
                    "2024-08-17T01:23:28Z",
                    "2024-08-17T01:24:06Z",
                    "2024-08-17T01:25:04Z",
                    "2024-08-17T01:25:45Z",
                    "2024-08-17T01:26:33Z",
                    "2024-08-17T01:29:02Z",
                    "2024-08-17T01:38:57Z",
                    "2024-08-17T01:39:42Z",
                    "2024-08-17T01:40:28Z",
                    "2024-08-17T01:41:03Z",
                    "2024-08-17T01:41:38Z",
                    "2024-08-17T01:42:13Z",
                    "2024-08-17T01:42:48Z",
                    "2024-08-17T01:43:29Z",
                    "2024-08-17T01:44:12Z",
                    "2024-08-17T01:44:59Z",
                    "2024-08-17T01:45:30Z",
                    "2024-08-17T01:45:59Z",
                    "2024-08-17T01:46:32Z",
                    "2024-08-17T01:47:00Z",
                    "2024-08-17T01:47:30Z",
                    "2024-08-17T01:47:58Z",
                    "2024-08-17T01:48:33Z",
                    "2024-08-17T01:49:04Z",
                    "2024-08-17T01:49:38Z",
                    "2024-08-17T01:50:10Z",
                    "2024-08-17T01:50:47Z",
                    "2024-08-17T01:51:15Z",
                    "2024-08-17T01:51:48Z",
                    "2024-08-17T01:52:15Z",
                    "2024-08-17T01:52:45Z",
                    "2024-08-17T01:53:26Z",
                    "2024-08-17T01:54:10Z",
                    "2024-08-17T01:54:52Z",
                    "2024-08-17T01:55:43Z",
                    "2024-08-17T01:56:29Z",
                    "2024-08-17T01:57:29Z",
                    "2024-08-17T01:58:33Z",
                    "2024-08-17T01:59:19Z",
                    "2024-08-17T02:00:06Z",
                    "2024-08-17T02:01:11Z",
                    "2024-08-17T02:02:13Z",
                    "2024-08-17T02:02:42Z",
                    "2024-08-17T02:03:13Z",
                    "2024-08-17T02:03:53Z",
                    "2024-08-17T02:04:54Z",
                    "2024-08-17T02:05:52Z",
                    "2024-08-17T02:07:02Z",
                    "2024-08-17T02:07:46Z",
                    "2024-08-17T02:08:35Z",
                    "2024-08-17T02:09:13Z",
                    "2024-08-17T02:09:53Z",
                    "2024-08-17T02:10:36Z",
                    "2024-08-17T02:11:23Z",
                    "2024-08-17T02:12:01Z",
                    "2024-08-17T02:12:44Z",
                    "2024-08-17T02:13:15Z",
                    "2024-08-17T02:13:57Z",
                    "2024-08-17T02:14:42Z",
                    "2024-08-17T02:15:43Z",
                    "2024-08-17T02:16:37Z",
                    "2024-08-17T02:18:04Z",
                    "2024-08-17T02:18:45Z",
                    "2024-08-17T02:19:32Z",
                    "2024-08-17T02:20:18Z",
                    "2024-08-17T02:21:02Z",
                    "2024-08-17T02:21:37Z",
                    "2024-08-17T02:22:13Z",
                    "2024-08-17T02:22:52Z",
                    "2024-08-17T02:34:25Z",
                    "2024-08-17T02:35:13Z",
                    "2024-08-17T02:35:55Z",
                    "2024-08-17T02:36:31Z",
                    "2024-08-17T02:37:09Z",
                    "2024-08-17T02:37:44Z",
                    "2024-08-17T02:38:27Z",
                    "2024-08-17T02:39:07Z",
                    "2024-08-17T02:39:57Z",
                    "2024-08-17T02:40:56Z",
                    "2024-08-17T02:41:59Z",
                    "2024-08-17T02:43:13Z",
                    "2024-08-17T02:43:42Z",
                    "2024-08-17T02:44:11Z",
                    "2024-08-17T02:44:48Z",
                    "2024-08-17T02:45:20Z",
                    "2024-08-17T02:46:03Z",
                    "2024-08-17T02:46:33Z",
                    "2024-08-17T02:47:03Z",
                    "2024-08-17T02:47:36Z",
                    "2024-08-17T02:48:11Z",
                    "2024-08-17T02:49:11Z",
                    "2024-08-17T02:49:49Z",
                    "2024-08-17T02:50:17Z",
                    "2024-08-17T02:50:54Z",
                    "2024-08-17T02:51:29Z",
                    "2024-08-17T02:52:01Z",
                    "2024-08-17T02:52:35Z",
                    "2024-08-17T02:53:09Z",
                    "2024-08-17T02:53:41Z",
                    "2024-08-17T02:54:22Z",
                    "2024-08-17T02:55:05Z",
                    "2024-08-17T02:55:33Z",
                    "2024-08-17T02:56:00Z",
                    "2024-08-17T02:56:43Z",
                    "2024-08-17T02:57:13Z",
                    "2024-08-17T02:58:07Z",
                    "2024-08-17T02:58:38Z",
                    "2024-08-17T02:59:11Z",
                    "2024-08-17T02:59:38Z",
                    "2024-08-17T03:00:09Z",
                    "2024-08-17T03:00:41Z",
                    "2024-08-17T03:01:17Z",
                    "2024-08-17T03:01:51Z",
                    "2024-08-17T03:02:25Z",
                    "2024-08-17T03:03:00Z",
                    "2024-08-17T03:03:37Z",
                    "2024-08-17T03:04:23Z",
                    "2024-08-17T03:04:49Z",
                    "2024-08-17T03:05:16Z",
                    "2024-08-17T03:05:50Z",
                    "2024-08-17T03:06:25Z",
                    "2024-08-17T03:06:58Z",
                    "2024-08-17T03:07:43Z",
                    "2024-08-17T03:08:18Z",
                    "2024-08-17T03:08:53Z",
                    "2024-08-17T03:09:25Z",
                    "2024-08-17T03:09:58Z",
                    "2024-08-17T03:10:36Z",
                    "2024-08-17T03:11:40Z",
                    "2024-08-17T03:12:25Z",
                    "2024-08-17T03:13:07Z",
                    "2024-08-17T03:13:46Z",
                    "2024-08-17T03:14:21Z",
                    "2024-08-17T03:14:52Z",
                    "2024-08-17T03:15:20Z",
                    "2024-08-17T03:15:53Z",
                    "2024-08-17T03:16:30Z",
                    "2024-08-17T03:16:57Z",
                    "2024-08-17T03:17:28Z",
                    "2024-08-17T03:17:59Z",
                    "2024-08-17T03:18:32Z",
                    "2024-08-17T03:19:02Z",
                    "2024-08-17T03:20:09Z",
                    "2024-08-17T03:21:02Z",
                    "2024-08-17T03:21:35Z",
                    "2024-08-17T03:22:03Z",
                    "2024-08-17T03:22:34Z",
                    "2024-08-17T03:23:02Z",
                    "2024-08-17T03:23:32Z",
                    "2024-08-17T03:24:00Z",
                    "2024-08-17T03:24:23Z",
                    "2024-08-17T03:24:54Z",
                    "2024-08-17T03:25:24Z",
                    "2024-08-17T03:25:51Z",
                    "2024-08-17T03:26:19Z",
                    "2024-08-17T03:27:01Z",
                    "2024-08-17T03:29:02Z",
                    "2024-08-17T03:29:32Z",
                    "2024-08-17T03:30:12Z",
                    "2024-08-17T03:30:43Z",
                    "2024-08-17T03:31:20Z",
                    "2024-08-17T03:32:04Z",
                    "2024-08-17T03:32:36Z",
                    "2024-08-17T03:33:07Z",
                    "2024-08-17T03:33:35Z",
                    "2024-08-17T03:34:04Z",
                    "2024-08-17T03:34:34Z",
                    "2024-08-17T03:35:04Z",
                    "2024-08-17T03:35:31Z",
                    "2024-08-17T03:36:01Z",
                    "2024-08-17T03:36:32Z",
                    "2024-08-17T03:37:02Z",
                    "2024-08-17T03:37:32Z",
                    "2024-08-17T03:38:02Z",
                    "2024-08-17T03:38:42Z",
                    "2024-08-17T03:39:28Z",
                    "2024-08-17T03:40:18Z",
                    "2024-08-17T03:40:57Z",
                    "2024-08-17T03:41:29Z",
                    "2024-08-17T03:42:01Z",
                    "2024-08-17T03:42:51Z",
                    "2024-08-17T03:43:29Z",
                    "2024-08-17T03:44:08Z",
                    "2024-08-17T03:44:40Z",
                    "2024-08-17T03:45:06Z",
                    "2024-08-17T03:45:34Z",
                    "2024-08-17T03:46:05Z",
                    "2024-08-17T03:46:40Z",
                    "2024-08-17T03:47:12Z",
                    "2024-08-17T03:47:42Z",
                    "2024-08-17T03:48:09Z",
                    "2024-08-17T03:48:39Z",
                    "2024-08-17T03:49:18Z",
                    "2024-08-17T03:49:47Z",
                    "2024-08-17T03:50:10Z",
                    "2024-08-17T03:50:37Z",
                    "2024-08-17T03:51:03Z",
                    "2024-08-17T03:51:29Z",
                    "2024-08-17T03:51:55Z",
                    "2024-08-17T03:52:23Z",
                    "2024-08-17T03:52:52Z",
                    "2024-08-17T03:53:20Z",
                    "2024-08-17T03:53:48Z",
                    "2024-08-17T03:54:29Z",
                    "2024-08-17T03:54:56Z",
                    "2024-08-17T03:55:24Z",
                    "2024-08-17T03:55:50Z",
                    "2024-08-17T03:56:18Z",
                    "2024-08-17T03:56:42Z",
                    "2024-08-17T03:57:12Z",
                    "2024-08-17T03:57:54Z",
                    "2024-08-17T03:58:26Z",
                    "2024-08-17T03:58:56Z",
                    "2024-08-17T03:59:25Z",
                    "2024-08-17T03:59:53Z",
                    "2024-08-17T04:00:21Z",
                    "2024-08-17T04:00:53Z",
                    "2024-08-17T04:01:21Z",
                    "2024-08-17T04:01:53Z",
                    "2024-08-17T04:02:23Z",
                    "2024-08-17T04:02:51Z",
                    "2024-08-17T04:03:19Z",
                    "2024-08-17T04:03:48Z",
                    "2024-08-17T04:04:19Z",
                    "2024-08-17T04:04:52Z",
                    "2024-08-17T04:05:24Z",
                    "2024-08-17T04:05:54Z",
                    "2024-08-17T04:06:28Z",
                    "2024-08-17T04:07:03Z",
                    "2024-08-17T04:07:33Z",
                    "2024-08-17T04:08:05Z",
                    "2024-08-17T04:08:37Z",
                    "2024-08-17T04:09:10Z",
                    "2024-08-17T04:09:47Z",
                    "2024-08-17T04:10:20Z",
                    "2024-08-17T04:10:56Z",
                    "2024-08-17T04:11:43Z",
                    "2024-08-17T04:12:15Z",
                    "2024-08-17T04:12:42Z",
                    "2024-08-17T04:13:14Z",
                    "2024-08-17T04:14:13Z",
                    "2024-08-17T04:14:45Z",
                    "2024-08-17T04:15:18Z",
                    "2024-08-17T04:15:52Z",
                    "2024-08-17T04:16:39Z",
                    "2024-08-17T04:17:15Z",
                    "2024-08-17T04:17:46Z",
                    "2024-08-17T04:18:14Z",
                    "2024-08-17T04:18:44Z",
                    "2024-08-17T04:19:12Z",
                    "2024-08-17T04:19:46Z",
                    "2024-08-17T04:20:15Z",
                    "2024-08-17T04:21:01Z",
                    "2024-08-17T04:26:53Z",
                    "2024-08-17T04:27:31Z",
                    "2024-08-17T04:28:04Z",
                    "2024-08-17T04:28:32Z",
                    "2024-08-17T04:29:01Z",
                    "2024-08-17T04:29:27Z",
                    "2024-08-17T04:29:55Z",
                    "2024-08-17T04:31:29Z",
                    "2024-08-17T04:32:02Z",
                    "2024-08-17T04:32:33Z",
                    "2024-08-17T04:33:05Z",
                    "2024-08-17T04:33:33Z",
                    "2024-08-17T04:34:01Z",
                    "2024-08-17T04:34:33Z",
                    "2024-08-17T04:35:01Z",
                    "2024-08-17T04:35:28Z",
                    "2024-08-17T04:35:58Z",
                    "2024-08-17T04:36:29Z",
                    "2024-08-17T04:36:54Z",
                    "2024-08-17T04:37:21Z",
                    "2024-08-17T04:37:55Z",
                    "2024-08-17T04:38:28Z",
                    "2024-08-17T04:38:54Z",
                    "2024-08-17T04:39:22Z",
                    "2024-08-17T04:39:47Z",
                    "2024-08-17T04:40:19Z",
                    "2024-08-17T04:41:02Z",
                    "2024-08-17T04:41:36Z",
                    "2024-08-17T04:42:09Z",
                    "2024-08-17T04:42:46Z",
                    "2024-08-17T04:43:22Z",
                    "2024-08-17T04:43:49Z",
                    "2024-08-17T04:44:16Z",
                    "2024-08-17T04:45:06Z",
                    "2024-08-17T04:45:42Z",
                    "2024-08-17T04:46:10Z",
                    "2024-08-17T04:46:41Z",
                    "2024-08-17T04:47:12Z",
                    "2024-08-17T04:47:54Z",
                    "2024-08-17T04:48:21Z",
                    "2024-08-17T04:49:00Z",
                    "2024-08-17T04:49:34Z",
                    "2024-08-17T04:50:01Z",
                    "2024-08-17T04:50:29Z",
                    "2024-08-17T04:51:04Z",
                    "2024-08-17T04:51:36Z",
                    "2024-08-17T04:52:12Z",
                    "2024-08-17T04:52:42Z",
                    "2024-08-17T04:53:10Z",
                    "2024-08-17T04:53:38Z",
                    "2024-08-17T04:54:10Z",
                    "2024-08-17T04:54:42Z",
                    "2024-08-17T04:55:10Z",
                    "2024-08-17T04:55:36Z",
                    "2024-08-17T04:56:17Z",
                    "2024-08-17T04:57:07Z",
                    "2024-08-17T04:57:58Z",
                    "2024-08-17T04:58:40Z",
                    "2024-08-17T04:59:08Z",
                    "2024-08-17T04:59:46Z",
                    "2024-08-17T05:00:34Z",
                    "2024-08-17T05:01:12Z",
                    "2024-08-17T05:01:41Z",
                    "2024-08-17T05:02:14Z",
                    "2024-08-17T05:02:39Z",
                    "2024-08-17T05:03:08Z",
                    "2024-08-17T05:03:37Z",
                    "2024-08-17T05:04:04Z",
                    "2024-08-17T05:04:34Z",
                    "2024-08-17T05:05:01Z",
                    "2024-08-17T05:05:32Z",
                    "2024-08-17T05:06:02Z",
                    "2024-08-17T05:06:28Z",
                    "2024-08-17T05:06:56Z",
                    "2024-08-17T05:07:23Z",
                    "2024-08-17T05:08:00Z",
                    "2024-08-17T05:08:31Z",
                    "2024-08-17T05:08:59Z",
                    "2024-08-17T05:09:31Z",
                    "2024-08-17T05:10:05Z",
                    "2024-08-17T05:10:32Z",
                    "2024-08-17T05:11:00Z",
                    "2024-08-17T05:11:35Z",
                    "2024-08-17T05:12:15Z",
                    "2024-08-17T05:12:53Z",
                    "2024-08-17T05:13:28Z",
                    "2024-08-17T05:13:59Z",
                    "2024-08-17T05:14:29Z",
                    "2024-08-17T05:15:00Z",
                    "2024-08-17T05:15:33Z",
                    "2024-08-17T05:16:15Z",
                    "2024-08-17T05:16:43Z",
                    "2024-08-17T05:17:09Z",
                    "2024-08-17T05:17:40Z",
                    "2024-08-17T05:18:09Z",
                    "2024-08-17T05:18:41Z",
                    "2024-08-17T05:19:05Z",
                    "2024-08-17T05:19:36Z",
                    "2024-08-17T05:20:12Z",
                    "2024-08-17T05:20:48Z",
                    "2024-08-17T05:21:30Z",
                    "2024-08-17T05:22:19Z",
                    "2024-08-17T05:23:00Z",
                    "2024-08-17T05:23:26Z",
                    "2024-08-17T05:24:12Z",
                    "2024-08-17T05:24:46Z",
                    "2024-08-17T05:25:33Z",
                    "2024-08-17T05:26:20Z",
                    "2024-08-17T05:26:51Z",
                    "2024-08-17T05:27:24Z",
                    "2024-08-17T05:28:02Z",
                    "2024-08-17T05:28:37Z",
                    "2024-08-17T05:29:12Z",
                    "2024-08-17T05:29:40Z",
                    "2024-08-17T05:30:07Z",
                    "2024-08-17T05:30:34Z",
                    "2024-08-17T05:31:02Z",
                    "2024-08-17T05:31:29Z",
                    "2024-08-17T05:32:21Z",
                    "2024-08-17T05:33:01Z",
                    "2024-08-17T05:33:30Z",
                    "2024-08-17T05:34:00Z",
                    "2024-08-17T05:34:31Z",
                    "2024-08-17T05:35:04Z",
                    "2024-08-17T05:35:30Z",
                    "2024-08-17T05:36:03Z",
                    "2024-08-17T05:36:32Z",
                    "2024-08-17T05:37:00Z",
                    "2024-08-17T05:37:26Z",
                    "2024-08-17T05:37:51Z",
                    "2024-08-17T05:38:15Z",
                    "2024-08-17T05:38:42Z",
                    "2024-08-17T05:39:08Z",
                    "2024-08-17T05:39:34Z",
                    "2024-08-17T05:40:00Z",
                    "2024-08-17T05:40:31Z",
                    "2024-08-17T05:41:02Z",
                    "2024-08-17T05:41:32Z",
                    "2024-08-17T05:41:57Z",
                    "2024-08-17T05:42:24Z",
                    "2024-08-17T05:42:50Z",
                    "2024-08-17T05:43:18Z",
                    "2024-08-17T05:43:51Z",
                    "2024-08-17T05:44:23Z",
                    "2024-08-17T05:45:13Z",
                    "2024-08-17T05:45:53Z",
                    "2024-08-17T05:46:19Z",
                    "2024-08-17T05:46:45Z",
                    "2024-08-17T05:47:25Z",
                    "2024-08-17T05:48:06Z",
                    "2024-08-17T05:48:34Z",
                    "2024-08-17T05:49:01Z",
                    "2024-08-17T05:49:53Z",
                    "2024-08-17T05:50:30Z",
                    "2024-08-17T05:51:06Z",
                    "2024-08-17T05:51:44Z",
                    "2024-08-17T05:52:15Z",
                    "2024-08-17T05:52:48Z",
                    "2024-08-17T05:53:24Z",
                    "2024-08-17T05:53:57Z",
                    "2024-08-17T05:54:46Z",
                    "2024-08-17T05:55:27Z",
                    "2024-08-17T05:56:03Z",
                    "2024-08-17T05:56:37Z",
                    "2024-08-17T05:57:31Z",
                    "2024-08-17T05:58:10Z",
                    "2024-08-17T05:58:55Z",
                    "2024-08-17T05:59:59Z",
                    "2024-08-17T06:00:36Z",
                    "2024-08-17T06:01:32Z",
                    "2024-08-17T06:02:29Z",
                    "2024-08-17T06:03:07Z",
                    "2024-08-17T06:03:35Z",
                    "2024-08-17T06:04:06Z",
                    "2024-08-17T06:04:38Z",
                    "2024-08-17T06:05:29Z",
                    "2024-08-17T06:06:00Z",
                    "2024-08-17T06:06:37Z",
                    "2024-08-17T06:07:04Z",
                    "2024-08-17T06:07:32Z",
                    "2024-08-17T06:08:13Z",
                    "2024-08-17T06:09:17Z",
                    "2024-08-17T06:09:51Z",
                    "2024-08-17T06:11:18Z",
                    "2024-08-17T06:13:51Z",
                    "2024-08-17T06:15:24Z",
                    "2024-08-17T06:16:18Z",
                    "2024-08-17T06:16:55Z",
                    "2024-08-17T06:17:33Z",
                    "2024-08-17T06:18:48Z",
                    "2024-08-17T06:19:14Z",
                    "2024-08-17T06:19:39Z",
                    "2024-08-17T06:20:05Z",
                    "2024-08-17T06:20:30Z",
                    "2024-08-17T06:20:55Z",
                    "2024-08-17T06:21:22Z",
                    "2024-08-17T06:21:49Z",
                    "2024-08-17T06:22:13Z",
                    "2024-08-17T06:22:37Z",
                    "2024-08-17T06:24:00Z",
                    "2024-08-17T06:24:25Z",
                    "2024-08-17T06:24:48Z",
                    "2024-08-17T06:25:12Z",
                    "2024-08-17T06:25:35Z",
                    "2024-08-17T06:26:00Z",
                    "2024-08-17T06:26:25Z",
                    "2024-08-17T06:26:49Z",
                    "2024-08-17T06:27:14Z",
                    "2024-08-17T06:27:40Z",
                    "2024-08-17T06:28:07Z",
                    "2024-08-17T06:28:30Z",
                    "2024-08-17T06:28:55Z",
                    "2024-08-17T06:29:20Z",
                    "2024-08-17T06:29:44Z",
                    "2024-08-17T06:30:09Z",
                    "2024-08-17T06:30:34Z",
                    "2024-08-17T06:30:58Z",
                    "2024-08-17T06:31:23Z",
                    "2024-08-17T06:31:47Z",
                    "2024-08-17T06:32:13Z",
                    "2024-08-17T06:32:39Z",
                    "2024-08-17T06:33:02Z",
                    "2024-08-17T06:33:28Z",
                    "2024-08-17T06:33:54Z",
                    "2024-08-17T06:34:19Z",
                    "2024-08-17T06:34:45Z",
                    "2024-08-17T06:35:31Z",
                    "2024-08-17T06:36:12Z",
                    "2024-08-17T06:36:39Z",
                    "2024-08-17T06:37:05Z",
                    "2024-08-17T06:37:29Z",
                    "2024-08-17T06:37:53Z",
                    "2024-08-17T06:38:17Z",
                    "2024-08-17T06:38:39Z",
                    "2024-08-17T06:39:01Z",
                    "2024-08-17T06:39:28Z",
                    "2024-08-17T06:39:33Z"
                ]
            },
            "geometry": {
                "type": "LineString",
                "coordinates": [
                    [
                        137.8694125372725,
                        35.61441220930873,
                        782
                    ],
                    [
                        137.86911018921597,
                        35.61452646981717,
                        785
                    ],
                    [
                        137.8687641781455,
                        35.614717464706146,
                        784
                    ],
                    [
                        137.8684962937859,
                        35.615013041385254,
                        783
                    ],
                    [
                        137.86849188693614,
                        35.61535095657728,
                        784
                    ],
                    [
                        137.86867631585665,
                        35.61566559922271,
                        782
                    ],
                    [
                        137.86892536906387,
                        35.61597517198123,
                        779
                    ],
                    [
                        137.86931359468736,
                        35.61614587966628,
                        782
                    ],
                    [
                        137.8697356006568,
                        35.61635547930461,
                        784
                    ],
                    [
                        137.8701272985882,
                        35.616567823600754,
                        784
                    ],
                    [
                        137.8705130287927,
                        35.61677696783332,
                        785
                    ],
                    [
                        137.87078258230542,
                        35.61701836948093,
                        788
                    ],
                    [
                        137.87072378234598,
                        35.61733190115588,
                        791
                    ],
                    [
                        137.8708018472318,
                        35.617489264830354,
                        792
                    ],
                    [
                        137.87069360984682,
                        35.61770880150984,
                        801
                    ],
                    [
                        137.8704388101287,
                        35.617874909648414,
                        802
                    ],
                    [
                        137.87015773430815,
                        35.61804563246433,
                        805
                    ],
                    [
                        137.87020394593512,
                        35.61817481093787,
                        808
                    ],
                    [
                        137.86991396410505,
                        35.618300472148476,
                        826
                    ],
                    [
                        137.86964404356863,
                        35.618338456832895,
                        836
                    ],
                    [
                        137.8693160453263,
                        35.61829993922725,
                        843
                    ],
                    [
                        137.8690433675184,
                        35.61830837023346,
                        848
                    ],
                    [
                        137.86879987775694,
                        35.6182175293617,
                        861
                    ],
                    [
                        137.86857717078968,
                        35.61808122467148,
                        863
                    ],
                    [
                        137.86832100456368,
                        35.61799862721248,
                        867
                    ],
                    [
                        137.86812482327306,
                        35.61801803972061,
                        869
                    ],
                    [
                        137.86835184500725,
                        35.61816696767592,
                        869
                    ],
                    [
                        137.86842673584104,
                        35.61840721867263,
                        874
                    ],
                    [
                        137.86845905237547,
                        35.618624035122814,
                        885
                    ],
                    [
                        137.8684818547406,
                        35.61877357825637,
                        895
                    ],
                    [
                        137.868716637235,
                        35.618966257458986,
                        903
                    ],
                    [
                        137.86892112435734,
                        35.619124885864764,
                        912
                    ],
                    [
                        137.86903910452963,
                        35.619362201625776,
                        910
                    ],
                    [
                        137.86877855663457,
                        35.619351795204224,
                        918
                    ],
                    [
                        137.8685796984191,
                        35.61933254572418,
                        928
                    ],
                    [
                        137.86823725972832,
                        35.619244680712534,
                        943
                    ],
                    [
                        137.86797224876693,
                        35.61922522964924,
                        947
                    ],
                    [
                        137.86772930603945,
                        35.619111820526136,
                        952
                    ],
                    [
                        137.86755529361943,
                        35.619170047433336,
                        954
                    ],
                    [
                        137.86759342147002,
                        35.61945224012984,
                        961
                    ],
                    [
                        137.8677647410418,
                        35.6196305976832,
                        968
                    ],
                    [
                        137.86784268318814,
                        35.61974561267287,
                        965
                    ],
                    [
                        137.86795440389855,
                        35.62003495536733,
                        967
                    ],
                    [
                        137.86791603833805,
                        35.62035747433885,
                        966
                    ],
                    [
                        137.86790928824527,
                        35.62062715186872,
                        968
                    ],
                    [
                        137.8679833176625,
                        35.620966407138134,
                        968
                    ],
                    [
                        137.86798129406498,
                        35.62130089772351,
                        972
                    ],
                    [
                        137.86815361215315,
                        35.62156261049977,
                        980
                    ],
                    [
                        137.86845988246336,
                        35.62177037810102,
                        978
                    ],
                    [
                        137.8686195382878,
                        35.6219984647061,
                        981
                    ],
                    [
                        137.86856007525958,
                        35.622190236174816,
                        978
                    ],
                    [
                        137.86852673737002,
                        35.622373389040554,
                        971
                    ],
                    [
                        137.86841787038642,
                        35.622553691796845,
                        980
                    ],
                    [
                        137.86820351342354,
                        35.62267109103935,
                        982
                    ],
                    [
                        137.8680894581289,
                        35.62281107587356,
                        988
                    ],
                    [
                        137.8679524333343,
                        35.62298559976809,
                        997
                    ],
                    [
                        137.86801641514785,
                        35.62317863221119,
                        1004
                    ],
                    [
                        137.86809047426442,
                        35.62348570287407,
                        1001
                    ],
                    [
                        137.86793419672335,
                        35.62377347996802,
                        998
                    ],
                    [
                        137.86769773973833,
                        35.624021385155366,
                        994
                    ],
                    [
                        137.8674996100898,
                        35.62421722503836,
                        994
                    ],
                    [
                        137.86731563798776,
                        35.624370564574804,
                        1002
                    ],
                    [
                        137.86724038217943,
                        35.62458807993863,
                        1006
                    ],
                    [
                        137.86725456433675,
                        35.62487985644106,
                        1011
                    ],
                    [
                        137.86734128978733,
                        35.62517606306388,
                        1007
                    ],
                    [
                        137.86733737066373,
                        35.625517816833835,
                        1001
                    ],
                    [
                        137.8673196314312,
                        35.62582010743824,
                        1004
                    ],
                    [
                        137.8673047951621,
                        35.62603636724764,
                        1011
                    ],
                    [
                        137.86722708207355,
                        35.6261653257581,
                        1019
                    ],
                    [
                        137.86714582389908,
                        35.62633095707958,
                        1030
                    ],
                    [
                        137.86714776202638,
                        35.62663547459634,
                        1035
                    ],
                    [
                        137.86691051806883,
                        35.62687377240587,
                        1041
                    ],
                    [
                        137.86678642400528,
                        35.62713478497916,
                        1043
                    ],
                    [
                        137.86664136693383,
                        35.627439081399835,
                        1051
                    ],
                    [
                        137.8665424301192,
                        35.62758928942805,
                        1048
                    ],
                    [
                        137.86636494642394,
                        35.62769422132262,
                        1063
                    ],
                    [
                        137.8661976265202,
                        35.62779616168264,
                        1071
                    ],
                    [
                        137.86593431317112,
                        35.62795606843179,
                        1082
                    ],
                    [
                        137.86573904257162,
                        35.628049654387105,
                        1084
                    ],
                    [
                        137.8655884187158,
                        35.6281113042167,
                        1095
                    ],
                    [
                        137.86536623854943,
                        35.62822085828207,
                        1100
                    ],
                    [
                        137.86510479529247,
                        35.62829064302515,
                        1108
                    ],
                    [
                        137.86488352394073,
                        35.62830842289814,
                        1116
                    ],
                    [
                        137.86466041230358,
                        35.628368407217316,
                        1126
                    ],
                    [
                        137.8643976686542,
                        35.62839272959705,
                        1130
                    ],
                    [
                        137.864108723979,
                        35.62834113176558,
                        1136
                    ],
                    [
                        137.86392760888143,
                        35.628237653446114,
                        1138
                    ],
                    [
                        137.86364165385612,
                        35.62822718399643,
                        1149
                    ],
                    [
                        137.86332460772084,
                        35.62822168267699,
                        1156
                    ],
                    [
                        137.86304580286858,
                        35.62810422771783,
                        1154
                    ],
                    [
                        137.8633271379363,
                        35.62799679096093,
                        1161
                    ],
                    [
                        137.863374055224,
                        35.62769655962471,
                        1166
                    ],
                    [
                        137.86329015921342,
                        35.627427496495116,
                        1172
                    ],
                    [
                        137.8632607606505,
                        35.627183429012554,
                        1180
                    ],
                    [
                        137.86316298224784,
                        35.62687123440865,
                        1179
                    ],
                    [
                        137.8632562999031,
                        35.6271934091894,
                        1178
                    ],
                    [
                        137.86331896436465,
                        35.62749905611639,
                        1170
                    ],
                    [
                        137.8634178856111,
                        35.6278637141458,
                        1160
                    ],
                    [
                        137.86312596154417,
                        35.628116740102485,
                        1157
                    ],
                    [
                        137.86275521805007,
                        35.62828780930168,
                        1152
                    ],
                    [
                        137.86238321436156,
                        35.628418510883286,
                        1146
                    ],
                    [
                        137.8622638874494,
                        35.628581668993036,
                        1136
                    ],
                    [
                        137.86212925618318,
                        35.62878707501336,
                        1129
                    ],
                    [
                        137.86218862579238,
                        35.62894360773881,
                        1139
                    ],
                    [
                        137.86220352639882,
                        35.62914347893532,
                        1146
                    ],
                    [
                        137.86207872423572,
                        35.62935040837473,
                        1153
                    ],
                    [
                        137.862216273628,
                        35.629424055961174,
                        1158
                    ],
                    [
                        137.86236420868394,
                        35.62960386928377,
                        1164
                    ],
                    [
                        137.86230015677495,
                        35.62976079448257,
                        1173
                    ],
                    [
                        137.86237564976514,
                        35.629970943317275,
                        1177
                    ],
                    [
                        137.86248771972555,
                        35.63011214815392,
                        1187
                    ],
                    [
                        137.8625019309394,
                        35.63035726703925,
                        1190
                    ],
                    [
                        137.8625896351525,
                        35.63063663128104,
                        1197
                    ],
                    [
                        137.86250038165048,
                        35.63084034061615,
                        1201
                    ],
                    [
                        137.86240397073692,
                        35.63106820171433,
                        1206
                    ],
                    [
                        137.86236962768777,
                        35.63129744591026,
                        1214
                    ],
                    [
                        137.8624683735746,
                        35.631480025941144,
                        1221
                    ],
                    [
                        137.86243359478058,
                        35.63161454021282,
                        1229
                    ],
                    [
                        137.86253120848573,
                        35.6318217732219,
                        1235
                    ],
                    [
                        137.86256693761106,
                        35.63199114647855,
                        1244
                    ],
                    [
                        137.8626630724967,
                        35.63212181699802,
                        1254
                    ],
                    [
                        137.86261210671276,
                        35.632309876967945,
                        1263
                    ],
                    [
                        137.86255495982405,
                        35.63250338907307,
                        1271
                    ],
                    [
                        137.86238280685123,
                        35.63255167760845,
                        1278
                    ],
                    [
                        137.86214192794532,
                        35.63262343128015,
                        1286
                    ],
                    [
                        137.8618306120567,
                        35.6326902751532,
                        1296
                    ],
                    [
                        137.86177156639351,
                        35.63290019473031,
                        1301
                    ],
                    [
                        137.8618657459814,
                        35.63315581966387,
                        1306
                    ],
                    [
                        137.86168611378838,
                        35.633392066406635,
                        1312
                    ],
                    [
                        137.86156566749128,
                        35.633500693229976,
                        1312
                    ],
                    [
                        137.86146422899583,
                        35.63364320856664,
                        1324
                    ],
                    [
                        137.86123655262364,
                        35.63378619436393,
                        1331
                    ],
                    [
                        137.86101445927525,
                        35.63397133444867,
                        1336
                    ],
                    [
                        137.86093530762287,
                        35.63413370298809,
                        1343
                    ],
                    [
                        137.86072784294433,
                        35.63425230832806,
                        1350
                    ],
                    [
                        137.86054562944008,
                        35.63435079963062,
                        1359
                    ],
                    [
                        137.86041925491182,
                        35.634460692308764,
                        1369
                    ],
                    [
                        137.86027575491303,
                        35.63466074098247,
                        1376
                    ],
                    [
                        137.8601565494227,
                        35.634917067118685,
                        1378
                    ],
                    [
                        137.8600356433194,
                        35.63512086465228,
                        1384
                    ],
                    [
                        137.85989745749754,
                        35.635266281613916,
                        1389
                    ],
                    [
                        137.85982318843935,
                        35.63548194718108,
                        1398
                    ],
                    [
                        137.85977554354815,
                        35.635669872389116,
                        1407
                    ],
                    [
                        137.85962734836338,
                        35.63582918729053,
                        1414
                    ],
                    [
                        137.859517298374,
                        35.636094505966064,
                        1417
                    ],
                    [
                        137.8595299233274,
                        35.63624275924691,
                        1432
                    ],
                    [
                        137.85949328299358,
                        35.636435179940975,
                        1442
                    ],
                    [
                        137.85950338697359,
                        35.63673978810842,
                        1445
                    ],
                    [
                        137.85952911226582,
                        35.63698407607176,
                        1448
                    ],
                    [
                        137.85960475169054,
                        35.637176325750474,
                        1455
                    ],
                    [
                        137.8597305790453,
                        35.63729597796325,
                        1462
                    ],
                    [
                        137.85993104135704,
                        35.63737526003721,
                        1469
                    ],
                    [
                        137.8600558378969,
                        35.63751599943139,
                        1472
                    ],
                    [
                        137.8599680847506,
                        35.6374300326721,
                        1470
                    ],
                    [
                        137.8598123895161,
                        35.63737887136574,
                        1468
                    ],
                    [
                        137.85964335054547,
                        35.63727192428868,
                        1459
                    ],
                    [
                        137.85946991274284,
                        35.637326637185836,
                        1448
                    ],
                    [
                        137.85921525345177,
                        35.63744261217934,
                        1440
                    ],
                    [
                        137.85885697032248,
                        35.637479702616254,
                        1442
                    ],
                    [
                        137.85873758019315,
                        35.6375131728477,
                        1444
                    ],
                    [
                        137.85857200479154,
                        35.63763791846124,
                        1452
                    ],
                    [
                        137.8583213314262,
                        35.63786981323073,
                        1450
                    ],
                    [
                        137.85818392092588,
                        35.63810842929622,
                        1447
                    ],
                    [
                        137.85800601346443,
                        35.63835283927391,
                        1446
                    ],
                    [
                        137.85777884863143,
                        35.63860057465155,
                        1441
                    ],
                    [
                        137.85750792779234,
                        35.638678624033,
                        1435
                    ],
                    [
                        137.85731998395067,
                        35.638948077021574,
                        1437
                    ],
                    [
                        137.85707409669405,
                        35.6392501427064,
                        1437
                    ],
                    [
                        137.85688352580704,
                        35.63945736827275,
                        1442
                    ],
                    [
                        137.85683983924756,
                        35.63967360985828,
                        1450
                    ],
                    [
                        137.8568212087217,
                        35.63994871779677,
                        1454
                    ],
                    [
                        137.8566381656146,
                        35.64020951485734,
                        1458
                    ],
                    [
                        137.85645818405217,
                        35.640423267122216,
                        1462
                    ],
                    [
                        137.85631575183496,
                        35.640648642199615,
                        1465
                    ],
                    [
                        137.8559939981011,
                        35.64079530111566,
                        1476
                    ],
                    [
                        137.8556743778698,
                        35.64096738088271,
                        1474
                    ],
                    [
                        137.85553990628398,
                        35.64118352929627,
                        1481
                    ],
                    [
                        137.8553939825771,
                        35.64134937286982,
                        1488
                    ],
                    [
                        137.85523072377,
                        35.64145772461432,
                        1497
                    ],
                    [
                        137.85496250305553,
                        35.64148457835062,
                        1506
                    ],
                    [
                        137.854767169812,
                        35.641570654154776,
                        1512
                    ],
                    [
                        137.85458544019258,
                        35.64178179257541,
                        1517
                    ],
                    [
                        137.85451566620003,
                        35.641950665721154,
                        1525
                    ],
                    [
                        137.85437927863094,
                        35.64206717041509,
                        1533
                    ],
                    [
                        137.85414272209556,
                        35.64220765490402,
                        1541
                    ],
                    [
                        137.8539015422081,
                        35.64240775621941,
                        1544
                    ],
                    [
                        137.8539111306092,
                        35.64260331284473,
                        1556
                    ],
                    [
                        137.8539108451195,
                        35.64282088420967,
                        1559
                    ],
                    [
                        137.85377473318934,
                        35.64307201695503,
                        1562
                    ],
                    [
                        137.85366153755953,
                        35.64333679173105,
                        1566
                    ],
                    [
                        137.85366359724785,
                        35.64352450789906,
                        1575
                    ],
                    [
                        137.85362647126922,
                        35.64368062326486,
                        1582
                    ],
                    [
                        137.853624268061,
                        35.6438586939067,
                        1587
                    ],
                    [
                        137.8535554189229,
                        35.644029290379166,
                        1594
                    ],
                    [
                        137.85353149896574,
                        35.644277286105975,
                        1603
                    ],
                    [
                        137.85343505815717,
                        35.6445948539613,
                        1608
                    ],
                    [
                        137.85339402034617,
                        35.644793734857,
                        1611
                    ],
                    [
                        137.85318057469607,
                        35.645000342118315,
                        1618
                    ],
                    [
                        137.85302598085693,
                        35.64520526170825,
                        1625
                    ],
                    [
                        137.8528893419386,
                        35.645395246605155,
                        1629
                    ],
                    [
                        137.85272986067568,
                        35.6455929889568,
                        1633
                    ],
                    [
                        137.85261427584308,
                        35.645826951559386,
                        1639
                    ],
                    [
                        137.85253521062248,
                        35.646077386058366,
                        1641
                    ],
                    [
                        137.8524801493804,
                        35.6462849774498,
                        1646
                    ],
                    [
                        137.8523440654145,
                        35.64650798555317,
                        1654
                    ],
                    [
                        137.85230513934297,
                        35.6466961928417,
                        1652
                    ],
                    [
                        137.8521217946521,
                        35.64693766886274,
                        1658
                    ],
                    [
                        137.85197868153008,
                        35.64719611899426,
                        1663
                    ],
                    [
                        137.8518829571915,
                        35.64734517115323,
                        1668
                    ],
                    [
                        137.85171673420794,
                        35.64748488959621,
                        1676
                    ],
                    [
                        137.8515028712942,
                        35.6475525620054,
                        1685
                    ],
                    [
                        137.8513747587608,
                        35.6477261365746,
                        1693
                    ],
                    [
                        137.85114872946366,
                        35.647777396071035,
                        1702
                    ],
                    [
                        137.85097898232914,
                        35.6479174315635,
                        1708
                    ],
                    [
                        137.85079551978515,
                        35.64801723429687,
                        1710
                    ],
                    [
                        137.85064355545774,
                        35.64813585496269,
                        1719
                    ],
                    [
                        137.85047562446965,
                        35.64823479977428,
                        1729
                    ],
                    [
                        137.8503607298904,
                        35.64833206275909,
                        1737
                    ],
                    [
                        137.8502930716988,
                        35.64849317866719,
                        1742
                    ],
                    [
                        137.85033211849665,
                        35.6486732126515,
                        1749
                    ],
                    [
                        137.8503669167778,
                        35.648914110887596,
                        1755
                    ],
                    [
                        137.85039342683277,
                        35.64913310425147,
                        1759
                    ],
                    [
                        137.85037819273597,
                        35.64931192957899,
                        1765
                    ],
                    [
                        137.8504711867457,
                        35.64945872704291,
                        1772
                    ],
                    [
                        137.85048504787352,
                        35.64963363781421,
                        1777
                    ],
                    [
                        137.85032743209374,
                        35.6497917560946,
                        1783
                    ],
                    [
                        137.85026594034585,
                        35.649950980218634,
                        1790
                    ],
                    [
                        137.8503062961799,
                        35.65010081431547,
                        1798
                    ],
                    [
                        137.85027620993228,
                        35.65020034333913,
                        1797
                    ],
                    [
                        137.85026823941467,
                        35.65042254760311,
                        1798
                    ],
                    [
                        137.85015642251037,
                        35.65054939353952,
                        1803
                    ],
                    [
                        137.85002278753774,
                        35.650652342572386,
                        1817
                    ],
                    [
                        137.8497459920844,
                        35.65080424047826,
                        1816
                    ],
                    [
                        137.84966021058437,
                        35.65103210788827,
                        1822
                    ],
                    [
                        137.84956817005892,
                        35.65124759525231,
                        1831
                    ],
                    [
                        137.84939636558403,
                        35.651352196917976,
                        1835
                    ],
                    [
                        137.8492253207486,
                        35.65147075838081,
                        1845
                    ],
                    [
                        137.84915979698124,
                        35.65166146528165,
                        1850
                    ],
                    [
                        137.8488156609061,
                        35.65169606131904,
                        1848
                    ],
                    [
                        137.84859699542395,
                        35.651714768502146,
                        1844
                    ],
                    [
                        137.84825049450984,
                        35.65167777429394,
                        1843
                    ],
                    [
                        137.84799290654985,
                        35.651682906193614,
                        1851
                    ],
                    [
                        137.84758795213503,
                        35.6516823788958,
                        1848
                    ],
                    [
                        137.8472889804864,
                        35.651657012713336,
                        1855
                    ],
                    [
                        137.8470084267765,
                        35.65165022690096,
                        1858
                    ],
                    [
                        137.8467530682607,
                        35.651790315705824,
                        1857
                    ],
                    [
                        137.8465701940269,
                        35.65186721122225,
                        1856
                    ],
                    [
                        137.8463257052257,
                        35.65201046433784,
                        1857
                    ],
                    [
                        137.8462107466768,
                        35.65220997764686,
                        1864
                    ],
                    [
                        137.84609638759093,
                        35.65233182386352,
                        1868
                    ],
                    [
                        137.84598291126136,
                        35.65248378210277,
                        1867
                    ],
                    [
                        137.84583917619395,
                        35.65259582962262,
                        1869
                    ],
                    [
                        137.84567948360234,
                        35.65260472823675,
                        1868
                    ],
                    [
                        137.84550645197137,
                        35.65259536410917,
                        1867
                    ],
                    [
                        137.8454327853975,
                        35.65273492667035,
                        1870
                    ],
                    [
                        137.8452961778798,
                        35.65278859285197,
                        1870
                    ],
                    [
                        137.84508345373746,
                        35.65284368707945,
                        1888
                    ],
                    [
                        137.84489011205062,
                        35.6528674859111,
                        1887
                    ],
                    [
                        137.84474374934,
                        35.65289666603761,
                        1896
                    ],
                    [
                        137.84453381712055,
                        35.65288752187323,
                        1904
                    ],
                    [
                        137.84463554003824,
                        35.652784064405935,
                        1910
                    ],
                    [
                        137.84446154464493,
                        35.65268241373422,
                        1920
                    ],
                    [
                        137.84430759250188,
                        35.65258493329741,
                        1930
                    ],
                    [
                        137.84413423679362,
                        35.65254397837469,
                        1941
                    ],
                    [
                        137.84394053413706,
                        35.65258734354389,
                        1949
                    ],
                    [
                        137.8438054052905,
                        35.65252874902249,
                        1946
                    ],
                    [
                        137.8436971266088,
                        35.65250102242025,
                        1959
                    ],
                    [
                        137.8434960055048,
                        35.65249961049487,
                        1967
                    ],
                    [
                        137.843306334695,
                        35.65254427020146,
                        1978
                    ],
                    [
                        137.8431057896659,
                        35.65251225061924,
                        1987
                    ],
                    [
                        137.84303173642928,
                        35.65243273820595,
                        1995
                    ],
                    [
                        137.8430133855875,
                        35.65229704565621,
                        2003
                    ],
                    [
                        137.84290019690988,
                        35.65221358713863,
                        2012
                    ],
                    [
                        137.84270385119243,
                        35.6522051686518,
                        2021
                    ],
                    [
                        137.84252231598984,
                        35.65225337686266,
                        2032
                    ],
                    [
                        137.8424018520604,
                        35.652228505152564,
                        2031
                    ],
                    [
                        137.84219989575323,
                        35.65234540450005,
                        2041
                    ],
                    [
                        137.84207944169398,
                        35.652438894304005,
                        2051
                    ],
                    [
                        137.84192419577147,
                        35.65250034977441,
                        2054
                    ],
                    [
                        137.84173697548647,
                        35.65251727492768,
                        2061
                    ],
                    [
                        137.8415582281309,
                        35.65250587712537,
                        2069
                    ],
                    [
                        137.8412893380344,
                        35.65254900016988,
                        2083
                    ],
                    [
                        137.84100344199254,
                        35.65253557213125,
                        2081
                    ],
                    [
                        137.84082742032885,
                        35.652612116489436,
                        2081
                    ],
                    [
                        137.84064150681198,
                        35.65272901465218,
                        2086
                    ],
                    [
                        137.8404452947041,
                        35.652803416148956,
                        2096
                    ],
                    [
                        137.84026665853318,
                        35.65281556437385,
                        2104
                    ],
                    [
                        137.8400823268102,
                        35.652839551805656,
                        2111
                    ],
                    [
                        137.8399381169326,
                        35.652942584633536,
                        2121
                    ],
                    [
                        137.8398447532283,
                        35.6530557304355,
                        2128
                    ],
                    [
                        137.83968223802987,
                        35.65309066504084,
                        2135
                    ],
                    [
                        137.8395979271041,
                        35.65323542976567,
                        2139
                    ],
                    [
                        137.83944525484574,
                        35.653327762074134,
                        2148
                    ],
                    [
                        137.83926618999067,
                        35.653442735179915,
                        2149
                    ],
                    [
                        137.83916355603682,
                        35.65354813844551,
                        2151
                    ],
                    [
                        137.83930178970323,
                        35.65357907012642,
                        2159
                    ],
                    [
                        137.83913389096998,
                        35.653601811501254,
                        2159
                    ],
                    [
                        137.83909659000767,
                        35.65369200296784,
                        2163
                    ],
                    [
                        137.8390218361308,
                        35.65383516541937,
                        2170
                    ],
                    [
                        137.83898709605813,
                        35.653973554921585,
                        2178
                    ],
                    [
                        137.83911045518158,
                        35.65398979327751,
                        2181
                    ],
                    [
                        137.8389220908855,
                        35.6540931492944,
                        2190
                    ],
                    [
                        137.8388813373121,
                        35.654296681808916,
                        2192
                    ],
                    [
                        137.8388032068435,
                        35.65436702035612,
                        2194
                    ],
                    [
                        137.83868388034122,
                        35.65433509366268,
                        2187
                    ],
                    [
                        137.83847155427318,
                        35.654421333490006,
                        2187
                    ],
                    [
                        137.83811805162804,
                        35.654472354653244,
                        2184
                    ],
                    [
                        137.83786080835904,
                        35.65456488897345,
                        2190
                    ],
                    [
                        137.8377018723989,
                        35.654803290681194,
                        2186
                    ],
                    [
                        137.83757825165912,
                        35.654906540033124,
                        2189
                    ],
                    [
                        137.837468086008,
                        35.65505424337149,
                        2190
                    ],
                    [
                        137.83738169588926,
                        35.65516749794115,
                        2194
                    ],
                    [
                        137.8373017421045,
                        35.65523536099913,
                        2201
                    ],
                    [
                        137.837085438017,
                        35.655382230806545,
                        2196
                    ],
                    [
                        137.83686135227532,
                        35.655518297135714,
                        2194
                    ],
                    [
                        137.8366992178311,
                        35.65563998510715,
                        2200
                    ],
                    [
                        137.83648758171228,
                        35.655750693276886,
                        2213
                    ],
                    [
                        137.836271824916,
                        35.655917887103556,
                        2211
                    ],
                    [
                        137.83608673019793,
                        35.656028015123944,
                        2212
                    ],
                    [
                        137.83583896259034,
                        35.656220864542156,
                        2211
                    ],
                    [
                        137.83559603738593,
                        35.65636410203052,
                        2218
                    ],
                    [
                        137.83533114161776,
                        35.656466577503295,
                        2222
                    ],
                    [
                        137.83507516164934,
                        35.65652975974918,
                        2227
                    ],
                    [
                        137.83471425922437,
                        35.65662827172068,
                        2230
                    ],
                    [
                        137.83442635949075,
                        35.65670591611049,
                        2231
                    ],
                    [
                        137.83417710461345,
                        35.65676761644507,
                        2237
                    ],
                    [
                        137.83392176233085,
                        35.65679525357103,
                        2245
                    ],
                    [
                        137.8336735130392,
                        35.65674444479314,
                        2246
                    ],
                    [
                        137.83340435431168,
                        35.65666834722037,
                        2244
                    ],
                    [
                        137.83311295139362,
                        35.65653451823709,
                        2246
                    ],
                    [
                        137.8328475464442,
                        35.65651195968111,
                        2243
                    ],
                    [
                        137.8325203254358,
                        35.656489575279124,
                        2239
                    ],
                    [
                        137.8321603714113,
                        35.65648464092901,
                        2240
                    ],
                    [
                        137.83181704692208,
                        35.656442979010514,
                        2243
                    ],
                    [
                        137.83153361350892,
                        35.65637956710576,
                        2248
                    ],
                    [
                        137.83120812421183,
                        35.65624273097647,
                        2247
                    ],
                    [
                        137.83084923586117,
                        35.65609694800709,
                        2247
                    ],
                    [
                        137.83059716579305,
                        35.655998916186505,
                        2259
                    ],
                    [
                        137.83040166287657,
                        35.65594841347991,
                        2263
                    ],
                    [
                        137.8301066516576,
                        35.655946752411104,
                        2266
                    ],
                    [
                        137.8297779649155,
                        35.65591724179381,
                        2269
                    ],
                    [
                        137.82942441004894,
                        35.65587165012722,
                        2275
                    ],
                    [
                        137.82914057580027,
                        35.65581653878378,
                        2280
                    ],
                    [
                        137.8288569040442,
                        35.655834614354525,
                        2288
                    ],
                    [
                        137.8286315038945,
                        35.65581954194246,
                        2292
                    ],
                    [
                        137.82837597895917,
                        35.65579616121095,
                        2299
                    ],
                    [
                        137.8281650816637,
                        35.65574858996922,
                        2307
                    ],
                    [
                        137.82800883866213,
                        35.65568059717521,
                        2310
                    ],
                    [
                        137.82777387751798,
                        35.65562559037933,
                        2316
                    ],
                    [
                        137.82754790584232,
                        35.65554181430308,
                        2327
                    ],
                    [
                        137.82727726898523,
                        35.655394970695724,
                        2329
                    ],
                    [
                        137.82709469905743,
                        35.65514839064665,
                        2323
                    ],
                    [
                        137.82689984053948,
                        35.654956948669906,
                        2317
                    ],
                    [
                        137.82671761017755,
                        35.654728323942486,
                        2315
                    ],
                    [
                        137.82654108138178,
                        35.65449002970013,
                        2319
                    ],
                    [
                        137.82623736187915,
                        35.65445642812244,
                        2314
                    ],
                    [
                        137.82593016355247,
                        35.65442686265007,
                        2308
                    ],
                    [
                        137.82558166070157,
                        35.654378136541865,
                        2299
                    ],
                    [
                        137.8252105903657,
                        35.654313795779615,
                        2293
                    ],
                    [
                        137.82489122275885,
                        35.65417657857356,
                        2287
                    ],
                    [
                        137.82451881164255,
                        35.65411636232579,
                        2289
                    ],
                    [
                        137.8241412212009,
                        35.65410310836609,
                        2290
                    ],
                    [
                        137.82372433390213,
                        35.65415856107238,
                        2289
                    ],
                    [
                        137.8234018489725,
                        35.65419602511994,
                        2293
                    ],
                    [
                        137.8230494012023,
                        35.65421377063389,
                        2294
                    ],
                    [
                        137.82273659154137,
                        35.654173313827805,
                        2297
                    ],
                    [
                        137.82245816652986,
                        35.654118127219284,
                        2297
                    ],
                    [
                        137.82220910549492,
                        35.65410341538328,
                        2292
                    ],
                    [
                        137.8219157517581,
                        35.654036577524145,
                        2285
                    ],
                    [
                        137.82162075855248,
                        35.653960396734064,
                        2276
                    ],
                    [
                        137.82141678581772,
                        35.65387918276576,
                        2271
                    ],
                    [
                        137.82124952065718,
                        35.65376333402016,
                        2263
                    ],
                    [
                        137.8210152235397,
                        35.65364836135295,
                        2257
                    ],
                    [
                        137.82074424253778,
                        35.653521830266456,
                        2250
                    ],
                    [
                        137.82046220807686,
                        35.653482775541846,
                        2241
                    ],
                    [
                        137.82016817740882,
                        35.65341946180761,
                        2237
                    ],
                    [
                        137.81981193015375,
                        35.65334308703539,
                        2232
                    ],
                    [
                        137.8196040637882,
                        35.653275117864496,
                        2232
                    ],
                    [
                        137.81930924234894,
                        35.653198933540224,
                        2235
                    ],
                    [
                        137.81913305583555,
                        35.653117637204616,
                        2237
                    ],
                    [
                        137.81892612404678,
                        35.65312394099733,
                        2239
                    ],
                    [
                        137.81869150469095,
                        35.65310408922516,
                        2234
                    ],
                    [
                        137.8183611889888,
                        35.65300257814304,
                        2237
                    ],
                    [
                        137.81823003454446,
                        35.65294009842299,
                        2239
                    ],
                    [
                        137.81796311518386,
                        35.652832984516856,
                        2243
                    ],
                    [
                        137.81785727858332,
                        35.65262397133734,
                        2238
                    ],
                    [
                        137.81760097401235,
                        35.65246268351089,
                        2232
                    ],
                    [
                        137.81737951958883,
                        35.65236498065425,
                        2225
                    ],
                    [
                        137.81728421370713,
                        35.652098108953595,
                        2222
                    ],
                    [
                        137.81709831248068,
                        35.65189129021271,
                        2223
                    ],
                    [
                        137.81696879169027,
                        35.65177236388787,
                        2217
                    ],
                    [
                        137.81671369136518,
                        35.65153682345139,
                        2213
                    ],
                    [
                        137.81649293639654,
                        35.6512719486911,
                        2209
                    ],
                    [
                        137.81632658224908,
                        35.651131027579794,
                        2217
                    ],
                    [
                        137.81604125511342,
                        35.651036043046226,
                        2222
                    ],
                    [
                        137.81583463419014,
                        35.650924826667385,
                        2226
                    ],
                    [
                        137.81555905673082,
                        35.65088760213718,
                        2229
                    ],
                    [
                        137.81531851644365,
                        35.65073323123828,
                        2229
                    ],
                    [
                        137.81508834293152,
                        35.65051743941266,
                        2234
                    ],
                    [
                        137.81480913346076,
                        35.650358795977326,
                        2234
                    ],
                    [
                        137.81446109199797,
                        35.65028164092377,
                        2237
                    ],
                    [
                        137.81413584121125,
                        35.65025649741107,
                        2232
                    ],
                    [
                        137.81387334525056,
                        35.6502611272283,
                        2237
                    ],
                    [
                        137.81367011110328,
                        35.650051803419785,
                        2232
                    ],
                    [
                        137.81339066622692,
                        35.64986671140072,
                        2224
                    ],
                    [
                        137.8131383983425,
                        35.64979281963402,
                        2232
                    ],
                    [
                        137.81287126380337,
                        35.64970871845886,
                        2233
                    ],
                    [
                        137.8126462853384,
                        35.64969049724157,
                        2243
                    ],
                    [
                        137.81245000824,
                        35.64966347415024,
                        2240
                    ],
                    [
                        137.8121394371326,
                        35.64957253387724,
                        2239
                    ],
                    [
                        137.81180543183018,
                        35.64951019919509,
                        2242
                    ],
                    [
                        137.81148073819926,
                        35.649499995748194,
                        2248
                    ],
                    [
                        137.81119082897254,
                        35.64935953987888,
                        2250
                    ],
                    [
                        137.8109529359542,
                        35.64917231495111,
                        2254
                    ],
                    [
                        137.8108213128408,
                        35.649031635834895,
                        2264
                    ],
                    [
                        137.8107151307855,
                        35.64893351925881,
                        2271
                    ],
                    [
                        137.8105766911301,
                        35.64880563141272,
                        2278
                    ],
                    [
                        137.81039383312606,
                        35.64867433848535,
                        2289
                    ],
                    [
                        137.8101498126717,
                        35.64853404522232,
                        2289
                    ],
                    [
                        137.80998166865857,
                        35.64862488485069,
                        2285
                    ],
                    [
                        137.80987651576305,
                        35.64878680489679,
                        2277
                    ],
                    [
                        137.8097217062528,
                        35.64892375931015,
                        2265
                    ],
                    [
                        137.80956014142768,
                        35.649026013277094,
                        2254
                    ],
                    [
                        137.8093696967582,
                        35.649048077559925,
                        2245
                    ],
                    [
                        137.80915125362503,
                        35.6490530246155,
                        2239
                    ],
                    [
                        137.80894035298408,
                        35.64911840833141,
                        2231
                    ],
                    [
                        137.8087481605152,
                        35.64925726047335,
                        2222
                    ],
                    [
                        137.80851312139882,
                        35.64935332718346,
                        2217
                    ],
                    [
                        137.80837591060873,
                        35.649498638410655,
                        2211
                    ],
                    [
                        137.80828225139683,
                        35.649695482167516,
                        2205
                    ],
                    [
                        137.80816959035934,
                        35.64985896805701,
                        2195
                    ],
                    [
                        137.80805643455383,
                        35.650023504489596,
                        2186
                    ],
                    [
                        137.80804560784296,
                        35.65021844081284,
                        2180
                    ],
                    [
                        137.80793377415498,
                        35.65039497802181,
                        2171
                    ],
                    [
                        137.8078924248619,
                        35.650529613202416,
                        2162
                    ],
                    [
                        137.8078552944155,
                        35.650642318355224,
                        2152
                    ],
                    [
                        137.80776425954144,
                        35.650759331954276,
                        2142
                    ],
                    [
                        137.8076352417033,
                        35.6509179021983,
                        2131
                    ],
                    [
                        137.80740699995584,
                        35.650998041227325,
                        2125
                    ],
                    [
                        137.80723228511638,
                        35.65116410638355,
                        2125
                    ],
                    [
                        137.80709166161105,
                        35.65129879671001,
                        2128
                    ],
                    [
                        137.80697774562992,
                        35.65137414874765,
                        2136
                    ],
                    [
                        137.80681138986677,
                        35.65143176589717,
                        2143
                    ],
                    [
                        137.80663124414627,
                        35.65153903290679,
                        2150
                    ],
                    [
                        137.8065309985246,
                        35.6516390127925,
                        2156
                    ],
                    [
                        137.80639922884032,
                        35.651727338030405,
                        2164
                    ],
                    [
                        137.8063163239519,
                        35.65180018886399,
                        2169
                    ],
                    [
                        137.8061532955424,
                        35.651901755584724,
                        2177
                    ],
                    [
                        137.80598148513354,
                        35.652019059736965,
                        2187
                    ],
                    [
                        137.8058070722461,
                        35.6521141987245,
                        2196
                    ],
                    [
                        137.80564831489366,
                        35.65223230128773,
                        2202
                    ],
                    [
                        137.80544809566325,
                        35.65232525740921,
                        2210
                    ],
                    [
                        137.8051110622271,
                        35.65238778886858,
                        2217
                    ],
                    [
                        137.80494198339258,
                        35.652525317218455,
                        2216
                    ],
                    [
                        137.80467964249257,
                        35.65269874399411,
                        2213
                    ],
                    [
                        137.8045455762854,
                        35.65290375544156,
                        2217
                    ],
                    [
                        137.80450966437277,
                        35.653146344203066,
                        2221
                    ],
                    [
                        137.80436265152082,
                        35.65333474443141,
                        2226
                    ],
                    [
                        137.80428530249532,
                        35.65358834907777,
                        2219
                    ],
                    [
                        137.80426197224114,
                        35.653870643546824,
                        2217
                    ],
                    [
                        137.80405228434756,
                        35.65404956845172,
                        2212
                    ],
                    [
                        137.80377256638002,
                        35.654264079636974,
                        2207
                    ],
                    [
                        137.80356250385393,
                        35.65447162012763,
                        2213
                    ],
                    [
                        137.8033422906495,
                        35.654681302967596,
                        2211
                    ],
                    [
                        137.8032887285926,
                        35.65488466160491,
                        2213
                    ],
                    [
                        137.8031733853359,
                        35.65500052990154,
                        2219
                    ],
                    [
                        137.80303432170655,
                        35.655106884299755,
                        2229
                    ],
                    [
                        137.80287519689747,
                        35.65519457835097,
                        2239
                    ],
                    [
                        137.80273165534135,
                        35.65528649956963,
                        2243
                    ],
                    [
                        137.80253366642353,
                        35.65539677483867,
                        2251
                    ],
                    [
                        137.8023240832538,
                        35.65546817891749,
                        2260
                    ],
                    [
                        137.80207495298004,
                        35.65550183505589,
                        2267
                    ],
                    [
                        137.8018804233947,
                        35.65559719986108,
                        2275
                    ],
                    [
                        137.80177075315447,
                        35.65567218957347,
                        2280
                    ],
                    [
                        137.80160727981266,
                        35.65579272390558,
                        2288
                    ],
                    [
                        137.80149238187062,
                        35.65589516555345,
                        2299
                    ],
                    [
                        137.8014140871353,
                        35.65597551467594,
                        2301
                    ],
                    [
                        137.8015189279753,
                        35.65584539617476,
                        2294
                    ],
                    [
                        137.80163245545126,
                        35.655740241900226,
                        2285
                    ],
                    [
                        137.80183400437326,
                        35.65562684835385,
                        2278
                    ],
                    [
                        137.80208435259047,
                        35.655488168219684,
                        2267
                    ],
                    [
                        137.8023443545371,
                        35.65544117579534,
                        2260
                    ],
                    [
                        137.80256287683522,
                        35.65536090778865,
                        2251
                    ],
                    [
                        137.80274394563483,
                        35.655266819692024,
                        2242
                    ],
                    [
                        137.80291120990307,
                        35.655160436405374,
                        2236
                    ],
                    [
                        137.80307843011943,
                        35.655038489690035,
                        2224
                    ],
                    [
                        137.803226285776,
                        35.65493626459901,
                        2215
                    ],
                    [
                        137.80333015993202,
                        35.65473088608711,
                        2212
                    ],
                    [
                        137.80347664037214,
                        35.654495614008134,
                        2212
                    ],
                    [
                        137.80365537002635,
                        35.654316964123545,
                        2209
                    ],
                    [
                        137.80390738906476,
                        35.654156254024024,
                        2208
                    ],
                    [
                        137.80403998187523,
                        35.65400255262153,
                        2213
                    ],
                    [
                        137.80423093340428,
                        35.65388484325852,
                        2216
                    ],
                    [
                        137.80426208214118,
                        35.6536439850619,
                        2216
                    ],
                    [
                        137.80431831785307,
                        35.65345294673242,
                        2219
                    ],
                    [
                        137.80444931871006,
                        35.65319722334461,
                        2223
                    ],
                    [
                        137.80450482544626,
                        35.65295213813397,
                        2218
                    ],
                    [
                        137.804619711461,
                        35.65273443864859,
                        2212
                    ],
                    [
                        137.80482394885598,
                        35.6525468952893,
                        2215
                    ],
                    [
                        137.80504710669481,
                        35.652452255649415,
                        2217
                    ],
                    [
                        137.80529376829722,
                        35.65233748358063,
                        2219
                    ],
                    [
                        137.8055518195588,
                        35.652246785072386,
                        2209
                    ],
                    [
                        137.80573868055203,
                        35.65214529786765,
                        2197
                    ],
                    [
                        137.80589340821587,
                        35.65202714411626,
                        2191
                    ],
                    [
                        137.80605926887532,
                        35.65192169611265,
                        2182
                    ],
                    [
                        137.80620925710926,
                        35.65186500406005,
                        2175
                    ],
                    [
                        137.80633928545885,
                        35.65177212846764,
                        2168
                    ],
                    [
                        137.80647891980533,
                        35.651669704123805,
                        2160
                    ],
                    [
                        137.80661901760513,
                        35.65156896487749,
                        2152
                    ],
                    [
                        137.80678758431546,
                        35.65142802421327,
                        2145
                    ],
                    [
                        137.8069497897948,
                        35.65137887496164,
                        2137
                    ],
                    [
                        137.8070828293127,
                        35.65130496843742,
                        2129
                    ],
                    [
                        137.80723945058966,
                        35.6511285447283,
                        2124
                    ],
                    [
                        137.80735968994594,
                        35.65103031263077,
                        2125
                    ],
                    [
                        137.80758053858577,
                        35.65093291073701,
                        2132
                    ],
                    [
                        137.80769646254763,
                        35.650823059221764,
                        2138
                    ],
                    [
                        137.8077588724622,
                        35.65071185886519,
                        2147
                    ],
                    [
                        137.8078329002118,
                        35.650616709654564,
                        2155
                    ],
                    [
                        137.80789036472322,
                        35.65047358427434,
                        2166
                    ],
                    [
                        137.80796513781968,
                        35.650307294844644,
                        2177
                    ],
                    [
                        137.8080423933516,
                        35.65020014789018,
                        2180
                    ],
                    [
                        137.80803390882232,
                        35.64998151508381,
                        2188
                    ],
                    [
                        137.80814886716976,
                        35.64984515750595,
                        2195
                    ],
                    [
                        137.80821180319214,
                        35.64973521996879,
                        2203
                    ],
                    [
                        137.80828901478506,
                        35.6495708876706,
                        2210
                    ],
                    [
                        137.80842595767342,
                        35.64945938279561,
                        2215
                    ],
                    [
                        137.80859745805375,
                        35.649305682825904,
                        2220
                    ],
                    [
                        137.80878904577676,
                        35.64922547073308,
                        2226
                    ],
                    [
                        137.8089788188798,
                        35.64908010246562,
                        2235
                    ],
                    [
                        137.8092193786412,
                        35.649062292115175,
                        2242
                    ],
                    [
                        137.80938044733145,
                        35.649065177068984,
                        2247
                    ],
                    [
                        137.80954536831706,
                        35.649006806232045,
                        2257
                    ],
                    [
                        137.8097014431753,
                        35.64891117509063,
                        2267
                    ],
                    [
                        137.8098283857058,
                        35.6488188750757,
                        2275
                    ],
                    [
                        137.80993526457587,
                        35.64868840800583,
                        2282
                    ],
                    [
                        137.81003946668832,
                        35.648520740678045,
                        2290
                    ],
                    [
                        137.80996954167153,
                        35.64829747315085,
                        2287
                    ],
                    [
                        137.80986592675055,
                        35.64802761891451,
                        2288
                    ],
                    [
                        137.80982628686888,
                        35.647824914269194,
                        2286
                    ],
                    [
                        137.80975092041916,
                        35.6476548142426,
                        2291
                    ],
                    [
                        137.80959259475694,
                        35.64754196672879,
                        2286
                    ],
                    [
                        137.80950462629085,
                        35.6473834824126,
                        2277
                    ],
                    [
                        137.8094155238603,
                        35.64720442365108,
                        2270
                    ],
                    [
                        137.8093316193528,
                        35.6470394918395,
                        2262
                    ],
                    [
                        137.80925272807895,
                        35.64688203033722,
                        2255
                    ],
                    [
                        137.80920593138157,
                        35.6467368577023,
                        2250
                    ],
                    [
                        137.80925202599178,
                        35.64660834615471,
                        2244
                    ],
                    [
                        137.8093455340136,
                        35.646448169018505,
                        2234
                    ],
                    [
                        137.8093692030364,
                        35.64635964674217,
                        2225
                    ],
                    [
                        137.8092537915467,
                        35.646157853423745,
                        2219
                    ],
                    [
                        137.80922971270346,
                        35.6460433899415,
                        2212
                    ],
                    [
                        137.8091889184572,
                        35.64581810362065,
                        2200
                    ],
                    [
                        137.80913926335947,
                        35.64556953122156,
                        2194
                    ],
                    [
                        137.80911030036103,
                        35.6453647289079,
                        2187
                    ],
                    [
                        137.8089952846261,
                        35.64519604304414,
                        2180
                    ],
                    [
                        137.80896927839086,
                        35.644958127906186,
                        2179
                    ],
                    [
                        137.80882905938037,
                        35.644667519808515,
                        2175
                    ],
                    [
                        137.80866344381826,
                        35.64445579253028,
                        2186
                    ],
                    [
                        137.80852549529263,
                        35.64439500785237,
                        2189
                    ],
                    [
                        137.80838620109384,
                        35.64424946578759,
                        2188
                    ],
                    [
                        137.80829994218803,
                        35.644064480374,
                        2190
                    ],
                    [
                        137.80832994488503,
                        35.64388686187016,
                        2199
                    ],
                    [
                        137.80814794382334,
                        35.64371615484218,
                        2197
                    ],
                    [
                        137.8080333403917,
                        35.64354398585107,
                        2201
                    ],
                    [
                        137.80792883455646,
                        35.64336928503637,
                        2206
                    ],
                    [
                        137.80783155300526,
                        35.64322272813928,
                        2208
                    ],
                    [
                        137.80770207411263,
                        35.64304299247424,
                        2215
                    ],
                    [
                        137.80759824156758,
                        35.64287968422589,
                        2221
                    ],
                    [
                        137.8075545716336,
                        35.64272197411646,
                        2221
                    ],
                    [
                        137.8076538881353,
                        35.64242809442629,
                        2226
                    ],
                    [
                        137.80762048467307,
                        35.642174576590115,
                        2229
                    ],
                    [
                        137.80772033867137,
                        35.641976269453764,
                        2225
                    ],
                    [
                        137.80793939076742,
                        35.64177526478439,
                        2217
                    ],
                    [
                        137.80807135270044,
                        35.64157602251071,
                        2213
                    ],
                    [
                        137.80831195710348,
                        35.64148960398249,
                        2205
                    ],
                    [
                        137.80856335531786,
                        35.641464308428716,
                        2211
                    ],
                    [
                        137.80888622271718,
                        35.64153874847184,
                        2207
                    ],
                    [
                        137.80919824510892,
                        35.64152163645922,
                        2200
                    ],
                    [
                        137.80940132195846,
                        35.64140749000168,
                        2194
                    ],
                    [
                        137.80971820666608,
                        35.64146721660797,
                        2195
                    ],
                    [
                        137.809974868519,
                        35.6414278150164,
                        2185
                    ],
                    [
                        137.81020923954628,
                        35.641352021991864,
                        2177
                    ],
                    [
                        137.81035460211865,
                        35.64113032807718,
                        2170
                    ],
                    [
                        137.81042900311584,
                        35.640927396372675,
                        2162
                    ],
                    [
                        137.8105371438208,
                        35.64075418790679,
                        2154
                    ],
                    [
                        137.8107425201932,
                        35.64062745368454,
                        2147
                    ],
                    [
                        137.81090662402036,
                        35.64057257787613,
                        2144
                    ],
                    [
                        137.81110244704496,
                        35.64038833764453,
                        2133
                    ],
                    [
                        137.81142517079556,
                        35.64023846043358,
                        2126
                    ],
                    [
                        137.8117331667763,
                        35.6401570547601,
                        2127
                    ],
                    [
                        137.8118871407089,
                        35.63999445420157,
                        2117
                    ],
                    [
                        137.81200964275448,
                        35.6398237622673,
                        2111
                    ],
                    [
                        137.81236869483774,
                        35.63979775037631,
                        2105
                    ],
                    [
                        137.81245084337723,
                        35.63953365117777,
                        2105
                    ],
                    [
                        137.81256662667195,
                        35.63937716974007,
                        2107
                    ],
                    [
                        137.81273539913693,
                        35.63912301694422,
                        2107
                    ],
                    [
                        137.81298594226715,
                        35.63901297111133,
                        2107
                    ],
                    [
                        137.81317868598518,
                        35.638910855210895,
                        2112
                    ],
                    [
                        137.8133673193333,
                        35.63896632518038,
                        2117
                    ],
                    [
                        137.81354623475082,
                        35.63905497909124,
                        2128
                    ],
                    [
                        137.8136657054957,
                        35.63918276403559,
                        2135
                    ],
                    [
                        137.8138298438805,
                        35.639281424458176,
                        2140
                    ],
                    [
                        137.81391947096077,
                        35.63943670231432,
                        2150
                    ],
                    [
                        137.81419067292478,
                        35.6394842402983,
                        2153
                    ],
                    [
                        137.8144454608291,
                        35.639482053297584,
                        2157
                    ],
                    [
                        137.8145711877191,
                        35.6393380706418,
                        2159
                    ],
                    [
                        137.814726513298,
                        35.63946271421208,
                        2156
                    ],
                    [
                        137.81494945621148,
                        35.63930527902413,
                        2157
                    ],
                    [
                        137.81515363308552,
                        35.63913642665041,
                        2155
                    ],
                    [
                        137.81545219671034,
                        35.63903679805973,
                        2150
                    ],
                    [
                        137.81568794992575,
                        35.63900109440538,
                        2144
                    ],
                    [
                        137.8157533327794,
                        35.638760342166954,
                        2138
                    ],
                    [
                        137.81597502335342,
                        35.63859651314823,
                        2131
                    ],
                    [
                        137.81598482239886,
                        35.638414244500446,
                        2125
                    ],
                    [
                        137.81613804180276,
                        35.638292476959286,
                        2121
                    ],
                    [
                        137.8161019543771,
                        35.63801668012534,
                        2125
                    ],
                    [
                        137.8161878742449,
                        35.63776736642477,
                        2134
                    ],
                    [
                        137.81649004495938,
                        35.63762105168936,
                        2136
                    ],
                    [
                        137.81676894125184,
                        35.63744455177584,
                        2140
                    ],
                    [
                        137.81706522396522,
                        35.637235729205564,
                        2139
                    ],
                    [
                        137.81728064030608,
                        35.63694474619736,
                        2134
                    ],
                    [
                        137.81739321139705,
                        35.63670045753098,
                        2131
                    ],
                    [
                        137.81743677494813,
                        35.636440915206805,
                        2134
                    ],
                    [
                        137.81753905499212,
                        35.6361388404091,
                        2139
                    ],
                    [
                        137.81767332664083,
                        35.63594948482067,
                        2141
                    ],
                    [
                        137.81796014652758,
                        35.635817868679254,
                        2146
                    ],
                    [
                        137.81825220478697,
                        35.63570244264524,
                        2148
                    ],
                    [
                        137.81837000524766,
                        35.63543506006164,
                        2141
                    ],
                    [
                        137.8182949479657,
                        35.63521863522639,
                        2133
                    ],
                    [
                        137.81806727287713,
                        35.635117694330006,
                        2122
                    ],
                    [
                        137.81829388599874,
                        35.63492505373653,
                        2119
                    ],
                    [
                        137.81832093233075,
                        35.63471306255255,
                        2111
                    ],
                    [
                        137.81815142996558,
                        35.634540159790006,
                        2101
                    ],
                    [
                        137.81798405130752,
                        35.63437534313508,
                        2090
                    ],
                    [
                        137.81806532594615,
                        35.63411845557454,
                        2085
                    ],
                    [
                        137.8180596226526,
                        35.633837905256804,
                        2086
                    ],
                    [
                        137.81809074061803,
                        35.63351622043973,
                        2085
                    ],
                    [
                        137.81831365049283,
                        35.63330429664699,
                        2078
                    ],
                    [
                        137.81851085367848,
                        35.633079784560465,
                        2075
                    ],
                    [
                        137.8185758920943,
                        35.632916691646614,
                        2066
                    ],
                    [
                        137.81879590096986,
                        35.63272254444959,
                        2062
                    ],
                    [
                        137.81897785528727,
                        35.632439989069475,
                        2052
                    ],
                    [
                        137.81921476197053,
                        35.63225735757146,
                        2045
                    ],
                    [
                        137.8194474149809,
                        35.63205333443345,
                        2040
                    ],
                    [
                        137.81957850958233,
                        35.63184454273135,
                        2031
                    ],
                    [
                        137.81949744539818,
                        35.631694016980575,
                        2018
                    ],
                    [
                        137.81947780096237,
                        35.631549293845815,
                        2009
                    ],
                    [
                        137.81943796510126,
                        35.63139938591768,
                        1999
                    ],
                    [
                        137.81947351463828,
                        35.63119936506678,
                        1990
                    ],
                    [
                        137.81948047551353,
                        35.63105615684745,
                        1980
                    ],
                    [
                        137.81926653137802,
                        35.6310644740911,
                        1975
                    ],
                    [
                        137.8191066268632,
                        35.6309920204175,
                        1964
                    ],
                    [
                        137.81900524585606,
                        35.630890813919905,
                        1956
                    ],
                    [
                        137.81882169807628,
                        35.63077414533547,
                        1950
                    ],
                    [
                        137.8188512787409,
                        35.63059552622879,
                        1943
                    ],
                    [
                        137.81879829951558,
                        35.63043384702087,
                        1938
                    ],
                    [
                        137.81881098638524,
                        35.63019766188252,
                        1925
                    ],
                    [
                        137.8188632868006,
                        35.63003625952351,
                        1917
                    ],
                    [
                        137.81889023355978,
                        35.629680092431215,
                        1906
                    ],
                    [
                        137.81890229817085,
                        35.62946983961778,
                        1897
                    ],
                    [
                        137.81884230956143,
                        35.62917942823643,
                        1884
                    ],
                    [
                        137.81878004367383,
                        35.62891042873508,
                        1883
                    ],
                    [
                        137.81893246814911,
                        35.62877109542121,
                        1876
                    ],
                    [
                        137.81899942193064,
                        35.6285847927202,
                        1869
                    ],
                    [
                        137.81909717554652,
                        35.62830425492965,
                        1860
                    ],
                    [
                        137.81918389557998,
                        35.628019185899134,
                        1845
                    ],
                    [
                        137.8193955881104,
                        35.627794324309335,
                        1841
                    ],
                    [
                        137.81940753094858,
                        35.62753508526073,
                        1842
                    ],
                    [
                        137.8192434477634,
                        35.62724915249196,
                        1844
                    ],
                    [
                        137.819156969567,
                        35.62700003222995,
                        1848
                    ],
                    [
                        137.8193388478918,
                        35.62668803595297,
                        1839
                    ],
                    [
                        137.81935350574727,
                        35.626361700274,
                        1837
                    ],
                    [
                        137.8192537729468,
                        35.62606905856912,
                        1838
                    ],
                    [
                        137.81927567644536,
                        35.62578529350861,
                        1836
                    ],
                    [
                        137.8194361015554,
                        35.62560592672171,
                        1838
                    ],
                    [
                        137.81960783602915,
                        35.62546151486368,
                        1841
                    ],
                    [
                        137.81951404183388,
                        35.62517729764084,
                        1841
                    ],
                    [
                        137.81932095988097,
                        35.62498728119027,
                        1845
                    ],
                    [
                        137.81922107105888,
                        35.62469857835652,
                        1848
                    ],
                    [
                        137.81919909592548,
                        35.624452568647186,
                        1847
                    ],
                    [
                        137.81912782022613,
                        35.62426176174097,
                        1852
                    ],
                    [
                        137.81900778695547,
                        35.62411045321721,
                        1864
                    ],
                    [
                        137.8189664058544,
                        35.623871052921665,
                        1872
                    ],
                    [
                        137.81900801292343,
                        35.62359639982223,
                        1871
                    ],
                    [
                        137.81893784597924,
                        35.623244405398154,
                        1866
                    ],
                    [
                        137.8189040259895,
                        35.62295009906129,
                        1871
                    ],
                    [
                        137.81910965054283,
                        35.62273216936268,
                        1867
                    ],
                    [
                        137.8192474579761,
                        35.62251382969476,
                        1861
                    ],
                    [
                        137.81935502595312,
                        35.62226629785739,
                        1852
                    ],
                    [
                        137.81947459062013,
                        35.6219430899241,
                        1848
                    ],
                    [
                        137.81929742278075,
                        35.62171850840764,
                        1854
                    ],
                    [
                        137.81937359781864,
                        35.621443273142994,
                        1850
                    ],
                    [
                        137.81934079413318,
                        35.621237145595344,
                        1843
                    ],
                    [
                        137.81918536836716,
                        35.6210118608816,
                        1836
                    ],
                    [
                        137.8191329060247,
                        35.62077743084839,
                        1829
                    ],
                    [
                        137.81930758570928,
                        35.620489828261476,
                        1823
                    ],
                    [
                        137.81959479134846,
                        35.62022373965879,
                        1820
                    ],
                    [
                        137.81974952861492,
                        35.620041914691164,
                        1824
                    ],
                    [
                        137.81981031363267,
                        35.619948556381445,
                        1828
                    ],
                    [
                        137.81994982943405,
                        35.61978005059488,
                        1837
                    ],
                    [
                        137.8200852902827,
                        35.61955589341005,
                        1840
                    ],
                    [
                        137.82016446186236,
                        35.6193201778192,
                        1838
                    ],
                    [
                        137.82012881029405,
                        35.61903426375686,
                        1844
                    ],
                    [
                        137.8202320332449,
                        35.61885455939001,
                        1848
                    ],
                    [
                        137.8205369479116,
                        35.61874066183475,
                        1841
                    ],
                    [
                        137.82086388971567,
                        35.61862261917102,
                        1834
                    ],
                    [
                        137.8211176533741,
                        35.618615641992456,
                        1823
                    ],
                    [
                        137.82133147315662,
                        35.61851566093894,
                        1819
                    ],
                    [
                        137.82148725426427,
                        35.618335419338905,
                        1820
                    ],
                    [
                        137.82167611306375,
                        35.61809907131085,
                        1818
                    ],
                    [
                        137.8217454123577,
                        35.61796371783747,
                        1820
                    ],
                    [
                        137.8218193642742,
                        35.61776601037921,
                        1833
                    ],
                    [
                        137.82199816735277,
                        35.617580786231876,
                        1839
                    ],
                    [
                        137.82226139427235,
                        35.61736663905553,
                        1842
                    ],
                    [
                        137.8224730655305,
                        35.61723118502985,
                        1851
                    ],
                    [
                        137.8226566247147,
                        35.61718563319782,
                        1859
                    ],
                    [
                        137.82287032233296,
                        35.61712012286902,
                        1864
                    ],
                    [
                        137.82299728465648,
                        35.61686406788956,
                        1866
                    ],
                    [
                        137.82310503265313,
                        35.61657506989326,
                        1868
                    ],
                    [
                        137.8231149086879,
                        35.61629679920617,
                        1875
                    ],
                    [
                        137.82311758372072,
                        35.61605762049723,
                        1877
                    ],
                    [
                        137.8231929178303,
                        35.61583548207228,
                        1882
                    ],
                    [
                        137.8232868970653,
                        35.61560265873332,
                        1887
                    ],
                    [
                        137.82355769784002,
                        35.61560867707435,
                        1891
                    ],
                    [
                        137.82391235984855,
                        35.61559725821916,
                        1883
                    ],
                    [
                        137.82414562186526,
                        35.61551530350472,
                        1876
                    ],
                    [
                        137.82447173152156,
                        35.61532796152413,
                        1866
                    ],
                    [
                        137.824710161918,
                        35.61514100031028,
                        1859
                    ],
                    [
                        137.8250388140898,
                        35.614999969137976,
                        1851
                    ],
                    [
                        137.82533144744394,
                        35.61481153195919,
                        1849
                    ],
                    [
                        137.82567443772908,
                        35.614615386645376,
                        1845
                    ],
                    [
                        137.8257713425409,
                        35.614571417248534,
                        1846
                    ],
                    [
                        137.82609786111604,
                        35.61437499859197,
                        1846
                    ],
                    [
                        137.8263618598764,
                        35.61417216886479,
                        1839
                    ],
                    [
                        137.8266765080486,
                        35.61395639009405,
                        1829
                    ],
                    [
                        137.82690829242577,
                        35.61387253336127,
                        1818
                    ],
                    [
                        137.82713752805898,
                        35.613760618393606,
                        1810
                    ],
                    [
                        137.82737619414434,
                        35.61352639013693,
                        1803
                    ],
                    [
                        137.82756385709158,
                        35.61326855573727,
                        1795
                    ],
                    [
                        137.8277999208926,
                        35.61298973949413,
                        1792
                    ],
                    [
                        137.82793840343547,
                        35.61271657216688,
                        1785
                    ],
                    [
                        137.82811561227663,
                        35.61241542374116,
                        1780
                    ],
                    [
                        137.8283345770778,
                        35.61215680369401,
                        1779
                    ],
                    [
                        137.82839831000624,
                        35.61191464263335,
                        1772
                    ],
                    [
                        137.8284786293829,
                        35.61163437767655,
                        1771
                    ],
                    [
                        137.82868105386413,
                        35.611413437479406,
                        1768
                    ],
                    [
                        137.82899577302527,
                        35.611208022101444,
                        1761
                    ],
                    [
                        137.82911145743523,
                        35.61095422380663,
                        1754
                    ],
                    [
                        137.82913374432795,
                        35.61071724265982,
                        1748
                    ],
                    [
                        137.82925267001556,
                        35.61056427265076,
                        1739
                    ],
                    [
                        137.8294321720301,
                        35.61040421499863,
                        1728
                    ],
                    [
                        137.82966969500194,
                        35.61031526790629,
                        1721
                    ],
                    [
                        137.8298854062259,
                        35.6101963667465,
                        1710
                    ],
                    [
                        137.83015185839463,
                        35.61009918472752,
                        1698
                    ],
                    [
                        137.83030725187842,
                        35.60994833764009,
                        1689
                    ],
                    [
                        137.8304705054648,
                        35.60970433802026,
                        1686
                    ],
                    [
                        137.83074188844455,
                        35.609521506651944,
                        1678
                    ],
                    [
                        137.83090635013087,
                        35.609462016942935,
                        1675
                    ],
                    [
                        137.83117070712044,
                        35.609245543512614,
                        1671
                    ],
                    [
                        137.831451825137,
                        35.60907850372058,
                        1663
                    ],
                    [
                        137.83172675055826,
                        35.6088406925016,
                        1656
                    ],
                    [
                        137.83203659810442,
                        35.60867500609485,
                        1657
                    ],
                    [
                        137.83226063566838,
                        35.60841348928816,
                        1663
                    ],
                    [
                        137.83237706794958,
                        35.608264591184,
                        1662
                    ],
                    [
                        137.83249986320112,
                        35.60814821671103,
                        1659
                    ],
                    [
                        137.83273632607148,
                        35.60812902581867,
                        1654
                    ],
                    [
                        137.83307476959752,
                        35.60807419220188,
                        1658
                    ],
                    [
                        137.83335719512172,
                        35.60795944316468,
                        1649
                    ],
                    [
                        137.833518685718,
                        35.60773203879055,
                        1638
                    ],
                    [
                        137.8336641428615,
                        35.607570642717846,
                        1630
                    ],
                    [
                        137.83385362762127,
                        35.60738457798973,
                        1621
                    ],
                    [
                        137.83399519128253,
                        35.60712593775976,
                        1617
                    ],
                    [
                        137.83409478823637,
                        35.60684320414977,
                        1616
                    ],
                    [
                        137.83419693627343,
                        35.60658416541103,
                        1609
                    ],
                    [
                        137.83423206812668,
                        35.6062809675369,
                        1601
                    ],
                    [
                        137.83425170474277,
                        35.606003106560124,
                        1592
                    ],
                    [
                        137.834335123745,
                        35.605731504791635,
                        1586
                    ],
                    [
                        137.83451758744306,
                        35.60561781182067,
                        1587
                    ],
                    [
                        137.8346030569031,
                        35.605520722271876,
                        1592
                    ],
                    [
                        137.8346975020829,
                        35.605382850073035,
                        1601
                    ],
                    [
                        137.83477728540754,
                        35.60523919544457,
                        1608
                    ],
                    [
                        137.83472682356535,
                        35.60495934756422,
                        1614
                    ],
                    [
                        137.83461596464406,
                        35.60470890460223,
                        1617
                    ],
                    [
                        137.83461307953075,
                        35.60455858067364,
                        1621
                    ],
                    [
                        137.83461867329495,
                        35.60423434601264,
                        1620
                    ],
                    [
                        137.83460364145418,
                        35.60397109367597,
                        1623
                    ],
                    [
                        137.83459005430385,
                        35.603672032871444,
                        1628
                    ],
                    [
                        137.83459690344404,
                        35.60336916123169,
                        1633
                    ],
                    [
                        137.83449680510896,
                        35.60315505551704,
                        1636
                    ],
                    [
                        137.83427880034742,
                        35.602967589530785,
                        1640
                    ],
                    [
                        137.83407484713766,
                        35.60275402299394,
                        1640
                    ],
                    [
                        137.8338200896639,
                        35.60258853914798,
                        1643
                    ],
                    [
                        137.83348361862204,
                        35.60255094568771,
                        1645
                    ],
                    [
                        137.8333423272086,
                        35.602536104505596,
                        1646
                    ],
                    [
                        137.83365340135327,
                        35.60256873968703,
                        1641
                    ],
                    [
                        137.83398280678642,
                        35.60267218463939,
                        1638
                    ],
                    [
                        137.8341828342358,
                        35.60286471645257,
                        1638
                    ],
                    [
                        137.83441525426016,
                        35.60303739159941,
                        1637
                    ],
                    [
                        137.83454499164722,
                        35.60325675468036,
                        1632
                    ],
                    [
                        137.83459165717284,
                        35.60350888654686,
                        1627
                    ],
                    [
                        137.83463379774304,
                        35.60384922869368,
                        1625
                    ],
                    [
                        137.8346511853007,
                        35.60417964781784,
                        1622
                    ],
                    [
                        137.83464834628623,
                        35.60447745011686,
                        1621
                    ],
                    [
                        137.8346827943544,
                        35.60469065937865,
                        1615
                    ],
                    [
                        137.8347961431486,
                        35.60496050064023,
                        1615
                    ],
                    [
                        137.83486988894472,
                        35.60521191820218,
                        1608
                    ],
                    [
                        137.83474691434148,
                        35.605360440647736,
                        1601
                    ],
                    [
                        137.83466081498682,
                        35.60553404328699,
                        1590
                    ],
                    [
                        137.83457254834244,
                        35.60560099248569,
                        1586
                    ],
                    [
                        137.83490549976506,
                        35.6055942376874,
                        1587
                    ],
                    [
                        137.83522324796,
                        35.60553877420564,
                        1587
                    ],
                    [
                        137.83553894303157,
                        35.60558965136492,
                        1581
                    ],
                    [
                        137.83583673282712,
                        35.605586320010204,
                        1571
                    ],
                    [
                        137.836095513024,
                        35.60551340900367,
                        1570
                    ],
                    [
                        137.83637026440272,
                        35.605558980451754,
                        1564
                    ],
                    [
                        137.8366710841005,
                        35.60539306063943,
                        1560
                    ],
                    [
                        137.8369955832967,
                        35.60547714865405,
                        1561
                    ],
                    [
                        137.83730023537402,
                        35.605465586150366,
                        1562
                    ],
                    [
                        137.83762945706715,
                        35.60540289173581,
                        1557
                    ],
                    [
                        137.83800298603578,
                        35.60551624092699,
                        1553
                    ],
                    [
                        137.83835379857726,
                        35.60558085574829,
                        1549
                    ],
                    [
                        137.83873658442198,
                        35.605653910599564,
                        1547
                    ],
                    [
                        137.83909476491414,
                        35.60566997443826,
                        1546
                    ],
                    [
                        137.83929866146738,
                        35.60554435444429,
                        1539
                    ],
                    [
                        137.83944040936376,
                        35.60545597305696,
                        1529
                    ],
                    [
                        137.83960293928854,
                        35.60531338916349,
                        1518
                    ],
                    [
                        137.83985605717044,
                        35.60512691525057,
                        1505
                    ],
                    [
                        137.84014577106223,
                        35.60506004012847,
                        1493
                    ],
                    [
                        137.84035506433258,
                        35.604904577112,
                        1481
                    ],
                    [
                        137.84051081719403,
                        35.60480023192664,
                        1470
                    ],
                    [
                        137.8406273309619,
                        35.604644551875026,
                        1456
                    ],
                    [
                        137.84068301379804,
                        35.60446752339309,
                        1451
                    ],
                    [
                        137.8408557330267,
                        35.60441733956123,
                        1439
                    ],
                    [
                        137.84105561532718,
                        35.60453037120143,
                        1441
                    ],
                    [
                        137.8412492322481,
                        35.60465077825661,
                        1440
                    ],
                    [
                        137.84140668783908,
                        35.60481009170624,
                        1433
                    ],
                    [
                        137.84167403321422,
                        35.60492906328377,
                        1428
                    ],
                    [
                        137.84210331011954,
                        35.60493102459281,
                        1424
                    ],
                    [
                        137.8424696140047,
                        35.6048067789061,
                        1420
                    ],
                    [
                        137.8427764163454,
                        35.604631621317886,
                        1419
                    ],
                    [
                        137.84316166941616,
                        35.604386909133666,
                        1419
                    ],
                    [
                        137.8436026044614,
                        35.604241031967355,
                        1410
                    ],
                    [
                        137.84375902386236,
                        35.60409874810198,
                        1390
                    ],
                    [
                        137.84401601991405,
                        35.60399218449265,
                        1379
                    ],
                    [
                        137.84433563924017,
                        35.60389616382989,
                        1369
                    ],
                    [
                        137.84462072322796,
                        35.603692259519,
                        1360
                    ],
                    [
                        137.84484125114864,
                        35.60374117486544,
                        1351
                    ],
                    [
                        137.84521447716273,
                        35.603775457492496,
                        1341
                    ],
                    [
                        137.8455616274965,
                        35.60379898414407,
                        1335
                    ],
                    [
                        137.84582140084785,
                        35.60369288680986,
                        1326
                    ],
                    [
                        137.84606628153875,
                        35.60371021780491,
                        1322
                    ],
                    [
                        137.84650692204582,
                        35.603620299145796,
                        1310
                    ],
                    [
                        137.8469641244335,
                        35.60363232998051,
                        1299
                    ],
                    [
                        137.84742749137203,
                        35.60352281011235,
                        1293
                    ],
                    [
                        137.8478593593517,
                        35.603251947255245,
                        1290
                    ],
                    [
                        137.8482698188829,
                        35.60308995076689,
                        1282
                    ],
                    [
                        137.8486187493278,
                        35.60291009686981,
                        1278
                    ],
                    [
                        137.84903474007768,
                        35.602836901547334,
                        1272
                    ],
                    [
                        137.849403437487,
                        35.60277757392942,
                        1263
                    ],
                    [
                        137.84966606522775,
                        35.60260895565412,
                        1255
                    ],
                    [
                        137.849870512048,
                        35.60243770831074,
                        1243
                    ],
                    [
                        137.85010636990503,
                        35.602233057264954,
                        1238
                    ],
                    [
                        137.85031174804615,
                        35.60261541860204,
                        1235
                    ],
                    [
                        137.8505743438135,
                        35.602909253563425,
                        1231
                    ],
                    [
                        137.85074270905412,
                        35.60333563002595,
                        1216
                    ],
                    [
                        137.85091608767468,
                        35.603523010127255,
                        1214
                    ],
                    [
                        137.85100647613694,
                        35.603681185997765,
                        1221
                    ],
                    [
                        137.85114445949154,
                        35.60378605928883,
                        1221
                    ],
                    [
                        137.85097463766863,
                        35.603731132796995,
                        1219
                    ],
                    [
                        137.85087074910695,
                        35.60352210986831,
                        1217
                    ],
                    [
                        137.85107872138704,
                        35.60350388324065,
                        1213
                    ],
                    [
                        137.8514230375546,
                        35.603616987314375,
                        1206
                    ],
                    [
                        137.8516856394502,
                        35.60362056373481,
                        1203
                    ],
                    [
                        137.8518770355904,
                        35.603546853177576,
                        1204
                    ],
                    [
                        137.8520225440221,
                        35.60330412551339,
                        1198
                    ],
                    [
                        137.8522406549192,
                        35.60316656518176,
                        1199
                    ],
                    [
                        137.85240966239564,
                        35.60320448210945,
                        1191
                    ],
                    [
                        137.85268873304628,
                        35.60317569730308,
                        1185
                    ],
                    [
                        137.8528615803372,
                        35.60322431118887,
                        1174
                    ],
                    [
                        137.8531160264979,
                        35.603198140782965,
                        1166
                    ],
                    [
                        137.85333494227027,
                        35.60336724619052,
                        1163
                    ],
                    [
                        137.85358294548197,
                        35.60343342459745,
                        1155
                    ],
                    [
                        137.85377631216997,
                        35.60356387380958,
                        1151
                    ],
                    [
                        137.85405804610585,
                        35.603619296521565,
                        1149
                    ],
                    [
                        137.85423524597417,
                        35.60360100881558,
                        1138
                    ],
                    [
                        137.8544711295635,
                        35.603594989080634,
                        1124
                    ],
                    [
                        137.85474855308368,
                        35.603681642425435,
                        1126
                    ],
                    [
                        137.85498341754376,
                        35.60371177174544,
                        1121
                    ],
                    [
                        137.8550990345965,
                        35.60379128298152,
                        1106
                    ],
                    [
                        137.85523004850822,
                        35.60391677195882,
                        1104
                    ],
                    [
                        137.85529835018937,
                        35.603998698391436,
                        1099
                    ],
                    [
                        137.85548093089213,
                        35.60409545809659,
                        1090
                    ],
                    [
                        137.85564888399742,
                        35.604188275461375,
                        1085
                    ],
                    [
                        137.85574560669363,
                        35.60431943531795,
                        1073
                    ],
                    [
                        137.85601370401298,
                        35.60431404206273,
                        1073
                    ],
                    [
                        137.85634183272964,
                        35.60434962741666,
                        1070
                    ],
                    [
                        137.85660916981269,
                        35.604323780828075,
                        1063
                    ],
                    [
                        137.85676012486522,
                        35.6043011135985,
                        1060
                    ],
                    [
                        137.8570609813383,
                        35.604365918526696,
                        1065
                    ],
                    [
                        137.85723204381586,
                        35.60442701608006,
                        1062
                    ],
                    [
                        137.8575148678857,
                        35.60454076371624,
                        1062
                    ],
                    [
                        137.85779712685883,
                        35.6046831947136,
                        1054
                    ],
                    [
                        137.85799528207687,
                        35.60490533546342,
                        1047
                    ],
                    [
                        137.858290220502,
                        35.60506282541086,
                        1049
                    ],
                    [
                        137.85837435660898,
                        35.60517499140988,
                        1050
                    ],
                    [
                        137.85833838270054,
                        35.60529410823665,
                        1046
                    ],
                    [
                        137.85823160354727,
                        35.60517814334041,
                        1043
                    ],
                    [
                        137.85827189924694,
                        35.605271607718116,
                        1038
                    ],
                    [
                        137.85831309338315,
                        35.605362433484515,
                        1042
                    ],
                    [
                        137.85823929416406,
                        35.60547627411181,
                        1036
                    ],
                    [
                        137.8582283728369,
                        35.60561682013159,
                        1027
                    ],
                    [
                        137.85818835238425,
                        35.605793695040155,
                        1024
                    ],
                    [
                        137.85810835998026,
                        35.60588278323002,
                        1018
                    ],
                    [
                        137.8579857486769,
                        35.60622305711163,
                        1005
                    ],
                    [
                        137.85796718457127,
                        35.60655051581074,
                        1001
                    ],
                    [
                        137.8580349561723,
                        35.60694264495722,
                        1000
                    ],
                    [
                        137.85814921406123,
                        35.60728884618396,
                        998
                    ],
                    [
                        137.85844455845492,
                        35.60751144176942,
                        992
                    ],
                    [
                        137.85884277214578,
                        35.60771435415304,
                        986
                    ],
                    [
                        137.85916584195851,
                        35.60800572076691,
                        981
                    ],
                    [
                        137.85943720804542,
                        35.607991318636024,
                        977
                    ],
                    [
                        137.85988334058882,
                        35.607986831126134,
                        967
                    ],
                    [
                        137.86024813078672,
                        35.60824633489912,
                        957
                    ],
                    [
                        137.86040825830315,
                        35.608485782856086,
                        956
                    ],
                    [
                        137.86071490218072,
                        35.6086999586352,
                        960
                    ],
                    [
                        137.86093937078675,
                        35.60920392197733,
                        943
                    ],
                    [
                        137.86125093138963,
                        35.60963327624228,
                        930
                    ],
                    [
                        137.86129654048486,
                        35.61010436532505,
                        924
                    ],
                    [
                        137.86158826105003,
                        35.610332720985234,
                        923
                    ],
                    [
                        137.86187387090808,
                        35.61002124675327,
                        918
                    ],
                    [
                        137.86209991391777,
                        35.609674248149055,
                        921
                    ],
                    [
                        137.86237301604814,
                        35.60999876191469,
                        916
                    ],
                    [
                        137.86272412722604,
                        35.61016166326919,
                        912
                    ],
                    [
                        137.86305085714528,
                        35.61048816209071,
                        908
                    ],
                    [
                        137.86331987037636,
                        35.61076905963091,
                        903
                    ],
                    [
                        137.86357465924644,
                        35.61113745335994,
                        896
                    ],
                    [
                        137.86399704495193,
                        35.61145054133142,
                        890
                    ],
                    [
                        137.86448589971764,
                        35.61166097653901,
                        882
                    ],
                    [
                        137.86494454078948,
                        35.61185601542394,
                        878
                    ],
                    [
                        137.86537539527075,
                        35.612155187099646,
                        872
                    ],
                    [
                        137.86574230391298,
                        35.61244162096946,
                        868
                    ],
                    [
                        137.8659931870156,
                        35.61285252261896,
                        861
                    ],
                    [
                        137.86624234936312,
                        35.61317733760815,
                        857
                    ],
                    [
                        137.86645806290002,
                        35.613474279131,
                        853
                    ],
                    [
                        137.8668542535076,
                        35.613730617756225,
                        848
                    ],
                    [
                        137.8673027201643,
                        35.61387122904922,
                        844
                    ],
                    [
                        137.86784987767302,
                        35.61395863568061,
                        839
                    ],
                    [
                        137.86827249819768,
                        35.6139693747827,
                        836
                    ],
                    [
                        137.86869319919342,
                        35.61379458870883,
                        831
                    ],
                    [
                        137.86910199164527,
                        35.613578526830224,
                        827
                    ],
                    [
                        137.86942117253886,
                        35.61340032157547,
                        822
                    ],
                    [
                        137.86966059988097,
                        35.61350887475624,
                        816
                    ],
                    [
                        137.86975757893305,
                        35.61387181122773,
                        810
                    ],
                    [
                        137.87028404800878,
                        35.61397995206941,
                        804
                    ],
                    [
                        137.87096238984444,
                        35.61404248286618,
                        797
                    ],
                    [
                        137.87147229668187,
                        35.61411104880968,
                        792
                    ],
                    [
                        137.8714257933042,
                        35.61430421762298,
                        789
                    ],
                    [
                        137.87051929968086,
                        35.614359650891245,
                        783
                    ],
                    [
                        137.87006971681032,
                        35.61435931479641,
                        785
                    ],
                    [
                        137.86955080616096,
                        35.61439227138129,
                        782
                    ],
                    [
                        137.86951061251912,
                        35.61446636455564,
                        784
                    ]
                ]
            }
        }
    ]
}