{
    "type": "FeatureCollection",
    "features": [
        {
            "type": "Feature",
            "properties": {
                "name": "20250601",
                "time": "2025-05-31T19:35:17Z",
                "coordTimes": [
                    "2025-05-31T19:35:17Z",
                    "2025-05-31T19:35:49Z",
                    "2025-05-31T19:36:15Z",
                    "2025-05-31T19:36:41Z",
                    "2025-05-31T19:37:08Z",
                    "2025-05-31T19:37:34Z",
                    "2025-05-31T19:38:01Z",
                    "2025-05-31T19:38:27Z",
                    "2025-05-31T19:38:51Z",
                    "2025-05-31T19:39:15Z",
                    "2025-05-31T19:39:40Z",
                    "2025-05-31T19:40:08Z",
                    "2025-05-31T19:40:33Z",
                    "2025-05-31T19:40:57Z",
                    "2025-05-31T19:41:22Z",
                    "2025-05-31T19:41:46Z",
                    "2025-05-31T19:42:13Z",
                    "2025-05-31T19:42:37Z",
                    "2025-05-31T19:43:01Z",
                    "2025-05-31T19:43:27Z",
                    "2025-05-31T19:43:52Z",
                    "2025-05-31T19:44:16Z",
                    "2025-05-31T19:44:41Z",
                    "2025-05-31T19:45:06Z",
                    "2025-05-31T19:45:30Z",
                    "2025-05-31T19:45:55Z",
                    "2025-05-31T19:46:19Z",
                    "2025-05-31T19:46:43Z",
                    "2025-05-31T19:47:08Z",
                    "2025-05-31T19:47:46Z",
                    "2025-05-31T19:48:11Z",
                    "2025-05-31T19:48:37Z",
                    "2025-05-31T19:49:03Z",
                    "2025-05-31T19:49:30Z",
                    "2025-05-31T19:49:57Z",
                    "2025-05-31T19:50:24Z",
                    "2025-05-31T19:51:02Z",
                    "2025-05-31T19:52:08Z",
                    "2025-05-31T19:52:57Z",
                    "2025-05-31T19:53:25Z",
                    "2025-05-31T19:53:57Z",
                    "2025-05-31T19:54:33Z",
                    "2025-05-31T19:55:14Z",
                    "2025-05-31T19:55:43Z",
                    "2025-05-31T19:56:24Z",
                    "2025-05-31T19:57:11Z",
                    "2025-05-31T19:58:14Z",
                    "2025-05-31T19:58:50Z",
                    "2025-05-31T19:59:52Z",
                    "2025-05-31T20:00:30Z",
                    "2025-05-31T20:01:14Z",
                    "2025-05-31T20:01:47Z",
                    "2025-05-31T20:02:49Z",
                    "2025-05-31T20:04:28Z",
                    "2025-05-31T20:05:39Z",
                    "2025-05-31T20:06:24Z",
                    "2025-05-31T20:06:59Z",
                    "2025-05-31T20:07:31Z",
                    "2025-05-31T20:08:15Z",
                    "2025-05-31T20:08:50Z",
                    "2025-05-31T20:12:17Z",
                    "2025-05-31T20:12:54Z",
                    "2025-05-31T20:13:50Z",
                    "2025-05-31T20:14:28Z",
                    "2025-05-31T20:15:45Z",
                    "2025-05-31T20:16:51Z",
                    "2025-05-31T20:18:34Z",
                    "2025-05-31T20:19:04Z",
                    "2025-05-31T20:19:30Z",
                    "2025-05-31T20:19:57Z",
                    "2025-05-31T20:20:28Z",
                    "2025-05-31T20:21:33Z",
                    "2025-05-31T20:22:13Z",
                    "2025-05-31T20:22:52Z",
                    "2025-05-31T20:23:38Z",
                    "2025-05-31T20:24:18Z",
                    "2025-05-31T20:24:57Z",
                    "2025-05-31T20:25:29Z",
                    "2025-05-31T20:26:13Z",
                    "2025-05-31T20:27:15Z",
                    "2025-05-31T20:28:07Z",
                    "2025-05-31T20:29:16Z",
                    "2025-05-31T20:30:05Z",
                    "2025-05-31T20:30:51Z",
                    "2025-05-31T20:31:48Z",
                    "2025-05-31T20:32:32Z",
                    "2025-05-31T20:33:29Z",
                    "2025-05-31T20:34:06Z",
                    "2025-05-31T20:34:42Z",
                    "2025-05-31T20:35:17Z",
                    "2025-05-31T20:35:43Z",
                    "2025-05-31T20:36:25Z",
                    "2025-05-31T20:36:58Z",
                    "2025-05-31T20:37:34Z",
                    "2025-05-31T20:38:39Z",
                    "2025-05-31T20:39:11Z",
                    "2025-05-31T20:39:53Z",
                    "2025-05-31T20:41:06Z",
                    "2025-05-31T20:50:27Z",
                    "2025-05-31T20:51:39Z",
                    "2025-05-31T20:52:49Z",
                    "2025-05-31T20:53:30Z",
                    "2025-05-31T20:54:17Z",
                    "2025-05-31T20:55:01Z",
                    "2025-05-31T20:56:02Z",
                    "2025-05-31T20:57:00Z",
                    "2025-05-31T20:57:54Z",
                    "2025-05-31T20:59:01Z",
                    "2025-05-31T21:00:04Z",
                    "2025-05-31T21:01:43Z",
                    "2025-05-31T21:03:05Z",
                    "2025-05-31T21:04:14Z",
                    "2025-05-31T21:05:08Z",
                    "2025-05-31T21:06:08Z",
                    "2025-05-31T21:07:20Z",
                    "2025-05-31T21:08:30Z",
                    "2025-05-31T21:09:10Z",
                    "2025-05-31T21:09:46Z",
                    "2025-05-31T21:10:19Z",
                    "2025-05-31T21:11:27Z",
                    "2025-05-31T21:12:00Z",
                    "2025-05-31T21:12:41Z",
                    "2025-05-31T21:13:09Z",
                    "2025-05-31T21:13:37Z",
                    "2025-05-31T21:14:05Z",
                    "2025-05-31T21:14:37Z",
                    "2025-05-31T21:15:09Z",
                    "2025-05-31T21:17:44Z",
                    "2025-05-31T21:18:38Z",
                    "2025-05-31T21:19:14Z",
                    "2025-05-31T21:19:54Z",
                    "2025-05-31T21:20:26Z",
                    "2025-05-31T21:21:11Z",
                    "2025-05-31T21:21:52Z",
                    "2025-05-31T21:22:31Z",
                    "2025-05-31T21:23:16Z",
                    "2025-05-31T21:23:49Z",
                    "2025-05-31T21:24:18Z",
                    "2025-05-31T21:25:14Z",
                    "2025-05-31T21:26:21Z",
                    "2025-05-31T21:27:27Z",
                    "2025-05-31T21:28:27Z",
                    "2025-05-31T21:29:05Z",
                    "2025-05-31T21:29:40Z",
                    "2025-05-31T21:30:34Z",
                    "2025-05-31T21:31:01Z",
                    "2025-05-31T21:31:35Z",
                    "2025-05-31T21:32:54Z",
                    "2025-05-31T21:33:29Z",
                    "2025-05-31T21:34:11Z",
                    "2025-05-31T21:34:57Z",
                    "2025-05-31T21:35:29Z",
                    "2025-05-31T21:35:56Z",
                    "2025-05-31T21:36:23Z",
                    "2025-05-31T21:36:56Z",
                    "2025-05-31T21:37:24Z",
                    "2025-05-31T21:37:54Z",
                    "2025-05-31T21:38:24Z",
                    "2025-05-31T21:39:09Z",
                    "2025-05-31T21:39:37Z",
                    "2025-05-31T21:40:12Z",
                    "2025-05-31T21:40:43Z",
                    "2025-05-31T21:41:11Z",
                    "2025-05-31T21:41:42Z",
                    "2025-05-31T21:42:33Z",
                    "2025-05-31T21:43:07Z",
                    "2025-05-31T21:43:36Z",
                    "2025-05-31T21:44:04Z",
                    "2025-05-31T21:44:50Z",
                    "2025-05-31T21:45:22Z",
                    "2025-05-31T21:46:05Z",
                    "2025-05-31T21:46:35Z",
                    "2025-05-31T21:47:09Z",
                    "2025-05-31T21:47:36Z",
                    "2025-05-31T21:48:12Z",
                    "2025-05-31T21:48:51Z",
                    "2025-05-31T21:49:28Z",
                    "2025-05-31T21:50:10Z",
                    "2025-05-31T21:50:50Z",
                    "2025-05-31T21:51:38Z",
                    "2025-05-31T21:52:22Z",
                    "2025-05-31T21:53:02Z",
                    "2025-05-31T21:53:41Z",
                    "2025-05-31T21:54:13Z",
                    "2025-05-31T21:54:47Z",
                    "2025-05-31T21:55:16Z",
                    "2025-05-31T21:55:46Z",
                    "2025-05-31T21:56:15Z",
                    "2025-05-31T21:56:44Z",
                    "2025-05-31T21:57:14Z",
                    "2025-05-31T21:57:46Z",
                    "2025-05-31T21:58:15Z",
                    "2025-05-31T21:58:48Z",
                    "2025-05-31T21:59:19Z",
                    "2025-05-31T21:59:50Z",
                    "2025-05-31T22:00:27Z",
                    "2025-05-31T22:01:06Z",
                    "2025-05-31T22:01:42Z",
                    "2025-05-31T22:02:55Z",
                    "2025-05-31T22:03:18Z",
                    "2025-05-31T22:03:49Z",
                    "2025-05-31T22:04:18Z",
                    "2025-05-31T22:04:50Z",
                    "2025-05-31T22:05:22Z",
                    "2025-05-31T22:05:55Z",
                    "2025-05-31T22:06:25Z",
                    "2025-05-31T22:06:55Z",
                    "2025-05-31T22:07:22Z",
                    "2025-05-31T22:07:52Z",
                    "2025-05-31T22:08:28Z",
                    "2025-05-31T22:09:02Z",
                    "2025-05-31T22:09:31Z",
                    "2025-05-31T22:10:04Z",
                    "2025-05-31T22:10:32Z",
                    "2025-05-31T22:11:15Z",
                    "2025-05-31T22:13:11Z",
                    "2025-05-31T22:13:39Z",
                    "2025-05-31T22:14:09Z",
                    "2025-05-31T22:14:52Z",
                    "2025-05-31T22:15:17Z",
                    "2025-05-31T22:15:42Z",
                    "2025-05-31T22:16:15Z",
                    "2025-05-31T22:16:48Z",
                    "2025-05-31T22:17:14Z",
                    "2025-05-31T22:17:43Z",
                    "2025-05-31T22:18:20Z",
                    "2025-05-31T22:18:53Z",
                    "2025-05-31T22:19:25Z",
                    "2025-05-31T22:19:52Z",
                    "2025-05-31T22:20:22Z",
                    "2025-05-31T22:21:44Z",
                    "2025-05-31T22:25:18Z",
                    "2025-05-31T22:25:53Z",
                    "2025-05-31T22:26:21Z",
                    "2025-05-31T22:26:55Z",
                    "2025-05-31T22:27:28Z",
                    "2025-05-31T22:27:57Z",
                    "2025-05-31T22:28:27Z",
                    "2025-05-31T22:28:56Z",
                    "2025-05-31T22:29:23Z",
                    "2025-05-31T22:29:47Z",
                    "2025-05-31T22:30:13Z",
                    "2025-05-31T22:30:37Z",
                    "2025-05-31T22:31:04Z",
                    "2025-05-31T22:31:30Z",
                    "2025-05-31T22:32:07Z",
                    "2025-05-31T22:32:38Z",
                    "2025-05-31T22:33:31Z",
                    "2025-05-31T22:34:02Z",
                    "2025-05-31T22:34:32Z",
                    "2025-05-31T22:35:12Z",
                    "2025-05-31T22:35:45Z",
                    "2025-05-31T22:36:26Z",
                    "2025-05-31T22:37:23Z",
                    "2025-05-31T22:37:55Z",
                    "2025-05-31T22:38:29Z",
                    "2025-05-31T22:39:01Z",
                    "2025-05-31T22:39:39Z",
                    "2025-05-31T22:40:08Z",
                    "2025-05-31T22:40:36Z",
                    "2025-05-31T22:41:11Z",
                    "2025-05-31T22:41:39Z",
                    "2025-05-31T22:42:07Z",
                    "2025-05-31T22:42:33Z",
                    "2025-05-31T22:43:02Z",
                    "2025-05-31T22:43:30Z",
                    "2025-05-31T22:44:01Z",
                    "2025-05-31T22:44:29Z",
                    "2025-05-31T22:44:58Z",
                    "2025-05-31T22:45:22Z",
                    "2025-05-31T22:45:48Z",
                    "2025-05-31T22:46:14Z",
                    "2025-05-31T22:46:39Z",
                    "2025-05-31T22:47:20Z",
                    "2025-05-31T22:47:57Z",
                    "2025-05-31T22:48:25Z",
                    "2025-05-31T22:48:54Z",
                    "2025-05-31T22:49:20Z",
                    "2025-05-31T22:49:45Z",
                    "2025-05-31T22:50:13Z",
                    "2025-05-31T22:50:39Z",
                    "2025-05-31T22:51:06Z",
                    "2025-05-31T22:51:35Z",
                    "2025-05-31T22:52:10Z",
                    "2025-05-31T22:52:55Z",
                    "2025-05-31T22:53:23Z",
                    "2025-05-31T22:53:50Z",
                    "2025-05-31T22:54:23Z",
                    "2025-05-31T22:54:55Z",
                    "2025-05-31T22:55:24Z",
                    "2025-05-31T22:55:51Z",
                    "2025-05-31T22:56:17Z",
                    "2025-05-31T22:56:46Z",
                    "2025-05-31T22:57:14Z",
                    "2025-05-31T22:57:56Z",
                    "2025-05-31T22:58:23Z",
                    "2025-05-31T22:58:45Z",
                    "2025-05-31T22:59:10Z",
                    "2025-05-31T22:59:38Z",
                    "2025-05-31T23:00:04Z",
                    "2025-05-31T23:00:32Z",
                    "2025-05-31T23:01:16Z",
                    "2025-05-31T23:01:44Z",
                    "2025-05-31T23:02:16Z",
                    "2025-05-31T23:02:52Z",
                    "2025-05-31T23:03:23Z",
                    "2025-05-31T23:03:59Z",
                    "2025-05-31T23:04:27Z",
                    "2025-05-31T23:05:05Z",
                    "2025-05-31T23:05:35Z",
                    "2025-05-31T23:06:11Z",
                    "2025-05-31T23:06:40Z",
                    "2025-05-31T23:07:13Z",
                    "2025-05-31T23:07:39Z",
                    "2025-05-31T23:08:05Z",
                    "2025-05-31T23:08:30Z",
                    "2025-05-31T23:08:59Z",
                    "2025-05-31T23:09:58Z",
                    "2025-05-31T23:09:59Z",
                    "2025-05-31T23:10:48Z",
                    "2025-05-31T23:11:23Z",
                    "2025-05-31T23:11:55Z",
                    "2025-05-31T23:12:22Z",
                    "2025-05-31T23:12:53Z",
                    "2025-05-31T23:13:23Z",
                    "2025-05-31T23:13:57Z",
                    "2025-05-31T23:14:23Z",
                    "2025-05-31T23:14:49Z",
                    "2025-05-31T23:15:16Z",
                    "2025-05-31T23:15:43Z",
                    "2025-05-31T23:16:05Z",
                    "2025-05-31T23:16:35Z",
                    "2025-05-31T23:16:58Z",
                    "2025-05-31T23:17:28Z",
                    "2025-05-31T23:17:53Z",
                    "2025-05-31T23:18:18Z",
                    "2025-05-31T23:20:11Z",
                    "2025-05-31T23:20:36Z",
                    "2025-05-31T23:21:00Z",
                    "2025-05-31T23:21:35Z",
                    "2025-05-31T23:22:07Z",
                    "2025-05-31T23:22:36Z",
                    "2025-05-31T23:23:03Z",
                    "2025-05-31T23:23:39Z",
                    "2025-05-31T23:24:05Z",
                    "2025-05-31T23:24:34Z",
                    "2025-05-31T23:25:10Z",
                    "2025-05-31T23:25:44Z",
                    "2025-05-31T23:26:10Z",
                    "2025-05-31T23:26:35Z",
                    "2025-05-31T23:27:03Z",
                    "2025-05-31T23:27:29Z",
                    "2025-05-31T23:27:56Z",
                    "2025-05-31T23:28:32Z",
                    "2025-05-31T23:28:58Z",
                    "2025-05-31T23:29:29Z",
                    "2025-05-31T23:29:56Z",
                    "2025-05-31T23:30:22Z",
                    "2025-05-31T23:30:47Z",
                    "2025-05-31T23:31:15Z",
                    "2025-05-31T23:31:43Z",
                    "2025-05-31T23:32:09Z",
                    "2025-05-31T23:32:35Z",
                    "2025-05-31T23:33:04Z",
                    "2025-05-31T23:33:30Z",
                    "2025-05-31T23:33:56Z",
                    "2025-05-31T23:34:26Z",
                    "2025-05-31T23:35:03Z",
                    "2025-05-31T23:35:38Z",
                    "2025-05-31T23:48:03Z",
                    "2025-05-31T23:48:39Z",
                    "2025-05-31T23:49:15Z",
                    "2025-05-31T23:49:51Z",
                    "2025-05-31T23:50:29Z",
                    "2025-05-31T23:51:02Z",
                    "2025-05-31T23:51:42Z",
                    "2025-05-31T23:52:17Z",
                    "2025-05-31T23:52:48Z",
                    "2025-05-31T23:53:22Z",
                    "2025-05-31T23:54:05Z",
                    "2025-05-31T23:54:53Z",
                    "2025-05-31T23:55:30Z",
                    "2025-05-31T23:56:05Z",
                    "2025-05-31T23:56:41Z",
                    "2025-05-31T23:57:15Z",
                    "2025-05-31T23:57:46Z",
                    "2025-05-31T23:58:14Z",
                    "2025-05-31T23:58:41Z",
                    "2025-05-31T23:59:10Z",
                    "2025-05-31T23:59:37Z",
                    "2025-06-01T00:00:09Z",
                    "2025-06-01T00:00:42Z",
                    "2025-06-01T00:01:11Z",
                    "2025-06-01T00:01:43Z",
                    "2025-06-01T00:02:15Z",
                    "2025-06-01T00:02:44Z",
                    "2025-06-01T00:03:12Z",
                    "2025-06-01T00:03:39Z",
                    "2025-06-01T00:04:05Z",
                    "2025-06-01T00:04:35Z",
                    "2025-06-01T00:05:06Z",
                    "2025-06-01T00:05:38Z",
                    "2025-06-01T00:06:09Z",
                    "2025-06-01T00:06:42Z",
                    "2025-06-01T00:07:09Z",
                    "2025-06-01T00:07:36Z",
                    "2025-06-01T00:08:05Z",
                    "2025-06-01T00:08:34Z",
                    "2025-06-01T00:09:01Z",
                    "2025-06-01T00:09:35Z",
                    "2025-06-01T00:10:03Z",
                    "2025-06-01T00:10:31Z",
                    "2025-06-01T00:11:12Z",
                    "2025-06-01T00:11:43Z",
                    "2025-06-01T00:12:34Z",
                    "2025-06-01T00:13:31Z",
                    "2025-06-01T00:14:15Z",
                    "2025-06-01T00:14:59Z",
                    "2025-06-01T00:15:45Z",
                    "2025-06-01T00:16:44Z",
                    "2025-06-01T00:17:19Z",
                    "2025-06-01T00:17:49Z",
                    "2025-06-01T00:18:22Z",
                    "2025-06-01T00:19:06Z",
                    "2025-06-01T00:19:44Z",
                    "2025-06-01T00:20:23Z",
                    "2025-06-01T00:21:00Z",
                    "2025-06-01T00:21:30Z",
                    "2025-06-01T00:22:02Z",
                    "2025-06-01T00:23:51Z",
                    "2025-06-01T00:25:42Z",
                    "2025-06-01T00:26:41Z",
                    "2025-06-01T00:27:51Z",
                    "2025-06-01T00:28:40Z",
                    "2025-06-01T00:29:17Z",
                    "2025-06-01T00:29:50Z",
                    "2025-06-01T00:30:24Z",
                    "2025-06-01T00:31:06Z",
                    "2025-06-01T00:33:58Z",
                    "2025-06-01T00:34:59Z",
                    "2025-06-01T00:35:42Z",
                    "2025-06-01T00:38:36Z",
                    "2025-06-01T00:39:34Z",
                    "2025-06-01T00:40:09Z",
                    "2025-06-01T00:40:56Z",
                    "2025-06-01T00:41:49Z",
                    "2025-06-01T00:42:31Z",
                    "2025-06-01T00:43:00Z",
                    "2025-06-01T00:43:47Z",
                    "2025-06-01T00:44:31Z",
                    "2025-06-01T00:44:58Z",
                    "2025-06-01T00:45:45Z",
                    "2025-06-01T00:46:17Z",
                    "2025-06-01T00:46:55Z",
                    "2025-06-01T00:47:32Z",
                    "2025-06-01T00:48:30Z",
                    "2025-06-01T00:49:03Z",
                    "2025-06-01T00:49:53Z",
                    "2025-06-01T00:50:31Z",
                    "2025-06-01T00:51:29Z",
                    "2025-06-01T00:52:05Z",
                    "2025-06-01T00:52:39Z",
                    "2025-06-01T00:53:20Z",
                    "2025-06-01T00:54:07Z",
                    "2025-06-01T00:54:46Z",
                    "2025-06-01T00:55:20Z",
                    "2025-06-01T00:55:55Z",
                    "2025-06-01T00:56:51Z",
                    "2025-06-01T00:57:58Z",
                    "2025-06-01T00:59:11Z",
                    "2025-06-01T01:00:15Z",
                    "2025-06-01T01:01:06Z",
                    "2025-06-01T01:01:38Z",
                    "2025-06-01T01:02:33Z",
                    "2025-06-01T01:03:46Z",
                    "2025-06-01T01:04:39Z",
                    "2025-06-01T01:05:21Z",
                    "2025-06-01T01:06:05Z",
                    "2025-06-01T01:06:42Z",
                    "2025-06-01T01:10:07Z",
                    "2025-06-01T01:10:54Z",
                    "2025-06-01T01:11:53Z",
                    "2025-06-01T01:12:40Z",
                    "2025-06-01T01:14:25Z",
                    "2025-06-01T01:15:12Z",
                    "2025-06-01T01:16:40Z",
                    "2025-06-01T01:17:39Z",
                    "2025-06-01T01:18:54Z",
                    "2025-06-01T01:19:27Z",
                    "2025-06-01T01:20:37Z",
                    "2025-06-01T01:21:10Z",
                    "2025-06-01T01:21:44Z",
                    "2025-06-01T01:22:57Z",
                    "2025-06-01T01:23:56Z",
                    "2025-06-01T01:24:41Z",
                    "2025-06-01T01:25:30Z",
                    "2025-06-01T01:26:28Z",
                    "2025-06-01T01:27:31Z",
                    "2025-06-01T01:28:28Z",
                    "2025-06-01T01:29:09Z",
                    "2025-06-01T01:30:08Z",
                    "2025-06-01T01:30:54Z",
                    "2025-06-01T01:31:48Z",
                    "2025-06-01T01:32:41Z",
                    "2025-06-01T01:34:03Z",
                    "2025-06-01T01:35:38Z",
                    "2025-06-01T01:36:41Z",
                    "2025-06-01T01:37:41Z",
                    "2025-06-01T01:38:40Z",
                    "2025-06-01T01:39:43Z",
                    "2025-06-01T01:41:09Z",
                    "2025-06-01T01:42:01Z",
                    "2025-06-01T01:42:39Z",
                    "2025-06-01T01:45:05Z",
                    "2025-06-01T01:45:50Z",
                    "2025-06-01T01:46:42Z",
                    "2025-06-01T01:48:39Z",
                    "2025-06-01T01:49:27Z",
                    "2025-06-01T01:50:17Z",
                    "2025-06-01T01:51:37Z",
                    "2025-06-01T01:52:46Z",
                    "2025-06-01T01:54:04Z",
                    "2025-06-01T01:54:49Z",
                    "2025-06-01T01:55:38Z",
                    "2025-06-01T01:56:17Z",
                    "2025-06-01T01:57:08Z",
                    "2025-06-01T01:57:58Z",
                    "2025-06-01T01:58:36Z",
                    "2025-06-01T01:59:21Z",
                    "2025-06-01T02:00:06Z",
                    "2025-06-01T02:02:00Z",
                    "2025-06-01T02:04:08Z",
                    "2025-06-01T02:06:06Z",
                    "2025-06-01T02:06:55Z",
                    "2025-06-01T02:07:57Z",
                    "2025-06-01T02:11:07Z",
                    "2025-06-01T02:11:59Z",
                    "2025-06-01T02:13:46Z",
                    "2025-06-01T02:14:19Z",
                    "2025-06-01T02:14:52Z",
                    "2025-06-01T02:15:25Z",
                    "2025-06-01T02:15:55Z",
                    "2025-06-01T02:16:26Z",
                    "2025-06-01T02:16:58Z",
                    "2025-06-01T02:17:30Z",
                    "2025-06-01T02:18:07Z",
                    "2025-06-01T02:18:44Z",
                    "2025-06-01T02:19:13Z",
                    "2025-06-01T02:19:46Z",
                    "2025-06-01T02:20:24Z",
                    "2025-06-01T02:21:12Z",
                    "2025-06-01T02:22:00Z",
                    "2025-06-01T02:23:03Z",
                    "2025-06-01T02:23:39Z",
                    "2025-06-01T02:24:39Z",
                    "2025-06-01T02:26:03Z",
                    "2025-06-01T02:27:02Z",
                    "2025-06-01T02:27:57Z",
                    "2025-06-01T02:29:09Z",
                    "2025-06-01T02:30:23Z",
                    "2025-06-01T02:31:29Z",
                    "2025-06-01T02:32:16Z",
                    "2025-06-01T02:32:50Z",
                    "2025-06-01T02:33:22Z",
                    "2025-06-01T02:33:58Z",
                    "2025-06-01T02:34:32Z",
                    "2025-06-01T02:35:07Z",
                    "2025-06-01T02:35:39Z",
                    "2025-06-01T02:36:03Z",
                    "2025-06-01T02:36:40Z",
                    "2025-06-01T02:42:22Z",
                    "2025-06-01T02:43:21Z",
                    "2025-06-01T02:44:28Z",
                    "2025-06-01T02:45:28Z",
                    "2025-06-01T02:46:19Z",
                    "2025-06-01T02:47:01Z",
                    "2025-06-01T02:47:31Z",
                    "2025-06-01T02:48:03Z",
                    "2025-06-01T02:48:33Z",
                    "2025-06-01T02:49:10Z",
                    "2025-06-01T02:49:49Z",
                    "2025-06-01T02:50:21Z",
                    "2025-06-01T02:50:55Z",
                    "2025-06-01T02:51:25Z",
                    "2025-06-01T02:51:54Z",
                    "2025-06-01T02:52:23Z",
                    "2025-06-01T02:52:53Z",
                    "2025-06-01T02:53:25Z",
                    "2025-06-01T02:54:21Z",
                    "2025-06-01T02:55:05Z",
                    "2025-06-01T02:55:37Z",
                    "2025-06-01T02:56:09Z",
                    "2025-06-01T02:56:31Z",
                    "2025-06-01T02:57:06Z",
                    "2025-06-01T02:57:40Z",
                    "2025-06-01T02:58:09Z",
                    "2025-06-01T02:58:45Z",
                    "2025-06-01T02:59:21Z",
                    "2025-06-01T03:00:37Z",
                    "2025-06-01T03:01:27Z",
                    "2025-06-01T03:03:03Z",
                    "2025-06-01T03:04:00Z",
                    "2025-06-01T03:05:02Z",
                    "2025-06-01T03:06:00Z",
                    "2025-06-01T03:06:49Z",
                    "2025-06-01T03:07:40Z",
                    "2025-06-01T03:08:08Z",
                    "2025-06-01T03:09:01Z",
                    "2025-06-01T03:09:36Z",
                    "2025-06-01T03:10:05Z",
                    "2025-06-01T03:10:54Z",
                    "2025-06-01T03:11:33Z",
                    "2025-06-01T03:12:34Z",
                    "2025-06-01T03:14:01Z",
                    "2025-06-01T03:15:04Z",
                    "2025-06-01T03:15:59Z",
                    "2025-06-01T03:16:38Z",
                    "2025-06-01T03:18:17Z",
                    "2025-06-01T03:18:59Z",
                    "2025-06-01T03:19:27Z",
                    "2025-06-01T03:19:55Z",
                    "2025-06-01T03:20:27Z",
                    "2025-06-01T03:21:23Z",
                    "2025-06-01T03:22:09Z",
                    "2025-06-01T03:22:41Z",
                    "2025-06-01T03:23:36Z",
                    "2025-06-01T03:24:07Z",
                    "2025-06-01T03:24:40Z",
                    "2025-06-01T03:25:15Z",
                    "2025-06-01T03:26:03Z",
                    "2025-06-01T03:26:34Z",
                    "2025-06-01T03:27:13Z",
                    "2025-06-01T03:27:51Z",
                    "2025-06-01T03:28:31Z",
                    "2025-06-01T03:29:01Z",
                    "2025-06-01T03:29:31Z",
                    "2025-06-01T03:30:02Z",
                    "2025-06-01T03:30:28Z",
                    "2025-06-01T03:31:01Z",
                    "2025-06-01T03:31:45Z",
                    "2025-06-01T03:31:59Z",
                    "2025-06-01T03:32:26Z",
                    "2025-06-01T03:32:57Z",
                    "2025-06-01T03:33:30Z",
                    "2025-06-01T03:34:02Z",
                    "2025-06-01T03:46:10Z",
                    "2025-06-01T03:46:46Z",
                    "2025-06-01T03:47:15Z",
                    "2025-06-01T03:47:43Z",
                    "2025-06-01T03:48:12Z",
                    "2025-06-01T03:48:45Z",
                    "2025-06-01T03:49:16Z",
                    "2025-06-01T03:49:44Z",
                    "2025-06-01T03:50:12Z",
                    "2025-06-01T03:50:43Z",
                    "2025-06-01T03:51:13Z",
                    "2025-06-01T03:51:50Z",
                    "2025-06-01T03:52:23Z",
                    "2025-06-01T03:52:56Z",
                    "2025-06-01T03:53:31Z",
                    "2025-06-01T03:54:18Z",
                    "2025-06-01T03:54:50Z",
                    "2025-06-01T03:55:17Z",
                    "2025-06-01T03:55:45Z",
                    "2025-06-01T03:56:10Z",
                    "2025-06-01T03:56:36Z",
                    "2025-06-01T03:57:05Z",
                    "2025-06-01T03:57:33Z",
                    "2025-06-01T03:58:03Z",
                    "2025-06-01T03:58:29Z",
                    "2025-06-01T03:58:55Z",
                    "2025-06-01T03:59:23Z",
                    "2025-06-01T03:59:48Z",
                    "2025-06-01T04:00:15Z",
                    "2025-06-01T04:00:45Z",
                    "2025-06-01T04:01:11Z",
                    "2025-06-01T04:01:38Z",
                    "2025-06-01T04:02:05Z",
                    "2025-06-01T04:02:31Z",
                    "2025-06-01T04:02:57Z",
                    "2025-06-01T04:03:27Z",
                    "2025-06-01T04:04:03Z",
                    "2025-06-01T04:04:31Z",
                    "2025-06-01T04:04:56Z",
                    "2025-06-01T04:05:24Z",
                    "2025-06-01T04:05:51Z",
                    "2025-06-01T04:06:23Z",
                    "2025-06-01T04:06:54Z",
                    "2025-06-01T04:07:25Z",
                    "2025-06-01T04:07:53Z",
                    "2025-06-01T04:08:26Z",
                    "2025-06-01T04:09:39Z",
                    "2025-06-01T04:10:08Z",
                    "2025-06-01T04:10:33Z",
                    "2025-06-01T04:11:07Z",
                    "2025-06-01T04:11:40Z",
                    "2025-06-01T04:12:09Z",
                    "2025-06-01T04:12:42Z",
                    "2025-06-01T04:13:13Z",
                    "2025-06-01T04:13:40Z",
                    "2025-06-01T04:14:35Z",
                    "2025-06-01T04:16:23Z",
                    "2025-06-01T04:17:05Z",
                    "2025-06-01T04:17:34Z",
                    "2025-06-01T04:18:01Z",
                    "2025-06-01T04:18:40Z",
                    "2025-06-01T04:19:48Z",
                    "2025-06-01T04:20:27Z",
                    "2025-06-01T04:21:00Z",
                    "2025-06-01T04:21:39Z",
                    "2025-06-01T04:22:15Z",
                    "2025-06-01T04:23:07Z",
                    "2025-06-01T04:23:50Z",
                    "2025-06-01T04:24:34Z",
                    "2025-06-01T04:25:17Z",
                    "2025-06-01T04:25:53Z",
                    "2025-06-01T04:26:32Z",
                    "2025-06-01T04:27:29Z",
                    "2025-06-01T04:28:27Z",
                    "2025-06-01T04:29:02Z",
                    "2025-06-01T04:29:32Z",
                    "2025-06-01T04:30:31Z",
                    "2025-06-01T04:31:09Z",
                    "2025-06-01T04:32:12Z",
                    "2025-06-01T04:37:00Z",
                    "2025-06-01T04:37:24Z",
                    "2025-06-01T04:37:51Z",
                    "2025-06-01T04:38:22Z",
                    "2025-06-01T04:38:53Z",
                    "2025-06-01T04:39:19Z",
                    "2025-06-01T04:40:16Z",
                    "2025-06-01T04:40:43Z",
                    "2025-06-01T04:41:08Z",
                    "2025-06-01T04:41:32Z",
                    "2025-06-01T04:41:59Z",
                    "2025-06-01T04:43:45Z",
                    "2025-06-01T04:45:29Z",
                    "2025-06-01T04:45:55Z",
                    "2025-06-01T04:46:22Z",
                    "2025-06-01T04:46:50Z",
                    "2025-06-01T04:47:17Z",
                    "2025-06-01T04:47:46Z",
                    "2025-06-01T04:48:14Z",
                    "2025-06-01T04:48:37Z",
                    "2025-06-01T04:49:02Z",
                    "2025-06-01T04:49:25Z",
                    "2025-06-01T04:49:50Z",
                    "2025-06-01T04:50:14Z",
                    "2025-06-01T04:50:38Z",
                    "2025-06-01T04:51:07Z",
                    "2025-06-01T04:51:33Z",
                    "2025-06-01T04:51:57Z",
                    "2025-06-01T04:52:22Z",
                    "2025-06-01T04:52:48Z",
                    "2025-06-01T04:53:11Z",
                    "2025-06-01T04:53:37Z",
                    "2025-06-01T04:54:01Z",
                    "2025-06-01T04:54:26Z",
                    "2025-06-01T04:54:50Z",
                    "2025-06-01T04:55:17Z",
                    "2025-06-01T04:55:41Z",
                    "2025-06-01T04:56:05Z",
                    "2025-06-01T04:56:29Z",
                    "2025-06-01T04:56:55Z",
                    "2025-06-01T04:57:19Z",
                    "2025-06-01T04:57:43Z",
                    "2025-06-01T04:58:07Z",
                    "2025-06-01T04:58:30Z",
                    "2025-06-01T04:58:54Z",
                    "2025-06-01T04:59:19Z",
                    "2025-06-01T04:59:44Z",
                    "2025-06-01T05:00:09Z",
                    "2025-06-01T05:00:36Z",
                    "2025-06-01T05:00:59Z",
                    "2025-06-01T05:01:22Z",
                    "2025-06-01T05:01:45Z",
                    "2025-06-01T05:02:11Z",
                    "2025-06-01T05:02:37Z",
                    "2025-06-01T05:03:04Z",
                    "2025-06-01T05:03:35Z",
                    "2025-06-01T05:04:01Z",
                    "2025-06-01T05:04:26Z",
                    "2025-06-01T05:08:34Z",
                    "2025-06-01T05:09:02Z",
                    "2025-06-01T05:09:33Z",
                    "2025-06-01T05:10:38Z",
                    "2025-06-01T05:11:05Z",
                    "2025-06-01T05:11:32Z",
                    "2025-06-01T05:14:04Z",
                    "2025-06-01T05:14:29Z",
                    "2025-06-01T05:14:53Z",
                    "2025-06-01T05:15:18Z",
                    "2025-06-01T05:15:42Z",
                    "2025-06-01T05:16:12Z",
                    "2025-06-01T05:16:36Z",
                    "2025-06-01T05:17:00Z",
                    "2025-06-01T05:17:25Z",
                    "2025-06-01T05:17:51Z",
                    "2025-06-01T05:18:15Z",
                    "2025-06-01T05:18:39Z",
                    "2025-06-01T05:19:03Z",
                    "2025-06-01T05:19:27Z",
                    "2025-06-01T05:19:51Z",
                    "2025-06-01T05:20:16Z",
                    "2025-06-01T05:20:39Z",
                    "2025-06-01T05:21:03Z",
                    "2025-06-01T05:21:28Z",
                    "2025-06-01T05:21:54Z",
                    "2025-06-01T05:22:20Z",
                    "2025-06-01T05:22:45Z",
                    "2025-06-01T05:23:08Z",
                    "2025-06-01T05:23:31Z",
                    "2025-06-01T05:23:56Z",
                    "2025-06-01T05:24:20Z",
                    "2025-06-01T05:24:45Z",
                    "2025-06-01T05:25:07Z",
                    "2025-06-01T05:25:31Z",
                    "2025-06-01T05:25:56Z",
                    "2025-06-01T05:26:20Z",
                    "2025-06-01T05:26:45Z",
                    "2025-06-01T05:27:10Z",
                    "2025-06-01T05:27:36Z",
                    "2025-06-01T05:28:02Z",
                    "2025-06-01T05:28:28Z",
                    "2025-06-01T05:28:52Z",
                    "2025-06-01T05:29:15Z",
                    "2025-06-01T05:29:40Z",
                    "2025-06-01T05:30:07Z",
                    "2025-06-01T05:30:32Z",
                    "2025-06-01T05:31:01Z",
                    "2025-06-01T05:31:27Z",
                    "2025-06-01T05:31:51Z",
                    "2025-06-01T05:32:16Z",
                    "2025-06-01T05:32:41Z",
                    "2025-06-01T05:33:05Z",
                    "2025-06-01T05:33:28Z",
                    "2025-06-01T05:33:53Z",
                    "2025-06-01T05:34:18Z",
                    "2025-06-01T05:34:44Z",
                    "2025-06-01T05:35:14Z",
                    "2025-06-01T05:35:40Z",
                    "2025-06-01T05:36:07Z",
                    "2025-06-01T05:36:33Z",
                    "2025-06-01T05:36:58Z",
                    "2025-06-01T05:37:23Z",
                    "2025-06-01T05:37:46Z",
                    "2025-06-01T05:38:10Z",
                    "2025-06-01T05:38:35Z",
                    "2025-06-01T05:38:59Z",
                    "2025-06-01T05:39:24Z",
                    "2025-06-01T05:39:46Z",
                    "2025-06-01T05:40:10Z",
                    "2025-06-01T05:40:34Z",
                    "2025-06-01T05:41:01Z",
                    "2025-06-01T05:41:27Z",
                    "2025-06-01T05:41:51Z",
                    "2025-06-01T05:42:15Z",
                    "2025-06-01T05:42:40Z",
                    "2025-06-01T05:43:05Z",
                    "2025-06-01T05:43:30Z",
                    "2025-06-01T05:43:57Z",
                    "2025-06-01T05:44:21Z",
                    "2025-06-01T05:44:47Z",
                    "2025-06-01T05:45:11Z",
                    "2025-06-01T05:45:35Z",
                    "2025-06-01T05:45:58Z",
                    "2025-06-01T05:46:24Z",
                    "2025-06-01T05:46:48Z",
                    "2025-06-01T05:47:11Z",
                    "2025-06-01T05:47:35Z",
                    "2025-06-01T05:48:05Z",
                    "2025-06-01T05:48:31Z",
                    "2025-06-01T05:48:58Z",
                    "2025-06-01T05:49:24Z",
                    "2025-06-01T05:49:50Z",
                    "2025-06-01T05:50:16Z",
                    "2025-06-01T05:50:41Z",
                    "2025-06-01T05:51:04Z",
                    "2025-06-01T05:51:30Z",
                    "2025-06-01T05:52:03Z",
                    "2025-06-01T05:52:37Z",
                    "2025-06-01T05:53:02Z",
                    "2025-06-01T05:53:28Z",
                    "2025-06-01T05:53:52Z",
                    "2025-06-01T05:54:15Z",
                    "2025-06-01T05:54:36Z",
                    "2025-06-01T05:55:01Z",
                    "2025-06-01T05:55:29Z",
                    "2025-06-01T05:55:54Z",
                    "2025-06-01T05:56:17Z",
                    "2025-06-01T05:56:42Z",
                    "2025-06-01T05:57:06Z",
                    "2025-06-01T05:57:30Z",
                    "2025-06-01T05:57:54Z",
                    "2025-06-01T05:58:19Z",
                    "2025-06-01T05:58:45Z",
                    "2025-06-01T05:59:10Z",
                    "2025-06-01T05:59:34Z",
                    "2025-06-01T05:59:59Z",
                    "2025-06-01T06:00:23Z",
                    "2025-06-01T06:00:46Z",
                    "2025-06-01T06:01:10Z",
                    "2025-06-01T06:01:34Z",
                    "2025-06-01T06:02:00Z",
                    "2025-06-01T06:02:24Z",
                    "2025-06-01T06:02:46Z",
                    "2025-06-01T06:03:12Z",
                    "2025-06-01T06:03:37Z",
                    "2025-06-01T06:04:00Z",
                    "2025-06-01T06:04:34Z",
                    "2025-06-01T06:05:01Z",
                    "2025-06-01T06:05:27Z",
                    "2025-06-01T06:05:52Z",
                    "2025-06-01T06:06:16Z",
                    "2025-06-01T06:06:41Z",
                    "2025-06-01T06:07:06Z",
                    "2025-06-01T06:07:30Z",
                    "2025-06-01T06:07:44Z"
                ]
            },
            "geometry": {
                "type": "LineString",
                "coordinates": [
                    [
                        138.36235121737812,
                        35.632749738565174,
                        868
                    ],
                    [
                        138.3627666680284,
                        35.63287247829705,
                        871
                    ],
                    [
                        138.3630652848394,
                        35.63315638101458,
                        866
                    ],
                    [
                        138.36332624661753,
                        35.63348069803337,
                        863
                    ],
                    [
                        138.36361529980545,
                        35.63376142915371,
                        856
                    ],
                    [
                        138.36390740727327,
                        35.634014908598694,
                        849
                    ],
                    [
                        138.364238918208,
                        35.63428117979031,
                        840
                    ],
                    [
                        138.36410997312032,
                        35.634616095626114,
                        838
                    ],
                    [
                        138.36388667871685,
                        35.63488964734353,
                        843
                    ],
                    [
                        138.36354141137423,
                        35.63534554220569,
                        834
                    ],
                    [
                        138.36330156984667,
                        35.6356289781814,
                        832
                    ],
                    [
                        138.36372789277257,
                        35.635585476999715,
                        821
                    ],
                    [
                        138.364083087153,
                        35.635283172538855,
                        819
                    ],
                    [
                        138.3643926812855,
                        35.63500896031254,
                        825
                    ],
                    [
                        138.3648042006311,
                        35.634812696271204,
                        825
                    ],
                    [
                        138.36530683766412,
                        35.634734781352925,
                        816
                    ],
                    [
                        138.36544500949995,
                        35.63438701396518,
                        812
                    ],
                    [
                        138.36522362976277,
                        35.63405423138191,
                        807
                    ],
                    [
                        138.36487065031167,
                        35.633770208576784,
                        805
                    ],
                    [
                        138.36492559787493,
                        35.63341639552879,
                        805
                    ],
                    [
                        138.36541445966787,
                        35.63345093719029,
                        801
                    ],
                    [
                        138.3657477861347,
                        35.63382677049803,
                        800
                    ],
                    [
                        138.3660810124776,
                        35.63419516826729,
                        793
                    ],
                    [
                        138.36660266751497,
                        35.63426809560614,
                        787
                    ],
                    [
                        138.367183769771,
                        35.634348526846765,
                        783
                    ],
                    [
                        138.3676060271102,
                        35.634600706398366,
                        777
                    ],
                    [
                        138.36796409160124,
                        35.63492913212498,
                        772
                    ],
                    [
                        138.3683163680953,
                        35.635184439760266,
                        768
                    ],
                    [
                        138.36874309550248,
                        35.635249534489546,
                        762
                    ],
                    [
                        138.36837541167557,
                        35.635398856741666,
                        757
                    ],
                    [
                        138.3687842499136,
                        35.6354810497538,
                        752
                    ],
                    [
                        138.36925796061655,
                        35.63550373731969,
                        749
                    ],
                    [
                        138.3697017977922,
                        35.63551055249916,
                        747
                    ],
                    [
                        138.3700715891805,
                        35.63539085992389,
                        743
                    ],
                    [
                        138.37041317675425,
                        35.63524264411623,
                        748
                    ],
                    [
                        138.3706239603348,
                        35.63499742825502,
                        752
                    ],
                    [
                        138.3706243842424,
                        35.63486827947325,
                        749
                    ],
                    [
                        138.37051405943123,
                        35.63488840927158,
                        764
                    ],
                    [
                        138.3706563477758,
                        35.63471694600034,
                        755
                    ],
                    [
                        138.37043132315785,
                        35.634617633098465,
                        763
                    ],
                    [
                        138.370123000036,
                        35.63466588399412,
                        766
                    ],
                    [
                        138.3698144112457,
                        35.63472441536652,
                        771
                    ],
                    [
                        138.36966120600994,
                        35.634599591940464,
                        783
                    ],
                    [
                        138.3695024008862,
                        35.63447853479382,
                        784
                    ],
                    [
                        138.3694291327596,
                        35.63436609646176,
                        791
                    ],
                    [
                        138.36925342962127,
                        35.63432356693404,
                        810
                    ],
                    [
                        138.36911488681267,
                        35.63420585921422,
                        822
                    ],
                    [
                        138.3689452020788,
                        35.63410986847788,
                        827
                    ],
                    [
                        138.3688722719688,
                        35.63395463476166,
                        833
                    ],
                    [
                        138.3689785029254,
                        35.63383769582261,
                        844
                    ],
                    [
                        138.36879715892476,
                        35.633823531324104,
                        845
                    ],
                    [
                        138.36862103182824,
                        35.633799976793576,
                        852
                    ],
                    [
                        138.36869237169006,
                        35.633654158019084,
                        857
                    ],
                    [
                        138.36866183101293,
                        35.63353824013651,
                        870
                    ],
                    [
                        138.36855436271694,
                        35.63339437269271,
                        877
                    ],
                    [
                        138.3685185613103,
                        35.633271312852855,
                        882
                    ],
                    [
                        138.36870558500163,
                        35.63311944075691,
                        890
                    ],
                    [
                        138.36888661214866,
                        35.632988932235214,
                        894
                    ],
                    [
                        138.36907659597998,
                        35.632897029239544,
                        905
                    ],
                    [
                        138.36921523662852,
                        35.63283007121623,
                        908
                    ],
                    [
                        138.3693641649871,
                        35.632698211035255,
                        922
                    ],
                    [
                        138.36953874088712,
                        35.63261350976398,
                        926
                    ],
                    [
                        138.36965439718648,
                        35.632454329887175,
                        940
                    ],
                    [
                        138.36971484902062,
                        35.63237863872572,
                        949
                    ],
                    [
                        138.3697631857089,
                        35.63226395391853,
                        957
                    ],
                    [
                        138.36982987761755,
                        35.63208759198185,
                        966
                    ],
                    [
                        138.36985365984185,
                        35.631940063503706,
                        981
                    ],
                    [
                        138.3695101576909,
                        35.632000077008364,
                        981
                    ],
                    [
                        138.36924158988722,
                        35.632023779630856,
                        979
                    ],
                    [
                        138.36890012167518,
                        35.63206324455127,
                        973
                    ],
                    [
                        138.36876666781657,
                        35.63200960892988,
                        971
                    ],
                    [
                        138.36882379221993,
                        35.63183989623652,
                        975
                    ],
                    [
                        138.36887322286847,
                        35.63166629224382,
                        988
                    ],
                    [
                        138.36913790062474,
                        35.631650071950034,
                        995
                    ],
                    [
                        138.36934198159923,
                        35.63153260627786,
                        1003
                    ],
                    [
                        138.3693687583304,
                        35.63137865278303,
                        1013
                    ],
                    [
                        138.36951691300712,
                        35.631269568007,
                        1019
                    ],
                    [
                        138.36964678253295,
                        35.631316312044255,
                        1027
                    ],
                    [
                        138.3698382703331,
                        35.6311671952081,
                        1034
                    ],
                    [
                        138.36995737170278,
                        35.63112989612294,
                        1049
                    ],
                    [
                        138.36988689141265,
                        35.630979701977594,
                        1054
                    ],
                    [
                        138.36988344307437,
                        35.630843752220414,
                        1062
                    ],
                    [
                        138.36988063234992,
                        35.630675771837886,
                        1073
                    ],
                    [
                        138.36991648815697,
                        35.63047249487965,
                        1084
                    ],
                    [
                        138.36986543432226,
                        35.63025679574844,
                        1096
                    ],
                    [
                        138.36983048074362,
                        35.63008873347795,
                        1103
                    ],
                    [
                        138.36976801070145,
                        35.62991578875557,
                        1112
                    ],
                    [
                        138.36976085362048,
                        35.62977372984047,
                        1119
                    ],
                    [
                        138.37007386705724,
                        35.62965951482588,
                        1125
                    ],
                    [
                        138.37029381439822,
                        35.62949529416423,
                        1129
                    ],
                    [
                        138.37021213938655,
                        35.629260246930826,
                        1134
                    ],
                    [
                        138.37003991000347,
                        35.629072002023655,
                        1138
                    ],
                    [
                        138.36965993599284,
                        35.62906083715012,
                        1143
                    ],
                    [
                        138.36938719449694,
                        35.62899688870052,
                        1144
                    ],
                    [
                        138.36923786251614,
                        35.62892934414968,
                        1158
                    ],
                    [
                        138.36904247007124,
                        35.62878875045153,
                        1161
                    ],
                    [
                        138.36897209845282,
                        35.62856650927339,
                        1168
                    ],
                    [
                        138.36916132221816,
                        35.62846570052402,
                        1175
                    ],
                    [
                        138.36927551388132,
                        35.628383986967535,
                        1173
                    ],
                    [
                        138.36946860448077,
                        35.62826795098948,
                        1185
                    ],
                    [
                        138.36959225751139,
                        35.62810169146225,
                        1197
                    ],
                    [
                        138.36963647846494,
                        35.62791827546492,
                        1208
                    ],
                    [
                        138.36973001810756,
                        35.6277578704931,
                        1216
                    ],
                    [
                        138.36987545073035,
                        35.627718237423515,
                        1221
                    ],
                    [
                        138.3698626214182,
                        35.627592087944564,
                        1228
                    ],
                    [
                        138.36995531567518,
                        35.62744754399039,
                        1238
                    ],
                    [
                        138.37002459777682,
                        35.62730444325238,
                        1249
                    ],
                    [
                        138.37008014817775,
                        35.62715810449755,
                        1263
                    ],
                    [
                        138.36996089815142,
                        35.627068110816644,
                        1269
                    ],
                    [
                        138.37000222799955,
                        35.62694919568297,
                        1278
                    ],
                    [
                        138.36999568592609,
                        35.6268416621005,
                        1287
                    ],
                    [
                        138.36988156149454,
                        35.626789100791434,
                        1296
                    ],
                    [
                        138.36979393057038,
                        35.62669831568879,
                        1301
                    ],
                    [
                        138.3698861069199,
                        35.626586525408925,
                        1312
                    ],
                    [
                        138.36989539644162,
                        35.62646303857932,
                        1319
                    ],
                    [
                        138.3698457254123,
                        35.626283908980234,
                        1333
                    ],
                    [
                        138.3697524556282,
                        35.6261286502803,
                        1337
                    ],
                    [
                        138.3695908259361,
                        35.62598718396349,
                        1347
                    ],
                    [
                        138.36945529706222,
                        35.625826826804506,
                        1351
                    ],
                    [
                        138.36936700505987,
                        35.6257505216929,
                        1351
                    ],
                    [
                        138.36932194250534,
                        35.6256348709798,
                        1355
                    ],
                    [
                        138.36921022571173,
                        35.62548962164593,
                        1365
                    ],
                    [
                        138.36921030043203,
                        35.62523991164844,
                        1364
                    ],
                    [
                        138.36925917820992,
                        35.62494316023267,
                        1367
                    ],
                    [
                        138.36924573990333,
                        35.62474439148082,
                        1372
                    ],
                    [
                        138.3691616880797,
                        35.624513831051225,
                        1377
                    ],
                    [
                        138.36941315017054,
                        35.62443018092195,
                        1388
                    ],
                    [
                        138.36956020608642,
                        35.624345218014874,
                        1401
                    ],
                    [
                        138.369817494368,
                        35.624317476433426,
                        1411
                    ],
                    [
                        138.37002037088251,
                        35.62423193587153,
                        1416
                    ],
                    [
                        138.37019162042384,
                        35.62412593515529,
                        1424
                    ],
                    [
                        138.37025322382422,
                        35.624040614908516,
                        1432
                    ],
                    [
                        138.37022320179244,
                        35.62390540690065,
                        1443
                    ],
                    [
                        138.36997649093175,
                        35.62375989461822,
                        1452
                    ],
                    [
                        138.36979070421182,
                        35.62366130845377,
                        1451
                    ],
                    [
                        138.36971741113797,
                        35.62354148397283,
                        1454
                    ],
                    [
                        138.36956622992903,
                        35.623380728399624,
                        1463
                    ],
                    [
                        138.36956248660937,
                        35.62323930418992,
                        1469
                    ],
                    [
                        138.36977433678223,
                        35.62315513933084,
                        1479
                    ],
                    [
                        138.37000792572812,
                        35.623103023287804,
                        1490
                    ],
                    [
                        138.37016651824766,
                        35.622964264255195,
                        1500
                    ],
                    [
                        138.37025362020316,
                        35.622877059600356,
                        1509
                    ],
                    [
                        138.37035377720517,
                        35.62277998852792,
                        1521
                    ],
                    [
                        138.37041860673676,
                        35.62262138800149,
                        1522
                    ],
                    [
                        138.37025883764338,
                        35.6224165390212,
                        1532
                    ],
                    [
                        138.37025093228397,
                        35.622207279597205,
                        1535
                    ],
                    [
                        138.37034006180082,
                        35.62204954127163,
                        1542
                    ],
                    [
                        138.37042163739446,
                        35.621975283765416,
                        1549
                    ],
                    [
                        138.37059295729446,
                        35.62190591487333,
                        1556
                    ],
                    [
                        138.37074576374826,
                        35.62182237790624,
                        1562
                    ],
                    [
                        138.3708517614422,
                        35.621608645724756,
                        1573
                    ],
                    [
                        138.3707960067421,
                        35.62134483086476,
                        1578
                    ],
                    [
                        138.37076180072498,
                        35.62116739947223,
                        1586
                    ],
                    [
                        138.37075589523957,
                        35.62089645802409,
                        1587
                    ],
                    [
                        138.37072637082764,
                        35.620784327414626,
                        1588
                    ],
                    [
                        138.3707151786014,
                        35.620549830396286,
                        1592
                    ],
                    [
                        138.37063764173877,
                        35.62031046482843,
                        1589
                    ],
                    [
                        138.37052446233895,
                        35.62012189530758,
                        1585
                    ],
                    [
                        138.37044497921204,
                        35.619961195662384,
                        1581
                    ],
                    [
                        138.37037070402639,
                        35.61967431376546,
                        1585
                    ],
                    [
                        138.37030290956167,
                        35.61942578295975,
                        1592
                    ],
                    [
                        138.3704506932746,
                        35.61918160999855,
                        1595
                    ],
                    [
                        138.37043953349635,
                        35.61895619070198,
                        1601
                    ],
                    [
                        138.37049915247297,
                        35.618750852178444,
                        1604
                    ],
                    [
                        138.3704881044534,
                        35.618483936321375,
                        1608
                    ],
                    [
                        138.37028635473044,
                        35.61829545154858,
                        1611
                    ],
                    [
                        138.3700824589117,
                        35.61813222734018,
                        1616
                    ],
                    [
                        138.37017796765556,
                        35.61797830386187,
                        1620
                    ],
                    [
                        138.37023292782484,
                        35.61774322336921,
                        1630
                    ],
                    [
                        138.37026680276307,
                        35.61753472724598,
                        1641
                    ],
                    [
                        138.37035588631872,
                        35.617292799857864,
                        1644
                    ],
                    [
                        138.3705794686914,
                        35.617109873471236,
                        1647
                    ],
                    [
                        138.37068588542382,
                        35.61687923519208,
                        1656
                    ],
                    [
                        138.3707092517474,
                        35.616567870278246,
                        1653
                    ],
                    [
                        138.3706121591064,
                        35.61635156120281,
                        1663
                    ],
                    [
                        138.37046539084508,
                        35.61623232619967,
                        1673
                    ],
                    [
                        138.37028548201445,
                        35.616065510324646,
                        1676
                    ],
                    [
                        138.37032466057542,
                        35.615889572690214,
                        1681
                    ],
                    [
                        138.37036815967718,
                        35.61573491311979,
                        1691
                    ],
                    [
                        138.37043377113903,
                        35.61553830941336,
                        1700
                    ],
                    [
                        138.37037367565455,
                        35.61534476536248,
                        1710
                    ],
                    [
                        138.3702726924524,
                        35.61512980815428,
                        1720
                    ],
                    [
                        138.37027953148535,
                        35.61491889087804,
                        1728
                    ],
                    [
                        138.3702206775764,
                        35.61475008397322,
                        1735
                    ],
                    [
                        138.37019978866186,
                        35.6145188175876,
                        1737
                    ],
                    [
                        138.3704698397817,
                        35.61444996014923,
                        1741
                    ],
                    [
                        138.37066251315278,
                        35.614380257214314,
                        1737
                    ],
                    [
                        138.37082073034742,
                        35.614135522356875,
                        1736
                    ],
                    [
                        138.37106952107337,
                        35.6140978950313,
                        1744
                    ],
                    [
                        138.3713285553819,
                        35.614021177361145,
                        1743
                    ],
                    [
                        138.37150217482883,
                        35.61396942011627,
                        1749
                    ],
                    [
                        138.37179341385374,
                        35.61391181270736,
                        1755
                    ],
                    [
                        138.37207849869588,
                        35.61384070355776,
                        1758
                    ],
                    [
                        138.37232140689486,
                        35.61375757264609,
                        1765
                    ],
                    [
                        138.37263784218925,
                        35.61377898884567,
                        1768
                    ],
                    [
                        138.37289025956272,
                        35.61373565869953,
                        1774
                    ],
                    [
                        138.37314642174735,
                        35.61370981654975,
                        1784
                    ],
                    [
                        138.37336130530124,
                        35.61368296922951,
                        1792
                    ],
                    [
                        138.37358857675534,
                        35.61357747370878,
                        1797
                    ],
                    [
                        138.37373252233678,
                        35.61342609554615,
                        1803
                    ],
                    [
                        138.37392280936874,
                        35.613208390559876,
                        1811
                    ],
                    [
                        138.37421166989745,
                        35.61308190283699,
                        1811
                    ],
                    [
                        138.37448561329302,
                        35.61293870301118,
                        1817
                    ],
                    [
                        138.3747393798742,
                        35.612847434409424,
                        1822
                    ],
                    [
                        138.37490302456848,
                        35.612638751649904,
                        1830
                    ],
                    [
                        138.3751389253282,
                        35.61246120112721,
                        1834
                    ],
                    [
                        138.37535882170303,
                        35.612333596868815,
                        1838
                    ],
                    [
                        138.37556075921702,
                        35.61214970105279,
                        1841
                    ],
                    [
                        138.3758258165302,
                        35.61206176587007,
                        1844
                    ],
                    [
                        138.37601643522873,
                        35.61194501289073,
                        1847
                    ],
                    [
                        138.37630730393548,
                        35.61180318778356,
                        1851
                    ],
                    [
                        138.3765568438681,
                        35.61172882801084,
                        1853
                    ],
                    [
                        138.37653297345958,
                        35.611994379233224,
                        1856
                    ],
                    [
                        138.37644936291278,
                        35.61227973408205,
                        1861
                    ],
                    [
                        138.37655168413758,
                        35.612530351287276,
                        1861
                    ],
                    [
                        138.37644089155685,
                        35.6122293665113,
                        1857
                    ],
                    [
                        138.37653874212285,
                        35.611902232017634,
                        1856
                    ],
                    [
                        138.37666685544914,
                        35.611635083943966,
                        1853
                    ],
                    [
                        138.37656741806342,
                        35.61137942937139,
                        1840
                    ],
                    [
                        138.37651331699183,
                        35.61106073829881,
                        1843
                    ],
                    [
                        138.37664900536294,
                        35.610820740684574,
                        1839
                    ],
                    [
                        138.37678105006535,
                        35.61042258665686,
                        1832
                    ],
                    [
                        138.37686357077368,
                        35.61019638139361,
                        1837
                    ],
                    [
                        138.37676558788743,
                        35.60996548834972,
                        1841
                    ],
                    [
                        138.37673217737623,
                        35.609816120840996,
                        1845
                    ],
                    [
                        138.3767131877086,
                        35.60960118343056,
                        1853
                    ],
                    [
                        138.37663449678828,
                        35.609343410200616,
                        1857
                    ],
                    [
                        138.37663926824317,
                        35.609028251312196,
                        1861
                    ],
                    [
                        138.3766706243186,
                        35.60874540051375,
                        1866
                    ],
                    [
                        138.37671735610644,
                        35.60851010926883,
                        1866
                    ],
                    [
                        138.37659922078663,
                        35.60831817705768,
                        1866
                    ],
                    [
                        138.37662133493313,
                        35.60806165966371,
                        1870
                    ],
                    [
                        138.37631498107328,
                        35.60800271979469,
                        1879
                    ],
                    [
                        138.3762307720125,
                        35.60783855351353,
                        1882
                    ],
                    [
                        138.37637827622697,
                        35.60767887809693,
                        1887
                    ],
                    [
                        138.37623690349153,
                        35.60749478376535,
                        1896
                    ],
                    [
                        138.37618156827438,
                        35.60719253697524,
                        1900
                    ],
                    [
                        138.37593718099728,
                        35.60696589138273,
                        1903
                    ],
                    [
                        138.375676186409,
                        35.606702514077234,
                        1905
                    ],
                    [
                        138.3756642306542,
                        35.606367308310055,
                        1907
                    ],
                    [
                        138.37573580919215,
                        35.6061485007384,
                        1908
                    ],
                    [
                        138.37577916913077,
                        35.60581683023397,
                        1908
                    ],
                    [
                        138.37560893299005,
                        35.60554028097477,
                        1904
                    ],
                    [
                        138.37526559919928,
                        35.60531005236514,
                        1899
                    ],
                    [
                        138.3750266260021,
                        35.60508681292184,
                        1901
                    ],
                    [
                        138.37502963141227,
                        35.60488136224048,
                        1907
                    ],
                    [
                        138.37496014430621,
                        35.604675940715715,
                        1908
                    ],
                    [
                        138.37495198114442,
                        35.60443242879101,
                        1914
                    ],
                    [
                        138.37487598338166,
                        35.604174685564075,
                        1921
                    ],
                    [
                        138.37474102687747,
                        35.60394681228239,
                        1924
                    ],
                    [
                        138.3746037084202,
                        35.603873978974335,
                        1928
                    ],
                    [
                        138.37426999096542,
                        35.60391654427998,
                        1938
                    ],
                    [
                        138.37419595040546,
                        35.60377451727988,
                        1947
                    ],
                    [
                        138.37404764203976,
                        35.60363959667582,
                        1958
                    ],
                    [
                        138.3737687716075,
                        35.603643995212536,
                        1960
                    ],
                    [
                        138.37367923802992,
                        35.60345843056696,
                        1967
                    ],
                    [
                        138.37365649944206,
                        35.60322795020251,
                        1969
                    ],
                    [
                        138.37360882375606,
                        35.60297377528851,
                        1977
                    ],
                    [
                        138.37352671262875,
                        35.60267868511911,
                        1979
                    ],
                    [
                        138.37346694719795,
                        35.60239205332323,
                        1981
                    ],
                    [
                        138.3734225815765,
                        35.60216553171667,
                        1987
                    ],
                    [
                        138.37337041791673,
                        35.60183537564858,
                        1987
                    ],
                    [
                        138.37341219300282,
                        35.60155076791377,
                        1988
                    ],
                    [
                        138.37329289878164,
                        35.60111144523638,
                        1982
                    ],
                    [
                        138.37333853793595,
                        35.60079272324947,
                        1987
                    ],
                    [
                        138.37329022668598,
                        35.600533185533024,
                        1993
                    ],
                    [
                        138.37323443605413,
                        35.60027847079227,
                        1995
                    ],
                    [
                        138.3731654519577,
                        35.59998142454649,
                        2001
                    ],
                    [
                        138.3732570242154,
                        35.59966782142832,
                        2000
                    ],
                    [
                        138.37332355211484,
                        35.59942410055667,
                        1998
                    ],
                    [
                        138.37332675004237,
                        35.599096918074885,
                        1996
                    ],
                    [
                        138.3734929803316,
                        35.598789382081826,
                        1996
                    ],
                    [
                        138.37371459744745,
                        35.598493561828896,
                        1994
                    ],
                    [
                        138.37364084374485,
                        35.59820113336969,
                        1982
                    ],
                    [
                        138.37374457493542,
                        35.59768514448835,
                        1976
                    ],
                    [
                        138.37351705459128,
                        35.5973798881346,
                        1973
                    ],
                    [
                        138.37340824854877,
                        35.59714890941109,
                        1973
                    ],
                    [
                        138.37335967084945,
                        35.59682338257627,
                        1972
                    ],
                    [
                        138.373545098458,
                        35.596542325163966,
                        1972
                    ],
                    [
                        138.37370949508085,
                        35.596185535265974,
                        1974
                    ],
                    [
                        138.37394109077488,
                        35.59590152032345,
                        1974
                    ],
                    [
                        138.37429198642863,
                        35.59567959575347,
                        1978
                    ],
                    [
                        138.37433848037318,
                        35.59547255750534,
                        1984
                    ],
                    [
                        138.37422453346633,
                        35.595303184598926,
                        1989
                    ],
                    [
                        138.37424151984112,
                        35.59501629469753,
                        1996
                    ],
                    [
                        138.37432376566338,
                        35.594767695969786,
                        2001
                    ],
                    [
                        138.37454071106455,
                        35.59458775099278,
                        2003
                    ],
                    [
                        138.37456574564848,
                        35.59438168747713,
                        2008
                    ],
                    [
                        138.37455484954737,
                        35.594103740235504,
                        2012
                    ],
                    [
                        138.37425572790633,
                        35.59396981106077,
                        2013
                    ],
                    [
                        138.3739409177496,
                        35.59371025687376,
                        2011
                    ],
                    [
                        138.3740793385151,
                        35.59338867888536,
                        2011
                    ],
                    [
                        138.3740431273602,
                        35.59312679611041,
                        2014
                    ],
                    [
                        138.37398192526425,
                        35.59284932621656,
                        2014
                    ],
                    [
                        138.37369878676435,
                        35.59283059978975,
                        2018
                    ],
                    [
                        138.37325165378846,
                        35.592694511587226,
                        2019
                    ],
                    [
                        138.37266257828585,
                        35.59270100816063,
                        2016
                    ],
                    [
                        138.37226703078318,
                        35.592553771233064,
                        2012
                    ],
                    [
                        138.3720954525706,
                        35.59225229535004,
                        2017
                    ],
                    [
                        138.37195571371896,
                        35.592009396110264,
                        2020
                    ],
                    [
                        138.37170501265857,
                        35.59179202983616,
                        2025
                    ],
                    [
                        138.3714820552745,
                        35.59166645297421,
                        2025
                    ],
                    [
                        138.37136775782753,
                        35.591460547341235,
                        2029
                    ],
                    [
                        138.37120016662502,
                        35.59132715748829,
                        2039
                    ],
                    [
                        138.37109561760252,
                        35.59117770458871,
                        2045
                    ],
                    [
                        138.3710089509767,
                        35.59107825545234,
                        2049
                    ],
                    [
                        138.3707295188923,
                        35.59105803667185,
                        2055
                    ],
                    [
                        138.3704289129363,
                        35.590814035497694,
                        2052
                    ],
                    [
                        138.37010002629341,
                        35.59067300119568,
                        2051
                    ],
                    [
                        138.36997091064777,
                        35.59043336850209,
                        2042
                    ],
                    [
                        138.3698237791515,
                        35.59018087383512,
                        2033
                    ],
                    [
                        138.3696534391093,
                        35.58988613837514,
                        2029
                    ],
                    [
                        138.3694688611057,
                        35.58959877318698,
                        2022
                    ],
                    [
                        138.3692722502774,
                        35.58934331735034,
                        2024
                    ],
                    [
                        138.36931649506423,
                        35.58900766110461,
                        2021
                    ],
                    [
                        138.36929971079925,
                        35.588774235801985,
                        2022
                    ],
                    [
                        138.3690057861801,
                        35.588560153422435,
                        2015
                    ],
                    [
                        138.36881286036055,
                        35.58832795183798,
                        2018
                    ],
                    [
                        138.36874919321306,
                        35.58811979990025,
                        2024
                    ],
                    [
                        138.36867984697693,
                        35.587871241270435,
                        2032
                    ],
                    [
                        138.36868394434964,
                        35.58759265926326,
                        2038
                    ],
                    [
                        138.3687319423992,
                        35.587381225326126,
                        2046
                    ],
                    [
                        138.36875028326696,
                        35.58710432557608,
                        2046
                    ],
                    [
                        138.36898078737758,
                        35.58692961891893,
                        2050
                    ],
                    [
                        138.36915241833438,
                        35.58675492366734,
                        2054
                    ],
                    [
                        138.3693021963057,
                        35.58650672464707,
                        2054
                    ],
                    [
                        138.36948219372638,
                        35.58622913564657,
                        2049
                    ],
                    [
                        138.36986546605914,
                        35.58594739318306,
                        2043
                    ],
                    [
                        138.3697844465707,
                        35.58577956945545,
                        2035
                    ],
                    [
                        138.36954147637377,
                        35.5855093430584,
                        2028
                    ],
                    [
                        138.3691225041766,
                        35.58542731240295,
                        2024
                    ],
                    [
                        138.3685919367938,
                        35.585359771823924,
                        2013
                    ],
                    [
                        138.36797910002005,
                        35.58533880229051,
                        2014
                    ],
                    [
                        138.36766308556562,
                        35.58521826634293,
                        2007
                    ],
                    [
                        138.3673860904193,
                        35.584960615215515,
                        2004
                    ],
                    [
                        138.36713442087455,
                        35.58471575754098,
                        2003
                    ],
                    [
                        138.36685396680204,
                        35.5843729529177,
                        2004
                    ],
                    [
                        138.3663890682248,
                        35.58425353535831,
                        1999
                    ],
                    [
                        138.3660277378204,
                        35.58416460936742,
                        1984
                    ],
                    [
                        138.36588788074525,
                        35.58392502693303,
                        1970
                    ],
                    [
                        138.36560559379137,
                        35.583917402704515,
                        1961
                    ],
                    [
                        138.36539751193055,
                        35.58380282006445,
                        1949
                    ],
                    [
                        138.3651515564903,
                        35.583692294795625,
                        1938
                    ],
                    [
                        138.36486256130954,
                        35.5835574116482,
                        1929
                    ],
                    [
                        138.36457277515697,
                        35.58344817059098,
                        1925
                    ],
                    [
                        138.36416057091535,
                        35.583247684608175,
                        1919
                    ],
                    [
                        138.36409113140343,
                        35.5835339659956,
                        1916
                    ],
                    [
                        138.36402805659685,
                        35.583933134433785,
                        1904
                    ],
                    [
                        138.36391410180158,
                        35.58419130514845,
                        1894
                    ],
                    [
                        138.36372619397164,
                        35.584453155901286,
                        1886
                    ],
                    [
                        138.3635502125511,
                        35.58469697011077,
                        1883
                    ],
                    [
                        138.36306890708977,
                        35.58478421783681,
                        1875
                    ],
                    [
                        138.362643216389,
                        35.584804350509216,
                        1870
                    ],
                    [
                        138.36238634462524,
                        35.58499359631215,
                        1859
                    ],
                    [
                        138.3622752189755,
                        35.58528545254066,
                        1855
                    ],
                    [
                        138.3619777414445,
                        35.58543476655991,
                        1855
                    ],
                    [
                        138.36159006443665,
                        35.58550932898918,
                        1856
                    ],
                    [
                        138.36120376353014,
                        35.58553969986495,
                        1859
                    ],
                    [
                        138.36083041443584,
                        35.58560973808687,
                        1860
                    ],
                    [
                        138.360464408667,
                        35.58576676001575,
                        1865
                    ],
                    [
                        138.36033405071345,
                        35.5860541116255,
                        1864
                    ],
                    [
                        138.36035762870165,
                        35.586367440695774,
                        1868
                    ],
                    [
                        138.36008580886343,
                        35.586628820661986,
                        1867
                    ],
                    [
                        138.36007591779972,
                        35.58694145628388,
                        1869
                    ],
                    [
                        138.35992376064473,
                        35.587207653137774,
                        1867
                    ],
                    [
                        138.35973857633746,
                        35.587340158304535,
                        1864
                    ],
                    [
                        138.3594058536974,
                        35.58738626446176,
                        1863
                    ],
                    [
                        138.35919090075814,
                        35.58726135787566,
                        1865
                    ],
                    [
                        138.35896755984533,
                        35.58723980449281,
                        1873
                    ],
                    [
                        138.3587330561073,
                        35.587201053510334,
                        1878
                    ],
                    [
                        138.35849421554553,
                        35.587166399840584,
                        1878
                    ],
                    [
                        138.35822444965487,
                        35.58711678503282,
                        1887
                    ],
                    [
                        138.35798163905824,
                        35.587082629370315,
                        1894
                    ],
                    [
                        138.3576989147325,
                        35.58702756924474,
                        1901
                    ],
                    [
                        138.3574570938588,
                        35.586925394747624,
                        1907
                    ],
                    [
                        138.35721137135178,
                        35.58676214666047,
                        1913
                    ],
                    [
                        138.3569680386632,
                        35.586562504183426,
                        1915
                    ],
                    [
                        138.35670830393033,
                        35.5864335513733,
                        1917
                    ],
                    [
                        138.35646737721487,
                        35.58646258431621,
                        1921
                    ],
                    [
                        138.3564960016356,
                        35.58664476904853,
                        1932
                    ],
                    [
                        138.35654762490344,
                        35.58684991385954,
                        1939
                    ],
                    [
                        138.35662636137778,
                        35.58706053884911,
                        1945
                    ],
                    [
                        138.3566233747158,
                        35.587275296104465,
                        1951
                    ],
                    [
                        138.35664658761146,
                        35.58749040677524,
                        1958
                    ],
                    [
                        138.35656696644375,
                        35.58770360579511,
                        1962
                    ],
                    [
                        138.35647468477327,
                        35.588007644330304,
                        1961
                    ],
                    [
                        138.3563223776407,
                        35.58827795611176,
                        1959
                    ],
                    [
                        138.35621370503026,
                        35.588565421509195,
                        1959
                    ],
                    [
                        138.35619867302188,
                        35.58884630663659,
                        1960
                    ],
                    [
                        138.35608772230808,
                        35.58913960282277,
                        1960
                    ],
                    [
                        138.35595122569634,
                        35.58940395867005,
                        1963
                    ],
                    [
                        138.3559239593549,
                        35.58968718507178,
                        1962
                    ],
                    [
                        138.35603493296335,
                        35.58994643276404,
                        1963
                    ],
                    [
                        138.35592016649625,
                        35.59009467728561,
                        1956
                    ],
                    [
                        138.355788645758,
                        35.590275338812845,
                        1956
                    ],
                    [
                        138.3556002427755,
                        35.59047363705834,
                        1956
                    ],
                    [
                        138.3553967820182,
                        35.59067702850937,
                        1955
                    ],
                    [
                        138.3551463962545,
                        35.590842025383196,
                        1955
                    ],
                    [
                        138.35493920744702,
                        35.59108565095833,
                        1951
                    ],
                    [
                        138.35467160574353,
                        35.5912759283968,
                        1950
                    ],
                    [
                        138.35436045235446,
                        35.5913872024795,
                        1950
                    ],
                    [
                        138.354065907273,
                        35.591517662847515,
                        1952
                    ],
                    [
                        138.35369247754227,
                        35.5915754189639,
                        1946
                    ],
                    [
                        138.35332741838405,
                        35.59161549823593,
                        1942
                    ],
                    [
                        138.35296067082245,
                        35.59159800951969,
                        1946
                    ],
                    [
                        138.3525871585671,
                        35.59151829233014,
                        1946
                    ],
                    [
                        138.35224031043754,
                        35.59140954910748,
                        1945
                    ],
                    [
                        138.35187366031832,
                        35.591364902005765,
                        1943
                    ],
                    [
                        138.35151376370882,
                        35.591445510698044,
                        1935
                    ],
                    [
                        138.35123956098283,
                        35.59147266818764,
                        1928
                    ],
                    [
                        138.3509423215424,
                        35.591545839802684,
                        1922
                    ],
                    [
                        138.35070328755975,
                        35.59149846595087,
                        1912
                    ],
                    [
                        138.35050656133598,
                        35.59134407600795,
                        1901
                    ],
                    [
                        138.3502461043608,
                        35.59130244175241,
                        1893
                    ],
                    [
                        138.3501052479984,
                        35.59123287469297,
                        1883
                    ],
                    [
                        138.34998489307617,
                        35.59107174989694,
                        1870
                    ],
                    [
                        138.34984392398314,
                        35.59092418051809,
                        1860
                    ],
                    [
                        138.34969054865314,
                        35.590785252094506,
                        1850
                    ],
                    [
                        138.34949023205465,
                        35.590624769280105,
                        1840
                    ],
                    [
                        138.34935385052685,
                        35.590504705138095,
                        1836
                    ],
                    [
                        138.34919223874908,
                        35.59037118606235,
                        1825
                    ],
                    [
                        138.34894898403752,
                        35.59025055131811,
                        1823
                    ],
                    [
                        138.34859166042776,
                        35.59025964529107,
                        1816
                    ],
                    [
                        138.34833027886432,
                        35.59019696310886,
                        1814
                    ],
                    [
                        138.34809986672218,
                        35.59011015321957,
                        1821
                    ],
                    [
                        138.34774724503978,
                        35.59024370746119,
                        1824
                    ],
                    [
                        138.34757891113154,
                        35.59015321074898,
                        1818
                    ],
                    [
                        138.34726099246484,
                        35.59006257699529,
                        1816
                    ],
                    [
                        138.34691628729715,
                        35.58997701886844,
                        1807
                    ],
                    [
                        138.3466771827661,
                        35.58998111189564,
                        1796
                    ],
                    [
                        138.34651960762935,
                        35.58999875683272,
                        1790
                    ],
                    [
                        138.3463002727139,
                        35.58997801595558,
                        1780
                    ],
                    [
                        138.3460720320864,
                        35.5900049124029,
                        1764
                    ],
                    [
                        138.34585840471362,
                        35.589991782888994,
                        1756
                    ],
                    [
                        138.34565574555452,
                        35.590038862906226,
                        1748
                    ],
                    [
                        138.3454392937404,
                        35.59012246505981,
                        1736
                    ],
                    [
                        138.34519891180983,
                        35.59026314640084,
                        1725
                    ],
                    [
                        138.3450654982891,
                        35.59040910558412,
                        1717
                    ],
                    [
                        138.3449353491576,
                        35.59051917430622,
                        1706
                    ],
                    [
                        138.34481815317884,
                        35.59063631568904,
                        1701
                    ],
                    [
                        138.34469572993913,
                        35.59064537451044,
                        1693
                    ],
                    [
                        138.34459310701178,
                        35.59069439998477,
                        1689
                    ],
                    [
                        138.34446138471898,
                        35.59084319053684,
                        1682
                    ],
                    [
                        138.3443137153549,
                        35.59096383349489,
                        1675
                    ],
                    [
                        138.3440960342054,
                        35.59102974782418,
                        1664
                    ],
                    [
                        138.34398479267108,
                        35.59106993056733,
                        1658
                    ],
                    [
                        138.34384359526987,
                        35.59118260315778,
                        1653
                    ],
                    [
                        138.34363119660074,
                        35.591406473086536,
                        1653
                    ],
                    [
                        138.34347989635384,
                        35.59143768393434,
                        1652
                    ],
                    [
                        138.34328316400718,
                        35.59145588351645,
                        1648
                    ],
                    [
                        138.3430825164484,
                        35.59150073035383,
                        1651
                    ],
                    [
                        138.34294462739618,
                        35.591617888729466,
                        1656
                    ],
                    [
                        138.3426477213829,
                        35.59170100508281,
                        1651
                    ],
                    [
                        138.34243777677707,
                        35.59173043974138,
                        1650
                    ],
                    [
                        138.34221241237455,
                        35.591739257308,
                        1644
                    ],
                    [
                        138.3422136887753,
                        35.59155445977986,
                        1637
                    ],
                    [
                        138.34207692917917,
                        35.59132632284069,
                        1633
                    ],
                    [
                        138.34197600118563,
                        35.59116475683027,
                        1632
                    ],
                    [
                        138.3418138645529,
                        35.59107152266433,
                        1632
                    ],
                    [
                        138.34160586221145,
                        35.5910381828341,
                        1639
                    ],
                    [
                        138.3413805162237,
                        35.591105228440234,
                        1637
                    ],
                    [
                        138.34136327119697,
                        35.59128947842294,
                        1637
                    ],
                    [
                        138.34121089202355,
                        35.591385883003234,
                        1639
                    ],
                    [
                        138.3411631868969,
                        35.59157436800206,
                        1638
                    ],
                    [
                        138.34103400507846,
                        35.591638757714804,
                        1636
                    ],
                    [
                        138.3408117778581,
                        35.59152335134817,
                        1641
                    ],
                    [
                        138.34063777775805,
                        35.591588622237055,
                        1642
                    ],
                    [
                        138.34048978326157,
                        35.5916942580121,
                        1648
                    ],
                    [
                        138.3403145959432,
                        35.59167276853296,
                        1651
                    ],
                    [
                        138.3401509583357,
                        35.59168305840357,
                        1657
                    ],
                    [
                        138.33997953171033,
                        35.5916192812661,
                        1666
                    ],
                    [
                        138.33987372230513,
                        35.59159317422862,
                        1674
                    ],
                    [
                        138.33978871847177,
                        35.59145061681734,
                        1678
                    ],
                    [
                        138.33972525537834,
                        35.59125704874904,
                        1687
                    ],
                    [
                        138.33958429372095,
                        35.59134957396912,
                        1694
                    ],
                    [
                        138.33942805397965,
                        35.59147024305494,
                        1703
                    ],
                    [
                        138.3392185629784,
                        35.5914618522246,
                        1712
                    ],
                    [
                        138.33904027638255,
                        35.591377175961796,
                        1721
                    ],
                    [
                        138.33877690607864,
                        35.591347852969136,
                        1729
                    ],
                    [
                        138.33861307622178,
                        35.59139279437063,
                        1719
                    ],
                    [
                        138.33866567379928,
                        35.59156125351919,
                        1711
                    ],
                    [
                        138.33859045674492,
                        35.59170741506382,
                        1701
                    ],
                    [
                        138.3385256415292,
                        35.59180756826713,
                        1694
                    ],
                    [
                        138.3384138078204,
                        35.591908542187056,
                        1680
                    ],
                    [
                        138.3383436426841,
                        35.59200705454681,
                        1670
                    ],
                    [
                        138.33828625373877,
                        35.59214499874033,
                        1661
                    ],
                    [
                        138.33823101679718,
                        35.592255636868146,
                        1653
                    ],
                    [
                        138.33815315819922,
                        35.59239769593244,
                        1656
                    ],
                    [
                        138.3380898266978,
                        35.5925152351111,
                        1648
                    ],
                    [
                        138.3380435293804,
                        35.59268279224644,
                        1642
                    ],
                    [
                        138.33785279195547,
                        35.59286222963474,
                        1636
                    ],
                    [
                        138.33774992767087,
                        35.59304835252216,
                        1628
                    ],
                    [
                        138.33771415102836,
                        35.593175836713094,
                        1612
                    ],
                    [
                        138.3377235593242,
                        35.59328761822659,
                        1602
                    ],
                    [
                        138.33768493855388,
                        35.59343417944021,
                        1597
                    ],
                    [
                        138.33760000201485,
                        35.59352299645507,
                        1588
                    ],
                    [
                        138.33744121728773,
                        35.59359066216769,
                        1584
                    ],
                    [
                        138.3373087115357,
                        35.59354248323369,
                        1578
                    ],
                    [
                        138.3371840325111,
                        35.59358680608516,
                        1573
                    ],
                    [
                        138.3370255314333,
                        35.59372543475172,
                        1557
                    ],
                    [
                        138.3370491919218,
                        35.59382399934046,
                        1558
                    ],
                    [
                        138.33707672526035,
                        35.593914693570184,
                        1556
                    ],
                    [
                        138.3370271525735,
                        35.594029440020066,
                        1553
                    ],
                    [
                        138.3370452294103,
                        35.59418977363342,
                        1549
                    ],
                    [
                        138.3370781689799,
                        35.59434261082921,
                        1549
                    ],
                    [
                        138.33704931416528,
                        35.59448497247218,
                        1550
                    ],
                    [
                        138.33709096453444,
                        35.59460608948368,
                        1546
                    ],
                    [
                        138.33699216404838,
                        35.59472630159204,
                        1545
                    ],
                    [
                        138.33684771089708,
                        35.594826007361426,
                        1544
                    ],
                    [
                        138.3368086398039,
                        35.5949203164583,
                        1545
                    ],
                    [
                        138.33672503459076,
                        35.59501779524704,
                        1549
                    ],
                    [
                        138.3366834333719,
                        35.59517173461402,
                        1556
                    ],
                    [
                        138.3365902078671,
                        35.59526417675435,
                        1554
                    ],
                    [
                        138.33663344308206,
                        35.595411294339215,
                        1557
                    ],
                    [
                        138.33668355638667,
                        35.595623914014276,
                        1556
                    ],
                    [
                        138.33665496130527,
                        35.59571922565955,
                        1555
                    ],
                    [
                        138.3367832286759,
                        35.595878336683676,
                        1568
                    ],
                    [
                        138.33670346144848,
                        35.5960446175536,
                        1563
                    ],
                    [
                        138.33655074410595,
                        35.596098910459965,
                        1564
                    ],
                    [
                        138.33650943424794,
                        35.59622809870464,
                        1575
                    ],
                    [
                        138.33641878279116,
                        35.59634413420161,
                        1583
                    ],
                    [
                        138.33621752449986,
                        35.59648943064787,
                        1584
                    ],
                    [
                        138.33606151699232,
                        35.59654639090513,
                        1583
                    ],
                    [
                        138.33588205478145,
                        35.596647512449174,
                        1586
                    ],
                    [
                        138.3357373307454,
                        35.59683360235197,
                        1583
                    ],
                    [
                        138.33567412246583,
                        35.59700665510049,
                        1579
                    ],
                    [
                        138.3357563888389,
                        35.59724714233719,
                        1578
                    ],
                    [
                        138.33570937627016,
                        35.59736928583674,
                        1574
                    ],
                    [
                        138.33555780024486,
                        35.59746853783209,
                        1564
                    ],
                    [
                        138.33534141125358,
                        35.5976159451686,
                        1555
                    ],
                    [
                        138.33522117172777,
                        35.59767576033028,
                        1547
                    ],
                    [
                        138.33532893950888,
                        35.59773416878952,
                        1545
                    ],
                    [
                        138.33530336112494,
                        35.5978468199269,
                        1534
                    ],
                    [
                        138.3351536817639,
                        35.59791253584234,
                        1534
                    ],
                    [
                        138.33498587982137,
                        35.5979975503942,
                        1534
                    ],
                    [
                        138.33495775177664,
                        35.59820314857574,
                        1537
                    ],
                    [
                        138.33483011777716,
                        35.59829658047441,
                        1543
                    ],
                    [
                        138.33466032753998,
                        35.59845694275541,
                        1555
                    ],
                    [
                        138.33451527561158,
                        35.59865706986421,
                        1558
                    ],
                    [
                        138.33454717351114,
                        35.59890114732516,
                        1563
                    ],
                    [
                        138.33458408192155,
                        35.59915840554103,
                        1566
                    ],
                    [
                        138.33450225208887,
                        35.599400952467235,
                        1567
                    ],
                    [
                        138.33461124183387,
                        35.599606552603724,
                        1566
                    ],
                    [
                        138.3347355836402,
                        35.5998491601028,
                        1562
                    ],
                    [
                        138.33481884933516,
                        35.60005393828724,
                        1564
                    ],
                    [
                        138.33489693117852,
                        35.60031178100382,
                        1565
                    ],
                    [
                        138.3348475019181,
                        35.6005492692384,
                        1558
                    ],
                    [
                        138.33485896115977,
                        35.600800651683045,
                        1564
                    ],
                    [
                        138.3349119221217,
                        35.6010400615208,
                        1563
                    ],
                    [
                        138.33495767315952,
                        35.60120953596633,
                        1572
                    ],
                    [
                        138.3349563921949,
                        35.60131286185776,
                        1577
                    ],
                    [
                        138.33502591754325,
                        35.60149796949683,
                        1583
                    ],
                    [
                        138.33506354383542,
                        35.6016267774799,
                        1593
                    ],
                    [
                        138.3351800129069,
                        35.601822703638206,
                        1595
                    ],
                    [
                        138.3353424430139,
                        35.60188186508253,
                        1602
                    ],
                    [
                        138.33542021655637,
                        35.602005214179556,
                        1611
                    ],
                    [
                        138.33537084819937,
                        35.602116669831375,
                        1614
                    ],
                    [
                        138.33540711417294,
                        35.60223593829516,
                        1624
                    ],
                    [
                        138.3353660837561,
                        35.6023602436938,
                        1630
                    ],
                    [
                        138.33535389521228,
                        35.602513307020935,
                        1636
                    ],
                    [
                        138.3353895837497,
                        35.60262973457234,
                        1648
                    ],
                    [
                        138.33537873108958,
                        35.60282534314493,
                        1657
                    ],
                    [
                        138.33533070822887,
                        35.603029535678594,
                        1662
                    ],
                    [
                        138.3353696222607,
                        35.60325708151539,
                        1662
                    ],
                    [
                        138.33553657036657,
                        35.60340910260976,
                        1666
                    ],
                    [
                        138.3355919245941,
                        35.60362312337873,
                        1672
                    ],
                    [
                        138.33560727100294,
                        35.6038408339415,
                        1679
                    ],
                    [
                        138.33568571729234,
                        35.604075523783266,
                        1682
                    ],
                    [
                        138.3356597511327,
                        35.604240009789216,
                        1677
                    ],
                    [
                        138.33553106791038,
                        35.604250071740154,
                        1671
                    ],
                    [
                        138.33534885148765,
                        35.6042861956826,
                        1663
                    ],
                    [
                        138.33517437463684,
                        35.60432250942987,
                        1650
                    ],
                    [
                        138.33500593333534,
                        35.60431635892707,
                        1639
                    ],
                    [
                        138.33483698544725,
                        35.604329184331895,
                        1629
                    ],
                    [
                        138.33469957908497,
                        35.60447626601969,
                        1622
                    ],
                    [
                        138.33452348245402,
                        35.60475004699863,
                        1617
                    ],
                    [
                        138.33431737858268,
                        35.60493647986763,
                        1620
                    ],
                    [
                        138.33409013836604,
                        35.60512685539128,
                        1625
                    ],
                    [
                        138.33384328641617,
                        35.60523334208353,
                        1631
                    ],
                    [
                        138.33370837353056,
                        35.605249032333084,
                        1632
                    ],
                    [
                        138.3334435154158,
                        35.6053733016214,
                        1639
                    ],
                    [
                        138.3331875234847,
                        35.605509429603266,
                        1637
                    ],
                    [
                        138.33304289401642,
                        35.60571249075042,
                        1642
                    ],
                    [
                        138.33282077320925,
                        35.605961437565846,
                        1642
                    ],
                    [
                        138.3326738771197,
                        35.606197584719006,
                        1641
                    ],
                    [
                        138.33259304960052,
                        35.606414257935114,
                        1640
                    ],
                    [
                        138.33243226222555,
                        35.60665728584972,
                        1635
                    ],
                    [
                        138.3322875494822,
                        35.606842915521675,
                        1630
                    ],
                    [
                        138.33216525350815,
                        35.60693061743485,
                        1621
                    ],
                    [
                        138.33202012336253,
                        35.60700711594733,
                        1612
                    ],
                    [
                        138.33185681792952,
                        35.60708648740642,
                        1608
                    ],
                    [
                        138.33176750658814,
                        35.60717256352131,
                        1603
                    ],
                    [
                        138.33157031476514,
                        35.60724410581045,
                        1598
                    ],
                    [
                        138.33137633183077,
                        35.607492058614284,
                        1595
                    ],
                    [
                        138.33119070199135,
                        35.607638156381405,
                        1595
                    ],
                    [
                        138.331022164559,
                        35.60784498405332,
                        1592
                    ],
                    [
                        138.33087180732636,
                        35.60798551679736,
                        1591
                    ],
                    [
                        138.33074430602352,
                        35.6081244263741,
                        1590
                    ],
                    [
                        138.3305684565264,
                        35.60815081100048,
                        1603
                    ],
                    [
                        138.33041779204697,
                        35.608058376093574,
                        1611
                    ],
                    [
                        138.3302791547979,
                        35.6081492780473,
                        1617
                    ],
                    [
                        138.33017796139822,
                        35.60818779844094,
                        1633
                    ],
                    [
                        138.32997784357937,
                        35.60818980294596,
                        1638
                    ],
                    [
                        138.32983705483394,
                        35.608184005597764,
                        1645
                    ],
                    [
                        138.3297231685164,
                        35.60827961558136,
                        1654
                    ],
                    [
                        138.32961314924563,
                        35.608438693444654,
                        1663
                    ],
                    [
                        138.32971422934185,
                        35.60855671389835,
                        1662
                    ],
                    [
                        138.3295902171424,
                        35.60872239567721,
                        1662
                    ],
                    [
                        138.3294493710643,
                        35.60892413604428,
                        1659
                    ],
                    [
                        138.32925607475502,
                        35.60913583366928,
                        1655
                    ],
                    [
                        138.32909029342966,
                        35.60926564092204,
                        1656
                    ],
                    [
                        138.32895479152958,
                        35.60939707359741,
                        1662
                    ],
                    [
                        138.32876191722377,
                        35.6095758069854,
                        1672
                    ],
                    [
                        138.328575660038,
                        35.60956369881079,
                        1678
                    ],
                    [
                        138.32836469768372,
                        35.60949097652723,
                        1681
                    ],
                    [
                        138.328204697313,
                        35.60947182668133,
                        1688
                    ],
                    [
                        138.32799469537142,
                        35.60942553967504,
                        1692
                    ],
                    [
                        138.32796353619838,
                        35.60955917266559,
                        1707
                    ],
                    [
                        138.32796298508617,
                        35.60975385856085,
                        1715
                    ],
                    [
                        138.3280164012309,
                        35.60993951518553,
                        1713
                    ],
                    [
                        138.3279229690968,
                        35.61014746099847,
                        1716
                    ],
                    [
                        138.3280061161285,
                        35.61037191354065,
                        1720
                    ],
                    [
                        138.328091471574,
                        35.610487416971516,
                        1719
                    ],
                    [
                        138.3280866692329,
                        35.61073522413339,
                        1724
                    ],
                    [
                        138.32813434524306,
                        35.61095523627717,
                        1728
                    ],
                    [
                        138.3281276363795,
                        35.611159095787976,
                        1734
                    ],
                    [
                        138.3280694968968,
                        35.61136175191556,
                        1742
                    ],
                    [
                        138.32812057870186,
                        35.611576923913645,
                        1745
                    ],
                    [
                        138.32816011811332,
                        35.61177062794773,
                        1747
                    ],
                    [
                        138.32804207119983,
                        35.611977950487535,
                        1747
                    ],
                    [
                        138.32795838185137,
                        35.612153615780365,
                        1741
                    ],
                    [
                        138.32797736118619,
                        35.61227662909077,
                        1737
                    ],
                    [
                        138.32806671800222,
                        35.61241757487484,
                        1727
                    ],
                    [
                        138.32816676569493,
                        35.612581739035846,
                        1718
                    ],
                    [
                        138.32832028024927,
                        35.61278618894989,
                        1711
                    ],
                    [
                        138.32843366509525,
                        35.61298685980275,
                        1702
                    ],
                    [
                        138.32845075115782,
                        35.613225000356934,
                        1697
                    ],
                    [
                        138.32848243011932,
                        35.61347176806084,
                        1697
                    ],
                    [
                        138.3285844329629,
                        35.61366730266113,
                        1689
                    ],
                    [
                        138.3287515213426,
                        35.61386118837957,
                        1685
                    ],
                    [
                        138.32887056035494,
                        35.61415292085988,
                        1681
                    ],
                    [
                        138.32900360887055,
                        35.61437146794335,
                        1681
                    ],
                    [
                        138.32905280674828,
                        35.61454881880147,
                        1688
                    ],
                    [
                        138.3290228734082,
                        35.614800271631154,
                        1692
                    ],
                    [
                        138.32899364499318,
                        35.614995709154364,
                        1691
                    ],
                    [
                        138.32899983861887,
                        35.615277453458376,
                        1695
                    ],
                    [
                        138.32890447423145,
                        35.61552298748923,
                        1700
                    ],
                    [
                        138.3287430417495,
                        35.61573657734876,
                        1700
                    ],
                    [
                        138.32860150944268,
                        35.61590496317635,
                        1702
                    ],
                    [
                        138.3285153316278,
                        35.61609652401357,
                        1710
                    ],
                    [
                        138.32843013624438,
                        35.616328614973916,
                        1714
                    ],
                    [
                        138.32831389729762,
                        35.616546752810606,
                        1719
                    ],
                    [
                        138.32828879185752,
                        35.61682049221616,
                        1719
                    ],
                    [
                        138.32826365044025,
                        35.617098845073606,
                        1722
                    ],
                    [
                        138.3283564219702,
                        35.617348225007326,
                        1723
                    ],
                    [
                        138.32844241117243,
                        35.61761630780411,
                        1727
                    ],
                    [
                        138.32855936136178,
                        35.61775109141025,
                        1731
                    ],
                    [
                        138.3286367563363,
                        35.61791189194289,
                        1736
                    ],
                    [
                        138.32861009509645,
                        35.61811226765902,
                        1739
                    ],
                    [
                        138.32856061709944,
                        35.618331220367686,
                        1749
                    ],
                    [
                        138.3288033550886,
                        35.61838239895388,
                        1751
                    ],
                    [
                        138.32889013403832,
                        35.61864311298103,
                        1755
                    ],
                    [
                        138.32895660222195,
                        35.61896489441649,
                        1757
                    ],
                    [
                        138.3290673928588,
                        35.61922814737304,
                        1754
                    ],
                    [
                        138.32908457719003,
                        35.61954173635493,
                        1753
                    ],
                    [
                        138.32905916767277,
                        35.61984490804656,
                        1751
                    ],
                    [
                        138.32903194647147,
                        35.62011801705172,
                        1746
                    ],
                    [
                        138.32898681143456,
                        35.62035168779439,
                        1750
                    ],
                    [
                        138.32904025986713,
                        35.6206961793625,
                        1750
                    ],
                    [
                        138.3289955091969,
                        35.62100238587291,
                        1748
                    ],
                    [
                        138.328943826365,
                        35.621251292930104,
                        1742
                    ],
                    [
                        138.32914468220295,
                        35.6215295555202,
                        1739
                    ],
                    [
                        138.32927002695263,
                        35.62181280831974,
                        1742
                    ],
                    [
                        138.32947390699755,
                        35.622113577787374,
                        1741
                    ],
                    [
                        138.3297276584077,
                        35.62236575845248,
                        1732
                    ],
                    [
                        138.32991051363868,
                        35.622627175512484,
                        1727
                    ],
                    [
                        138.33000186224444,
                        35.62296042860634,
                        1727
                    ],
                    [
                        138.33018385915994,
                        35.62324138737724,
                        1721
                    ],
                    [
                        138.33031083647194,
                        35.62351392455438,
                        1722
                    ],
                    [
                        138.33041547774764,
                        35.62380944725322,
                        1721
                    ],
                    [
                        138.3305173848052,
                        35.62403168244924,
                        1725
                    ],
                    [
                        138.3306818328468,
                        35.62424760630504,
                        1727
                    ],
                    [
                        138.33093625348772,
                        35.62447149759393,
                        1732
                    ],
                    [
                        138.33112168171482,
                        35.62468931636674,
                        1732
                    ],
                    [
                        138.33128911237856,
                        35.624930099927774,
                        1734
                    ],
                    [
                        138.33132202150682,
                        35.62518990065815,
                        1732
                    ],
                    [
                        138.33125504978815,
                        35.6254098013602,
                        1726
                    ],
                    [
                        138.33130556665688,
                        35.62560641908214,
                        1722
                    ],
                    [
                        138.33146309482308,
                        35.62585348520978,
                        1714
                    ],
                    [
                        138.33150674101765,
                        35.62610786245674,
                        1707
                    ],
                    [
                        138.3315172020421,
                        35.62636134203339,
                        1707
                    ],
                    [
                        138.33145321261833,
                        35.626542917165935,
                        1719
                    ],
                    [
                        138.33145872388707,
                        35.6268016846813,
                        1716
                    ],
                    [
                        138.33151879332988,
                        35.62702699152008,
                        1713
                    ],
                    [
                        138.33152968478223,
                        35.62721364386391,
                        1707
                    ],
                    [
                        138.3317353177594,
                        35.6273728703941,
                        1696
                    ],
                    [
                        138.331570032606,
                        35.627642206320566,
                        1697
                    ],
                    [
                        138.33137124052493,
                        35.62787035089393,
                        1699
                    ],
                    [
                        138.33152952188345,
                        35.62805208191329,
                        1694
                    ],
                    [
                        138.3317787882067,
                        35.62805465614421,
                        1687
                    ],
                    [
                        138.33166527688238,
                        35.62819889074435,
                        1687
                    ],
                    [
                        138.33168302442317,
                        35.628370790389354,
                        1695
                    ],
                    [
                        138.33179301911073,
                        35.62855843293562,
                        1704
                    ],
                    [
                        138.33194766841854,
                        35.62880745091076,
                        1710
                    ],
                    [
                        138.33204768733933,
                        35.629052942002986,
                        1706
                    ],
                    [
                        138.33207850267846,
                        35.62922194776418,
                        1715
                    ],
                    [
                        138.33203052130892,
                        35.62935820399688,
                        1719
                    ],
                    [
                        138.33206833752766,
                        35.62954069851886,
                        1731
                    ],
                    [
                        138.33202905330586,
                        35.62972794901647,
                        1738
                    ],
                    [
                        138.3320576423287,
                        35.62989938686498,
                        1747
                    ],
                    [
                        138.3321295833623,
                        35.63004118493823,
                        1753
                    ],
                    [
                        138.33216355782994,
                        35.63021355852371,
                        1762
                    ],
                    [
                        138.3321257035496,
                        35.63036820501421,
                        1767
                    ],
                    [
                        138.33234366558764,
                        35.630478734775664,
                        1776
                    ],
                    [
                        138.33245118486687,
                        35.63052211742997,
                        1780
                    ],
                    [
                        138.33258804288297,
                        35.63067549831756,
                        1786
                    ],
                    [
                        138.33269165149198,
                        35.630825810237425,
                        1796
                    ],
                    [
                        138.3327392455672,
                        35.63098337454768,
                        1803
                    ],
                    [
                        138.33288278048028,
                        35.631125913375,
                        1814
                    ],
                    [
                        138.33307793660907,
                        35.63127665135643,
                        1819
                    ],
                    [
                        138.33322214032935,
                        35.63142126861727,
                        1826
                    ],
                    [
                        138.33333226513608,
                        35.63156737925326,
                        1839
                    ],
                    [
                        138.33342454068202,
                        35.63175622270895,
                        1844
                    ],
                    [
                        138.33352166409202,
                        35.6318246791419,
                        1842
                    ],
                    [
                        138.3336147681694,
                        35.6321851899803,
                        1845
                    ],
                    [
                        138.33370181942286,
                        35.63261371246004,
                        1836
                    ],
                    [
                        138.3338562819521,
                        35.63284725553864,
                        1823
                    ],
                    [
                        138.33414185193513,
                        35.63300380432853,
                        1810
                    ],
                    [
                        138.3345090282802,
                        35.63335374385787,
                        1802
                    ],
                    [
                        138.33467903031405,
                        35.633604344758496,
                        1801
                    ],
                    [
                        138.33494008838957,
                        35.63401711494405,
                        1793
                    ],
                    [
                        138.33524175816842,
                        35.63431597320479,
                        1786
                    ],
                    [
                        138.33550883243564,
                        35.63458048372455,
                        1782
                    ],
                    [
                        138.33585095161905,
                        35.63497272022716,
                        1775
                    ],
                    [
                        138.33599035218356,
                        35.63527608934307,
                        1773
                    ],
                    [
                        138.3359548648417,
                        35.63537322847561,
                        1767
                    ],
                    [
                        138.3360700333171,
                        35.63568070134724,
                        1777
                    ],
                    [
                        138.33619679937527,
                        35.635973254946,
                        1783
                    ],
                    [
                        138.33642081667153,
                        35.63627159332419,
                        1785
                    ],
                    [
                        138.3365461017207,
                        35.63661151630663,
                        1782
                    ],
                    [
                        138.33660200873356,
                        35.63697282554057,
                        1774
                    ],
                    [
                        138.3365010289434,
                        35.63735715730461,
                        1771
                    ],
                    [
                        138.33686613761532,
                        35.637445702266646,
                        1770
                    ],
                    [
                        138.33733545226806,
                        35.637311187838876,
                        1758
                    ],
                    [
                        138.33791240335339,
                        35.63742394279551,
                        1748
                    ],
                    [
                        138.3381551845294,
                        35.63771542687826,
                        1739
                    ],
                    [
                        138.33843350520934,
                        35.63813836471462,
                        1729
                    ],
                    [
                        138.33856618435863,
                        35.638522416002075,
                        1721
                    ],
                    [
                        138.3387021216665,
                        35.63882983070579,
                        1714
                    ],
                    [
                        138.33891172235133,
                        35.63912070107675,
                        1699
                    ],
                    [
                        138.3390299116259,
                        35.6387307010399,
                        1698
                    ],
                    [
                        138.3392503730961,
                        35.63830004713395,
                        1689
                    ],
                    [
                        138.33952543775777,
                        35.63792143917229,
                        1678
                    ],
                    [
                        138.33957010973393,
                        35.637451968261445,
                        1662
                    ],
                    [
                        138.3396277244225,
                        35.63701725937519,
                        1654
                    ],
                    [
                        138.33978162530286,
                        35.63659444609324,
                        1645
                    ],
                    [
                        138.34005774528194,
                        35.63698011869064,
                        1630
                    ],
                    [
                        138.34026054578842,
                        35.63737680251158,
                        1616
                    ],
                    [
                        138.34043152079607,
                        35.637906286590955,
                        1606
                    ],
                    [
                        138.34071204300514,
                        35.63837545371698,
                        1597
                    ],
                    [
                        138.34113326724142,
                        35.63859259864747,
                        1581
                    ],
                    [
                        138.3416330383855,
                        35.638528827414945,
                        1574
                    ],
                    [
                        138.3422443491152,
                        35.63841171142087,
                        1561
                    ],
                    [
                        138.34212691292998,
                        35.63808709903865,
                        1552
                    ],
                    [
                        138.34189087303338,
                        35.63778600382377,
                        1542
                    ],
                    [
                        138.3421759466723,
                        35.63744362698895,
                        1530
                    ],
                    [
                        138.34271972824146,
                        35.637204413337,
                        1515
                    ],
                    [
                        138.34333592278097,
                        35.63724894782035,
                        1505
                    ],
                    [
                        138.34372532449996,
                        35.63716575701728,
                        1499
                    ],
                    [
                        138.34349147754997,
                        35.63674265027358,
                        1490
                    ],
                    [
                        138.34302272814514,
                        35.63644528310323,
                        1479
                    ],
                    [
                        138.34308745105633,
                        35.636210983528315,
                        1471
                    ],
                    [
                        138.3436101710498,
                        35.63621719664578,
                        1459
                    ],
                    [
                        138.3441735246219,
                        35.636268869422786,
                        1446
                    ],
                    [
                        138.34470908285076,
                        35.63635866676213,
                        1437
                    ],
                    [
                        138.34522212757787,
                        35.63642269450527,
                        1430
                    ],
                    [
                        138.3453697737048,
                        35.636273309124434,
                        1419
                    ],
                    [
                        138.34545793012435,
                        35.6359594348686,
                        1410
                    ],
                    [
                        138.34561387788438,
                        35.63571399019465,
                        1386
                    ],
                    [
                        138.34534474001083,
                        35.635562721720774,
                        1382
                    ],
                    [
                        138.3448553247603,
                        35.635536636184916,
                        1385
                    ],
                    [
                        138.34451131723858,
                        35.63547838424675,
                        1386
                    ],
                    [
                        138.34485414899535,
                        35.63549549171122,
                        1385
                    ],
                    [
                        138.34528414708905,
                        35.63546066153254,
                        1382
                    ],
                    [
                        138.34547681778372,
                        35.6355242279696,
                        1385
                    ],
                    [
                        138.34587304023634,
                        35.63545610863348,
                        1379
                    ],
                    [
                        138.34623104652152,
                        35.63527004582379,
                        1377
                    ],
                    [
                        138.3466129997533,
                        35.63513455674056,
                        1372
                    ],
                    [
                        138.34672259628934,
                        35.6350785679727,
                        1371
                    ],
                    [
                        138.34730636159134,
                        35.635071603538194,
                        1367
                    ],
                    [
                        138.3478300575783,
                        35.634949151744735,
                        1368
                    ],
                    [
                        138.34819367412095,
                        35.63458626575869,
                        1364
                    ],
                    [
                        138.34852479415247,
                        35.63418656113607,
                        1355
                    ],
                    [
                        138.34899092027698,
                        35.63401029727624,
                        1351
                    ],
                    [
                        138.34949088288988,
                        35.63421243182209,
                        1346
                    ],
                    [
                        138.34956374234378,
                        35.6340034826004,
                        1340
                    ],
                    [
                        138.34905230303812,
                        35.633855120094125,
                        1338
                    ],
                    [
                        138.34849094621111,
                        35.63394827684537,
                        1332
                    ],
                    [
                        138.34804240647625,
                        35.63416053760139,
                        1326
                    ],
                    [
                        138.34769534370665,
                        35.634551852681874,
                        1325
                    ],
                    [
                        138.34706994105198,
                        35.63443662012181,
                        1331
                    ],
                    [
                        138.34666341270446,
                        35.63412134226515,
                        1328
                    ],
                    [
                        138.34646509012896,
                        35.63368172464249,
                        1321
                    ],
                    [
                        138.3459941537759,
                        35.63338271660353,
                        1313
                    ],
                    [
                        138.34614706848083,
                        35.633018294757484,
                        1306
                    ],
                    [
                        138.34676263305636,
                        35.633140332778225,
                        1301
                    ],
                    [
                        138.34710555405243,
                        35.63359507994382,
                        1298
                    ],
                    [
                        138.3475548923445,
                        35.63361394437776,
                        1297
                    ],
                    [
                        138.34808775773755,
                        35.63338703880669,
                        1291
                    ],
                    [
                        138.34859180045777,
                        35.63314424486955,
                        1282
                    ],
                    [
                        138.34906532216496,
                        35.63293224570251,
                        1277
                    ],
                    [
                        138.34964542228795,
                        35.632976676683874,
                        1272
                    ],
                    [
                        138.35022491628047,
                        35.633159023762914,
                        1270
                    ],
                    [
                        138.3505441324863,
                        35.633581714175264,
                        1269
                    ],
                    [
                        138.350884096586,
                        35.63407856423099,
                        1261
                    ],
                    [
                        138.3511109985665,
                        35.634450781982395,
                        1256
                    ],
                    [
                        138.35156543602866,
                        35.63441620364668,
                        1254
                    ],
                    [
                        138.35212287613462,
                        35.63425252646691,
                        1246
                    ],
                    [
                        138.35263448762535,
                        35.63405159363178,
                        1241
                    ],
                    [
                        138.3531461981572,
                        35.634180585434564,
                        1239
                    ],
                    [
                        138.35352423699499,
                        35.634349815101416,
                        1234
                    ],
                    [
                        138.35390376115888,
                        35.63453460914073,
                        1231
                    ],
                    [
                        138.35378944407594,
                        35.6348883063344,
                        1226
                    ],
                    [
                        138.3534757881454,
                        35.635267746813405,
                        1229
                    ],
                    [
                        138.3533276847403,
                        35.63566521371086,
                        1227
                    ],
                    [
                        138.35337331697013,
                        35.636111263119375,
                        1225
                    ],
                    [
                        138.35363835604966,
                        35.63652883880522,
                        1217
                    ],
                    [
                        138.35390775776148,
                        35.63677517487499,
                        1210
                    ],
                    [
                        138.35403489521494,
                        35.63699993831749,
                        1206
                    ],
                    [
                        138.3542723625548,
                        35.63741141744447,
                        1201
                    ],
                    [
                        138.35417117966762,
                        35.63776264135017,
                        1198
                    ],
                    [
                        138.35446559704678,
                        35.63751441024829,
                        1197
                    ],
                    [
                        138.35426845923496,
                        35.637060187812864,
                        1193
                    ],
                    [
                        138.3539762527279,
                        35.63664293038165,
                        1194
                    ],
                    [
                        138.35378262005617,
                        35.63619876935106,
                        1196
                    ],
                    [
                        138.35375252764055,
                        35.63571969568445,
                        1196
                    ],
                    [
                        138.35404715390717,
                        35.63540549475875,
                        1196
                    ],
                    [
                        138.35456687389484,
                        35.635286159159534,
                        1179
                    ],
                    [
                        138.3549171911121,
                        35.63517433628451,
                        1177
                    ],
                    [
                        138.35525082775774,
                        35.634981392486836,
                        1173
                    ],
                    [
                        138.35552291593828,
                        35.63474387323467,
                        1172
                    ],
                    [
                        138.35576633572424,
                        35.634412465825804,
                        1161
                    ],
                    [
                        138.35535462836842,
                        35.63407707679678,
                        1157
                    ],
                    [
                        138.35497172357205,
                        35.63374410654919,
                        1151
                    ],
                    [
                        138.35478316997765,
                        35.63332517950163,
                        1148
                    ],
                    [
                        138.35440242527466,
                        35.63301388062065,
                        1143
                    ],
                    [
                        138.35386926397481,
                        35.63310414210194,
                        1138
                    ],
                    [
                        138.35334834475512,
                        35.63296364331534,
                        1136
                    ],
                    [
                        138.3528644025374,
                        35.63280310491189,
                        1133
                    ],
                    [
                        138.3523664690028,
                        35.632971592287035,
                        1133
                    ],
                    [
                        138.35196046031137,
                        35.63278343900741,
                        1142
                    ],
                    [
                        138.35184071784738,
                        35.63236968963731,
                        1129
                    ],
                    [
                        138.35177625304306,
                        35.63190731930122,
                        1118
                    ],
                    [
                        138.35142190788062,
                        35.63167729577596,
                        1115
                    ],
                    [
                        138.35102758460692,
                        35.631527264099574,
                        1111
                    ],
                    [
                        138.35072010847495,
                        35.63133253817751,
                        1107
                    ],
                    [
                        138.35028544984715,
                        35.63125847269716,
                        1105
                    ],
                    [
                        138.34990498310222,
                        35.63115600367917,
                        1101
                    ],
                    [
                        138.3495601090828,
                        35.63098030811758,
                        1103
                    ],
                    [
                        138.3495873515975,
                        35.63080357707553,
                        1100
                    ],
                    [
                        138.34970540439983,
                        35.63053548802551,
                        1101
                    ],
                    [
                        138.34980155714578,
                        35.63028917648735,
                        1099
                    ],
                    [
                        138.35020094660138,
                        35.62991369332493,
                        1101
                    ],
                    [
                        138.35078029312314,
                        35.629723612367606,
                        1092
                    ],
                    [
                        138.35127942267027,
                        35.62969561418791,
                        1088
                    ],
                    [
                        138.35094939391502,
                        35.63005396404585,
                        1082
                    ],
                    [
                        138.3512367906833,
                        35.630148827168775,
                        1080
                    ],
                    [
                        138.35173065385746,
                        35.62985357570284,
                        1076
                    ],
                    [
                        138.35171531792466,
                        35.630359932290126,
                        1063
                    ],
                    [
                        138.35181719629736,
                        35.63051071496425,
                        1057
                    ],
                    [
                        138.35192842633364,
                        35.630444150552975,
                        1055
                    ],
                    [
                        138.35213463374163,
                        35.63015989102183,
                        1053
                    ],
                    [
                        138.35249196090288,
                        35.63000153519678,
                        1050
                    ],
                    [
                        138.35285585438118,
                        35.629886435232706,
                        1052
                    ],
                    [
                        138.3531561507616,
                        35.629694036987864,
                        1049
                    ],
                    [
                        138.35331701540662,
                        35.629342811368964,
                        1050
                    ],
                    [
                        138.3533496953034,
                        35.62964061596299,
                        1042
                    ],
                    [
                        138.3531529855885,
                        35.63004457090436,
                        1043
                    ],
                    [
                        138.35294733721102,
                        35.63037124906978,
                        1039
                    ],
                    [
                        138.35272902810723,
                        35.63059165559862,
                        1033
                    ],
                    [
                        138.3525013491577,
                        35.6308302981961,
                        1034
                    ],
                    [
                        138.35254473005617,
                        35.63104865549625,
                        1030
                    ],
                    [
                        138.35294744541645,
                        35.63112902838549,
                        1028
                    ],
                    [
                        138.35349392140802,
                        35.631166856625946,
                        1029
                    ],
                    [
                        138.35398081386552,
                        35.63121758310751,
                        1028
                    ],
                    [
                        138.35455109821453,
                        35.63126165619351,
                        1023
                    ],
                    [
                        138.35504528015215,
                        35.63141205071819,
                        1020
                    ],
                    [
                        138.35556363295834,
                        35.63167214928538,
                        1010
                    ],
                    [
                        138.3559698580615,
                        35.63207626415612,
                        1008
                    ],
                    [
                        138.35636364328042,
                        35.63230311012329,
                        1004
                    ],
                    [
                        138.35682187440725,
                        35.63267309533043,
                        1007
                    ],
                    [
                        138.35737896166302,
                        35.632913249428015,
                        1005
                    ],
                    [
                        138.35777571985673,
                        35.63320299220226,
                        997
                    ],
                    [
                        138.3581358094311,
                        35.63336882049469,
                        993
                    ],
                    [
                        138.35854682727282,
                        35.63350367598067,
                        986
                    ],
                    [
                        138.35891958206554,
                        35.63374244665289,
                        986
                    ],
                    [
                        138.35945134970478,
                        35.63396043089492,
                        987
                    ],
                    [
                        138.35996108803727,
                        35.63421504465094,
                        978
                    ],
                    [
                        138.36057040498847,
                        35.63439070438323,
                        973
                    ],
                    [
                        138.3610454680848,
                        35.63467855438571,
                        973
                    ],
                    [
                        138.3615045075245,
                        35.63495018585766,
                        969
                    ],
                    [
                        138.3618830112064,
                        35.634798532248986,
                        962
                    ],
                    [
                        138.36197095311087,
                        35.63430943120024,
                        961
                    ],
                    [
                        138.36146655012547,
                        35.63412225330803,
                        955
                    ],
                    [
                        138.3608459661629,
                        35.63411713128004,
                        950
                    ],
                    [
                        138.36025378849797,
                        35.633971426778366,
                        951
                    ],
                    [
                        138.3596996924413,
                        35.6336446740334,
                        943
                    ],
                    [
                        138.35919615053362,
                        35.63328788703306,
                        937
                    ],
                    [
                        138.35873604698466,
                        35.632966230654965,
                        935
                    ],
                    [
                        138.35865848437592,
                        35.632757676024,
                        934
                    ],
                    [
                        138.35851465992536,
                        35.63240287033063,
                        931
                    ],
                    [
                        138.35904250207844,
                        35.632532032532936,
                        921
                    ],
                    [
                        138.35959351925726,
                        35.63266349081483,
                        915
                    ],
                    [
                        138.3601307956794,
                        35.63276853456033,
                        908
                    ],
                    [
                        138.3606614170036,
                        35.63277149425256,
                        900
                    ],
                    [
                        138.361175203693,
                        35.63279217719699,
                        890
                    ],
                    [
                        138.36178678696422,
                        35.63279058854955,
                        883
                    ],
                    [
                        138.36217824662597,
                        35.632807407170226,
                        881
                    ]
                ]
            }
        }
    ]
}