{
    "type": "FeatureCollection",
    "features": [
        {
            "type": "Feature",
            "properties": {
                "name": "20250802",
                "time": "2025-08-01T21:30:33Z",
                "coordTimes": [
                    "2025-08-01T21:30:33Z",
                    "2025-08-01T21:30:55Z",
                    "2025-08-01T21:32:44Z",
                    "2025-08-01T21:33:10Z",
                    "2025-08-01T21:33:38Z",
                    "2025-08-01T21:34:12Z",
                    "2025-08-01T21:34:44Z",
                    "2025-08-01T21:35:15Z",
                    "2025-08-01T21:35:41Z",
                    "2025-08-01T21:36:08Z",
                    "2025-08-01T21:36:45Z",
                    "2025-08-01T21:37:15Z",
                    "2025-08-01T21:37:46Z",
                    "2025-08-01T21:38:14Z",
                    "2025-08-01T21:38:41Z",
                    "2025-08-01T21:39:08Z",
                    "2025-08-01T21:39:34Z",
                    "2025-08-01T21:40:01Z",
                    "2025-08-01T21:40:26Z",
                    "2025-08-01T21:41:01Z",
                    "2025-08-01T21:41:35Z",
                    "2025-08-01T21:42:06Z",
                    "2025-08-01T21:42:34Z",
                    "2025-08-01T21:43:15Z",
                    "2025-08-01T21:43:54Z",
                    "2025-08-01T21:44:37Z",
                    "2025-08-01T21:45:22Z",
                    "2025-08-01T21:46:02Z",
                    "2025-08-01T21:46:37Z",
                    "2025-08-01T21:47:05Z",
                    "2025-08-01T21:47:39Z",
                    "2025-08-01T21:48:13Z",
                    "2025-08-01T21:48:45Z",
                    "2025-08-01T21:49:23Z",
                    "2025-08-01T21:49:55Z",
                    "2025-08-01T21:50:28Z",
                    "2025-08-01T21:51:05Z",
                    "2025-08-01T21:51:36Z",
                    "2025-08-01T21:52:12Z",
                    "2025-08-01T21:52:44Z",
                    "2025-08-01T21:53:18Z",
                    "2025-08-01T21:53:48Z",
                    "2025-08-01T21:54:19Z",
                    "2025-08-01T21:54:49Z",
                    "2025-08-01T21:55:20Z",
                    "2025-08-01T21:55:54Z",
                    "2025-08-01T21:56:31Z",
                    "2025-08-01T21:57:02Z",
                    "2025-08-01T21:57:32Z",
                    "2025-08-01T21:57:59Z",
                    "2025-08-01T21:58:27Z",
                    "2025-08-01T21:58:57Z",
                    "2025-08-01T21:59:34Z",
                    "2025-08-01T22:00:07Z",
                    "2025-08-01T22:00:39Z",
                    "2025-08-01T22:01:14Z",
                    "2025-08-01T22:01:44Z",
                    "2025-08-01T22:02:19Z",
                    "2025-08-01T22:02:53Z",
                    "2025-08-01T22:03:26Z",
                    "2025-08-01T22:03:58Z",
                    "2025-08-01T22:04:28Z",
                    "2025-08-01T22:04:59Z",
                    "2025-08-01T22:05:31Z",
                    "2025-08-01T22:06:00Z",
                    "2025-08-01T22:06:32Z",
                    "2025-08-01T22:07:05Z",
                    "2025-08-01T22:07:40Z",
                    "2025-08-01T22:08:14Z",
                    "2025-08-01T22:08:47Z",
                    "2025-08-01T22:09:30Z",
                    "2025-08-01T22:10:02Z",
                    "2025-08-01T22:10:35Z",
                    "2025-08-01T22:11:12Z",
                    "2025-08-01T22:11:46Z",
                    "2025-08-01T22:12:21Z",
                    "2025-08-01T22:12:54Z",
                    "2025-08-01T22:13:32Z",
                    "2025-08-01T22:14:12Z",
                    "2025-08-01T22:14:52Z",
                    "2025-08-01T22:15:24Z",
                    "2025-08-01T22:16:06Z",
                    "2025-08-01T22:16:44Z",
                    "2025-08-01T22:17:21Z",
                    "2025-08-01T22:17:55Z",
                    "2025-08-01T22:18:23Z",
                    "2025-08-01T22:18:57Z",
                    "2025-08-01T22:19:31Z",
                    "2025-08-01T22:20:05Z",
                    "2025-08-01T22:20:33Z",
                    "2025-08-01T22:21:08Z",
                    "2025-08-01T22:21:45Z",
                    "2025-08-01T22:22:20Z",
                    "2025-08-01T22:23:13Z",
                    "2025-08-01T22:23:53Z",
                    "2025-08-01T22:24:26Z",
                    "2025-08-01T22:25:04Z",
                    "2025-08-01T22:25:53Z",
                    "2025-08-01T22:26:27Z",
                    "2025-08-01T22:27:07Z",
                    "2025-08-01T22:27:38Z",
                    "2025-08-01T22:28:18Z",
                    "2025-08-01T22:28:52Z",
                    "2025-08-01T22:29:34Z",
                    "2025-08-01T22:30:25Z",
                    "2025-08-01T22:31:01Z",
                    "2025-08-01T22:31:30Z",
                    "2025-08-01T22:32:02Z",
                    "2025-08-01T22:32:57Z",
                    "2025-08-01T22:33:31Z",
                    "2025-08-01T22:35:03Z",
                    "2025-08-01T22:35:40Z",
                    "2025-08-01T22:36:27Z",
                    "2025-08-01T22:37:10Z",
                    "2025-08-01T22:38:16Z",
                    "2025-08-01T22:43:45Z",
                    "2025-08-01T22:49:21Z",
                    "2025-08-01T22:49:53Z",
                    "2025-08-01T22:50:53Z",
                    "2025-08-01T22:51:25Z",
                    "2025-08-01T22:52:27Z",
                    "2025-08-01T22:53:30Z",
                    "2025-08-01T22:54:01Z",
                    "2025-08-01T22:54:40Z",
                    "2025-08-01T22:55:30Z",
                    "2025-08-01T22:56:14Z",
                    "2025-08-01T22:57:03Z",
                    "2025-08-01T22:57:38Z",
                    "2025-08-01T22:58:11Z",
                    "2025-08-01T22:58:45Z",
                    "2025-08-01T22:59:21Z",
                    "2025-08-01T22:59:58Z",
                    "2025-08-01T23:00:36Z",
                    "2025-08-01T23:01:16Z",
                    "2025-08-01T23:01:54Z",
                    "2025-08-01T23:02:25Z",
                    "2025-08-01T23:02:55Z",
                    "2025-08-01T23:03:26Z",
                    "2025-08-01T23:03:57Z",
                    "2025-08-01T23:04:46Z",
                    "2025-08-01T23:06:25Z",
                    "2025-08-01T23:06:53Z",
                    "2025-08-01T23:07:28Z",
                    "2025-08-01T23:08:07Z",
                    "2025-08-01T23:08:48Z",
                    "2025-08-01T23:09:20Z",
                    "2025-08-01T23:09:52Z",
                    "2025-08-01T23:10:20Z",
                    "2025-08-01T23:10:49Z",
                    "2025-08-01T23:11:21Z",
                    "2025-08-01T23:12:01Z",
                    "2025-08-01T23:12:37Z",
                    "2025-08-01T23:13:04Z",
                    "2025-08-01T23:13:40Z",
                    "2025-08-01T23:14:17Z",
                    "2025-08-01T23:14:50Z",
                    "2025-08-01T23:15:20Z",
                    "2025-08-01T23:15:50Z",
                    "2025-08-01T23:16:20Z",
                    "2025-08-01T23:16:51Z",
                    "2025-08-01T23:17:24Z",
                    "2025-08-01T23:17:55Z",
                    "2025-08-01T23:18:30Z",
                    "2025-08-01T23:19:03Z",
                    "2025-08-01T23:19:42Z",
                    "2025-08-01T23:20:23Z",
                    "2025-08-01T23:21:05Z",
                    "2025-08-01T23:21:46Z",
                    "2025-08-01T23:22:23Z",
                    "2025-08-01T23:23:01Z",
                    "2025-08-01T23:23:30Z",
                    "2025-08-01T23:23:59Z",
                    "2025-08-01T23:24:28Z",
                    "2025-08-01T23:24:58Z",
                    "2025-08-01T23:25:30Z",
                    "2025-08-01T23:26:29Z",
                    "2025-08-01T23:27:06Z",
                    "2025-08-01T23:27:42Z",
                    "2025-08-01T23:28:57Z",
                    "2025-08-01T23:29:44Z",
                    "2025-08-01T23:30:26Z",
                    "2025-08-01T23:31:21Z",
                    "2025-08-01T23:31:59Z",
                    "2025-08-01T23:32:43Z",
                    "2025-08-01T23:33:33Z",
                    "2025-08-01T23:34:31Z",
                    "2025-08-01T23:35:17Z",
                    "2025-08-01T23:35:57Z",
                    "2025-08-01T23:36:54Z",
                    "2025-08-01T23:37:23Z",
                    "2025-08-01T23:38:03Z",
                    "2025-08-01T23:38:48Z",
                    "2025-08-01T23:39:23Z",
                    "2025-08-01T23:40:05Z",
                    "2025-08-01T23:40:55Z",
                    "2025-08-01T23:41:28Z",
                    "2025-08-01T23:42:04Z",
                    "2025-08-01T23:42:50Z",
                    "2025-08-01T23:44:33Z",
                    "2025-08-01T23:45:09Z",
                    "2025-08-01T23:45:49Z",
                    "2025-08-01T23:46:26Z",
                    "2025-08-01T23:47:15Z",
                    "2025-08-01T23:48:06Z",
                    "2025-08-01T23:48:54Z",
                    "2025-08-01T23:49:28Z",
                    "2025-08-01T23:49:58Z",
                    "2025-08-01T23:50:56Z",
                    "2025-08-01T23:52:50Z",
                    "2025-08-01T23:53:18Z",
                    "2025-08-01T23:53:57Z",
                    "2025-08-01T23:54:28Z",
                    "2025-08-01T23:55:28Z",
                    "2025-08-01T23:56:00Z",
                    "2025-08-01T23:56:32Z",
                    "2025-08-01T23:57:07Z",
                    "2025-08-01T23:57:47Z",
                    "2025-08-01T23:58:23Z",
                    "2025-08-01T23:58:53Z",
                    "2025-08-01T23:59:25Z",
                    "2025-08-01T23:59:56Z",
                    "2025-08-02T00:00:29Z",
                    "2025-08-02T00:01:13Z",
                    "2025-08-02T00:01:56Z",
                    "2025-08-02T00:02:29Z",
                    "2025-08-02T00:03:02Z",
                    "2025-08-02T00:03:34Z",
                    "2025-08-02T00:04:08Z",
                    "2025-08-02T00:04:38Z",
                    "2025-08-02T00:05:10Z",
                    "2025-08-02T00:05:43Z",
                    "2025-08-02T00:06:12Z",
                    "2025-08-02T00:06:48Z",
                    "2025-08-02T00:07:27Z",
                    "2025-08-02T00:08:03Z",
                    "2025-08-02T00:08:39Z",
                    "2025-08-02T00:09:30Z",
                    "2025-08-02T00:10:06Z",
                    "2025-08-02T00:10:48Z",
                    "2025-08-02T00:12:36Z",
                    "2025-08-02T00:13:09Z",
                    "2025-08-02T00:13:53Z",
                    "2025-08-02T00:15:15Z",
                    "2025-08-02T00:15:51Z",
                    "2025-08-02T00:16:38Z",
                    "2025-08-02T00:17:51Z",
                    "2025-08-02T00:18:39Z",
                    "2025-08-02T00:19:24Z",
                    "2025-08-02T00:20:06Z",
                    "2025-08-02T00:21:04Z",
                    "2025-08-02T00:21:47Z",
                    "2025-08-02T00:22:35Z",
                    "2025-08-02T00:23:17Z",
                    "2025-08-02T00:23:55Z",
                    "2025-08-02T00:25:04Z",
                    "2025-08-02T00:25:57Z",
                    "2025-08-02T00:26:33Z",
                    "2025-08-02T00:27:21Z",
                    "2025-08-02T00:28:02Z",
                    "2025-08-02T00:28:42Z",
                    "2025-08-02T00:29:34Z",
                    "2025-08-02T00:30:27Z",
                    "2025-08-02T00:31:06Z",
                    "2025-08-02T00:32:09Z",
                    "2025-08-02T00:32:59Z",
                    "2025-08-02T00:33:41Z",
                    "2025-08-02T00:34:45Z",
                    "2025-08-02T00:45:51Z",
                    "2025-08-02T00:46:31Z",
                    "2025-08-02T00:57:49Z",
                    "2025-08-02T00:58:45Z",
                    "2025-08-02T00:59:29Z",
                    "2025-08-02T01:00:21Z",
                    "2025-08-02T01:01:18Z",
                    "2025-08-02T01:02:08Z",
                    "2025-08-02T01:02:45Z",
                    "2025-08-02T01:03:24Z",
                    "2025-08-02T01:03:59Z",
                    "2025-08-02T01:04:38Z",
                    "2025-08-02T01:05:28Z",
                    "2025-08-02T01:06:57Z",
                    "2025-08-02T01:07:36Z",
                    "2025-08-02T01:08:30Z",
                    "2025-08-02T01:09:25Z",
                    "2025-08-02T01:11:03Z",
                    "2025-08-02T01:12:04Z",
                    "2025-08-02T01:12:58Z",
                    "2025-08-02T01:14:05Z",
                    "2025-08-02T01:15:03Z",
                    "2025-08-02T01:16:12Z",
                    "2025-08-02T01:17:01Z",
                    "2025-08-02T01:18:21Z",
                    "2025-08-02T01:19:08Z",
                    "2025-08-02T01:20:19Z",
                    "2025-08-02T01:20:50Z",
                    "2025-08-02T01:21:37Z",
                    "2025-08-02T01:23:29Z",
                    "2025-08-02T01:24:49Z",
                    "2025-08-02T01:25:50Z",
                    "2025-08-02T01:27:00Z",
                    "2025-08-02T01:27:40Z",
                    "2025-08-02T01:28:39Z",
                    "2025-08-02T01:29:29Z",
                    "2025-08-02T01:30:05Z",
                    "2025-08-02T01:30:49Z",
                    "2025-08-02T01:31:49Z",
                    "2025-08-02T01:32:25Z",
                    "2025-08-02T01:33:25Z",
                    "2025-08-02T01:34:23Z",
                    "2025-08-02T01:35:14Z",
                    "2025-08-02T01:36:15Z",
                    "2025-08-02T01:36:48Z",
                    "2025-08-02T01:37:33Z",
                    "2025-08-02T01:38:21Z",
                    "2025-08-02T01:39:31Z",
                    "2025-08-02T01:40:30Z",
                    "2025-08-02T01:41:18Z",
                    "2025-08-02T01:41:54Z",
                    "2025-08-02T01:42:40Z",
                    "2025-08-02T01:43:44Z",
                    "2025-08-02T01:44:25Z",
                    "2025-08-02T01:45:13Z",
                    "2025-08-02T01:46:01Z",
                    "2025-08-02T01:46:46Z",
                    "2025-08-02T01:47:36Z",
                    "2025-08-02T01:48:34Z",
                    "2025-08-02T01:49:21Z",
                    "2025-08-02T01:50:38Z",
                    "2025-08-02T01:51:33Z",
                    "2025-08-02T01:52:23Z",
                    "2025-08-02T01:53:27Z",
                    "2025-08-02T01:54:17Z",
                    "2025-08-02T01:55:11Z",
                    "2025-08-02T01:56:17Z",
                    "2025-08-02T01:56:57Z",
                    "2025-08-02T01:58:23Z",
                    "2025-08-02T01:59:02Z",
                    "2025-08-02T02:00:03Z",
                    "2025-08-02T02:00:55Z",
                    "2025-08-02T02:01:48Z",
                    "2025-08-02T02:02:50Z",
                    "2025-08-02T02:03:29Z",
                    "2025-08-02T02:04:12Z",
                    "2025-08-02T02:04:54Z",
                    "2025-08-02T02:06:04Z",
                    "2025-08-02T02:06:41Z",
                    "2025-08-02T02:07:25Z",
                    "2025-08-02T02:07:55Z",
                    "2025-08-02T02:08:28Z",
                    "2025-08-02T02:09:10Z",
                    "2025-08-02T02:09:50Z",
                    "2025-08-02T02:12:28Z",
                    "2025-08-02T02:13:15Z",
                    "2025-08-02T02:14:47Z",
                    "2025-08-02T02:15:47Z",
                    "2025-08-02T02:17:04Z",
                    "2025-08-02T02:18:20Z",
                    "2025-08-02T02:19:04Z",
                    "2025-08-02T02:20:27Z",
                    "2025-08-02T02:23:20Z",
                    "2025-08-02T02:23:54Z",
                    "2025-08-02T02:24:38Z",
                    "2025-08-02T02:26:31Z",
                    "2025-08-02T02:27:15Z",
                    "2025-08-02T02:28:02Z",
                    "2025-08-02T02:28:49Z",
                    "2025-08-02T02:29:32Z",
                    "2025-08-02T02:30:57Z",
                    "2025-08-02T02:31:37Z",
                    "2025-08-02T02:32:21Z",
                    "2025-08-02T02:32:58Z",
                    "2025-08-02T02:43:22Z",
                    "2025-08-02T02:44:13Z",
                    "2025-08-02T02:45:04Z",
                    "2025-08-02T02:46:05Z",
                    "2025-08-02T02:46:56Z",
                    "2025-08-02T02:47:57Z",
                    "2025-08-02T02:48:50Z",
                    "2025-08-02T02:49:42Z",
                    "2025-08-02T02:50:45Z",
                    "2025-08-02T02:52:03Z",
                    "2025-08-02T02:52:30Z",
                    "2025-08-02T02:52:59Z",
                    "2025-08-02T02:53:29Z",
                    "2025-08-02T02:53:59Z",
                    "2025-08-02T02:54:47Z",
                    "2025-08-02T02:55:43Z",
                    "2025-08-02T02:56:36Z",
                    "2025-08-02T02:57:53Z",
                    "2025-08-02T02:58:23Z",
                    "2025-08-02T02:59:34Z",
                    "2025-08-02T03:00:09Z",
                    "2025-08-02T03:00:48Z",
                    "2025-08-02T03:01:20Z",
                    "2025-08-02T03:01:52Z",
                    "2025-08-02T03:02:38Z",
                    "2025-08-02T03:03:21Z",
                    "2025-08-02T03:04:11Z",
                    "2025-08-02T03:05:05Z",
                    "2025-08-02T03:05:52Z",
                    "2025-08-02T03:06:35Z",
                    "2025-08-02T03:07:12Z",
                    "2025-08-02T03:08:12Z",
                    "2025-08-02T03:09:02Z",
                    "2025-08-02T03:09:53Z",
                    "2025-08-02T03:10:48Z",
                    "2025-08-02T03:11:51Z",
                    "2025-08-02T03:12:43Z",
                    "2025-08-02T03:13:43Z",
                    "2025-08-02T03:14:25Z",
                    "2025-08-02T03:15:13Z",
                    "2025-08-02T03:15:53Z",
                    "2025-08-02T03:16:29Z",
                    "2025-08-02T03:24:15Z",
                    "2025-08-02T03:24:57Z",
                    "2025-08-02T03:25:32Z",
                    "2025-08-02T03:26:03Z",
                    "2025-08-02T03:26:33Z",
                    "2025-08-02T03:27:05Z",
                    "2025-08-02T03:27:31Z",
                    "2025-08-02T03:28:01Z",
                    "2025-08-02T03:28:30Z",
                    "2025-08-02T03:29:00Z",
                    "2025-08-02T03:29:28Z",
                    "2025-08-02T03:29:59Z",
                    "2025-08-02T03:30:37Z",
                    "2025-08-02T03:31:42Z",
                    "2025-08-02T03:32:25Z",
                    "2025-08-02T03:33:35Z",
                    "2025-08-02T03:34:32Z",
                    "2025-08-02T03:35:27Z",
                    "2025-08-02T03:35:56Z",
                    "2025-08-02T03:36:36Z",
                    "2025-08-02T03:37:21Z",
                    "2025-08-02T03:38:06Z",
                    "2025-08-02T03:38:40Z",
                    "2025-08-02T03:39:19Z",
                    "2025-08-02T03:40:03Z",
                    "2025-08-02T03:40:51Z",
                    "2025-08-02T03:41:30Z",
                    "2025-08-02T03:42:11Z",
                    "2025-08-02T03:42:41Z",
                    "2025-08-02T03:43:15Z",
                    "2025-08-02T03:43:56Z",
                    "2025-08-02T03:47:08Z",
                    "2025-08-02T03:47:48Z",
                    "2025-08-02T03:48:26Z",
                    "2025-08-02T03:49:07Z",
                    "2025-08-02T03:49:40Z",
                    "2025-08-02T03:51:17Z",
                    "2025-08-02T03:51:47Z",
                    "2025-08-02T03:52:17Z",
                    "2025-08-02T03:52:51Z",
                    "2025-08-02T03:53:47Z",
                    "2025-08-02T03:54:34Z",
                    "2025-08-02T03:55:42Z",
                    "2025-08-02T03:56:40Z",
                    "2025-08-02T03:57:54Z",
                    "2025-08-02T03:58:29Z",
                    "2025-08-02T03:59:06Z",
                    "2025-08-02T03:59:46Z",
                    "2025-08-02T04:00:42Z",
                    "2025-08-02T04:01:18Z",
                    "2025-08-02T04:01:52Z",
                    "2025-08-02T04:02:31Z",
                    "2025-08-02T04:03:02Z",
                    "2025-08-02T04:03:28Z",
                    "2025-08-02T04:03:54Z",
                    "2025-08-02T04:04:24Z",
                    "2025-08-02T04:04:57Z",
                    "2025-08-02T04:05:28Z",
                    "2025-08-02T04:06:57Z",
                    "2025-08-02T04:07:31Z",
                    "2025-08-02T04:08:27Z",
                    "2025-08-02T04:09:18Z",
                    "2025-08-02T04:10:27Z",
                    "2025-08-02T04:11:13Z",
                    "2025-08-02T04:12:24Z",
                    "2025-08-02T04:13:17Z",
                    "2025-08-02T04:14:10Z",
                    "2025-08-02T04:14:50Z",
                    "2025-08-02T04:15:45Z",
                    "2025-08-02T04:16:18Z",
                    "2025-08-02T04:16:48Z",
                    "2025-08-02T04:17:17Z",
                    "2025-08-02T04:17:44Z",
                    "2025-08-02T04:18:14Z",
                    "2025-08-02T04:19:01Z",
                    "2025-08-02T04:19:34Z",
                    "2025-08-02T04:20:02Z",
                    "2025-08-02T04:20:45Z",
                    "2025-08-02T04:21:18Z",
                    "2025-08-02T04:22:03Z",
                    "2025-08-02T04:22:34Z",
                    "2025-08-02T04:23:12Z",
                    "2025-08-02T04:23:49Z",
                    "2025-08-02T04:24:28Z",
                    "2025-08-02T04:25:07Z",
                    "2025-08-02T04:25:39Z",
                    "2025-08-02T04:26:12Z",
                    "2025-08-02T04:27:05Z",
                    "2025-08-02T04:27:34Z",
                    "2025-08-02T04:28:03Z",
                    "2025-08-02T04:28:35Z",
                    "2025-08-02T04:29:07Z",
                    "2025-08-02T04:29:39Z",
                    "2025-08-02T04:30:12Z",
                    "2025-08-02T04:31:01Z",
                    "2025-08-02T04:31:39Z",
                    "2025-08-02T04:32:30Z",
                    "2025-08-02T04:33:20Z",
                    "2025-08-02T04:33:57Z",
                    "2025-08-02T04:34:39Z",
                    "2025-08-02T04:35:18Z",
                    "2025-08-02T04:36:04Z",
                    "2025-08-02T04:36:42Z",
                    "2025-08-02T04:37:34Z",
                    "2025-08-02T04:38:18Z",
                    "2025-08-02T04:38:51Z",
                    "2025-08-02T04:39:17Z",
                    "2025-08-02T04:39:45Z",
                    "2025-08-02T04:40:15Z",
                    "2025-08-02T04:40:45Z",
                    "2025-08-02T04:41:14Z",
                    "2025-08-02T04:41:46Z",
                    "2025-08-02T04:42:30Z",
                    "2025-08-02T04:43:42Z",
                    "2025-08-02T04:44:54Z",
                    "2025-08-02T04:45:37Z",
                    "2025-08-02T04:46:16Z",
                    "2025-08-02T04:47:12Z",
                    "2025-08-02T04:47:59Z",
                    "2025-08-02T04:49:06Z",
                    "2025-08-02T04:50:52Z",
                    "2025-08-02T04:51:57Z",
                    "2025-08-02T04:52:47Z",
                    "2025-08-02T04:53:22Z",
                    "2025-08-02T04:53:50Z",
                    "2025-08-02T04:54:17Z",
                    "2025-08-02T04:54:54Z",
                    "2025-08-02T04:55:51Z",
                    "2025-08-02T04:56:23Z",
                    "2025-08-02T04:56:49Z",
                    "2025-08-02T04:57:17Z",
                    "2025-08-02T04:57:47Z",
                    "2025-08-02T04:58:17Z",
                    "2025-08-02T04:58:45Z",
                    "2025-08-02T04:59:16Z",
                    "2025-08-02T04:59:43Z",
                    "2025-08-02T05:00:10Z"
                ]
            },
            "geometry": {
                "type": "LineString",
                "coordinates": [
                    [
                        137.8010423125683,
                        36.74582886718246,
                        1257
                    ],
                    [
                        137.80083980613068,
                        36.74573635844306,
                        1246
                    ],
                    [
                        137.8007117260686,
                        36.74593638979935,
                        1250
                    ],
                    [
                        137.8006866420228,
                        36.746172589166584,
                        1256
                    ],
                    [
                        137.8005396654075,
                        36.74639510409682,
                        1260
                    ],
                    [
                        137.80043775729285,
                        36.746112301291866,
                        1267
                    ],
                    [
                        137.80039925529482,
                        36.745876973867176,
                        1273
                    ],
                    [
                        137.80050213234534,
                        36.745601404747035,
                        1277
                    ],
                    [
                        137.80058471125318,
                        36.74527752591479,
                        1276
                    ],
                    [
                        137.8004159668204,
                        36.745029955181785,
                        1278
                    ],
                    [
                        137.8000961225731,
                        36.745067353558014,
                        1284
                    ],
                    [
                        137.79989670195846,
                        36.745114727065264,
                        1290
                    ],
                    [
                        137.799699835959,
                        36.74516905310175,
                        1299
                    ],
                    [
                        137.7994178482702,
                        36.74520598615108,
                        1300
                    ],
                    [
                        137.79955562816383,
                        36.74546254116075,
                        1307
                    ],
                    [
                        137.79950417580667,
                        36.74574777200661,
                        1312
                    ],
                    [
                        137.79921021017876,
                        36.745959969845714,
                        1313
                    ],
                    [
                        137.7989427908129,
                        36.74590064609132,
                        1317
                    ],
                    [
                        137.79915266704842,
                        36.74565177264633,
                        1321
                    ],
                    [
                        137.79889990502872,
                        36.745561111566566,
                        1324
                    ],
                    [
                        137.798696847668,
                        36.74561089838536,
                        1331
                    ],
                    [
                        137.79846956432647,
                        36.74561925023802,
                        1332
                    ],
                    [
                        137.79827443135537,
                        36.7455185179949,
                        1335
                    ],
                    [
                        137.7981628894938,
                        36.74564931727873,
                        1344
                    ],
                    [
                        137.7979273498311,
                        36.74567337062267,
                        1352
                    ],
                    [
                        137.79771110670413,
                        36.74567768523069,
                        1358
                    ],
                    [
                        137.79753321010207,
                        36.7457792172048,
                        1364
                    ],
                    [
                        137.79737402023645,
                        36.7459375742606,
                        1372
                    ],
                    [
                        137.79714085058131,
                        36.74604303920898,
                        1381
                    ],
                    [
                        137.7970942938513,
                        36.745888054444144,
                        1383
                    ],
                    [
                        137.79700897635777,
                        36.74581003115951,
                        1386
                    ],
                    [
                        137.79686050748026,
                        36.745958398415475,
                        1388
                    ],
                    [
                        137.79673436919896,
                        36.74579595425388,
                        1392
                    ],
                    [
                        137.79649940554697,
                        36.74584978874735,
                        1400
                    ],
                    [
                        137.7962591956746,
                        36.74580977321084,
                        1405
                    ],
                    [
                        137.79596606394986,
                        36.74572090047825,
                        1406
                    ],
                    [
                        137.79570890630677,
                        36.745731165261816,
                        1413
                    ],
                    [
                        137.7955378769557,
                        36.745582013718845,
                        1415
                    ],
                    [
                        137.7952346004297,
                        36.7455183427131,
                        1422
                    ],
                    [
                        137.79491324753448,
                        36.745398297945265,
                        1425
                    ],
                    [
                        137.79462741483354,
                        36.74543727320731,
                        1428
                    ],
                    [
                        137.7943580384414,
                        36.745333197590895,
                        1433
                    ],
                    [
                        137.7940765989889,
                        36.745295289254635,
                        1439
                    ],
                    [
                        137.79380584693612,
                        36.745206759135534,
                        1442
                    ],
                    [
                        137.79359121527366,
                        36.745119508137,
                        1446
                    ],
                    [
                        137.79334910107428,
                        36.745071178503224,
                        1450
                    ],
                    [
                        137.79309225423444,
                        36.74494937006888,
                        1455
                    ],
                    [
                        137.7928109814473,
                        36.74483934067591,
                        1456
                    ],
                    [
                        137.79244750363324,
                        36.74476974939554,
                        1459
                    ],
                    [
                        137.79218024913783,
                        36.7446269596007,
                        1460
                    ],
                    [
                        137.79184827201485,
                        36.74447936097174,
                        1463
                    ],
                    [
                        137.791620982664,
                        36.744425307172136,
                        1466
                    ],
                    [
                        137.7913643168558,
                        36.74453302280362,
                        1471
                    ],
                    [
                        137.79113688227977,
                        36.74449256946004,
                        1476
                    ],
                    [
                        137.7909006372017,
                        36.74439913124987,
                        1480
                    ],
                    [
                        137.79059016116886,
                        36.744266673457886,
                        1484
                    ],
                    [
                        137.79045928457984,
                        36.74409507527201,
                        1487
                    ],
                    [
                        137.79027115997212,
                        36.74390622979772,
                        1494
                    ],
                    [
                        137.79005350433968,
                        36.743761143975526,
                        1496
                    ],
                    [
                        137.78993202822613,
                        36.74354370351759,
                        1502
                    ],
                    [
                        137.78968902263793,
                        36.743350356506895,
                        1502
                    ],
                    [
                        137.78942411067115,
                        36.743184620136546,
                        1505
                    ],
                    [
                        137.78911980449212,
                        36.74300150689422,
                        1505
                    ],
                    [
                        137.78882213672452,
                        36.74299031090439,
                        1510
                    ],
                    [
                        137.7885260088249,
                        36.74291701608514,
                        1513
                    ],
                    [
                        137.78822706888775,
                        36.74286138420477,
                        1516
                    ],
                    [
                        137.78801919729338,
                        36.742835967910956,
                        1519
                    ],
                    [
                        137.787758475768,
                        36.74286261205545,
                        1529
                    ],
                    [
                        137.78753014147156,
                        36.742964915170454,
                        1533
                    ],
                    [
                        137.78743943095012,
                        36.742892303582025,
                        1536
                    ],
                    [
                        137.78721223644283,
                        36.74287200174414,
                        1543
                    ],
                    [
                        137.7869778650154,
                        36.74287542007419,
                        1548
                    ],
                    [
                        137.78673033390115,
                        36.74283560252178,
                        1550
                    ],
                    [
                        137.7864577758363,
                        36.74279482085124,
                        1557
                    ],
                    [
                        137.7863227180118,
                        36.74271488667841,
                        1559
                    ],
                    [
                        137.78613318612653,
                        36.74260691645382,
                        1566
                    ],
                    [
                        137.78601997911213,
                        36.7423956971645,
                        1570
                    ],
                    [
                        137.78577951867075,
                        36.74238502280429,
                        1575
                    ],
                    [
                        137.7855502106506,
                        36.74238832902509,
                        1581
                    ],
                    [
                        137.78528911048048,
                        36.7424192561251,
                        1586
                    ],
                    [
                        137.78506161634363,
                        36.74237313983944,
                        1590
                    ],
                    [
                        137.78477219854494,
                        36.74233234680326,
                        1599
                    ],
                    [
                        137.78459675428462,
                        36.742236272994454,
                        1604
                    ],
                    [
                        137.7844687189188,
                        36.74210790460139,
                        1608
                    ],
                    [
                        137.78460113893254,
                        36.74193129283953,
                        1612
                    ],
                    [
                        137.78485286250822,
                        36.74187282382081,
                        1608
                    ],
                    [
                        137.78488408670242,
                        36.7416585897804,
                        1612
                    ],
                    [
                        137.7848772733861,
                        36.741449441266695,
                        1613
                    ],
                    [
                        137.7848906323185,
                        36.741254614631266,
                        1619
                    ],
                    [
                        137.7849517404193,
                        36.7410644004369,
                        1618
                    ],
                    [
                        137.78493258845816,
                        36.74092540563788,
                        1619
                    ],
                    [
                        137.78484607383837,
                        36.74074558383498,
                        1624
                    ],
                    [
                        137.78474691465726,
                        36.7405510533904,
                        1625
                    ],
                    [
                        137.78485831696273,
                        36.74039271442009,
                        1626
                    ],
                    [
                        137.78483279555329,
                        36.7401451072957,
                        1630
                    ],
                    [
                        137.78483052139805,
                        36.73992193707492,
                        1635
                    ],
                    [
                        137.78485331258045,
                        36.73972461927224,
                        1637
                    ],
                    [
                        137.78493515901144,
                        36.73951499452449,
                        1643
                    ],
                    [
                        137.78506788890007,
                        36.73936552507719,
                        1648
                    ],
                    [
                        137.78516356509442,
                        36.73925476648357,
                        1653
                    ],
                    [
                        137.78497750276142,
                        36.73923726610846,
                        1657
                    ],
                    [
                        137.78516692255997,
                        36.73911295647998,
                        1659
                    ],
                    [
                        137.78536450675696,
                        36.73899850630519,
                        1662
                    ],
                    [
                        137.78550536134048,
                        36.73901967814284,
                        1659
                    ],
                    [
                        137.78574469615114,
                        36.73893948727315,
                        1668
                    ],
                    [
                        137.78593005481721,
                        36.73885815575627,
                        1673
                    ],
                    [
                        137.7861798992127,
                        36.73874423967642,
                        1678
                    ],
                    [
                        137.78642542137757,
                        36.738614383955316,
                        1683
                    ],
                    [
                        137.78659744477537,
                        36.7385094861803,
                        1690
                    ],
                    [
                        137.78678860116972,
                        36.73839523358332,
                        1693
                    ],
                    [
                        137.7868499610774,
                        36.73822607956413,
                        1700
                    ],
                    [
                        137.78693244545846,
                        36.73810282365426,
                        1705
                    ],
                    [
                        137.7869307339277,
                        36.73795386507962,
                        1711
                    ],
                    [
                        137.78678021174505,
                        36.737874387206375,
                        1719
                    ],
                    [
                        137.78672427478276,
                        36.737724218058744,
                        1728
                    ],
                    [
                        137.7866995845912,
                        36.73762901059916,
                        1730
                    ],
                    [
                        137.786964140117,
                        36.73763493412456,
                        1733
                    ],
                    [
                        137.78713106085394,
                        36.737567949617755,
                        1738
                    ],
                    [
                        137.78694590612037,
                        36.73749722612389,
                        1743
                    ],
                    [
                        137.78673911795596,
                        36.73741111363466,
                        1750
                    ],
                    [
                        137.78687540255854,
                        36.737317390219324,
                        1756
                    ],
                    [
                        137.7866587041671,
                        36.737224042219744,
                        1768
                    ],
                    [
                        137.78689854759358,
                        36.737145278571845,
                        1771
                    ],
                    [
                        137.7870002402614,
                        36.73696915676135,
                        1778
                    ],
                    [
                        137.78676949414103,
                        36.736830729814585,
                        1784
                    ],
                    [
                        137.78690313094268,
                        36.73668042486445,
                        1788
                    ],
                    [
                        137.78687698376316,
                        36.736589323009866,
                        1790
                    ],
                    [
                        137.78693048710878,
                        36.736356979355335,
                        1795
                    ],
                    [
                        137.78683812982158,
                        36.73614622825255,
                        1799
                    ],
                    [
                        137.78674845132497,
                        36.735948843139425,
                        1803
                    ],
                    [
                        137.78656565910646,
                        36.73575938743625,
                        1811
                    ],
                    [
                        137.78635253839136,
                        36.73567886162417,
                        1818
                    ],
                    [
                        137.78612765977465,
                        36.735587646914006,
                        1821
                    ],
                    [
                        137.785892780705,
                        36.73551890949233,
                        1831
                    ],
                    [
                        137.78559896730056,
                        36.73547170505126,
                        1835
                    ],
                    [
                        137.78547349226127,
                        36.735371684501814,
                        1830
                    ],
                    [
                        137.7851162229658,
                        36.73543922688621,
                        1831
                    ],
                    [
                        137.78474638526401,
                        36.73537025678234,
                        1831
                    ],
                    [
                        137.78446806382698,
                        36.73540313849285,
                        1823
                    ],
                    [
                        137.78417034122944,
                        36.73546413724768,
                        1816
                    ],
                    [
                        137.78393853026043,
                        36.73538747185843,
                        1809
                    ],
                    [
                        137.7838968377096,
                        36.735155012069455,
                        1802
                    ],
                    [
                        137.78365262490095,
                        36.73512183326197,
                        1795
                    ],
                    [
                        137.78336860196288,
                        36.73516798632518,
                        1785
                    ],
                    [
                        137.78318638646354,
                        36.735037607980416,
                        1776
                    ],
                    [
                        137.78286680769546,
                        36.73505763731313,
                        1772
                    ],
                    [
                        137.7825528442357,
                        36.73499848083562,
                        1764
                    ],
                    [
                        137.7823319598414,
                        36.73495536534481,
                        1759
                    ],
                    [
                        137.78202654540218,
                        36.73486675572051,
                        1760
                    ],
                    [
                        137.78171080948835,
                        36.73479806222543,
                        1758
                    ],
                    [
                        137.78142325226366,
                        36.734762964127974,
                        1751
                    ],
                    [
                        137.78113381390475,
                        36.73489755625357,
                        1747
                    ],
                    [
                        137.78099627554448,
                        36.73488947866291,
                        1747
                    ],
                    [
                        137.78079599667817,
                        36.73490161268061,
                        1755
                    ],
                    [
                        137.780544521501,
                        36.73499591905639,
                        1761
                    ],
                    [
                        137.78030012210473,
                        36.735132805784,
                        1765
                    ],
                    [
                        137.78010530510224,
                        36.73530024825713,
                        1770
                    ],
                    [
                        137.7797724391827,
                        36.73524475392496,
                        1772
                    ],
                    [
                        137.77950125672012,
                        36.735185135814184,
                        1771
                    ],
                    [
                        137.77924052425823,
                        36.73516512683463,
                        1772
                    ],
                    [
                        137.7789810980427,
                        36.73517054955281,
                        1775
                    ],
                    [
                        137.77871639636055,
                        36.73516687414736,
                        1778
                    ],
                    [
                        137.77843662069142,
                        36.7351892989941,
                        1787
                    ],
                    [
                        137.77815567787513,
                        36.73508791144964,
                        1788
                    ],
                    [
                        137.77793563247417,
                        36.7351024308518,
                        1795
                    ],
                    [
                        137.77771240611403,
                        36.735179032257676,
                        1801
                    ],
                    [
                        137.77750830804365,
                        36.7352392903055,
                        1809
                    ],
                    [
                        137.77728270793224,
                        36.73525412072492,
                        1814
                    ],
                    [
                        137.7771396369181,
                        36.73514524690158,
                        1816
                    ],
                    [
                        137.77700295549087,
                        36.73492863769148,
                        1818
                    ],
                    [
                        137.7766964642052,
                        36.73498391679279,
                        1821
                    ],
                    [
                        137.77641962605463,
                        36.73507197750387,
                        1826
                    ],
                    [
                        137.77615430652955,
                        36.73494122758438,
                        1829
                    ],
                    [
                        137.77592626747654,
                        36.734754489487536,
                        1828
                    ],
                    [
                        137.77576657202826,
                        36.73463923817444,
                        1828
                    ],
                    [
                        137.77575793534402,
                        36.734450798456656,
                        1838
                    ],
                    [
                        137.77579636652635,
                        36.73427963598904,
                        1844
                    ],
                    [
                        137.77582309643464,
                        36.734161862983136,
                        1848
                    ],
                    [
                        137.77577640180274,
                        36.73402574891374,
                        1857
                    ],
                    [
                        137.7757493955772,
                        36.73383912386376,
                        1861
                    ],
                    [
                        137.77571021447082,
                        36.733668560004126,
                        1859
                    ],
                    [
                        137.77557838962906,
                        36.733521874570144,
                        1861
                    ],
                    [
                        137.77546428251716,
                        36.73335819080367,
                        1862
                    ],
                    [
                        137.77539388593294,
                        36.73320658851887,
                        1865
                    ],
                    [
                        137.77538354370586,
                        36.733022508290176,
                        1864
                    ],
                    [
                        137.77532401764404,
                        36.73287574196204,
                        1863
                    ],
                    [
                        137.77525468581592,
                        36.73273315733732,
                        1868
                    ],
                    [
                        137.77518985081858,
                        36.73249945286328,
                        1867
                    ],
                    [
                        137.77510148246682,
                        36.732253951438565,
                        1863
                    ],
                    [
                        137.7751584735323,
                        36.732010896489484,
                        1866
                    ],
                    [
                        137.77502497503173,
                        36.73186791591738,
                        1867
                    ],
                    [
                        137.77474533398026,
                        36.7317259146671,
                        1865
                    ],
                    [
                        137.7744233350375,
                        36.731728300059146,
                        1852
                    ],
                    [
                        137.77410540788944,
                        36.73176727778597,
                        1847
                    ],
                    [
                        137.77409497192838,
                        36.73195522530594,
                        1848
                    ],
                    [
                        137.77407081267432,
                        36.73212983380764,
                        1849
                    ],
                    [
                        137.77395282202977,
                        36.73232206671287,
                        1851
                    ],
                    [
                        137.77371493650776,
                        36.732419810356035,
                        1851
                    ],
                    [
                        137.77362605085656,
                        36.732475197203314,
                        1853
                    ],
                    [
                        137.77341608555875,
                        36.73250232004083,
                        1851
                    ],
                    [
                        137.77314559422263,
                        36.73259764117355,
                        1850
                    ],
                    [
                        137.77299013163432,
                        36.73256981636976,
                        1851
                    ],
                    [
                        137.7730618496136,
                        36.73273344331288,
                        1853
                    ],
                    [
                        137.77280592753303,
                        36.732799677539624,
                        1845
                    ],
                    [
                        137.7726668504101,
                        36.732794876120785,
                        1845
                    ],
                    [
                        137.77245930376722,
                        36.732873156100375,
                        1841
                    ],
                    [
                        137.77224180988554,
                        36.73287898558687,
                        1844
                    ],
                    [
                        137.77201708038544,
                        36.73280505911709,
                        1844
                    ],
                    [
                        137.7721138278432,
                        36.73261618167814,
                        1844
                    ],
                    [
                        137.7721463096342,
                        36.732364896543345,
                        1845
                    ],
                    [
                        137.77204163770764,
                        36.732310837978865,
                        1848
                    ],
                    [
                        137.77188217625283,
                        36.732142302320604,
                        1848
                    ],
                    [
                        137.7720008922276,
                        36.73199046713994,
                        1842
                    ],
                    [
                        137.77187704489305,
                        36.73186914550751,
                        1845
                    ],
                    [
                        137.7718516158043,
                        36.731650476687115,
                        1845
                    ],
                    [
                        137.77185068235968,
                        36.73139412355259,
                        1845
                    ],
                    [
                        137.77180360002478,
                        36.731230939187654,
                        1848
                    ],
                    [
                        137.77177346556408,
                        36.73103357384416,
                        1854
                    ],
                    [
                        137.77173761151184,
                        36.730812446916424,
                        1855
                    ],
                    [
                        137.7715655266609,
                        36.73064684831692,
                        1852
                    ],
                    [
                        137.77141006231898,
                        36.73043388848816,
                        1852
                    ],
                    [
                        137.77124039334436,
                        36.7302352575422,
                        1856
                    ],
                    [
                        137.77118524961497,
                        36.7300255663016,
                        1861
                    ],
                    [
                        137.7712385910386,
                        36.72980420234737,
                        1862
                    ],
                    [
                        137.7711595905503,
                        36.72958631621179,
                        1865
                    ],
                    [
                        137.77103042521614,
                        36.729371520530385,
                        1869
                    ],
                    [
                        137.77091850598083,
                        36.72913828363173,
                        1871
                    ],
                    [
                        137.77085036872063,
                        36.72890828570288,
                        1870
                    ],
                    [
                        137.77081001813784,
                        36.72869737949082,
                        1870
                    ],
                    [
                        137.7708412372781,
                        36.72852623405346,
                        1864
                    ],
                    [
                        137.7708586381067,
                        36.7283122295546,
                        1860
                    ],
                    [
                        137.7708306866855,
                        36.728114575000845,
                        1855
                    ],
                    [
                        137.7708608739633,
                        36.72792917627877,
                        1849
                    ],
                    [
                        137.7709174938602,
                        36.72772909515215,
                        1844
                    ],
                    [
                        137.7709819130247,
                        36.72754341374276,
                        1842
                    ],
                    [
                        137.77090388445544,
                        36.727449239122954,
                        1845
                    ],
                    [
                        137.77066829265823,
                        36.72746239878354,
                        1851
                    ],
                    [
                        137.77046229798395,
                        36.72746975958407,
                        1857
                    ],
                    [
                        137.77027365392104,
                        36.727495811215256,
                        1862
                    ],
                    [
                        137.77011013715892,
                        36.72743913365001,
                        1870
                    ],
                    [
                        137.77011214672962,
                        36.727234307007855,
                        1873
                    ],
                    [
                        137.77016430166577,
                        36.727039392462935,
                        1878
                    ],
                    [
                        137.77019412193505,
                        36.72685069986442,
                        1884
                    ],
                    [
                        137.77005178741092,
                        36.7266690212816,
                        1887
                    ],
                    [
                        137.76988708303415,
                        36.72652781756881,
                        1892
                    ],
                    [
                        137.76967858352256,
                        36.726460967550274,
                        1897
                    ],
                    [
                        137.76951437304314,
                        36.72644321368855,
                        1904
                    ],
                    [
                        137.76930744238612,
                        36.72634919272415,
                        1910
                    ],
                    [
                        137.76911713271508,
                        36.72629506175271,
                        1916
                    ],
                    [
                        137.76892312836316,
                        36.726325469999814,
                        1924
                    ],
                    [
                        137.76873809562653,
                        36.7263222014723,
                        1929
                    ],
                    [
                        137.7685735377965,
                        36.726367059646904,
                        1936
                    ],
                    [
                        137.76839189442703,
                        36.726272860351635,
                        1938
                    ],
                    [
                        137.768351190312,
                        36.7260872766695,
                        1939
                    ],
                    [
                        137.76833572572352,
                        36.72593834833219,
                        1943
                    ],
                    [
                        137.76816475184768,
                        36.72582907882871,
                        1951
                    ],
                    [
                        137.76807573116315,
                        36.72563162844349,
                        1952
                    ],
                    [
                        137.76833089868995,
                        36.72549380876591,
                        1955
                    ],
                    [
                        137.76824886605107,
                        36.72532635823749,
                        1957
                    ],
                    [
                        137.76806183793465,
                        36.72525249132674,
                        1964
                    ],
                    [
                        137.7679074523822,
                        36.725203969410906,
                        1971
                    ],
                    [
                        137.76774741798823,
                        36.725124175426856,
                        1980
                    ],
                    [
                        137.76760572198071,
                        36.72500883678398,
                        1986
                    ],
                    [
                        137.7674261446958,
                        36.72492445815172,
                        1994
                    ],
                    [
                        137.7672875747948,
                        36.72480808510481,
                        2004
                    ],
                    [
                        137.76715741642062,
                        36.724759196062955,
                        2006
                    ],
                    [
                        137.7670706275915,
                        36.72455902126347,
                        2009
                    ],
                    [
                        137.76704832166416,
                        36.724444421791624,
                        2017
                    ],
                    [
                        137.76679463014918,
                        36.72443608219286,
                        2022
                    ],
                    [
                        137.76669651458982,
                        36.72427025572983,
                        2031
                    ],
                    [
                        137.76650404560158,
                        36.72419202622074,
                        2035
                    ],
                    [
                        137.7664556963538,
                        36.72406173202209,
                        2042
                    ],
                    [
                        137.76624658133713,
                        36.72400284085029,
                        2048
                    ],
                    [
                        137.76605973041652,
                        36.723942304539015,
                        2056
                    ],
                    [
                        137.7659410288098,
                        36.72378166756692,
                        2062
                    ],
                    [
                        137.7658570488499,
                        36.72368171593498,
                        2071
                    ],
                    [
                        137.76569087840065,
                        36.723567779638024,
                        2080
                    ],
                    [
                        137.7656459836989,
                        36.72343619324735,
                        2079
                    ],
                    [
                        137.76560744389815,
                        36.7232560450391,
                        2081
                    ],
                    [
                        137.765475165963,
                        36.72309940565757,
                        2090
                    ],
                    [
                        137.76533690959198,
                        36.7231175029127,
                        2100
                    ],
                    [
                        137.76531305771175,
                        36.72325825869605,
                        2105
                    ],
                    [
                        137.7652123220865,
                        36.723391468110925,
                        2110
                    ],
                    [
                        137.76514336470305,
                        36.72352212843981,
                        2114
                    ],
                    [
                        137.76509111729266,
                        36.723696665153334,
                        2126
                    ],
                    [
                        137.76501232955565,
                        36.72381199881044,
                        2134
                    ],
                    [
                        137.7650470656794,
                        36.72395664822753,
                        2139
                    ],
                    [
                        137.7649049056595,
                        36.72406446461768,
                        2151
                    ],
                    [
                        137.7648077771678,
                        36.72413561484416,
                        2159
                    ],
                    [
                        137.7647376259144,
                        36.72425869105674,
                        2169
                    ],
                    [
                        137.76456899358683,
                        36.72423724694442,
                        2177
                    ],
                    [
                        137.76447230662282,
                        36.724088804246115,
                        2184
                    ],
                    [
                        137.7643920132809,
                        36.72401839212331,
                        2186
                    ],
                    [
                        137.7642819761631,
                        36.7239381167644,
                        2198
                    ],
                    [
                        137.76425018249765,
                        36.72383722631459,
                        2200
                    ],
                    [
                        137.76413564861045,
                        36.72375911306237,
                        2204
                    ],
                    [
                        137.76402978624282,
                        36.72371758900675,
                        2210
                    ],
                    [
                        137.76399343130274,
                        36.72384542650404,
                        2219
                    ],
                    [
                        137.7638540072916,
                        36.72380915996914,
                        2230
                    ],
                    [
                        137.7636982241838,
                        36.72383030208696,
                        2237
                    ],
                    [
                        137.76368976987328,
                        36.72404650741602,
                        2243
                    ],
                    [
                        137.76354812701294,
                        36.724043397616434,
                        2251
                    ],
                    [
                        137.76343416616157,
                        36.724128874431536,
                        2258
                    ],
                    [
                        137.7633028539264,
                        36.72398103146528,
                        2259
                    ],
                    [
                        137.7630843595028,
                        36.723952725256,
                        2270
                    ],
                    [
                        137.76281645701906,
                        36.72398156579472,
                        2272
                    ],
                    [
                        137.76257961158836,
                        36.72386422401492,
                        2275
                    ],
                    [
                        137.7623953484938,
                        36.72384635509143,
                        2280
                    ],
                    [
                        137.76223961736414,
                        36.723926688169854,
                        2285
                    ],
                    [
                        137.76207482326788,
                        36.72400140746312,
                        2291
                    ],
                    [
                        137.76185278198693,
                        36.72400682585297,
                        2297
                    ],
                    [
                        137.76162099029347,
                        36.72393444479796,
                        2300
                    ],
                    [
                        137.76142564641782,
                        36.723963977091266,
                        2308
                    ],
                    [
                        137.76134467863457,
                        36.724050756602146,
                        2315
                    ],
                    [
                        137.76115962198065,
                        36.724085329001205,
                        2325
                    ],
                    [
                        137.76094636951063,
                        36.72408255177181,
                        2335
                    ],
                    [
                        137.76078122794598,
                        36.724012140507,
                        2342
                    ],
                    [
                        137.7606522756468,
                        36.72402098683807,
                        2348
                    ],
                    [
                        137.76046563850986,
                        36.72398402451523,
                        2354
                    ],
                    [
                        137.76030356653777,
                        36.72410307813145,
                        2364
                    ],
                    [
                        137.76013806853197,
                        36.72413873882624,
                        2370
                    ],
                    [
                        137.75998261085496,
                        36.72411968790451,
                        2377
                    ],
                    [
                        137.75984736398183,
                        36.72418335326873,
                        2383
                    ],
                    [
                        137.75971125754026,
                        36.724107574479085,
                        2391
                    ],
                    [
                        137.759531700869,
                        36.724105034103054,
                        2399
                    ],
                    [
                        137.75933945852324,
                        36.72409650595772,
                        2408
                    ],
                    [
                        137.75922564313376,
                        36.72425151815396,
                        2417
                    ],
                    [
                        137.75907657205008,
                        36.724274313528184,
                        2425
                    ],
                    [
                        137.75895885494785,
                        36.72434672931797,
                        2430
                    ],
                    [
                        137.7588715883223,
                        36.72448515425993,
                        2438
                    ],
                    [
                        137.75870885630928,
                        36.72457187107281,
                        2448
                    ],
                    [
                        137.75858553937863,
                        36.72447437011844,
                        2452
                    ],
                    [
                        137.75849542458616,
                        36.72460434492102,
                        2458
                    ],
                    [
                        137.75828475855926,
                        36.72446816017155,
                        2465
                    ],
                    [
                        137.7580653319402,
                        36.72439275411822,
                        2472
                    ],
                    [
                        137.75792033787474,
                        36.72449741058162,
                        2479
                    ],
                    [
                        137.75775066723963,
                        36.72456929318797,
                        2488
                    ],
                    [
                        137.75763364953033,
                        36.72466189562106,
                        2494
                    ],
                    [
                        137.75749109915532,
                        36.72471161694791,
                        2499
                    ],
                    [
                        137.75739648516804,
                        36.72480603105289,
                        2506
                    ],
                    [
                        137.75724998198865,
                        36.72492870871706,
                        2515
                    ],
                    [
                        137.75715067495247,
                        36.725043782412904,
                        2522
                    ],
                    [
                        137.75699289066503,
                        36.725106735542376,
                        2525
                    ],
                    [
                        137.756840877359,
                        36.724978820605045,
                        2531
                    ],
                    [
                        137.75660496640472,
                        36.72500073343893,
                        2535
                    ],
                    [
                        137.75639932902396,
                        36.72497653034494,
                        2541
                    ],
                    [
                        137.75618548482962,
                        36.72499249760798,
                        2546
                    ],
                    [
                        137.75592353896184,
                        36.72502639476384,
                        2549
                    ],
                    [
                        137.75572438575728,
                        36.72503452254489,
                        2554
                    ],
                    [
                        137.75547189893857,
                        36.72506091390328,
                        2559
                    ],
                    [
                        137.7552397655471,
                        36.72499130207501,
                        2562
                    ],
                    [
                        137.75505755192887,
                        36.724860337968195,
                        2568
                    ],
                    [
                        137.7549193663433,
                        36.72497675065579,
                        2576
                    ],
                    [
                        137.7547888707602,
                        36.72492861099471,
                        2583
                    ],
                    [
                        137.75461872630746,
                        36.72491175096459,
                        2590
                    ],
                    [
                        137.75446093931996,
                        36.72492414211483,
                        2599
                    ],
                    [
                        137.75429392804358,
                        36.7250124877306,
                        2609
                    ],
                    [
                        137.7541937748926,
                        36.725131485325456,
                        2615
                    ],
                    [
                        137.75404363044635,
                        36.72518425645195,
                        2623
                    ],
                    [
                        137.7540860371551,
                        36.72527498731874,
                        2627
                    ],
                    [
                        137.75396198185362,
                        36.72526442111907,
                        2630
                    ],
                    [
                        137.75386366661706,
                        36.725342102886664,
                        2637
                    ],
                    [
                        137.75370383385783,
                        36.725266990677845,
                        2643
                    ],
                    [
                        137.7535492092976,
                        36.725382827177306,
                        2648
                    ],
                    [
                        137.7534174158014,
                        36.7254838283944,
                        2656
                    ],
                    [
                        137.75329792090085,
                        36.72558063540828,
                        2659
                    ],
                    [
                        137.75316058693463,
                        36.725659273308224,
                        2664
                    ],
                    [
                        137.75299508273537,
                        36.72560847142127,
                        2672
                    ],
                    [
                        137.75285948862384,
                        36.72573954002337,
                        2677
                    ],
                    [
                        137.7527403475334,
                        36.72591374421422,
                        2681
                    ],
                    [
                        137.7525624931449,
                        36.72603667046643,
                        2686
                    ],
                    [
                        137.75248244081385,
                        36.7261562839386,
                        2693
                    ],
                    [
                        137.75245765652843,
                        36.72629472286556,
                        2700
                    ],
                    [
                        137.7525109657362,
                        36.72639566671538,
                        2705
                    ],
                    [
                        137.75245612059211,
                        36.72649736715985,
                        2711
                    ],
                    [
                        137.7524826817106,
                        36.72661390895923,
                        2716
                    ],
                    [
                        137.7523651791851,
                        36.7267066889218,
                        2723
                    ],
                    [
                        137.75221753762446,
                        36.72676061701131,
                        2732
                    ],
                    [
                        137.7522874090285,
                        36.72690109637537,
                        2739
                    ],
                    [
                        137.75237666239275,
                        36.727036007509945,
                        2746
                    ],
                    [
                        137.75255509980062,
                        36.72722397832484,
                        2750
                    ],
                    [
                        137.75280379461066,
                        36.727397223679624,
                        2747
                    ],
                    [
                        137.7531080544701,
                        36.72755834882874,
                        2745
                    ],
                    [
                        137.75352227544477,
                        36.72764908976523,
                        2743
                    ],
                    [
                        137.75367013931586,
                        36.72779772665703,
                        2744
                    ],
                    [
                        137.75369688030048,
                        36.72795601844653,
                        2751
                    ],
                    [
                        137.75370794330843,
                        36.72812656298652,
                        2758
                    ],
                    [
                        137.7538187079101,
                        36.728226901398514,
                        2766
                    ],
                    [
                        137.753833081616,
                        36.728349837588325,
                        2769
                    ],
                    [
                        137.75392768494785,
                        36.72852848243834,
                        2774
                    ],
                    [
                        137.75415277285333,
                        36.72848153297578,
                        2779
                    ],
                    [
                        137.75432607850215,
                        36.72864709032393,
                        2785
                    ],
                    [
                        137.754540762581,
                        36.72877298594712,
                        2788
                    ],
                    [
                        137.75477807512615,
                        36.728880954900006,
                        2792
                    ],
                    [
                        137.75496132017022,
                        36.72901399565635,
                        2796
                    ],
                    [
                        137.7550858919795,
                        36.729126486882606,
                        2802
                    ],
                    [
                        137.75504575617362,
                        36.72932164080791,
                        2806
                    ],
                    [
                        137.75518471391388,
                        36.72946131664424,
                        2813
                    ],
                    [
                        137.75530212656065,
                        36.72964855715219,
                        2818
                    ],
                    [
                        137.75537654879156,
                        36.72978275815127,
                        2826
                    ],
                    [
                        137.7554816967763,
                        36.729924438698035,
                        2832
                    ],
                    [
                        137.75561178872482,
                        36.730068634698405,
                        2836
                    ],
                    [
                        137.7555422216501,
                        36.730231553864726,
                        2844
                    ],
                    [
                        137.7555508466684,
                        36.730364385949095,
                        2851
                    ],
                    [
                        137.75555874733303,
                        36.73050732836233,
                        2858
                    ],
                    [
                        137.75555197061314,
                        36.73065162322429,
                        2866
                    ],
                    [
                        137.75561654208283,
                        36.73076492923941,
                        2873
                    ],
                    [
                        137.7556088735479,
                        36.73089456403672,
                        2880
                    ],
                    [
                        137.75560244476807,
                        36.731048773560424,
                        2891
                    ],
                    [
                        137.755544662814,
                        36.7311516738746,
                        2897
                    ],
                    [
                        137.75547936997538,
                        36.7312992187631,
                        2903
                    ],
                    [
                        137.75526647518998,
                        36.73143401055544,
                        2903
                    ],
                    [
                        137.7548867893044,
                        36.731558060273294,
                        2900
                    ],
                    [
                        137.75461495247407,
                        36.73160731583396,
                        2894
                    ],
                    [
                        137.75457024414575,
                        36.731839448617244,
                        2883
                    ],
                    [
                        137.75449161160225,
                        36.731981052535666,
                        2875
                    ],
                    [
                        137.7544601531869,
                        36.7321576973457,
                        2866
                    ],
                    [
                        137.754460506594,
                        36.73236549700337,
                        2860
                    ],
                    [
                        137.75434832898858,
                        36.73263754237895,
                        2854
                    ],
                    [
                        137.75428985149557,
                        36.73292426439127,
                        2849
                    ],
                    [
                        137.7543040175423,
                        36.73313103341615,
                        2844
                    ],
                    [
                        137.75440398406386,
                        36.7332825626074,
                        2837
                    ],
                    [
                        137.75451710074623,
                        36.73350355001172,
                        2829
                    ],
                    [
                        137.75468278491655,
                        36.733804631745556,
                        2824
                    ],
                    [
                        137.7547514069549,
                        36.733971219191154,
                        2828
                    ],
                    [
                        137.75505294734265,
                        36.734012843674144,
                        2830
                    ],
                    [
                        137.75512043966643,
                        36.734147787427894,
                        2819
                    ],
                    [
                        137.75530111905468,
                        36.73417213323865,
                        2810
                    ],
                    [
                        137.7552891184565,
                        36.734277486138126,
                        2802
                    ],
                    [
                        137.75545931462457,
                        36.73431704397342,
                        2795
                    ],
                    [
                        137.75571755666203,
                        36.73431499842778,
                        2788
                    ],
                    [
                        137.75581745011235,
                        36.73443939011197,
                        2778
                    ],
                    [
                        137.75590886870913,
                        36.73455966333563,
                        2767
                    ],
                    [
                        137.7558438120935,
                        36.73470746021263,
                        2757
                    ],
                    [
                        137.75591586289895,
                        36.7348647338121,
                        2748
                    ],
                    [
                        137.75592563261054,
                        36.73500775061234,
                        2740
                    ],
                    [
                        137.75584431663705,
                        36.735127998686735,
                        2730
                    ],
                    [
                        137.75579604620555,
                        36.73526084711088,
                        2722
                    ],
                    [
                        137.75579504827533,
                        36.73543093062312,
                        2713
                    ],
                    [
                        137.75584528070982,
                        36.73561840003171,
                        2705
                    ],
                    [
                        137.7558593642775,
                        36.73588958250056,
                        2696
                    ],
                    [
                        137.75607086670283,
                        36.73603721036475,
                        2691
                    ],
                    [
                        137.7563392400978,
                        36.736195082918485,
                        2691
                    ],
                    [
                        137.7564860176307,
                        36.73629381755925,
                        2694
                    ],
                    [
                        137.75669026810004,
                        36.73639658815798,
                        2700
                    ],
                    [
                        137.75676178701826,
                        36.73655409929403,
                        2705
                    ],
                    [
                        137.75679958651335,
                        36.73673929807739,
                        2707
                    ],
                    [
                        137.75680979726454,
                        36.73695862869237,
                        2713
                    ],
                    [
                        137.75683319836867,
                        36.73708897383874,
                        2716
                    ],
                    [
                        137.75681438954734,
                        36.73728717080258,
                        2720
                    ],
                    [
                        137.75671357502782,
                        36.73758620196041,
                        2722
                    ],
                    [
                        137.75671290911632,
                        36.73777825365122,
                        2730
                    ],
                    [
                        137.75672847441896,
                        36.73791214801511,
                        2730
                    ],
                    [
                        137.7568419832658,
                        36.73796041436452,
                        2739
                    ],
                    [
                        137.75695604739963,
                        36.73804243726353,
                        2744
                    ],
                    [
                        137.75713083076346,
                        36.738031656859995,
                        2753
                    ],
                    [
                        137.7573254324712,
                        36.737998391356676,
                        2764
                    ],
                    [
                        137.75752769578355,
                        36.73802536512228,
                        2772
                    ],
                    [
                        137.75768967037035,
                        36.73823633297103,
                        2777
                    ],
                    [
                        137.75783678787727,
                        36.73838325361405,
                        2782
                    ],
                    [
                        137.75799741658122,
                        36.738496694072644,
                        2788
                    ],
                    [
                        137.758154686055,
                        36.73865125687718,
                        2793
                    ],
                    [
                        137.75829735622693,
                        36.73884436557931,
                        2797
                    ],
                    [
                        137.75845058319513,
                        36.739022665548404,
                        2802
                    ],
                    [
                        137.75854467660994,
                        36.73927021587614,
                        2804
                    ],
                    [
                        137.7586537624132,
                        36.739568124891335,
                        2803
                    ],
                    [
                        137.75885078112262,
                        36.73979978075618,
                        2806
                    ],
                    [
                        137.758978881851,
                        36.74005794818149,
                        2806
                    ],
                    [
                        137.75912048147038,
                        36.740339402003556,
                        2807
                    ],
                    [
                        137.7593074270546,
                        36.7405188905797,
                        2808
                    ],
                    [
                        137.75938665728486,
                        36.740742671163076,
                        2810
                    ],
                    [
                        137.75917565952048,
                        36.740687393059126,
                        2804
                    ],
                    [
                        137.75903209416347,
                        36.74081798531387,
                        2793
                    ],
                    [
                        137.7588516552616,
                        36.740945192881576,
                        2786
                    ],
                    [
                        137.75867322951768,
                        36.740973910886574,
                        2778
                    ],
                    [
                        137.7585621390148,
                        36.74095004452769,
                        2772
                    ],
                    [
                        137.75840000469975,
                        36.740929492612786,
                        2763
                    ],
                    [
                        137.75823595892024,
                        36.740949307982135,
                        2752
                    ],
                    [
                        137.75810519207147,
                        36.741095125758925,
                        2742
                    ],
                    [
                        137.75788247830113,
                        36.74111213625903,
                        2730
                    ],
                    [
                        137.75765710858238,
                        36.74122136034744,
                        2719
                    ],
                    [
                        137.75750843384043,
                        36.74107595581421,
                        2714
                    ],
                    [
                        137.7572143157855,
                        36.741152715035355,
                        2706
                    ],
                    [
                        137.75691610534204,
                        36.74128019729852,
                        2697
                    ],
                    [
                        137.75661403205697,
                        36.74150037934987,
                        2694
                    ],
                    [
                        137.7563890299128,
                        36.74173874380726,
                        2690
                    ],
                    [
                        137.7561938059091,
                        36.7419657656346,
                        2687
                    ],
                    [
                        137.7559411939798,
                        36.74217512028983,
                        2687
                    ],
                    [
                        137.75581560567403,
                        36.74229088801428,
                        2685
                    ],
                    [
                        137.75561377533137,
                        36.74255512486586,
                        2684
                    ],
                    [
                        137.755322781697,
                        36.742693206949795,
                        2686
                    ],
                    [
                        137.75521901405855,
                        36.74297820457569,
                        2689
                    ],
                    [
                        137.75511837244474,
                        36.74319542674596,
                        2689
                    ],
                    [
                        137.7549878317673,
                        36.743415624252805,
                        2686
                    ],
                    [
                        137.7551956973376,
                        36.743627326270065,
                        2675
                    ],
                    [
                        137.7552621274255,
                        36.743804157562614,
                        2667
                    ],
                    [
                        137.75529491322348,
                        36.74402839661622,
                        2660
                    ],
                    [
                        137.75529631241304,
                        36.74428313825052,
                        2653
                    ],
                    [
                        137.75528505147904,
                        36.744495087971416,
                        2645
                    ],
                    [
                        137.75541073148497,
                        36.74477865461447,
                        2638
                    ],
                    [
                        137.75548190230393,
                        36.74489438378318,
                        2635
                    ],
                    [
                        137.75534256832753,
                        36.74509049872568,
                        2626
                    ],
                    [
                        137.75544909936633,
                        36.74534388342875,
                        2621
                    ],
                    [
                        137.75543005743134,
                        36.74556132884022,
                        2615
                    ],
                    [
                        137.7553415193532,
                        36.745771789458395,
                        2607
                    ],
                    [
                        137.7552773683866,
                        36.746043750785425,
                        2605
                    ],
                    [
                        137.75513534465566,
                        36.74622072859257,
                        2609
                    ],
                    [
                        137.75496998642112,
                        36.74634093830372,
                        2617
                    ],
                    [
                        137.7548942751241,
                        36.74644957807196,
                        2622
                    ],
                    [
                        137.75480747759835,
                        36.74658498093251,
                        2631
                    ],
                    [
                        137.754762274415,
                        36.74674957524042,
                        2640
                    ],
                    [
                        137.75481187922966,
                        36.746882753561685,
                        2646
                    ],
                    [
                        137.7546949354323,
                        36.74698418815514,
                        2650
                    ],
                    [
                        137.7545324315038,
                        36.74705337141754,
                        2653
                    ],
                    [
                        137.75444640620375,
                        36.747137836033076,
                        2660
                    ],
                    [
                        137.7543584937349,
                        36.74724639652079,
                        2666
                    ],
                    [
                        137.7543119227966,
                        36.747415634153086,
                        2674
                    ],
                    [
                        137.75431377475985,
                        36.74756159813881,
                        2679
                    ],
                    [
                        137.75419408212034,
                        36.747777350549356,
                        2682
                    ],
                    [
                        137.7539644600318,
                        36.74800898349062,
                        2682
                    ],
                    [
                        137.75373085616022,
                        36.74814344715314,
                        2685
                    ],
                    [
                        137.75362630393684,
                        36.74840501142672,
                        2685
                    ],
                    [
                        137.75363024694906,
                        36.748643630545175,
                        2687
                    ],
                    [
                        137.7534732464968,
                        36.748886733869256,
                        2691
                    ],
                    [
                        137.75338246880128,
                        36.74908915192878,
                        2696
                    ],
                    [
                        137.75328662378428,
                        36.749234785800475,
                        2702
                    ],
                    [
                        137.7532313788395,
                        36.74932081996745,
                        2709
                    ],
                    [
                        137.7531107323407,
                        36.74949865615897,
                        2715
                    ],
                    [
                        137.7530281521324,
                        36.749634183379854,
                        2720
                    ],
                    [
                        137.75288579559827,
                        36.74973793366883,
                        2724
                    ],
                    [
                        137.7529089847318,
                        36.749896707349045,
                        2729
                    ],
                    [
                        137.75280105083883,
                        36.74995080174111,
                        2732
                    ],
                    [
                        137.7527840435673,
                        36.750063216455025,
                        2736
                    ],
                    [
                        137.75273104486513,
                        36.75017631244134,
                        2740
                    ],
                    [
                        137.75264966587457,
                        36.750291062086156,
                        2745
                    ],
                    [
                        137.7525523696053,
                        36.7503748775041,
                        2753
                    ],
                    [
                        137.75239541832994,
                        36.75051715317333,
                        2755
                    ],
                    [
                        137.75213960623844,
                        36.750698075893034,
                        2757
                    ],
                    [
                        137.75193011861228,
                        36.75084640829022,
                        2761
                    ],
                    [
                        137.75179010524343,
                        36.750970203493985,
                        2767
                    ],
                    [
                        137.7517535264277,
                        36.75117415145797,
                        2762
                    ],
                    [
                        137.75172067790967,
                        36.75148562262491,
                        2750
                    ],
                    [
                        137.75171319520396,
                        36.751784813696794,
                        2747
                    ],
                    [
                        137.75179859631746,
                        36.752104506550005,
                        2747
                    ],
                    [
                        137.7518668739007,
                        36.752364826061296,
                        2746
                    ],
                    [
                        137.75199152576266,
                        36.75263015337072,
                        2747
                    ],
                    [
                        137.75223025798044,
                        36.75280491062418,
                        2743
                    ],
                    [
                        137.7525680653773,
                        36.75290187580615,
                        2736
                    ],
                    [
                        137.75293885517542,
                        36.752958932525814,
                        2731
                    ],
                    [
                        137.75306864745278,
                        36.752947826142346,
                        2727
                    ]
                ]
            }
        },
        {
            "type": "Feature",
            "properties": {
                "name": "20250803",
                "time": "2025-08-02T22:10:06Z",
                "coordTimes": [
                    "2025-08-02T22:10:06Z",
                    "2025-08-02T22:10:31Z",
                    "2025-08-02T22:11:02Z",
                    "2025-08-02T22:11:36Z",
                    "2025-08-02T22:12:21Z",
                    "2025-08-02T22:12:58Z",
                    "2025-08-02T22:13:33Z",
                    "2025-08-02T22:14:03Z",
                    "2025-08-02T22:14:36Z",
                    "2025-08-02T22:15:06Z",
                    "2025-08-02T22:15:39Z",
                    "2025-08-02T22:16:13Z",
                    "2025-08-02T22:16:44Z",
                    "2025-08-02T22:17:16Z",
                    "2025-08-02T22:18:10Z",
                    "2025-08-02T22:18:40Z",
                    "2025-08-02T22:19:13Z",
                    "2025-08-02T22:19:51Z",
                    "2025-08-02T22:20:29Z",
                    "2025-08-02T22:21:12Z",
                    "2025-08-02T22:21:47Z",
                    "2025-08-02T22:22:21Z",
                    "2025-08-02T22:22:57Z",
                    "2025-08-02T22:23:39Z",
                    "2025-08-02T22:24:15Z",
                    "2025-08-02T22:25:59Z",
                    "2025-08-02T22:27:12Z",
                    "2025-08-02T22:27:52Z",
                    "2025-08-02T22:32:30Z",
                    "2025-08-02T22:32:58Z",
                    "2025-08-02T22:33:28Z",
                    "2025-08-02T22:34:03Z",
                    "2025-08-02T22:34:48Z",
                    "2025-08-02T22:35:31Z",
                    "2025-08-02T22:36:09Z",
                    "2025-08-02T22:36:47Z",
                    "2025-08-02T22:37:26Z",
                    "2025-08-02T22:38:04Z",
                    "2025-08-02T22:38:46Z",
                    "2025-08-02T22:39:34Z",
                    "2025-08-02T22:40:11Z",
                    "2025-08-02T22:40:47Z",
                    "2025-08-02T22:41:27Z",
                    "2025-08-02T22:42:11Z",
                    "2025-08-02T22:42:47Z",
                    "2025-08-02T22:43:23Z",
                    "2025-08-02T22:44:00Z",
                    "2025-08-02T22:46:00Z",
                    "2025-08-02T22:46:43Z",
                    "2025-08-02T22:50:20Z",
                    "2025-08-02T22:50:56Z",
                    "2025-08-02T22:51:23Z",
                    "2025-08-02T22:52:00Z",
                    "2025-08-02T22:52:27Z",
                    "2025-08-02T22:52:55Z",
                    "2025-08-02T22:53:23Z",
                    "2025-08-02T22:53:51Z",
                    "2025-08-02T22:54:35Z",
                    "2025-08-02T22:55:02Z",
                    "2025-08-02T22:55:31Z",
                    "2025-08-02T22:55:59Z",
                    "2025-08-02T22:56:45Z",
                    "2025-08-02T22:57:12Z",
                    "2025-08-02T22:57:40Z",
                    "2025-08-02T22:58:07Z",
                    "2025-08-02T22:58:54Z",
                    "2025-08-02T23:00:44Z",
                    "2025-08-02T23:01:42Z",
                    "2025-08-02T23:02:16Z",
                    "2025-08-02T23:02:45Z",
                    "2025-08-02T23:03:12Z",
                    "2025-08-02T23:03:40Z",
                    "2025-08-02T23:04:07Z",
                    "2025-08-02T23:04:46Z",
                    "2025-08-02T23:05:19Z",
                    "2025-08-02T23:05:52Z",
                    "2025-08-02T23:06:32Z",
                    "2025-08-02T23:07:29Z",
                    "2025-08-02T23:08:13Z",
                    "2025-08-02T23:08:45Z",
                    "2025-08-02T23:09:20Z",
                    "2025-08-02T23:10:10Z",
                    "2025-08-02T23:10:46Z",
                    "2025-08-02T23:11:19Z",
                    "2025-08-02T23:11:49Z",
                    "2025-08-02T23:12:16Z",
                    "2025-08-02T23:12:42Z",
                    "2025-08-02T23:13:13Z",
                    "2025-08-02T23:13:49Z",
                    "2025-08-02T23:14:18Z",
                    "2025-08-02T23:14:56Z",
                    "2025-08-02T23:15:34Z",
                    "2025-08-02T23:16:08Z",
                    "2025-08-02T23:16:46Z",
                    "2025-08-02T23:17:15Z",
                    "2025-08-02T23:17:48Z",
                    "2025-08-02T23:18:16Z",
                    "2025-08-02T23:19:13Z",
                    "2025-08-02T23:19:42Z",
                    "2025-08-02T23:20:11Z",
                    "2025-08-02T23:20:38Z",
                    "2025-08-02T23:21:05Z",
                    "2025-08-02T23:21:35Z",
                    "2025-08-02T23:22:06Z",
                    "2025-08-02T23:22:37Z",
                    "2025-08-02T23:23:06Z",
                    "2025-08-02T23:23:35Z",
                    "2025-08-02T23:24:02Z",
                    "2025-08-02T23:24:31Z",
                    "2025-08-02T23:25:03Z",
                    "2025-08-02T23:25:31Z",
                    "2025-08-02T23:26:03Z",
                    "2025-08-02T23:26:35Z",
                    "2025-08-02T23:27:13Z",
                    "2025-08-02T23:27:51Z",
                    "2025-08-02T23:28:44Z",
                    "2025-08-02T23:29:28Z",
                    "2025-08-02T23:30:07Z",
                    "2025-08-02T23:30:52Z",
                    "2025-08-02T23:31:26Z",
                    "2025-08-02T23:32:08Z",
                    "2025-08-02T23:32:52Z",
                    "2025-08-02T23:33:33Z",
                    "2025-08-02T23:35:04Z",
                    "2025-08-02T23:35:42Z",
                    "2025-08-02T23:36:14Z",
                    "2025-08-02T23:36:43Z",
                    "2025-08-02T23:37:12Z",
                    "2025-08-02T23:37:42Z",
                    "2025-08-02T23:38:10Z",
                    "2025-08-02T23:38:39Z",
                    "2025-08-02T23:39:10Z",
                    "2025-08-02T23:39:40Z",
                    "2025-08-02T23:40:10Z",
                    "2025-08-02T23:40:39Z",
                    "2025-08-02T23:41:14Z",
                    "2025-08-02T23:45:37Z",
                    "2025-08-02T23:55:27Z",
                    "2025-08-02T23:56:15Z",
                    "2025-08-02T23:56:47Z",
                    "2025-08-02T23:57:20Z",
                    "2025-08-02T23:57:50Z",
                    "2025-08-02T23:58:24Z",
                    "2025-08-02T23:58:58Z",
                    "2025-08-02T23:59:32Z",
                    "2025-08-03T00:00:17Z",
                    "2025-08-03T00:01:54Z",
                    "2025-08-03T00:02:30Z",
                    "2025-08-03T00:03:02Z",
                    "2025-08-03T00:03:57Z",
                    "2025-08-03T00:04:36Z",
                    "2025-08-03T00:05:07Z",
                    "2025-08-03T00:05:45Z",
                    "2025-08-03T00:06:19Z",
                    "2025-08-03T00:06:55Z",
                    "2025-08-03T00:07:42Z",
                    "2025-08-03T00:08:15Z",
                    "2025-08-03T00:09:02Z",
                    "2025-08-03T00:09:56Z",
                    "2025-08-03T00:11:20Z",
                    "2025-08-03T00:12:10Z",
                    "2025-08-03T00:12:59Z",
                    "2025-08-03T00:13:41Z",
                    "2025-08-03T00:14:23Z",
                    "2025-08-03T00:14:58Z",
                    "2025-08-03T00:15:30Z",
                    "2025-08-03T00:16:05Z",
                    "2025-08-03T00:16:43Z",
                    "2025-08-03T00:17:42Z",
                    "2025-08-03T00:18:27Z",
                    "2025-08-03T00:19:05Z",
                    "2025-08-03T00:19:43Z",
                    "2025-08-03T00:20:17Z",
                    "2025-08-03T00:20:57Z",
                    "2025-08-03T00:22:07Z",
                    "2025-08-03T00:22:40Z",
                    "2025-08-03T00:23:11Z",
                    "2025-08-03T00:23:42Z",
                    "2025-08-03T00:24:14Z",
                    "2025-08-03T00:24:49Z",
                    "2025-08-03T00:25:18Z",
                    "2025-08-03T00:25:44Z",
                    "2025-08-03T00:26:10Z",
                    "2025-08-03T00:26:44Z",
                    "2025-08-03T00:27:44Z",
                    "2025-08-03T00:28:23Z",
                    "2025-08-03T00:28:58Z",
                    "2025-08-03T00:29:31Z",
                    "2025-08-03T00:30:27Z",
                    "2025-08-03T00:31:17Z",
                    "2025-08-03T00:32:04Z",
                    "2025-08-03T00:33:24Z",
                    "2025-08-03T00:39:07Z",
                    "2025-08-03T00:40:17Z",
                    "2025-08-03T00:42:20Z",
                    "2025-08-03T00:42:49Z",
                    "2025-08-03T00:43:36Z",
                    "2025-08-03T00:44:35Z",
                    "2025-08-03T00:45:04Z",
                    "2025-08-03T00:46:26Z",
                    "2025-08-03T00:47:18Z",
                    "2025-08-03T00:48:26Z",
                    "2025-08-03T00:49:18Z",
                    "2025-08-03T00:50:01Z",
                    "2025-08-03T00:52:42Z",
                    "2025-08-03T01:00:05Z",
                    "2025-08-03T01:00:36Z",
                    "2025-08-03T01:01:15Z",
                    "2025-08-03T01:01:58Z",
                    "2025-08-03T01:02:34Z",
                    "2025-08-03T01:03:24Z",
                    "2025-08-03T01:04:15Z",
                    "2025-08-03T01:05:05Z",
                    "2025-08-03T01:06:45Z",
                    "2025-08-03T01:07:43Z",
                    "2025-08-03T01:08:12Z",
                    "2025-08-03T01:08:41Z",
                    "2025-08-03T01:09:03Z",
                    "2025-08-03T01:35:34Z",
                    "2025-08-03T01:36:04Z",
                    "2025-08-03T01:36:55Z",
                    "2025-08-03T01:37:40Z",
                    "2025-08-03T01:38:34Z",
                    "2025-08-03T01:39:30Z",
                    "2025-08-03T01:40:22Z",
                    "2025-08-03T01:44:17Z",
                    "2025-08-03T01:44:54Z",
                    "2025-08-03T01:45:21Z",
                    "2025-08-03T01:45:51Z",
                    "2025-08-03T01:46:21Z",
                    "2025-08-03T01:46:54Z",
                    "2025-08-03T01:48:51Z",
                    "2025-08-03T01:49:55Z",
                    "2025-08-03T01:50:44Z",
                    "2025-08-03T01:51:37Z",
                    "2025-08-03T01:52:20Z",
                    "2025-08-03T01:52:50Z",
                    "2025-08-03T01:53:20Z",
                    "2025-08-03T01:53:50Z",
                    "2025-08-03T01:54:19Z",
                    "2025-08-03T01:54:46Z",
                    "2025-08-03T01:55:28Z",
                    "2025-08-03T02:05:42Z",
                    "2025-08-03T02:06:41Z",
                    "2025-08-03T02:07:10Z",
                    "2025-08-03T02:07:48Z",
                    "2025-08-03T02:08:22Z",
                    "2025-08-03T02:08:58Z",
                    "2025-08-03T02:09:32Z",
                    "2025-08-03T02:10:09Z",
                    "2025-08-03T02:10:58Z",
                    "2025-08-03T02:11:56Z",
                    "2025-08-03T02:13:00Z",
                    "2025-08-03T02:13:41Z",
                    "2025-08-03T02:14:23Z",
                    "2025-08-03T02:14:58Z",
                    "2025-08-03T02:15:31Z",
                    "2025-08-03T02:16:01Z",
                    "2025-08-03T02:16:29Z",
                    "2025-08-03T02:17:01Z",
                    "2025-08-03T02:17:31Z",
                    "2025-08-03T02:18:01Z",
                    "2025-08-03T02:18:46Z",
                    "2025-08-03T02:20:16Z",
                    "2025-08-03T02:20:55Z",
                    "2025-08-03T02:21:31Z",
                    "2025-08-03T02:22:40Z",
                    "2025-08-03T02:23:49Z",
                    "2025-08-03T02:24:37Z",
                    "2025-08-03T02:25:13Z",
                    "2025-08-03T02:25:47Z",
                    "2025-08-03T02:26:22Z",
                    "2025-08-03T02:26:50Z",
                    "2025-08-03T02:27:18Z",
                    "2025-08-03T02:27:45Z",
                    "2025-08-03T02:28:23Z",
                    "2025-08-03T02:28:54Z",
                    "2025-08-03T02:29:28Z",
                    "2025-08-03T02:29:59Z",
                    "2025-08-03T02:30:29Z",
                    "2025-08-03T02:30:57Z",
                    "2025-08-03T02:31:30Z",
                    "2025-08-03T02:32:08Z",
                    "2025-08-03T02:32:37Z",
                    "2025-08-03T02:33:04Z",
                    "2025-08-03T02:33:39Z",
                    "2025-08-03T02:34:09Z",
                    "2025-08-03T02:35:03Z",
                    "2025-08-03T02:35:33Z",
                    "2025-08-03T02:36:01Z",
                    "2025-08-03T02:36:28Z",
                    "2025-08-03T02:36:57Z",
                    "2025-08-03T02:37:43Z",
                    "2025-08-03T02:38:24Z",
                    "2025-08-03T02:39:02Z",
                    "2025-08-03T02:39:36Z",
                    "2025-08-03T02:40:26Z",
                    "2025-08-03T02:41:01Z",
                    "2025-08-03T02:41:42Z",
                    "2025-08-03T02:42:22Z",
                    "2025-08-03T02:43:01Z",
                    "2025-08-03T02:43:34Z",
                    "2025-08-03T02:44:07Z",
                    "2025-08-03T02:44:45Z",
                    "2025-08-03T02:45:17Z",
                    "2025-08-03T02:45:45Z",
                    "2025-08-03T02:46:20Z",
                    "2025-08-03T02:46:52Z",
                    "2025-08-03T02:47:21Z",
                    "2025-08-03T02:47:52Z",
                    "2025-08-03T02:48:20Z",
                    "2025-08-03T02:48:49Z",
                    "2025-08-03T02:49:25Z",
                    "2025-08-03T02:49:52Z",
                    "2025-08-03T02:50:41Z",
                    "2025-08-03T02:51:14Z",
                    "2025-08-03T02:51:42Z",
                    "2025-08-03T02:52:08Z",
                    "2025-08-03T02:52:34Z",
                    "2025-08-03T02:53:01Z",
                    "2025-08-03T02:53:33Z",
                    "2025-08-03T02:54:04Z",
                    "2025-08-03T02:54:44Z",
                    "2025-08-03T02:55:12Z",
                    "2025-08-03T02:55:51Z",
                    "2025-08-03T02:56:17Z",
                    "2025-08-03T02:56:50Z",
                    "2025-08-03T02:57:18Z",
                    "2025-08-03T02:57:47Z",
                    "2025-08-03T02:58:18Z",
                    "2025-08-03T02:58:49Z",
                    "2025-08-03T02:59:27Z",
                    "2025-08-03T03:00:00Z",
                    "2025-08-03T03:00:40Z",
                    "2025-08-03T03:01:12Z",
                    "2025-08-03T03:01:47Z",
                    "2025-08-03T03:02:17Z",
                    "2025-08-03T03:02:53Z",
                    "2025-08-03T03:04:02Z",
                    "2025-08-03T03:04:41Z",
                    "2025-08-03T03:05:09Z",
                    "2025-08-03T03:05:35Z",
                    "2025-08-03T03:06:02Z",
                    "2025-08-03T03:06:50Z",
                    "2025-08-03T03:07:48Z",
                    "2025-08-03T03:12:10Z",
                    "2025-08-03T03:12:44Z",
                    "2025-08-03T03:13:17Z",
                    "2025-08-03T03:13:53Z",
                    "2025-08-03T03:14:42Z",
                    "2025-08-03T03:15:12Z",
                    "2025-08-03T03:16:02Z",
                    "2025-08-03T03:16:41Z",
                    "2025-08-03T03:17:44Z",
                    "2025-08-03T03:18:14Z",
                    "2025-08-03T03:18:43Z",
                    "2025-08-03T03:19:13Z",
                    "2025-08-03T03:19:41Z",
                    "2025-08-03T03:20:22Z",
                    "2025-08-03T03:20:50Z",
                    "2025-08-03T03:21:20Z",
                    "2025-08-03T03:22:05Z",
                    "2025-08-03T03:22:35Z",
                    "2025-08-03T03:23:05Z",
                    "2025-08-03T03:23:35Z",
                    "2025-08-03T03:25:13Z",
                    "2025-08-03T03:25:44Z",
                    "2025-08-03T03:26:13Z",
                    "2025-08-03T03:26:42Z",
                    "2025-08-03T03:27:19Z",
                    "2025-08-03T03:28:18Z",
                    "2025-08-03T03:28:45Z",
                    "2025-08-03T03:29:13Z",
                    "2025-08-03T03:29:42Z",
                    "2025-08-03T03:30:09Z",
                    "2025-08-03T03:30:42Z",
                    "2025-08-03T03:31:09Z",
                    "2025-08-03T03:31:37Z",
                    "2025-08-03T03:32:07Z",
                    "2025-08-03T03:32:36Z",
                    "2025-08-03T03:33:06Z",
                    "2025-08-03T03:33:37Z",
                    "2025-08-03T03:34:04Z",
                    "2025-08-03T03:34:34Z",
                    "2025-08-03T03:35:06Z",
                    "2025-08-03T03:35:36Z",
                    "2025-08-03T03:36:10Z",
                    "2025-08-03T03:36:40Z",
                    "2025-08-03T03:37:08Z",
                    "2025-08-03T03:37:38Z",
                    "2025-08-03T03:38:06Z",
                    "2025-08-03T03:38:36Z",
                    "2025-08-03T03:39:06Z",
                    "2025-08-03T03:39:36Z",
                    "2025-08-03T03:40:09Z",
                    "2025-08-03T03:40:41Z",
                    "2025-08-03T03:41:08Z",
                    "2025-08-03T03:41:41Z",
                    "2025-08-03T03:42:08Z",
                    "2025-08-03T03:42:38Z",
                    "2025-08-03T03:43:06Z",
                    "2025-08-03T03:43:34Z",
                    "2025-08-03T03:44:05Z",
                    "2025-08-03T03:44:35Z",
                    "2025-08-03T03:45:07Z",
                    "2025-08-03T03:45:35Z",
                    "2025-08-03T03:46:04Z",
                    "2025-08-03T03:46:31Z",
                    "2025-08-03T03:47:01Z",
                    "2025-08-03T03:47:32Z",
                    "2025-08-03T03:47:58Z",
                    "2025-08-03T03:48:32Z",
                    "2025-08-03T03:49:00Z",
                    "2025-08-03T03:49:29Z",
                    "2025-08-03T03:49:59Z",
                    "2025-08-03T03:50:25Z",
                    "2025-08-03T03:50:52Z",
                    "2025-08-03T03:51:21Z",
                    "2025-08-03T03:51:50Z",
                    "2025-08-03T03:52:17Z",
                    "2025-08-03T03:52:45Z",
                    "2025-08-03T03:53:13Z",
                    "2025-08-03T03:53:41Z",
                    "2025-08-03T03:54:08Z",
                    "2025-08-03T03:54:38Z",
                    "2025-08-03T03:55:10Z",
                    "2025-08-03T03:55:43Z",
                    "2025-08-03T03:56:14Z",
                    "2025-08-03T03:56:42Z",
                    "2025-08-03T03:57:15Z",
                    "2025-08-03T03:57:47Z",
                    "2025-08-03T03:58:18Z",
                    "2025-08-03T03:58:48Z",
                    "2025-08-03T04:00:15Z"
                ]
            },
            "geometry": {
                "type": "LineString",
                "coordinates": [
                    [
                        137.75305959439376,
                        36.75293886452852,
                        2721
                    ],
                    [
                        137.75334087593316,
                        36.75288806785385,
                        2726
                    ],
                    [
                        137.75360556862714,
                        36.753034493803845,
                        2730
                    ],
                    [
                        137.75356387812502,
                        36.75315895052646,
                        2734
                    ],
                    [
                        137.75341575177856,
                        36.753240376183804,
                        2740
                    ],
                    [
                        137.75322371044024,
                        36.75329364663591,
                        2745
                    ],
                    [
                        137.75313033117524,
                        36.75336146605896,
                        2750
                    ],
                    [
                        137.75335534823458,
                        36.753499477323416,
                        2753
                    ],
                    [
                        137.75350440321304,
                        36.75360805441,
                        2754
                    ],
                    [
                        137.75372541040605,
                        36.75372550539137,
                        2760
                    ],
                    [
                        137.7539508048457,
                        36.75387869440338,
                        2764
                    ],
                    [
                        137.75415952261685,
                        36.754050063243916,
                        2769
                    ],
                    [
                        137.75432425808634,
                        36.754260453877585,
                        2773
                    ],
                    [
                        137.7544436366957,
                        36.754470089424665,
                        2777
                    ],
                    [
                        137.75465580051008,
                        36.75462545053973,
                        2780
                    ],
                    [
                        137.75484094219144,
                        36.75476452343079,
                        2783
                    ],
                    [
                        137.7550193585379,
                        36.75486064812533,
                        2787
                    ],
                    [
                        137.75521685643218,
                        36.75495139073038,
                        2792
                    ],
                    [
                        137.75538418207918,
                        36.75502702949652,
                        2798
                    ],
                    [
                        137.75558620405695,
                        36.75513338661114,
                        2803
                    ],
                    [
                        137.7558432525936,
                        36.75511571952124,
                        2809
                    ],
                    [
                        137.75608508583824,
                        36.755168015030904,
                        2814
                    ],
                    [
                        137.75629457265424,
                        36.7552338941936,
                        2820
                    ],
                    [
                        137.75653162119056,
                        36.755303566835295,
                        2827
                    ],
                    [
                        137.7565599150228,
                        36.75544718315865,
                        2835
                    ],
                    [
                        137.75665272286406,
                        36.75539395945414,
                        2834
                    ],
                    [
                        137.7565866007857,
                        36.75525052739041,
                        2830
                    ],
                    [
                        137.75664560022213,
                        36.75541515192358,
                        2834
                    ],
                    [
                        137.75672130711558,
                        36.75564371440304,
                        2837
                    ],
                    [
                        137.75675573369654,
                        36.75586208886084,
                        2840
                    ],
                    [
                        137.75687533528952,
                        36.7560294234395,
                        2843
                    ],
                    [
                        137.75698921089332,
                        36.75618840126363,
                        2849
                    ],
                    [
                        137.7570745705115,
                        36.75633140536204,
                        2855
                    ],
                    [
                        137.75719927210963,
                        36.756484807493806,
                        2861
                    ],
                    [
                        137.75730383803574,
                        36.7566159991955,
                        2867
                    ],
                    [
                        137.757483375295,
                        36.75670236117433,
                        2873
                    ],
                    [
                        137.75745016242485,
                        36.7568965839889,
                        2878
                    ],
                    [
                        137.75752828217284,
                        36.757062076884424,
                        2883
                    ],
                    [
                        137.7575598550084,
                        36.757279137226185,
                        2889
                    ],
                    [
                        137.75756844150374,
                        36.757451953496705,
                        2895
                    ],
                    [
                        137.7576446402013,
                        36.75758780289692,
                        2900
                    ],
                    [
                        137.75776825763026,
                        36.75770727582544,
                        2905
                    ],
                    [
                        137.7578716538705,
                        36.757859904022524,
                        2911
                    ],
                    [
                        137.7579823360565,
                        36.758029653283174,
                        2917
                    ],
                    [
                        137.758145371033,
                        36.758177654699026,
                        2922
                    ],
                    [
                        137.75832801156128,
                        36.75834191414565,
                        2928
                    ],
                    [
                        137.7583758381185,
                        36.75815483260594,
                        2929
                    ],
                    [
                        137.75846265612086,
                        36.75843237108086,
                        2933
                    ],
                    [
                        137.75853567419864,
                        36.75858734235115,
                        2931
                    ],
                    [
                        137.7584525042323,
                        36.75887873894596,
                        2925
                    ],
                    [
                        137.7583703474802,
                        36.75900350799109,
                        2923
                    ],
                    [
                        137.7583908360891,
                        36.759244472664825,
                        2917
                    ],
                    [
                        137.75841247726686,
                        36.759461176101155,
                        2908
                    ],
                    [
                        137.75862166144236,
                        36.75973835294191,
                        2905
                    ],
                    [
                        137.758837782409,
                        36.76003231004283,
                        2900
                    ],
                    [
                        137.75894196230382,
                        36.76035491834325,
                        2894
                    ],
                    [
                        137.75894903628443,
                        36.76060953451249,
                        2899
                    ],
                    [
                        137.75881898528775,
                        36.76087402244204,
                        2890
                    ],
                    [
                        137.7588198923238,
                        36.761118407097946,
                        2884
                    ],
                    [
                        137.75886454244824,
                        36.76142825581739,
                        2878
                    ],
                    [
                        137.758895098843,
                        36.76169810743258,
                        2877
                    ],
                    [
                        137.75904048303605,
                        36.7618796321335,
                        2869
                    ],
                    [
                        137.75911904046515,
                        36.762145940604654,
                        2864
                    ],
                    [
                        137.75921801019445,
                        36.762396265972576,
                        2861
                    ],
                    [
                        137.75931646715142,
                        36.762704175651486,
                        2862
                    ],
                    [
                        137.7594374801375,
                        36.76289839659164,
                        2854
                    ],
                    [
                        137.7594180037757,
                        36.76304709011965,
                        2845
                    ],
                    [
                        137.7595577209854,
                        36.7631902223258,
                        2837
                    ],
                    [
                        137.75969759682187,
                        36.76339697694021,
                        2827
                    ],
                    [
                        137.75980889245338,
                        36.763656861486645,
                        2821
                    ],
                    [
                        137.759916405599,
                        36.76388448935147,
                        2823
                    ],
                    [
                        137.75989954518963,
                        36.764154087820565,
                        2822
                    ],
                    [
                        137.75986515827694,
                        36.764407181807556,
                        2821
                    ],
                    [
                        137.75992682045546,
                        36.76457721193287,
                        2817
                    ],
                    [
                        137.76007372129843,
                        36.764709075003076,
                        2811
                    ],
                    [
                        137.76018366622543,
                        36.764903266253974,
                        2805
                    ],
                    [
                        137.76024949142942,
                        36.765048770122156,
                        2798
                    ],
                    [
                        137.76037486391752,
                        36.76512770774014,
                        2789
                    ],
                    [
                        137.7604849064448,
                        36.76508504222931,
                        2785
                    ],
                    [
                        137.7606269508658,
                        36.765248483097615,
                        2775
                    ],
                    [
                        137.76072396423424,
                        36.76549055376598,
                        2767
                    ],
                    [
                        137.76086249562192,
                        36.76560344349126,
                        2759
                    ],
                    [
                        137.76098932818672,
                        36.765762267514084,
                        2750
                    ],
                    [
                        137.76117376012002,
                        36.76596161509466,
                        2745
                    ],
                    [
                        137.76144491664826,
                        36.76623581198426,
                        2737
                    ],
                    [
                        137.7616809788975,
                        36.76650696068738,
                        2731
                    ],
                    [
                        137.76183948297296,
                        36.766764951056814,
                        2724
                    ],
                    [
                        137.76195293243782,
                        36.767023068304866,
                        2716
                    ],
                    [
                        137.76207833609635,
                        36.7672695213954,
                        2707
                    ],
                    [
                        137.76213076875976,
                        36.76742758054196,
                        2702
                    ],
                    [
                        137.76224040130634,
                        36.76764922466114,
                        2695
                    ],
                    [
                        137.76239079395936,
                        36.76787540029634,
                        2686
                    ],
                    [
                        137.76240046834826,
                        36.76802133366268,
                        2677
                    ],
                    [
                        137.76226490689444,
                        36.76822514094952,
                        2670
                    ],
                    [
                        137.76218124962975,
                        36.7684608449297,
                        2663
                    ],
                    [
                        137.76207554703663,
                        36.7686251012344,
                        2658
                    ],
                    [
                        137.76195479030457,
                        36.768842603107885,
                        2653
                    ],
                    [
                        137.76203231719154,
                        36.769110692972156,
                        2646
                    ],
                    [
                        137.76200779427666,
                        36.76926742315301,
                        2646
                    ],
                    [
                        137.76205537078144,
                        36.76958225563574,
                        2641
                    ],
                    [
                        137.7619877673545,
                        36.7698670807327,
                        2636
                    ],
                    [
                        137.76205776250723,
                        36.77009760041795,
                        2630
                    ],
                    [
                        137.76210085027074,
                        36.77038182245359,
                        2621
                    ],
                    [
                        137.76203093616172,
                        36.7705870356096,
                        2615
                    ],
                    [
                        137.76191624144556,
                        36.770828341544295,
                        2607
                    ],
                    [
                        137.76185330634593,
                        36.77110258224226,
                        2601
                    ],
                    [
                        137.76163138139785,
                        36.77133097800402,
                        2600
                    ],
                    [
                        137.76142530416413,
                        36.77152749581393,
                        2597
                    ],
                    [
                        137.7612222415745,
                        36.77169824440512,
                        2593
                    ],
                    [
                        137.76101704376916,
                        36.771926863464884,
                        2590
                    ],
                    [
                        137.76075631802436,
                        36.77211057864941,
                        2589
                    ],
                    [
                        137.7605526449425,
                        36.77234854416652,
                        2588
                    ],
                    [
                        137.76046162946508,
                        36.77252651598034,
                        2582
                    ],
                    [
                        137.7602733791252,
                        36.772568997864546,
                        2576
                    ],
                    [
                        137.76019085061125,
                        36.772417654662846,
                        2571
                    ],
                    [
                        137.7600028267998,
                        36.77246366605747,
                        2562
                    ],
                    [
                        137.75985192242473,
                        36.772514708836184,
                        2554
                    ],
                    [
                        137.75966998044777,
                        36.772590122562846,
                        2547
                    ],
                    [
                        137.75949409249995,
                        36.77274442635241,
                        2537
                    ],
                    [
                        137.75939174692536,
                        36.7729183413909,
                        2532
                    ],
                    [
                        137.75930918285832,
                        36.773108226064224,
                        2526
                    ],
                    [
                        137.75924620286588,
                        36.77328958400411,
                        2515
                    ],
                    [
                        137.75899874923073,
                        36.77336942262678,
                        2506
                    ],
                    [
                        137.75884777843504,
                        36.77347177665802,
                        2503
                    ],
                    [
                        137.7586903205766,
                        36.77353109833867,
                        2498
                    ],
                    [
                        137.75849514902606,
                        36.77371904537756,
                        2493
                    ],
                    [
                        137.75824693171006,
                        36.77393387415272,
                        2494
                    ],
                    [
                        137.7580525633299,
                        36.77410595812109,
                        2493
                    ],
                    [
                        137.75787876986917,
                        36.774303796995255,
                        2496
                    ],
                    [
                        137.75764186678973,
                        36.774427703063694,
                        2498
                    ],
                    [
                        137.7574206708924,
                        36.774566506913345,
                        2503
                    ],
                    [
                        137.75715687833022,
                        36.77476261512309,
                        2505
                    ],
                    [
                        137.75682944967795,
                        36.77485224375703,
                        2502
                    ],
                    [
                        137.75652108428315,
                        36.77486252773266,
                        2497
                    ],
                    [
                        137.75620495936485,
                        36.77492529819864,
                        2490
                    ],
                    [
                        137.75614220215093,
                        36.7750302729631,
                        2488
                    ],
                    [
                        137.75633496640887,
                        36.77509923455206,
                        2489
                    ],
                    [
                        137.75653537903858,
                        36.77525823605727,
                        2485
                    ],
                    [
                        137.75677595303276,
                        36.77541286312448,
                        2482
                    ],
                    [
                        137.75676207052555,
                        36.77561016785008,
                        2476
                    ],
                    [
                        137.7567070272321,
                        36.77580360698376,
                        2467
                    ],
                    [
                        137.75678642912104,
                        36.77596963557868,
                        2463
                    ],
                    [
                        137.75681899420297,
                        36.77620946855259,
                        2458
                    ],
                    [
                        137.75678941881344,
                        36.77644631257309,
                        2452
                    ],
                    [
                        137.75695027766304,
                        36.77667704994995,
                        2444
                    ],
                    [
                        137.75695147288988,
                        36.77687931866248,
                        2438
                    ],
                    [
                        137.75696871950413,
                        36.777014815256415,
                        2432
                    ],
                    [
                        137.75695519932253,
                        36.77723810677281,
                        2425
                    ],
                    [
                        137.75703757502345,
                        36.7774056125296,
                        2417
                    ],
                    [
                        137.75705735988035,
                        36.77758820620454,
                        2408
                    ],
                    [
                        137.75698362533083,
                        36.77778940977355,
                        2398
                    ],
                    [
                        137.7570602520192,
                        36.77789584640045,
                        2394
                    ],
                    [
                        137.75703962767315,
                        36.77808649322979,
                        2384
                    ],
                    [
                        137.75705568822468,
                        36.7782527326483,
                        2377
                    ],
                    [
                        137.7570330862054,
                        36.778447114218366,
                        2367
                    ],
                    [
                        137.75695228990216,
                        36.77864441396246,
                        2361
                    ],
                    [
                        137.75693502941778,
                        36.77882472392721,
                        2352
                    ],
                    [
                        137.7569559189166,
                        36.77902475380422,
                        2346
                    ],
                    [
                        137.75704993941207,
                        36.77910235632326,
                        2337
                    ],
                    [
                        137.75714180232686,
                        36.77918813656233,
                        2331
                    ],
                    [
                        137.7572374682791,
                        36.77929219553101,
                        2324
                    ],
                    [
                        137.757415172302,
                        36.77938171319106,
                        2313
                    ],
                    [
                        137.7575605910726,
                        36.77948219477392,
                        2306
                    ],
                    [
                        137.75767732438925,
                        36.77966446491892,
                        2296
                    ],
                    [
                        137.75781178058523,
                        36.77981949535119,
                        2288
                    ],
                    [
                        137.75792020881292,
                        36.77998570910639,
                        2283
                    ],
                    [
                        137.75806196660147,
                        36.78017160066571,
                        2276
                    ],
                    [
                        137.75827986699443,
                        36.78029907204415,
                        2267
                    ],
                    [
                        137.75850835054067,
                        36.78030461769499,
                        2258
                    ],
                    [
                        137.7586837797233,
                        36.78035123469534,
                        2250
                    ],
                    [
                        137.75884813251875,
                        36.78052587061589,
                        2242
                    ],
                    [
                        137.75899963247713,
                        36.780694590921705,
                        2236
                    ],
                    [
                        137.75899442224616,
                        36.78089903531534,
                        2229
                    ],
                    [
                        137.75888922103334,
                        36.78106141500852,
                        2224
                    ],
                    [
                        137.7589370043028,
                        36.78121239032792,
                        2217
                    ],
                    [
                        137.7590365766774,
                        36.781345257227045,
                        2210
                    ],
                    [
                        137.7592740298451,
                        36.78154835151797,
                        2204
                    ],
                    [
                        137.75937314365078,
                        36.78171857981296,
                        2201
                    ],
                    [
                        137.7593420026338,
                        36.78190969070312,
                        2196
                    ],
                    [
                        137.75932375777637,
                        36.782178640375015,
                        2191
                    ],
                    [
                        137.7593090168307,
                        36.78243633518717,
                        2189
                    ],
                    [
                        137.7592519722385,
                        36.78272012352066,
                        2187
                    ],
                    [
                        137.75909010048812,
                        36.78296142584088,
                        2183
                    ],
                    [
                        137.7591351856355,
                        36.783166311587934,
                        2179
                    ],
                    [
                        137.75924059635048,
                        36.78327876782125,
                        2172
                    ],
                    [
                        137.75941370298878,
                        36.78343658567703,
                        2165
                    ],
                    [
                        137.7595453096931,
                        36.78361951222284,
                        2158
                    ],
                    [
                        137.75978854776497,
                        36.78370061046301,
                        2153
                    ],
                    [
                        137.75968022792202,
                        36.78386759096081,
                        2144
                    ],
                    [
                        137.75988022898537,
                        36.78396228921277,
                        2137
                    ],
                    [
                        137.75997621137896,
                        36.784064206276845,
                        2131
                    ],
                    [
                        137.75978890847603,
                        36.784159720051264,
                        2123
                    ],
                    [
                        137.75961863235474,
                        36.784336576682094,
                        2117
                    ],
                    [
                        137.75974822793674,
                        36.784494761678374,
                        2117
                    ],
                    [
                        137.75999626864996,
                        36.784676605657154,
                        2114
                    ],
                    [
                        137.76010471634063,
                        36.78488658216472,
                        2110
                    ],
                    [
                        137.76027700300398,
                        36.78490043460732,
                        2104
                    ],
                    [
                        137.76037684197632,
                        36.78505922308092,
                        2097
                    ],
                    [
                        137.76044317097418,
                        36.78523346557141,
                        2092
                    ],
                    [
                        137.76062557224904,
                        36.78525888809176,
                        2087
                    ],
                    [
                        137.76080993718406,
                        36.78531540188497,
                        2080
                    ],
                    [
                        137.76072578708843,
                        36.78538044119267,
                        2076
                    ],
                    [
                        137.7608403793067,
                        36.785483217811766,
                        2072
                    ],
                    [
                        137.7608514683741,
                        36.78562021546836,
                        2065
                    ],
                    [
                        137.76083461337615,
                        36.785715245495695,
                        2064
                    ],
                    [
                        137.76108869377683,
                        36.78589521124767,
                        2060
                    ],
                    [
                        137.7612356453072,
                        36.78600104168068,
                        2054
                    ],
                    [
                        137.76144133603106,
                        36.78609774276489,
                        2049
                    ],
                    [
                        137.76166208139517,
                        36.78622235129062,
                        2044
                    ],
                    [
                        137.76171310358433,
                        36.78632120476922,
                        2046
                    ],
                    [
                        137.7618224273789,
                        36.78649002821661,
                        2036
                    ],
                    [
                        137.76173279441588,
                        36.786665147799425,
                        2038
                    ],
                    [
                        137.7617470163122,
                        36.78682375208251,
                        2042
                    ],
                    [
                        137.76166237714102,
                        36.78689616407523,
                        2043
                    ],
                    [
                        137.76195118653774,
                        36.78688990094521,
                        2032
                    ],
                    [
                        137.76230542526605,
                        36.78693361285805,
                        2025
                    ],
                    [
                        137.76253595995578,
                        36.787007442038735,
                        2020
                    ],
                    [
                        137.7627592534387,
                        36.78702704814963,
                        2014
                    ],
                    [
                        137.7677583291752,
                        36.79154194520204,
                        1912
                    ],
                    [
                        137.76795133983165,
                        36.79166168021364,
                        1912
                    ],
                    [
                        137.76791364316014,
                        36.79180345278842,
                        1916
                    ],
                    [
                        137.76794684063546,
                        36.7919373110015,
                        1921
                    ],
                    [
                        137.76801295601513,
                        36.79207255786056,
                        1921
                    ],
                    [
                        137.7681054212083,
                        36.79213624277379,
                        1919
                    ],
                    [
                        137.7681132494067,
                        36.79197466864949,
                        1911
                    ],
                    [
                        137.76805705554406,
                        36.79182421909014,
                        1917
                    ],
                    [
                        137.76828584983954,
                        36.79160932088441,
                        1921
                    ],
                    [
                        137.76868399384765,
                        36.79156613439197,
                        1922
                    ],
                    [
                        137.7689873026023,
                        36.791465740387274,
                        1927
                    ],
                    [
                        137.7693646436435,
                        36.79153549301516,
                        1926
                    ],
                    [
                        137.76944768279648,
                        36.79173207349106,
                        1921
                    ],
                    [
                        137.76945024548507,
                        36.79185121313758,
                        1925
                    ],
                    [
                        137.7694584049303,
                        36.79197922532699,
                        1926
                    ],
                    [
                        137.7695236230255,
                        36.79209521397705,
                        1924
                    ],
                    [
                        137.76971356405548,
                        36.79220600501974,
                        1929
                    ],
                    [
                        137.7697484209676,
                        36.7924676808429,
                        1932
                    ],
                    [
                        137.7697633713514,
                        36.79273286168196,
                        1934
                    ],
                    [
                        137.76975912540104,
                        36.79285412870453,
                        1937
                    ],
                    [
                        137.77012897269455,
                        36.792916027882455,
                        1940
                    ],
                    [
                        137.7703176038153,
                        36.79304072275999,
                        1939
                    ],
                    [
                        137.7706542780181,
                        36.793010359013614,
                        1935
                    ],
                    [
                        137.7706693578915,
                        36.79281624339188,
                        1942
                    ],
                    [
                        137.7706414882679,
                        36.79300733892896,
                        1936
                    ],
                    [
                        137.77055131227633,
                        36.7932526934199,
                        1935
                    ],
                    [
                        137.7702166697263,
                        36.79337227460528,
                        1932
                    ],
                    [
                        137.77007666170456,
                        36.79354708584761,
                        1933
                    ],
                    [
                        137.7700323512274,
                        36.793732710480704,
                        1930
                    ],
                    [
                        137.77014319076082,
                        36.793984237602295,
                        1928
                    ],
                    [
                        137.77024952246222,
                        36.79416608325474,
                        1924
                    ],
                    [
                        137.77042496659448,
                        36.79434305237849,
                        1918
                    ],
                    [
                        137.7706021328921,
                        36.79450041510338,
                        1913
                    ],
                    [
                        137.77069008213826,
                        36.79460109461878,
                        1907
                    ],
                    [
                        137.77068290597546,
                        36.79475127615031,
                        1904
                    ],
                    [
                        137.77074012715516,
                        36.794869760035056,
                        1901
                    ],
                    [
                        137.77098119078005,
                        36.79492607985759,
                        1896
                    ],
                    [
                        137.7712276148007,
                        36.79503768868947,
                        1892
                    ],
                    [
                        137.77145391268277,
                        36.79512951472796,
                        1886
                    ],
                    [
                        137.771803794814,
                        36.795134288334445,
                        1882
                    ],
                    [
                        137.77189091584546,
                        36.79530994014256,
                        1873
                    ],
                    [
                        137.77223578776807,
                        36.795257646193086,
                        1868
                    ],
                    [
                        137.77254627815017,
                        36.79523633733861,
                        1864
                    ],
                    [
                        137.77231738890023,
                        36.79542744530828,
                        1863
                    ],
                    [
                        137.77227368602473,
                        36.795601721897924,
                        1858
                    ],
                    [
                        137.77235298403684,
                        36.79571205241973,
                        1850
                    ],
                    [
                        137.77241334416652,
                        36.79593766238386,
                        1846
                    ],
                    [
                        137.77246178933905,
                        36.7961096525989,
                        1841
                    ],
                    [
                        137.77246454695893,
                        36.79622237858944,
                        1836
                    ],
                    [
                        137.77252224566237,
                        36.79635578809965,
                        1828
                    ],
                    [
                        137.77264032999867,
                        36.796498691723585,
                        1824
                    ],
                    [
                        137.7727165567353,
                        36.796636710540994,
                        1818
                    ],
                    [
                        137.7727249592193,
                        36.79687961897613,
                        1815
                    ],
                    [
                        137.77286346268284,
                        36.79709228711261,
                        1810
                    ],
                    [
                        137.77309059023054,
                        36.79725146711129,
                        1808
                    ],
                    [
                        137.77336784422738,
                        36.79743993793999,
                        1801
                    ],
                    [
                        137.7736524840779,
                        36.79765936561481,
                        1796
                    ],
                    [
                        137.77344964740232,
                        36.797708113389945,
                        1793
                    ],
                    [
                        137.77322073247583,
                        36.797847754089865,
                        1793
                    ],
                    [
                        137.77316808337935,
                        36.79799819959316,
                        1787
                    ],
                    [
                        137.7734884603729,
                        36.79790721985295,
                        1787
                    ],
                    [
                        137.77373029891535,
                        36.798141895067545,
                        1780
                    ],
                    [
                        137.77344876113168,
                        36.79808454214674,
                        1776
                    ],
                    [
                        137.77324354428958,
                        36.798294097603645,
                        1772
                    ],
                    [
                        137.7732924095321,
                        36.79850293835505,
                        1771
                    ],
                    [
                        137.77349964105153,
                        36.79878585830597,
                        1767
                    ],
                    [
                        137.77331010120156,
                        36.79893957120558,
                        1763
                    ],
                    [
                        137.7734314368267,
                        36.79919525379453,
                        1755
                    ],
                    [
                        137.77362883862168,
                        36.79938609945186,
                        1750
                    ],
                    [
                        137.77376804417162,
                        36.799566652303874,
                        1745
                    ],
                    [
                        137.77394518461404,
                        36.79978693052664,
                        1735
                    ],
                    [
                        137.77412699084397,
                        36.800046997438464,
                        1729
                    ],
                    [
                        137.77440264930274,
                        36.800243912555935,
                        1725
                    ],
                    [
                        137.77453979540175,
                        36.80051681933036,
                        1720
                    ],
                    [
                        137.7747232032864,
                        36.80060746496455,
                        1717
                    ],
                    [
                        137.7748566685619,
                        36.80076364618189,
                        1712
                    ],
                    [
                        137.7749915741508,
                        36.80089398802766,
                        1708
                    ],
                    [
                        137.77507628131016,
                        36.80108322189928,
                        1705
                    ],
                    [
                        137.77515302809513,
                        36.80125432216674,
                        1700
                    ],
                    [
                        137.7751687368723,
                        36.80140830526922,
                        1695
                    ],
                    [
                        137.77527730574246,
                        36.801544026365725,
                        1695
                    ],
                    [
                        137.7753767176804,
                        36.80172114120189,
                        1690
                    ],
                    [
                        137.7754626168534,
                        36.80189600057078,
                        1684
                    ],
                    [
                        137.7757381128488,
                        36.802120888392956,
                        1682
                    ],
                    [
                        137.77591288099677,
                        36.80239050298925,
                        1676
                    ],
                    [
                        137.77607950050188,
                        36.80254215928164,
                        1674
                    ],
                    [
                        137.77620485748687,
                        36.802744571163615,
                        1670
                    ],
                    [
                        137.77641911119247,
                        36.80290951547513,
                        1667
                    ],
                    [
                        137.77668113868094,
                        36.80304295961169,
                        1666
                    ],
                    [
                        137.776902477025,
                        36.8032658900708,
                        1661
                    ],
                    [
                        137.77716001852806,
                        36.80341575118597,
                        1660
                    ],
                    [
                        137.7772952172441,
                        36.803631285741254,
                        1653
                    ],
                    [
                        137.7773002236142,
                        36.80386657140111,
                        1649
                    ],
                    [
                        137.777467521023,
                        36.80404263740968,
                        1645
                    ],
                    [
                        137.77764817243505,
                        36.80411950856918,
                        1638
                    ],
                    [
                        137.77794204850653,
                        36.80410954711712,
                        1633
                    ],
                    [
                        137.77817807167048,
                        36.80398071383617,
                        1628
                    ],
                    [
                        137.77847114697488,
                        36.80401274319273,
                        1623
                    ],
                    [
                        137.77870740514612,
                        36.804220770789755,
                        1617
                    ],
                    [
                        137.778935354589,
                        36.804404655957356,
                        1613
                    ],
                    [
                        137.77919666188296,
                        36.80461980719768,
                        1608
                    ],
                    [
                        137.7794480351451,
                        36.80473685219716,
                        1608
                    ],
                    [
                        137.7795558094461,
                        36.80489335784839,
                        1599
                    ],
                    [
                        137.77974331216387,
                        36.80503775822072,
                        1592
                    ],
                    [
                        137.7800045952581,
                        36.80520089608247,
                        1584
                    ],
                    [
                        137.78025684672565,
                        36.80534487560622,
                        1582
                    ],
                    [
                        137.78022280390772,
                        36.80504800765333,
                        1575
                    ],
                    [
                        137.78022051602602,
                        36.80482428145225,
                        1572
                    ],
                    [
                        137.78047539374955,
                        36.804645120744986,
                        1569
                    ],
                    [
                        137.78081451424944,
                        36.804766567288816,
                        1565
                    ],
                    [
                        137.7809350739086,
                        36.80461695217671,
                        1559
                    ],
                    [
                        137.78113266630115,
                        36.80441750298985,
                        1553
                    ],
                    [
                        137.78107893729845,
                        36.80415555528457,
                        1549
                    ],
                    [
                        137.78130854291283,
                        36.80411901511404,
                        1540
                    ],
                    [
                        137.781581251964,
                        36.80415331808754,
                        1531
                    ],
                    [
                        137.78179595495433,
                        36.804166330322175,
                        1524
                    ],
                    [
                        137.7819783464269,
                        36.80403396272237,
                        1521
                    ],
                    [
                        137.78211809269564,
                        36.80420484629109,
                        1513
                    ],
                    [
                        137.78220597911314,
                        36.80442685126453,
                        1508
                    ],
                    [
                        137.78202836853706,
                        36.80457040401979,
                        1504
                    ],
                    [
                        137.78217895555247,
                        36.80472580681075,
                        1498
                    ],
                    [
                        137.7821224793494,
                        36.8049237053912,
                        1494
                    ],
                    [
                        137.78190784398777,
                        36.80515422615227,
                        1493
                    ],
                    [
                        137.78189607385542,
                        36.80536135157309,
                        1492
                    ],
                    [
                        137.7820439524224,
                        36.80558220401038,
                        1486
                    ],
                    [
                        137.782285871602,
                        36.80561675283093,
                        1482
                    ],
                    [
                        137.78228563555493,
                        36.80574990874002,
                        1481
                    ],
                    [
                        137.78239362743486,
                        36.80595965411483,
                        1484
                    ],
                    [
                        137.78240818444684,
                        36.80616069410203,
                        1483
                    ],
                    [
                        137.78230061027077,
                        36.80636884947431,
                        1480
                    ],
                    [
                        137.7823234102729,
                        36.806543681537356,
                        1482
                    ],
                    [
                        137.78221524958377,
                        36.80669758912325,
                        1487
                    ],
                    [
                        137.78206648503937,
                        36.80682473690441,
                        1488
                    ],
                    [
                        137.78210154295627,
                        36.80697828468995,
                        1489
                    ],
                    [
                        137.78212711825944,
                        36.807154960115966,
                        1491
                    ],
                    [
                        137.78200282371455,
                        36.807413706568745,
                        1491
                    ],
                    [
                        137.78206864142246,
                        36.807676167883585,
                        1490
                    ],
                    [
                        137.78227102179923,
                        36.807854846316275,
                        1490
                    ],
                    [
                        137.78250249477063,
                        36.80808103369487,
                        1489
                    ],
                    [
                        137.78254917598684,
                        36.8083466746215,
                        1485
                    ],
                    [
                        137.78244869901184,
                        36.80851853522972,
                        1485
                    ],
                    [
                        137.78239237100414,
                        36.80879743185508,
                        1487
                    ],
                    [
                        137.78230096657518,
                        36.80899531138668,
                        1480
                    ],
                    [
                        137.78251761471998,
                        36.80913788123438,
                        1480
                    ],
                    [
                        137.78255012811098,
                        36.80939136414274,
                        1480
                    ],
                    [
                        137.78266392835755,
                        36.80956434353148,
                        1478
                    ],
                    [
                        137.78277708379102,
                        36.80975423948543,
                        1479
                    ],
                    [
                        137.78303908157423,
                        36.80989374577803,
                        1483
                    ],
                    [
                        137.78320121705414,
                        36.81014476694951,
                        1480
                    ],
                    [
                        137.78309707449364,
                        36.810389785214326,
                        1477
                    ],
                    [
                        137.78303516129918,
                        36.810676117592884,
                        1482
                    ],
                    [
                        137.78332468031286,
                        36.8107741431518,
                        1480
                    ],
                    [
                        137.7836269573854,
                        36.81063502724624,
                        1481
                    ],
                    [
                        137.78392162454188,
                        36.810437343376414,
                        1484
                    ],
                    [
                        137.78420440880555,
                        36.81028107932806,
                        1480
                    ],
                    [
                        137.784420930914,
                        36.81015036250578,
                        1485
                    ],
                    [
                        137.78473705821875,
                        36.81032470944208,
                        1484
                    ],
                    [
                        137.78506007671416,
                        36.81038163562879,
                        1484
                    ],
                    [
                        137.78529879243942,
                        36.810282403929584,
                        1484
                    ],
                    [
                        137.7855803582492,
                        36.81007771538615,
                        1486
                    ],
                    [
                        137.78576828853292,
                        36.809823060393796,
                        1490
                    ],
                    [
                        137.7860189636146,
                        36.80979528693809,
                        1485
                    ],
                    [
                        137.78622989158117,
                        36.8100084865384,
                        1482
                    ],
                    [
                        137.78658713426242,
                        36.80999297248862,
                        1484
                    ],
                    [
                        137.78689274312407,
                        36.80990203841592,
                        1483
                    ],
                    [
                        137.78712144749375,
                        36.809926491724404,
                        1482
                    ],
                    [
                        137.7874286096692,
                        36.81004679331218,
                        1481
                    ],
                    [
                        137.78777758084968,
                        36.810121457626764,
                        1477
                    ],
                    [
                        137.78801865761838,
                        36.81013546673358,
                        1479
                    ],
                    [
                        137.78833635988633,
                        36.81025442560186,
                        1476
                    ],
                    [
                        137.78864809093247,
                        36.81021493987958,
                        1474
                    ],
                    [
                        137.78893340195413,
                        36.81015032654725,
                        1475
                    ],
                    [
                        137.7890586859375,
                        36.81011304789102,
                        1473
                    ],
                    [
                        137.7893512366353,
                        36.81030972497043,
                        1467
                    ],
                    [
                        137.78951835649158,
                        36.81054582943897,
                        1464
                    ],
                    [
                        137.7898255019458,
                        36.810587141792894,
                        1467
                    ],
                    [
                        137.79015118117928,
                        36.81062192178995,
                        1465
                    ],
                    [
                        137.7903051587638,
                        36.81086370458851,
                        1462
                    ],
                    [
                        137.79034796286987,
                        36.81114600508212,
                        1459
                    ],
                    [
                        137.79055750107167,
                        36.81132823463221,
                        1457
                    ],
                    [
                        137.79094159136633,
                        36.811338958342894,
                        1460
                    ],
                    [
                        137.79129726999608,
                        36.81122693543125,
                        1465
                    ],
                    [
                        137.79143013171168,
                        36.81142778550808,
                        1466
                    ],
                    [
                        137.7914178082418,
                        36.81167857292815,
                        1460
                    ],
                    [
                        137.79171572628982,
                        36.81181418651951,
                        1465
                    ],
                    [
                        137.79201739753825,
                        36.81193207882073,
                        1468
                    ],
                    [
                        137.79221324725555,
                        36.81178577954854,
                        1469
                    ],
                    [
                        137.79250873130562,
                        36.8119467020187,
                        1472
                    ],
                    [
                        137.79269797240818,
                        36.81199147283528,
                        1467
                    ],
                    [
                        137.79279445233152,
                        36.811729817763194,
                        1473
                    ],
                    [
                        137.79301103766,
                        36.81150578368987,
                        1475
                    ],
                    [
                        137.7932262764962,
                        36.81128807745015,
                        1475
                    ],
                    [
                        137.79337533439468,
                        36.81112829231555,
                        1473
                    ],
                    [
                        137.7934677985295,
                        36.81139966473402,
                        1472
                    ],
                    [
                        137.7936281726072,
                        36.81160156517664,
                        1469
                    ],
                    [
                        137.793753058944,
                        36.81187340756936,
                        1467
                    ],
                    [
                        137.7937732966812,
                        36.81217123845671,
                        1461
                    ],
                    [
                        137.79407789019754,
                        36.81221026706447,
                        1461
                    ],
                    [
                        137.79443787867103,
                        36.81224071080758,
                        1461
                    ],
                    [
                        137.79472506554052,
                        36.81206406589727,
                        1460
                    ],
                    [
                        137.79489837418456,
                        36.81177698879297,
                        1460
                    ],
                    [
                        137.79508822845997,
                        36.81152286669874,
                        1460
                    ],
                    [
                        137.79532960317877,
                        36.811259205493066,
                        1457
                    ],
                    [
                        137.79546516125353,
                        36.810966370033995,
                        1451
                    ],
                    [
                        137.7956516837761,
                        36.81071930563614,
                        1449
                    ],
                    [
                        137.79600346430476,
                        36.81063607701877,
                        1448
                    ],
                    [
                        137.79623397172398,
                        36.81048106668344,
                        1453
                    ],
                    [
                        137.79642188919846,
                        36.81031176467324,
                        1457
                    ],
                    [
                        137.7966051377901,
                        36.81012437028258,
                        1463
                    ],
                    [
                        137.79683628524052,
                        36.81001063456651,
                        1464
                    ],
                    [
                        137.79718583342375,
                        36.810008691283045,
                        1462
                    ],
                    [
                        137.7974827437669,
                        36.81002132899709,
                        1465
                    ],
                    [
                        137.79780659564184,
                        36.810035428296395,
                        1468
                    ],
                    [
                        137.79809958707833,
                        36.81014037887756,
                        1472
                    ],
                    [
                        137.79838623875148,
                        36.81029327722548,
                        1473
                    ],
                    [
                        137.7985269863194,
                        36.810388136995584,
                        1474
                    ]
                ]
            }
        }
    ]
}