{
    "type": "FeatureCollection",
    "features": [
        {
            "type": "Feature",
            "properties": {
                "name": "20250906",
                "time": "2025-09-05T20:17:50Z",
                "coordTimes": [
                    "2025-09-05T20:17:50Z",
                    "2025-09-05T20:18:25Z",
                    "2025-09-05T20:18:48Z",
                    "2025-09-05T20:19:12Z",
                    "2025-09-05T20:19:37Z",
                    "2025-09-05T20:20:00Z",
                    "2025-09-05T20:20:23Z",
                    "2025-09-05T20:20:48Z",
                    "2025-09-05T20:21:12Z",
                    "2025-09-05T20:21:37Z",
                    "2025-09-05T20:22:00Z",
                    "2025-09-05T20:22:25Z",
                    "2025-09-05T20:22:50Z",
                    "2025-09-05T20:23:16Z",
                    "2025-09-05T20:23:41Z",
                    "2025-09-05T20:24:05Z",
                    "2025-09-05T20:24:32Z",
                    "2025-09-05T20:24:58Z",
                    "2025-09-05T20:25:24Z",
                    "2025-09-05T20:25:49Z",
                    "2025-09-05T20:26:14Z",
                    "2025-09-05T20:26:38Z",
                    "2025-09-05T20:27:01Z",
                    "2025-09-05T20:27:29Z",
                    "2025-09-05T20:27:55Z",
                    "2025-09-05T20:28:20Z",
                    "2025-09-05T20:28:45Z",
                    "2025-09-05T20:29:11Z",
                    "2025-09-05T20:29:37Z",
                    "2025-09-05T20:30:03Z",
                    "2025-09-05T20:30:29Z",
                    "2025-09-05T20:30:55Z",
                    "2025-09-05T20:31:21Z",
                    "2025-09-05T20:31:49Z",
                    "2025-09-05T20:32:15Z",
                    "2025-09-05T20:32:41Z",
                    "2025-09-05T20:33:07Z",
                    "2025-09-05T20:33:33Z",
                    "2025-09-05T20:33:59Z",
                    "2025-09-05T20:34:25Z",
                    "2025-09-05T20:34:52Z",
                    "2025-09-05T20:35:19Z",
                    "2025-09-05T20:35:45Z",
                    "2025-09-05T20:36:11Z",
                    "2025-09-05T20:36:39Z",
                    "2025-09-05T20:37:08Z",
                    "2025-09-05T20:37:38Z",
                    "2025-09-05T20:38:05Z",
                    "2025-09-05T20:38:33Z",
                    "2025-09-05T20:39:00Z",
                    "2025-09-05T20:39:27Z",
                    "2025-09-05T20:39:54Z",
                    "2025-09-05T20:40:23Z",
                    "2025-09-05T20:40:50Z",
                    "2025-09-05T20:41:18Z",
                    "2025-09-05T20:41:46Z",
                    "2025-09-05T20:42:13Z",
                    "2025-09-05T20:42:40Z",
                    "2025-09-05T20:43:06Z",
                    "2025-09-05T20:43:33Z",
                    "2025-09-05T20:44:00Z",
                    "2025-09-05T20:44:26Z",
                    "2025-09-05T20:44:52Z",
                    "2025-09-05T20:45:18Z",
                    "2025-09-05T20:45:44Z",
                    "2025-09-05T20:46:10Z",
                    "2025-09-05T20:46:37Z",
                    "2025-09-05T20:47:04Z",
                    "2025-09-05T20:47:30Z",
                    "2025-09-05T20:48:02Z",
                    "2025-09-05T20:48:31Z",
                    "2025-09-05T20:49:00Z",
                    "2025-09-05T20:49:30Z",
                    "2025-09-05T20:49:57Z",
                    "2025-09-05T20:50:25Z",
                    "2025-09-05T20:52:39Z",
                    "2025-09-05T20:53:05Z",
                    "2025-09-05T20:53:32Z",
                    "2025-09-05T20:54:01Z",
                    "2025-09-05T20:54:28Z",
                    "2025-09-05T20:54:55Z",
                    "2025-09-05T20:55:21Z",
                    "2025-09-05T20:55:47Z",
                    "2025-09-05T20:56:17Z",
                    "2025-09-05T20:56:44Z",
                    "2025-09-05T20:57:15Z",
                    "2025-09-05T20:57:44Z",
                    "2025-09-05T20:58:13Z",
                    "2025-09-05T20:58:41Z",
                    "2025-09-05T20:59:12Z",
                    "2025-09-05T20:59:42Z",
                    "2025-09-05T21:00:13Z",
                    "2025-09-05T21:00:41Z",
                    "2025-09-05T21:01:13Z",
                    "2025-09-05T21:01:42Z",
                    "2025-09-05T21:02:10Z",
                    "2025-09-05T21:02:40Z",
                    "2025-09-05T21:03:10Z",
                    "2025-09-05T21:03:40Z",
                    "2025-09-05T21:04:13Z",
                    "2025-09-05T21:04:47Z",
                    "2025-09-05T21:05:20Z",
                    "2025-09-05T21:05:51Z",
                    "2025-09-05T21:06:21Z",
                    "2025-09-05T21:06:58Z",
                    "2025-09-05T21:07:30Z",
                    "2025-09-05T21:08:02Z",
                    "2025-09-05T21:08:36Z",
                    "2025-09-05T21:09:05Z",
                    "2025-09-05T21:09:34Z",
                    "2025-09-05T21:10:05Z",
                    "2025-09-05T21:10:53Z",
                    "2025-09-05T21:16:28Z",
                    "2025-09-05T21:17:02Z",
                    "2025-09-05T21:17:34Z",
                    "2025-09-05T21:18:07Z",
                    "2025-09-05T21:18:44Z",
                    "2025-09-05T21:19:14Z",
                    "2025-09-05T21:19:46Z",
                    "2025-09-05T21:20:16Z",
                    "2025-09-05T21:20:52Z",
                    "2025-09-05T21:21:27Z",
                    "2025-09-05T21:22:03Z",
                    "2025-09-05T21:22:46Z",
                    "2025-09-05T21:23:15Z",
                    "2025-09-05T21:23:54Z",
                    "2025-09-05T21:24:24Z",
                    "2025-09-05T21:24:56Z",
                    "2025-09-05T21:25:27Z",
                    "2025-09-05T21:25:57Z",
                    "2025-09-05T21:26:26Z",
                    "2025-09-05T21:27:03Z",
                    "2025-09-05T21:27:39Z",
                    "2025-09-05T21:28:10Z",
                    "2025-09-05T21:28:45Z",
                    "2025-09-05T21:29:11Z",
                    "2025-09-05T21:29:46Z",
                    "2025-09-05T21:30:21Z",
                    "2025-09-05T21:31:00Z",
                    "2025-09-05T21:31:31Z",
                    "2025-09-05T21:32:29Z",
                    "2025-09-05T21:33:13Z",
                    "2025-09-05T21:33:53Z",
                    "2025-09-05T21:34:21Z",
                    "2025-09-05T21:34:48Z",
                    "2025-09-05T21:35:15Z",
                    "2025-09-05T21:35:43Z",
                    "2025-09-05T21:37:29Z",
                    "2025-09-05T21:38:10Z",
                    "2025-09-05T21:38:59Z",
                    "2025-09-05T21:39:41Z",
                    "2025-09-05T21:40:27Z",
                    "2025-09-05T21:41:05Z",
                    "2025-09-05T21:41:39Z",
                    "2025-09-05T21:42:05Z",
                    "2025-09-05T21:42:38Z",
                    "2025-09-05T21:43:10Z",
                    "2025-09-05T21:43:48Z",
                    "2025-09-05T21:44:25Z",
                    "2025-09-05T21:44:59Z",
                    "2025-09-05T21:45:31Z",
                    "2025-09-05T21:46:06Z",
                    "2025-09-05T21:46:42Z",
                    "2025-09-05T21:47:29Z",
                    "2025-09-05T21:48:01Z",
                    "2025-09-05T21:48:34Z",
                    "2025-09-05T21:49:02Z",
                    "2025-09-05T21:49:38Z",
                    "2025-09-05T21:50:15Z",
                    "2025-09-05T21:50:49Z",
                    "2025-09-05T21:51:27Z",
                    "2025-09-05T21:52:11Z",
                    "2025-09-05T21:53:04Z",
                    "2025-09-05T21:53:53Z",
                    "2025-09-05T21:54:32Z",
                    "2025-09-05T21:55:09Z",
                    "2025-09-05T21:55:50Z",
                    "2025-09-05T21:57:13Z",
                    "2025-09-05T21:58:00Z",
                    "2025-09-05T21:58:34Z",
                    "2025-09-05T21:59:25Z",
                    "2025-09-05T22:00:09Z",
                    "2025-09-05T22:00:53Z",
                    "2025-09-05T22:01:34Z",
                    "2025-09-05T22:02:05Z",
                    "2025-09-05T22:02:46Z",
                    "2025-09-05T22:03:21Z",
                    "2025-09-05T22:05:05Z",
                    "2025-09-05T22:05:37Z",
                    "2025-09-05T22:06:10Z",
                    "2025-09-05T22:06:38Z",
                    "2025-09-05T22:07:11Z",
                    "2025-09-05T22:07:48Z",
                    "2025-09-05T22:08:28Z",
                    "2025-09-05T22:09:07Z",
                    "2025-09-05T22:09:41Z",
                    "2025-09-05T22:10:24Z",
                    "2025-09-05T22:10:58Z",
                    "2025-09-05T22:11:38Z",
                    "2025-09-05T22:12:23Z",
                    "2025-09-05T22:13:03Z",
                    "2025-09-05T22:13:37Z",
                    "2025-09-05T22:14:11Z",
                    "2025-09-05T22:16:43Z",
                    "2025-09-05T22:17:23Z",
                    "2025-09-05T22:17:52Z",
                    "2025-09-05T22:18:20Z",
                    "2025-09-05T22:18:47Z",
                    "2025-09-05T22:19:13Z",
                    "2025-09-05T22:19:39Z",
                    "2025-09-05T22:20:09Z",
                    "2025-09-05T22:20:35Z",
                    "2025-09-05T22:20:59Z",
                    "2025-09-05T22:21:26Z",
                    "2025-09-05T22:21:58Z",
                    "2025-09-05T22:22:26Z",
                    "2025-09-05T22:22:52Z",
                    "2025-09-05T22:23:23Z",
                    "2025-09-05T22:24:00Z",
                    "2025-09-05T22:24:33Z",
                    "2025-09-05T22:25:08Z",
                    "2025-09-05T22:25:41Z",
                    "2025-09-05T22:26:06Z",
                    "2025-09-05T22:26:35Z",
                    "2025-09-05T22:27:06Z",
                    "2025-09-05T22:27:36Z",
                    "2025-09-05T22:28:01Z",
                    "2025-09-05T22:28:27Z",
                    "2025-09-05T22:28:54Z",
                    "2025-09-05T22:29:32Z",
                    "2025-09-05T22:30:15Z",
                    "2025-09-05T22:30:51Z",
                    "2025-09-05T22:31:29Z",
                    "2025-09-05T22:33:28Z",
                    "2025-09-05T22:33:33Z",
                    "2025-09-05T22:34:00Z",
                    "2025-09-05T22:34:31Z",
                    "2025-09-05T22:34:59Z",
                    "2025-09-05T22:35:24Z",
                    "2025-09-05T22:35:54Z",
                    "2025-09-05T22:36:27Z",
                    "2025-09-05T22:37:00Z",
                    "2025-09-05T22:37:34Z",
                    "2025-09-05T22:38:19Z",
                    "2025-09-05T22:39:01Z",
                    "2025-09-05T22:39:35Z",
                    "2025-09-05T22:40:11Z",
                    "2025-09-05T22:40:47Z",
                    "2025-09-05T22:41:19Z",
                    "2025-09-05T22:41:51Z",
                    "2025-09-05T22:42:24Z",
                    "2025-09-05T22:42:50Z",
                    "2025-09-05T22:43:20Z",
                    "2025-09-05T22:43:51Z",
                    "2025-09-05T22:44:27Z",
                    "2025-09-05T22:45:00Z",
                    "2025-09-05T22:45:29Z",
                    "2025-09-05T22:46:03Z",
                    "2025-09-05T22:46:37Z",
                    "2025-09-05T22:47:18Z",
                    "2025-09-05T22:47:52Z",
                    "2025-09-05T22:48:29Z",
                    "2025-09-05T22:49:03Z",
                    "2025-09-05T22:49:42Z",
                    "2025-09-05T22:50:22Z",
                    "2025-09-05T22:51:15Z",
                    "2025-09-05T22:51:56Z",
                    "2025-09-05T22:52:30Z",
                    "2025-09-05T22:53:14Z",
                    "2025-09-05T22:53:58Z",
                    "2025-09-05T22:54:34Z",
                    "2025-09-05T22:55:12Z",
                    "2025-09-05T22:55:39Z",
                    "2025-09-05T22:56:13Z",
                    "2025-09-05T22:56:41Z",
                    "2025-09-05T22:57:07Z",
                    "2025-09-05T22:57:34Z",
                    "2025-09-05T22:58:02Z",
                    "2025-09-05T22:58:29Z",
                    "2025-09-05T22:58:58Z",
                    "2025-09-05T22:59:26Z",
                    "2025-09-05T22:59:57Z",
                    "2025-09-05T23:00:29Z",
                    "2025-09-05T23:01:01Z",
                    "2025-09-05T23:01:32Z",
                    "2025-09-05T23:02:00Z",
                    "2025-09-05T23:02:28Z",
                    "2025-09-05T23:02:56Z",
                    "2025-09-05T23:03:33Z",
                    "2025-09-05T23:04:03Z",
                    "2025-09-05T23:04:27Z",
                    "2025-09-05T23:04:59Z",
                    "2025-09-05T23:05:26Z",
                    "2025-09-05T23:05:52Z",
                    "2025-09-05T23:06:20Z",
                    "2025-09-05T23:06:52Z",
                    "2025-09-05T23:07:23Z",
                    "2025-09-05T23:07:54Z",
                    "2025-09-05T23:08:26Z",
                    "2025-09-05T23:08:53Z",
                    "2025-09-05T23:09:20Z",
                    "2025-09-05T23:09:51Z",
                    "2025-09-05T23:10:22Z",
                    "2025-09-05T23:10:49Z",
                    "2025-09-05T23:11:19Z",
                    "2025-09-05T23:11:45Z",
                    "2025-09-05T23:12:13Z",
                    "2025-09-05T23:12:39Z",
                    "2025-09-05T23:13:09Z",
                    "2025-09-05T23:13:36Z",
                    "2025-09-05T23:14:06Z",
                    "2025-09-05T23:14:41Z",
                    "2025-09-05T23:15:14Z",
                    "2025-09-05T23:15:44Z",
                    "2025-09-05T23:16:12Z",
                    "2025-09-05T23:19:25Z",
                    "2025-09-05T23:27:23Z",
                    "2025-09-05T23:27:49Z",
                    "2025-09-05T23:28:21Z",
                    "2025-09-05T23:28:51Z",
                    "2025-09-05T23:29:31Z",
                    "2025-09-05T23:30:03Z",
                    "2025-09-05T23:30:31Z",
                    "2025-09-05T23:31:07Z",
                    "2025-09-05T23:31:52Z",
                    "2025-09-05T23:32:36Z",
                    "2025-09-05T23:33:14Z",
                    "2025-09-05T23:33:51Z",
                    "2025-09-05T23:34:21Z",
                    "2025-09-05T23:34:52Z",
                    "2025-09-05T23:35:19Z",
                    "2025-09-05T23:35:53Z",
                    "2025-09-05T23:36:26Z",
                    "2025-09-05T23:36:54Z",
                    "2025-09-05T23:38:03Z",
                    "2025-09-05T23:38:36Z",
                    "2025-09-05T23:39:19Z",
                    "2025-09-05T23:40:01Z",
                    "2025-09-05T23:40:34Z",
                    "2025-09-05T23:41:06Z",
                    "2025-09-05T23:41:48Z",
                    "2025-09-05T23:43:14Z",
                    "2025-09-05T23:44:05Z",
                    "2025-09-05T23:44:48Z",
                    "2025-09-05T23:45:36Z",
                    "2025-09-05T23:46:46Z",
                    "2025-09-05T23:47:31Z",
                    "2025-09-05T23:48:29Z",
                    "2025-09-05T23:49:22Z",
                    "2025-09-05T23:51:06Z",
                    "2025-09-05T23:51:55Z",
                    "2025-09-05T23:53:18Z",
                    "2025-09-05T23:53:56Z",
                    "2025-09-05T23:54:26Z",
                    "2025-09-05T23:55:02Z",
                    "2025-09-05T23:55:40Z",
                    "2025-09-05T23:56:11Z",
                    "2025-09-05T23:56:52Z",
                    "2025-09-05T23:57:27Z",
                    "2025-09-05T23:58:47Z",
                    "2025-09-05T23:59:15Z",
                    "2025-09-05T23:59:48Z",
                    "2025-09-06T00:00:20Z",
                    "2025-09-06T00:00:52Z",
                    "2025-09-06T00:01:28Z",
                    "2025-09-06T00:01:56Z",
                    "2025-09-06T00:03:06Z",
                    "2025-09-06T00:03:39Z",
                    "2025-09-06T00:04:09Z",
                    "2025-09-06T00:04:38Z",
                    "2025-09-06T00:05:10Z",
                    "2025-09-06T00:05:48Z",
                    "2025-09-06T00:07:20Z",
                    "2025-09-06T00:08:30Z",
                    "2025-09-06T00:09:08Z",
                    "2025-09-06T00:09:50Z",
                    "2025-09-06T00:10:21Z",
                    "2025-09-06T00:10:50Z",
                    "2025-09-06T00:11:22Z",
                    "2025-09-06T00:12:00Z",
                    "2025-09-06T00:12:35Z",
                    "2025-09-06T00:13:02Z",
                    "2025-09-06T00:15:54Z",
                    "2025-09-06T00:16:21Z",
                    "2025-09-06T00:16:47Z",
                    "2025-09-06T00:17:16Z",
                    "2025-09-06T00:17:46Z",
                    "2025-09-06T00:18:17Z",
                    "2025-09-06T00:18:48Z",
                    "2025-09-06T00:19:25Z",
                    "2025-09-06T00:19:57Z",
                    "2025-09-06T00:20:23Z",
                    "2025-09-06T00:20:53Z",
                    "2025-09-06T00:21:23Z",
                    "2025-09-06T00:21:52Z",
                    "2025-09-06T00:22:26Z",
                    "2025-09-06T00:22:57Z",
                    "2025-09-06T00:23:29Z",
                    "2025-09-06T00:24:02Z",
                    "2025-09-06T00:24:32Z",
                    "2025-09-06T00:25:18Z",
                    "2025-09-06T00:25:52Z",
                    "2025-09-06T00:26:29Z",
                    "2025-09-06T00:28:03Z",
                    "2025-09-06T00:30:26Z",
                    "2025-09-06T00:31:13Z",
                    "2025-09-06T00:31:54Z",
                    "2025-09-06T00:32:27Z",
                    "2025-09-06T00:33:04Z",
                    "2025-09-06T00:33:35Z",
                    "2025-09-06T00:34:11Z",
                    "2025-09-06T00:34:49Z",
                    "2025-09-06T00:35:22Z",
                    "2025-09-06T00:36:33Z",
                    "2025-09-06T00:37:10Z",
                    "2025-09-06T00:37:46Z",
                    "2025-09-06T00:38:20Z",
                    "2025-09-06T00:39:03Z",
                    "2025-09-06T00:39:43Z",
                    "2025-09-06T00:40:20Z",
                    "2025-09-06T00:40:54Z",
                    "2025-09-06T00:41:32Z",
                    "2025-09-06T00:42:12Z",
                    "2025-09-06T00:42:45Z",
                    "2025-09-06T00:43:22Z",
                    "2025-09-06T00:43:57Z",
                    "2025-09-06T00:44:48Z",
                    "2025-09-06T00:45:20Z",
                    "2025-09-06T00:46:16Z",
                    "2025-09-06T00:46:42Z",
                    "2025-09-06T00:47:13Z",
                    "2025-09-06T00:47:45Z",
                    "2025-09-06T00:48:17Z",
                    "2025-09-06T00:48:46Z",
                    "2025-09-06T00:49:12Z",
                    "2025-09-06T00:49:39Z",
                    "2025-09-06T00:50:04Z",
                    "2025-09-06T00:50:47Z",
                    "2025-09-06T00:51:32Z",
                    "2025-09-06T00:52:01Z",
                    "2025-09-06T00:52:30Z",
                    "2025-09-06T00:53:03Z",
                    "2025-09-06T00:53:59Z",
                    "2025-09-06T00:54:34Z",
                    "2025-09-06T00:55:05Z",
                    "2025-09-06T00:56:13Z",
                    "2025-09-06T01:06:57Z",
                    "2025-09-06T01:07:25Z",
                    "2025-09-06T01:07:54Z",
                    "2025-09-06T01:08:23Z",
                    "2025-09-06T01:08:56Z",
                    "2025-09-06T01:09:32Z",
                    "2025-09-06T01:09:59Z",
                    "2025-09-06T01:10:25Z",
                    "2025-09-06T01:10:56Z",
                    "2025-09-06T01:11:26Z",
                    "2025-09-06T01:11:54Z",
                    "2025-09-06T01:12:24Z",
                    "2025-09-06T01:12:51Z",
                    "2025-09-06T01:13:21Z",
                    "2025-09-06T01:13:51Z",
                    "2025-09-06T01:14:28Z",
                    "2025-09-06T01:15:06Z",
                    "2025-09-06T01:15:45Z",
                    "2025-09-06T01:18:15Z",
                    "2025-09-06T01:19:00Z",
                    "2025-09-06T01:19:25Z",
                    "2025-09-06T01:19:53Z",
                    "2025-09-06T01:20:18Z",
                    "2025-09-06T01:20:44Z",
                    "2025-09-06T01:21:12Z",
                    "2025-09-06T01:21:40Z",
                    "2025-09-06T01:22:08Z",
                    "2025-09-06T01:22:35Z",
                    "2025-09-06T01:23:06Z",
                    "2025-09-06T01:23:38Z",
                    "2025-09-06T01:24:24Z",
                    "2025-09-06T01:24:57Z",
                    "2025-09-06T01:25:24Z",
                    "2025-09-06T01:25:50Z",
                    "2025-09-06T01:26:20Z",
                    "2025-09-06T01:26:52Z",
                    "2025-09-06T01:27:20Z",
                    "2025-09-06T01:27:46Z",
                    "2025-09-06T01:28:13Z",
                    "2025-09-06T01:28:40Z",
                    "2025-09-06T01:29:09Z",
                    "2025-09-06T01:29:36Z",
                    "2025-09-06T01:30:03Z",
                    "2025-09-06T01:30:30Z",
                    "2025-09-06T01:31:00Z",
                    "2025-09-06T01:31:28Z",
                    "2025-09-06T01:31:55Z",
                    "2025-09-06T01:32:23Z",
                    "2025-09-06T01:32:51Z",
                    "2025-09-06T01:33:24Z",
                    "2025-09-06T01:33:57Z",
                    "2025-09-06T01:34:23Z",
                    "2025-09-06T01:34:58Z",
                    "2025-09-06T01:35:26Z",
                    "2025-09-06T01:35:55Z",
                    "2025-09-06T01:36:21Z",
                    "2025-09-06T01:36:48Z",
                    "2025-09-06T01:37:15Z",
                    "2025-09-06T01:37:47Z",
                    "2025-09-06T01:38:18Z",
                    "2025-09-06T01:38:47Z",
                    "2025-09-06T01:39:20Z",
                    "2025-09-06T01:39:50Z",
                    "2025-09-06T01:40:42Z",
                    "2025-09-06T01:41:12Z",
                    "2025-09-06T01:41:43Z",
                    "2025-09-06T01:42:13Z",
                    "2025-09-06T01:42:40Z",
                    "2025-09-06T01:43:08Z",
                    "2025-09-06T01:43:40Z",
                    "2025-09-06T01:44:16Z",
                    "2025-09-06T01:45:10Z",
                    "2025-09-06T01:45:58Z",
                    "2025-09-06T01:46:28Z",
                    "2025-09-06T01:47:08Z",
                    "2025-09-06T01:47:49Z",
                    "2025-09-06T01:48:38Z",
                    "2025-09-06T01:49:22Z",
                    "2025-09-06T01:50:34Z",
                    "2025-09-06T01:51:14Z",
                    "2025-09-06T01:52:06Z",
                    "2025-09-06T01:52:42Z",
                    "2025-09-06T01:53:13Z",
                    "2025-09-06T01:53:42Z",
                    "2025-09-06T01:54:07Z",
                    "2025-09-06T01:54:35Z",
                    "2025-09-06T01:55:02Z",
                    "2025-09-06T01:55:31Z",
                    "2025-09-06T01:56:01Z",
                    "2025-09-06T01:56:30Z",
                    "2025-09-06T01:57:04Z",
                    "2025-09-06T01:57:37Z",
                    "2025-09-06T01:58:08Z",
                    "2025-09-06T01:58:39Z",
                    "2025-09-06T01:59:20Z",
                    "2025-09-06T01:59:55Z",
                    "2025-09-06T02:00:32Z",
                    "2025-09-06T02:01:06Z",
                    "2025-09-06T02:01:53Z",
                    "2025-09-06T02:02:44Z",
                    "2025-09-06T02:03:34Z",
                    "2025-09-06T02:04:20Z",
                    "2025-09-06T02:05:30Z",
                    "2025-09-06T02:06:14Z",
                    "2025-09-06T02:07:01Z",
                    "2025-09-06T02:09:08Z",
                    "2025-09-06T02:10:27Z",
                    "2025-09-06T02:11:02Z",
                    "2025-09-06T02:12:00Z",
                    "2025-09-06T02:12:31Z",
                    "2025-09-06T02:13:04Z",
                    "2025-09-06T02:13:33Z",
                    "2025-09-06T02:14:05Z",
                    "2025-09-06T02:14:44Z",
                    "2025-09-06T02:15:14Z",
                    "2025-09-06T02:15:46Z",
                    "2025-09-06T02:16:20Z",
                    "2025-09-06T02:16:55Z",
                    "2025-09-06T02:17:28Z",
                    "2025-09-06T02:18:01Z",
                    "2025-09-06T02:18:34Z",
                    "2025-09-06T02:19:11Z",
                    "2025-09-06T02:19:42Z",
                    "2025-09-06T02:20:12Z",
                    "2025-09-06T02:20:46Z",
                    "2025-09-06T02:21:18Z",
                    "2025-09-06T02:21:49Z",
                    "2025-09-06T02:22:18Z",
                    "2025-09-06T02:22:49Z",
                    "2025-09-06T02:23:29Z",
                    "2025-09-06T02:24:08Z",
                    "2025-09-06T02:25:30Z",
                    "2025-09-06T02:25:59Z",
                    "2025-09-06T02:26:29Z",
                    "2025-09-06T02:27:00Z",
                    "2025-09-06T02:27:31Z",
                    "2025-09-06T02:28:28Z",
                    "2025-09-06T02:29:16Z",
                    "2025-09-06T02:29:51Z",
                    "2025-09-06T02:30:36Z",
                    "2025-09-06T02:31:25Z",
                    "2025-09-06T02:32:05Z",
                    "2025-09-06T02:32:46Z",
                    "2025-09-06T02:33:17Z",
                    "2025-09-06T02:33:49Z",
                    "2025-09-06T02:34:18Z",
                    "2025-09-06T02:34:48Z",
                    "2025-09-06T02:35:23Z",
                    "2025-09-06T02:35:56Z",
                    "2025-09-06T02:36:32Z",
                    "2025-09-06T02:37:08Z",
                    "2025-09-06T02:37:51Z",
                    "2025-09-06T02:38:33Z",
                    "2025-09-06T02:39:15Z",
                    "2025-09-06T02:39:50Z",
                    "2025-09-06T02:40:25Z",
                    "2025-09-06T02:41:00Z",
                    "2025-09-06T02:41:31Z",
                    "2025-09-06T02:42:05Z",
                    "2025-09-06T02:42:41Z",
                    "2025-09-06T02:43:18Z",
                    "2025-09-06T02:43:54Z",
                    "2025-09-06T02:44:45Z",
                    "2025-09-06T02:45:19Z",
                    "2025-09-06T02:46:12Z",
                    "2025-09-06T02:47:27Z",
                    "2025-09-06T02:48:02Z",
                    "2025-09-06T02:48:31Z",
                    "2025-09-06T02:49:08Z",
                    "2025-09-06T02:53:33Z",
                    "2025-09-06T03:02:38Z",
                    "2025-09-06T03:03:12Z",
                    "2025-09-06T03:03:53Z",
                    "2025-09-06T03:04:54Z",
                    "2025-09-06T03:05:27Z",
                    "2025-09-06T03:06:11Z",
                    "2025-09-06T03:07:20Z",
                    "2025-09-06T03:08:05Z",
                    "2025-09-06T03:08:43Z",
                    "2025-09-06T03:09:18Z",
                    "2025-09-06T03:10:10Z",
                    "2025-09-06T03:11:08Z",
                    "2025-09-06T03:11:42Z",
                    "2025-09-06T03:12:10Z",
                    "2025-09-06T03:12:50Z",
                    "2025-09-06T03:13:27Z",
                    "2025-09-06T03:14:00Z",
                    "2025-09-06T03:14:35Z",
                    "2025-09-06T03:15:08Z",
                    "2025-09-06T03:15:54Z",
                    "2025-09-06T03:16:30Z",
                    "2025-09-06T03:17:03Z",
                    "2025-09-06T03:17:46Z",
                    "2025-09-06T03:18:22Z",
                    "2025-09-06T03:18:58Z",
                    "2025-09-06T03:19:47Z",
                    "2025-09-06T03:20:27Z",
                    "2025-09-06T03:21:08Z",
                    "2025-09-06T03:21:41Z",
                    "2025-09-06T03:22:34Z",
                    "2025-09-06T03:23:09Z",
                    "2025-09-06T03:23:57Z",
                    "2025-09-06T03:25:10Z",
                    "2025-09-06T03:26:29Z",
                    "2025-09-06T03:27:24Z",
                    "2025-09-06T03:28:01Z",
                    "2025-09-06T03:28:38Z",
                    "2025-09-06T03:29:16Z",
                    "2025-09-06T03:29:54Z",
                    "2025-09-06T03:30:29Z",
                    "2025-09-06T03:31:45Z",
                    "2025-09-06T03:33:39Z",
                    "2025-09-06T03:34:22Z",
                    "2025-09-06T03:35:04Z",
                    "2025-09-06T03:36:14Z",
                    "2025-09-06T03:36:47Z",
                    "2025-09-06T03:37:33Z",
                    "2025-09-06T03:38:20Z",
                    "2025-09-06T03:39:02Z",
                    "2025-09-06T03:39:58Z",
                    "2025-09-06T03:40:51Z",
                    "2025-09-06T03:41:46Z",
                    "2025-09-06T03:42:23Z",
                    "2025-09-06T03:42:55Z",
                    "2025-09-06T03:43:40Z",
                    "2025-09-06T03:44:15Z",
                    "2025-09-06T03:44:48Z",
                    "2025-09-06T03:46:20Z",
                    "2025-09-06T03:46:51Z",
                    "2025-09-06T03:47:25Z",
                    "2025-09-06T03:47:55Z",
                    "2025-09-06T03:48:24Z",
                    "2025-09-06T03:49:02Z",
                    "2025-09-06T03:49:37Z",
                    "2025-09-06T03:50:08Z",
                    "2025-09-06T03:50:37Z",
                    "2025-09-06T03:51:13Z",
                    "2025-09-06T03:51:52Z",
                    "2025-09-06T03:52:44Z",
                    "2025-09-06T03:53:16Z",
                    "2025-09-06T03:53:51Z",
                    "2025-09-06T03:54:19Z",
                    "2025-09-06T03:54:56Z",
                    "2025-09-06T03:55:27Z",
                    "2025-09-06T03:56:04Z",
                    "2025-09-06T03:56:38Z",
                    "2025-09-06T03:57:19Z",
                    "2025-09-06T03:57:56Z",
                    "2025-09-06T03:58:27Z",
                    "2025-09-06T03:58:56Z",
                    "2025-09-06T03:59:30Z",
                    "2025-09-06T04:01:04Z",
                    "2025-09-06T04:01:38Z",
                    "2025-09-06T04:03:10Z",
                    "2025-09-06T04:03:36Z",
                    "2025-09-06T04:04:10Z",
                    "2025-09-06T04:04:43Z",
                    "2025-09-06T04:05:13Z",
                    "2025-09-06T04:05:54Z",
                    "2025-09-06T04:06:22Z",
                    "2025-09-06T04:06:50Z",
                    "2025-09-06T04:07:22Z",
                    "2025-09-06T04:07:57Z",
                    "2025-09-06T04:08:23Z",
                    "2025-09-06T04:08:49Z",
                    "2025-09-06T04:09:19Z",
                    "2025-09-06T04:09:45Z",
                    "2025-09-06T04:10:32Z",
                    "2025-09-06T04:11:02Z",
                    "2025-09-06T04:11:36Z",
                    "2025-09-06T04:12:08Z",
                    "2025-09-06T04:12:46Z",
                    "2025-09-06T04:13:19Z",
                    "2025-09-06T04:13:49Z",
                    "2025-09-06T04:14:20Z",
                    "2025-09-06T04:21:09Z",
                    "2025-09-06T04:21:55Z",
                    "2025-09-06T04:22:24Z",
                    "2025-09-06T04:22:58Z",
                    "2025-09-06T04:23:29Z",
                    "2025-09-06T04:24:18Z",
                    "2025-09-06T04:24:51Z",
                    "2025-09-06T04:25:29Z",
                    "2025-09-06T04:26:04Z",
                    "2025-09-06T04:26:41Z",
                    "2025-09-06T04:27:31Z",
                    "2025-09-06T04:28:08Z",
                    "2025-09-06T04:28:39Z",
                    "2025-09-06T04:29:08Z",
                    "2025-09-06T04:29:35Z",
                    "2025-09-06T04:30:03Z",
                    "2025-09-06T04:30:29Z",
                    "2025-09-06T04:31:02Z",
                    "2025-09-06T04:31:42Z",
                    "2025-09-06T04:32:14Z",
                    "2025-09-06T04:32:56Z",
                    "2025-09-06T04:33:26Z",
                    "2025-09-06T04:34:00Z",
                    "2025-09-06T04:34:43Z",
                    "2025-09-06T04:35:23Z",
                    "2025-09-06T04:35:54Z",
                    "2025-09-06T04:36:23Z",
                    "2025-09-06T04:36:57Z",
                    "2025-09-06T04:37:30Z",
                    "2025-09-06T04:37:57Z",
                    "2025-09-06T04:38:26Z",
                    "2025-09-06T04:38:56Z",
                    "2025-09-06T04:39:34Z",
                    "2025-09-06T04:40:13Z",
                    "2025-09-06T04:40:43Z",
                    "2025-09-06T04:41:20Z",
                    "2025-09-06T04:42:01Z",
                    "2025-09-06T04:42:32Z",
                    "2025-09-06T04:43:15Z",
                    "2025-09-06T04:43:49Z",
                    "2025-09-06T04:44:20Z",
                    "2025-09-06T04:44:49Z",
                    "2025-09-06T04:45:20Z",
                    "2025-09-06T04:45:48Z",
                    "2025-09-06T04:46:13Z",
                    "2025-09-06T04:46:46Z",
                    "2025-09-06T04:47:17Z",
                    "2025-09-06T04:47:45Z",
                    "2025-09-06T04:48:19Z",
                    "2025-09-06T04:48:49Z",
                    "2025-09-06T04:49:18Z",
                    "2025-09-06T04:49:53Z",
                    "2025-09-06T04:50:24Z",
                    "2025-09-06T04:50:53Z",
                    "2025-09-06T04:51:30Z",
                    "2025-09-06T04:52:11Z",
                    "2025-09-06T04:52:48Z",
                    "2025-09-06T04:53:28Z",
                    "2025-09-06T04:54:04Z",
                    "2025-09-06T04:54:36Z",
                    "2025-09-06T04:55:15Z",
                    "2025-09-06T04:55:57Z",
                    "2025-09-06T04:56:41Z",
                    "2025-09-06T04:57:37Z",
                    "2025-09-06T04:58:09Z",
                    "2025-09-06T04:58:52Z",
                    "2025-09-06T04:59:30Z",
                    "2025-09-06T05:00:08Z",
                    "2025-09-06T05:00:44Z",
                    "2025-09-06T05:01:12Z",
                    "2025-09-06T05:01:38Z",
                    "2025-09-06T05:02:09Z",
                    "2025-09-06T05:03:13Z",
                    "2025-09-06T05:04:07Z",
                    "2025-09-06T05:04:33Z",
                    "2025-09-06T05:05:09Z",
                    "2025-09-06T05:05:36Z",
                    "2025-09-06T05:06:02Z",
                    "2025-09-06T05:06:32Z",
                    "2025-09-06T05:07:14Z",
                    "2025-09-06T05:08:09Z",
                    "2025-09-06T05:08:40Z",
                    "2025-09-06T05:09:10Z",
                    "2025-09-06T05:09:41Z",
                    "2025-09-06T05:10:08Z",
                    "2025-09-06T05:10:53Z",
                    "2025-09-06T05:11:32Z",
                    "2025-09-06T05:12:01Z",
                    "2025-09-06T05:12:32Z",
                    "2025-09-06T05:13:01Z",
                    "2025-09-06T05:13:43Z",
                    "2025-09-06T05:14:13Z",
                    "2025-09-06T05:14:43Z",
                    "2025-09-06T05:15:12Z",
                    "2025-09-06T05:15:39Z",
                    "2025-09-06T05:16:08Z",
                    "2025-09-06T05:16:45Z",
                    "2025-09-06T05:17:11Z",
                    "2025-09-06T05:17:36Z",
                    "2025-09-06T05:18:10Z",
                    "2025-09-06T05:18:44Z",
                    "2025-09-06T05:19:17Z",
                    "2025-09-06T05:19:50Z",
                    "2025-09-06T05:20:18Z",
                    "2025-09-06T05:20:52Z",
                    "2025-09-06T05:21:25Z",
                    "2025-09-06T05:22:04Z",
                    "2025-09-06T05:22:36Z",
                    "2025-09-06T05:23:08Z",
                    "2025-09-06T05:23:42Z",
                    "2025-09-06T05:24:25Z",
                    "2025-09-06T05:25:04Z",
                    "2025-09-06T05:25:44Z",
                    "2025-09-06T05:26:28Z",
                    "2025-09-06T05:27:07Z",
                    "2025-09-06T05:27:36Z",
                    "2025-09-06T05:28:08Z",
                    "2025-09-06T05:28:39Z",
                    "2025-09-06T05:29:17Z",
                    "2025-09-06T05:29:58Z",
                    "2025-09-06T05:30:26Z",
                    "2025-09-06T05:30:56Z",
                    "2025-09-06T05:32:22Z",
                    "2025-09-06T05:32:54Z",
                    "2025-09-06T05:33:23Z",
                    "2025-09-06T05:33:53Z",
                    "2025-09-06T05:34:27Z",
                    "2025-09-06T05:34:53Z",
                    "2025-09-06T05:35:25Z",
                    "2025-09-06T05:36:01Z",
                    "2025-09-06T05:36:37Z",
                    "2025-09-06T05:37:10Z",
                    "2025-09-06T05:37:50Z",
                    "2025-09-06T05:38:35Z",
                    "2025-09-06T05:39:00Z",
                    "2025-09-06T05:39:24Z",
                    "2025-09-06T05:39:54Z",
                    "2025-09-06T05:40:25Z",
                    "2025-09-06T05:40:52Z",
                    "2025-09-06T05:41:35Z",
                    "2025-09-06T05:42:17Z",
                    "2025-09-06T05:42:54Z",
                    "2025-09-06T05:43:29Z",
                    "2025-09-06T05:44:31Z",
                    "2025-09-06T05:45:03Z",
                    "2025-09-06T05:45:39Z",
                    "2025-09-06T05:46:21Z",
                    "2025-09-06T05:46:49Z",
                    "2025-09-06T05:47:23Z",
                    "2025-09-06T05:47:54Z",
                    "2025-09-06T05:48:23Z",
                    "2025-09-06T05:48:52Z",
                    "2025-09-06T05:49:21Z",
                    "2025-09-06T05:49:50Z",
                    "2025-09-06T05:50:17Z",
                    "2025-09-06T05:50:50Z",
                    "2025-09-06T05:51:25Z",
                    "2025-09-06T05:51:52Z",
                    "2025-09-06T05:52:21Z",
                    "2025-09-06T05:52:58Z",
                    "2025-09-06T06:00:11Z",
                    "2025-09-06T06:00:36Z",
                    "2025-09-06T06:01:00Z",
                    "2025-09-06T06:01:25Z",
                    "2025-09-06T06:01:53Z",
                    "2025-09-06T06:02:18Z",
                    "2025-09-06T06:02:42Z",
                    "2025-09-06T06:03:07Z",
                    "2025-09-06T06:03:32Z",
                    "2025-09-06T06:03:57Z",
                    "2025-09-06T06:04:23Z",
                    "2025-09-06T06:04:49Z",
                    "2025-09-06T06:05:13Z",
                    "2025-09-06T06:05:40Z",
                    "2025-09-06T06:06:05Z",
                    "2025-09-06T06:06:32Z",
                    "2025-09-06T06:06:56Z",
                    "2025-09-06T06:07:20Z",
                    "2025-09-06T06:07:46Z",
                    "2025-09-06T06:08:19Z",
                    "2025-09-06T06:08:46Z",
                    "2025-09-06T06:09:10Z",
                    "2025-09-06T06:09:36Z",
                    "2025-09-06T06:10:01Z",
                    "2025-09-06T06:10:29Z",
                    "2025-09-06T06:10:56Z",
                    "2025-09-06T06:11:26Z",
                    "2025-09-06T06:11:51Z",
                    "2025-09-06T06:12:15Z",
                    "2025-09-06T06:12:40Z",
                    "2025-09-06T06:13:33Z",
                    "2025-09-06T06:14:02Z",
                    "2025-09-06T06:14:28Z",
                    "2025-09-06T06:14:53Z",
                    "2025-09-06T06:15:17Z",
                    "2025-09-06T06:15:41Z",
                    "2025-09-06T06:16:04Z",
                    "2025-09-06T06:16:28Z",
                    "2025-09-06T06:16:53Z",
                    "2025-09-06T06:17:18Z",
                    "2025-09-06T06:17:43Z",
                    "2025-09-06T06:18:09Z",
                    "2025-09-06T06:18:32Z",
                    "2025-09-06T06:18:56Z",
                    "2025-09-06T06:19:20Z",
                    "2025-09-06T06:19:44Z",
                    "2025-09-06T06:20:08Z",
                    "2025-09-06T06:20:33Z",
                    "2025-09-06T06:20:57Z",
                    "2025-09-06T06:21:21Z",
                    "2025-09-06T06:21:45Z",
                    "2025-09-06T06:22:10Z",
                    "2025-09-06T06:22:36Z",
                    "2025-09-06T06:23:00Z",
                    "2025-09-06T06:23:25Z",
                    "2025-09-06T06:23:50Z",
                    "2025-09-06T06:24:15Z",
                    "2025-09-06T06:24:39Z",
                    "2025-09-06T06:25:09Z",
                    "2025-09-06T06:25:36Z",
                    "2025-09-06T06:26:01Z",
                    "2025-09-06T06:26:30Z",
                    "2025-09-06T06:26:54Z",
                    "2025-09-06T06:27:19Z",
                    "2025-09-06T06:27:47Z",
                    "2025-09-06T06:28:13Z",
                    "2025-09-06T06:28:36Z",
                    "2025-09-06T06:29:02Z",
                    "2025-09-06T06:29:29Z",
                    "2025-09-06T06:29:55Z",
                    "2025-09-06T06:30:20Z",
                    "2025-09-06T06:30:44Z",
                    "2025-09-06T06:31:08Z",
                    "2025-09-06T06:31:32Z",
                    "2025-09-06T06:31:56Z",
                    "2025-09-06T06:32:21Z",
                    "2025-09-06T06:32:45Z",
                    "2025-09-06T06:33:10Z",
                    "2025-09-06T06:33:34Z",
                    "2025-09-06T06:33:57Z",
                    "2025-09-06T06:34:21Z",
                    "2025-09-06T06:34:47Z",
                    "2025-09-06T06:35:11Z",
                    "2025-09-06T06:35:36Z",
                    "2025-09-06T06:36:03Z",
                    "2025-09-06T06:36:27Z",
                    "2025-09-06T06:36:52Z",
                    "2025-09-06T06:37:18Z",
                    "2025-09-06T06:37:42Z",
                    "2025-09-06T06:38:08Z",
                    "2025-09-06T06:38:32Z",
                    "2025-09-06T06:38:57Z",
                    "2025-09-06T06:39:22Z",
                    "2025-09-06T06:39:46Z",
                    "2025-09-06T06:40:11Z",
                    "2025-09-06T06:40:36Z",
                    "2025-09-06T06:41:02Z",
                    "2025-09-06T06:41:27Z",
                    "2025-09-06T06:41:54Z",
                    "2025-09-06T06:42:20Z",
                    "2025-09-06T06:42:44Z",
                    "2025-09-06T06:43:07Z",
                    "2025-09-06T06:43:32Z",
                    "2025-09-06T06:44:03Z",
                    "2025-09-06T06:44:28Z",
                    "2025-09-06T06:44:52Z",
                    "2025-09-06T06:45:18Z",
                    "2025-09-06T06:45:42Z",
                    "2025-09-06T06:46:07Z",
                    "2025-09-06T06:46:33Z",
                    "2025-09-06T06:46:57Z",
                    "2025-09-06T06:47:21Z",
                    "2025-09-06T06:47:48Z",
                    "2025-09-06T06:48:15Z",
                    "2025-09-06T06:48:42Z",
                    "2025-09-06T06:49:08Z",
                    "2025-09-06T06:49:34Z",
                    "2025-09-06T06:50:01Z",
                    "2025-09-06T06:50:25Z",
                    "2025-09-06T06:50:49Z",
                    "2025-09-06T06:51:15Z",
                    "2025-09-06T06:51:42Z",
                    "2025-09-06T06:52:06Z",
                    "2025-09-06T06:52:30Z",
                    "2025-09-06T06:52:54Z",
                    "2025-09-06T06:53:18Z",
                    "2025-09-06T06:53:46Z",
                    "2025-09-06T06:54:14Z",
                    "2025-09-06T06:54:49Z",
                    "2025-09-06T06:55:13Z",
                    "2025-09-06T06:55:38Z",
                    "2025-09-06T06:56:02Z",
                    "2025-09-06T06:56:27Z",
                    "2025-09-06T06:56:52Z",
                    "2025-09-06T06:57:16Z",
                    "2025-09-06T06:57:40Z",
                    "2025-09-06T06:58:07Z",
                    "2025-09-06T06:58:34Z",
                    "2025-09-06T06:59:00Z",
                    "2025-09-06T06:59:27Z",
                    "2025-09-06T06:59:51Z",
                    "2025-09-06T07:00:17Z",
                    "2025-09-06T07:00:43Z",
                    "2025-09-06T07:01:10Z",
                    "2025-09-06T07:01:38Z",
                    "2025-09-06T07:02:05Z",
                    "2025-09-06T07:02:31Z",
                    "2025-09-06T07:02:56Z",
                    "2025-09-06T07:03:23Z",
                    "2025-09-06T07:03:47Z",
                    "2025-09-06T07:04:13Z"
                ]
            },
            "geometry": {
                "type": "LineString",
                "coordinates": [
                    [
                        137.93995336068562,
                        35.812703558525605,
                        623
                    ],
                    [
                        137.9399353872216,
                        35.81307996319155,
                        626
                    ],
                    [
                        137.93992832259352,
                        35.8136207870264,
                        628
                    ],
                    [
                        137.9398983603676,
                        35.81414135517836,
                        631
                    ],
                    [
                        137.93979771819858,
                        35.814536099728166,
                        634
                    ],
                    [
                        137.93969690428895,
                        35.81499994493845,
                        630
                    ],
                    [
                        137.93934804176752,
                        35.81506660667953,
                        631
                    ],
                    [
                        137.93877018677085,
                        35.81501393669408,
                        637
                    ],
                    [
                        137.93823317270355,
                        35.814961778362196,
                        640
                    ],
                    [
                        137.93773581647005,
                        35.81493175624275,
                        646
                    ],
                    [
                        137.9372767005099,
                        35.81499004284434,
                        651
                    ],
                    [
                        137.93679966279961,
                        35.815022051537944,
                        656
                    ],
                    [
                        137.93636425033895,
                        35.815110614082016,
                        662
                    ],
                    [
                        137.93587172636694,
                        35.81511599970391,
                        662
                    ],
                    [
                        137.93544550878215,
                        35.81524388969441,
                        666
                    ],
                    [
                        137.93508138593813,
                        35.81506804672189,
                        671
                    ],
                    [
                        137.93462055942925,
                        35.81511681031544,
                        674
                    ],
                    [
                        137.93425454010588,
                        35.81488833023228,
                        678
                    ],
                    [
                        137.9338617779082,
                        35.814748848557535,
                        679
                    ],
                    [
                        137.93342761370718,
                        35.81467726817713,
                        680
                    ],
                    [
                        137.93285501756557,
                        35.814787778761165,
                        682
                    ],
                    [
                        137.93231569815168,
                        35.81493625432762,
                        683
                    ],
                    [
                        137.9317449852542,
                        35.81500151740608,
                        684
                    ],
                    [
                        137.93145574290034,
                        35.815266736110175,
                        689
                    ],
                    [
                        137.93112123696304,
                        35.81547335085871,
                        690
                    ],
                    [
                        137.93066967090138,
                        35.81554605470069,
                        692
                    ],
                    [
                        137.93024281132185,
                        35.81561953425361,
                        696
                    ],
                    [
                        137.92981739057262,
                        35.815633466819676,
                        698
                    ],
                    [
                        137.9293753611186,
                        35.815643052654885,
                        703
                    ],
                    [
                        137.92893839767615,
                        35.81564664426511,
                        707
                    ],
                    [
                        137.92849744418425,
                        35.815638873000275,
                        712
                    ],
                    [
                        137.92807180340316,
                        35.815645905831275,
                        716
                    ],
                    [
                        137.9276868420524,
                        35.81566865089978,
                        720
                    ],
                    [
                        137.92726746272146,
                        35.815649083626234,
                        725
                    ],
                    [
                        137.926863898233,
                        35.81564790583996,
                        730
                    ],
                    [
                        137.92647939519358,
                        35.81564558356289,
                        734
                    ],
                    [
                        137.92609526578357,
                        35.8156444621522,
                        739
                    ],
                    [
                        137.92564875869542,
                        35.81566557653724,
                        743
                    ],
                    [
                        137.92522847843105,
                        35.8156637703544,
                        746
                    ],
                    [
                        137.92486011053978,
                        35.81568548645022,
                        750
                    ],
                    [
                        137.9245095394094,
                        35.81571137975965,
                        756
                    ],
                    [
                        137.92411831637665,
                        35.815723845530876,
                        761
                    ],
                    [
                        137.9237585103763,
                        35.815749584934146,
                        766
                    ],
                    [
                        137.92339284795713,
                        35.81576620521149,
                        772
                    ],
                    [
                        137.92302732085528,
                        35.81577503041645,
                        780
                    ],
                    [
                        137.92264206767388,
                        35.81584339904378,
                        785
                    ],
                    [
                        137.92232174394763,
                        35.81601277734777,
                        791
                    ],
                    [
                        137.92196980405367,
                        35.816131275397346,
                        794
                    ],
                    [
                        137.92160947110395,
                        35.81619298627024,
                        799
                    ],
                    [
                        137.92121565050329,
                        35.81624357175846,
                        800
                    ],
                    [
                        137.92083610949354,
                        35.81628444253907,
                        806
                    ],
                    [
                        137.92052031367436,
                        35.816193273374985,
                        811
                    ],
                    [
                        137.92037663508424,
                        35.815892574091194,
                        815
                    ],
                    [
                        137.92035531599458,
                        35.81561131704879,
                        817
                    ],
                    [
                        137.92017395753174,
                        35.81528605243464,
                        818
                    ],
                    [
                        137.91986705695712,
                        35.81519546149772,
                        819
                    ],
                    [
                        137.91946355269116,
                        35.81517757764813,
                        824
                    ],
                    [
                        137.91903001301552,
                        35.815218376329334,
                        828
                    ],
                    [
                        137.91889475053662,
                        35.81551998945419,
                        833
                    ],
                    [
                        137.91880379457115,
                        35.81587698456005,
                        836
                    ],
                    [
                        137.91875724725818,
                        35.81623801141981,
                        840
                    ],
                    [
                        137.918484449335,
                        35.81645739740918,
                        847
                    ],
                    [
                        137.91809598317516,
                        35.81640819124115,
                        852
                    ],
                    [
                        137.91794929012877,
                        35.81608436685658,
                        852
                    ],
                    [
                        137.91794795728316,
                        35.815760614184754,
                        855
                    ],
                    [
                        137.91791192462486,
                        35.81541866916573,
                        859
                    ],
                    [
                        137.91777140058286,
                        35.8151370727649,
                        865
                    ],
                    [
                        137.91742613838738,
                        35.81527869098847,
                        869
                    ],
                    [
                        137.91712823813975,
                        35.81539406231475,
                        876
                    ],
                    [
                        137.91693901273052,
                        35.81517380010778,
                        881
                    ],
                    [
                        137.9165844172058,
                        35.8151615400285,
                        885
                    ],
                    [
                        137.9162131165016,
                        35.81513898162788,
                        889
                    ],
                    [
                        137.91582928182305,
                        35.8150933103002,
                        895
                    ],
                    [
                        137.9154657294645,
                        35.815022696831306,
                        900
                    ],
                    [
                        137.9151582845401,
                        35.81495854812405,
                        906
                    ],
                    [
                        137.91482288227786,
                        35.81487790836554,
                        911
                    ],
                    [
                        137.9144791324385,
                        35.81482325428981,
                        919
                    ],
                    [
                        137.9141411307679,
                        35.814877271736485,
                        922
                    ],
                    [
                        137.91380348388233,
                        35.81484693698943,
                        930
                    ],
                    [
                        137.91350149985817,
                        35.814750429409244,
                        939
                    ],
                    [
                        137.9132125620319,
                        35.81467839742233,
                        947
                    ],
                    [
                        137.91292591021545,
                        35.81465132816085,
                        950
                    ],
                    [
                        137.9126331805284,
                        35.81455549373024,
                        953
                    ],
                    [
                        137.91232157679778,
                        35.81456446342953,
                        958
                    ],
                    [
                        137.9120616021342,
                        35.81446487352153,
                        965
                    ],
                    [
                        137.9117605925949,
                        35.81444813065643,
                        968
                    ],
                    [
                        137.91142798815744,
                        35.8144007452825,
                        970
                    ],
                    [
                        137.91110250312323,
                        35.81433644900581,
                        977
                    ],
                    [
                        137.91079095641962,
                        35.814263621756155,
                        982
                    ],
                    [
                        137.9104332612255,
                        35.81427314811969,
                        986
                    ],
                    [
                        137.91012989332066,
                        35.81428550728646,
                        992
                    ],
                    [
                        137.90977231545676,
                        35.8142984847264,
                        997
                    ],
                    [
                        137.9094499936227,
                        35.81422143675516,
                        1002
                    ],
                    [
                        137.9091960083868,
                        35.814068953940186,
                        1013
                    ],
                    [
                        137.90893559642763,
                        35.813939366924515,
                        1024
                    ],
                    [
                        137.90866519840773,
                        35.81395456957981,
                        1033
                    ],
                    [
                        137.9084873287414,
                        35.814227380781034,
                        1031
                    ],
                    [
                        137.908138739744,
                        35.81431876539333,
                        1032
                    ],
                    [
                        137.90792792701956,
                        35.814075282266884,
                        1041
                    ],
                    [
                        137.9076835711644,
                        35.81407610363872,
                        1053
                    ],
                    [
                        137.9074109984284,
                        35.814111776352874,
                        1058
                    ],
                    [
                        137.90713460715494,
                        35.814088027522416,
                        1063
                    ],
                    [
                        137.9068874350937,
                        35.81411766154183,
                        1070
                    ],
                    [
                        137.90667136312646,
                        35.813990975442465,
                        1076
                    ],
                    [
                        137.90638990541584,
                        35.81403531378933,
                        1084
                    ],
                    [
                        137.90609897660104,
                        35.814114820422546,
                        1088
                    ],
                    [
                        137.90587996125674,
                        35.81396970372565,
                        1093
                    ],
                    [
                        137.90558862840376,
                        35.81395912882425,
                        1101
                    ],
                    [
                        137.90524744424272,
                        35.81405824958656,
                        1099
                    ],
                    [
                        137.9050107538136,
                        35.814262627690425,
                        1104
                    ],
                    [
                        137.90481495573036,
                        35.81442438533019,
                        1114
                    ],
                    [
                        137.90470977109828,
                        35.81452106411754,
                        1116
                    ],
                    [
                        137.9045851489858,
                        35.81443246528162,
                        1123
                    ],
                    [
                        137.9043470816263,
                        35.81429363711207,
                        1129
                    ],
                    [
                        137.9041595093572,
                        35.814181096053346,
                        1137
                    ],
                    [
                        137.90397406131368,
                        35.81409229615604,
                        1145
                    ],
                    [
                        137.9037894265458,
                        35.81396743584648,
                        1151
                    ],
                    [
                        137.9036164103701,
                        35.813840745426006,
                        1158
                    ],
                    [
                        137.90347722017424,
                        35.81369965502248,
                        1161
                    ],
                    [
                        137.90327607080718,
                        35.81358866555917,
                        1168
                    ],
                    [
                        137.90311805178925,
                        35.81343161537037,
                        1171
                    ],
                    [
                        137.90292042779487,
                        35.81334002724706,
                        1176
                    ],
                    [
                        137.90270685640496,
                        35.813221831756515,
                        1190
                    ],
                    [
                        137.90271730444613,
                        35.813037284249184,
                        1194
                    ],
                    [
                        137.902791710902,
                        35.8128460668522,
                        1199
                    ],
                    [
                        137.90269453625453,
                        35.81272509459123,
                        1205
                    ],
                    [
                        137.9026875511493,
                        35.81254786030753,
                        1218
                    ],
                    [
                        137.90294765791765,
                        35.81247859593602,
                        1224
                    ],
                    [
                        137.90320446681605,
                        35.81244987445199,
                        1226
                    ],
                    [
                        137.90333398389572,
                        35.81230195900785,
                        1228
                    ],
                    [
                        137.9031282435398,
                        35.81215212745604,
                        1238
                    ],
                    [
                        137.90288526142132,
                        35.81213211468994,
                        1244
                    ],
                    [
                        137.90277051122297,
                        35.81191546654069,
                        1253
                    ],
                    [
                        137.90260318486796,
                        35.81166194566279,
                        1256
                    ],
                    [
                        137.90241847274868,
                        35.811684807412455,
                        1263
                    ],
                    [
                        137.9023939912558,
                        35.811859943090816,
                        1264
                    ],
                    [
                        137.9021474475437,
                        35.81181494462534,
                        1269
                    ],
                    [
                        137.90190922540927,
                        35.81180341152427,
                        1278
                    ],
                    [
                        137.9016891284286,
                        35.81193801706241,
                        1285
                    ],
                    [
                        137.90151152632504,
                        35.811955416107466,
                        1289
                    ],
                    [
                        137.90140121928832,
                        35.8117900938545,
                        1300
                    ],
                    [
                        137.90121002268575,
                        35.811806392729366,
                        1310
                    ],
                    [
                        137.9010609412356,
                        35.81157748969819,
                        1322
                    ],
                    [
                        137.90084951065555,
                        35.81127530667127,
                        1328
                    ],
                    [
                        137.90076524207046,
                        35.8110418520177,
                        1329
                    ],
                    [
                        137.90070654994327,
                        35.81080577043062,
                        1335
                    ],
                    [
                        137.90055000539505,
                        35.810603358434996,
                        1336
                    ],
                    [
                        137.9004239806255,
                        35.810740439236575,
                        1343
                    ],
                    [
                        137.90027082253783,
                        35.81086757059534,
                        1350
                    ],
                    [
                        137.90012543097416,
                        35.81098547288562,
                        1359
                    ],
                    [
                        137.90002968672889,
                        35.811115279334025,
                        1368
                    ],
                    [
                        137.89989442749322,
                        35.81123152054966,
                        1375
                    ],
                    [
                        137.89977780643116,
                        35.811409867755295,
                        1383
                    ],
                    [
                        137.89957044891923,
                        35.81157002463347,
                        1388
                    ],
                    [
                        137.89936772843146,
                        35.81172149737432,
                        1394
                    ],
                    [
                        137.89907392598934,
                        35.811935026481635,
                        1398
                    ],
                    [
                        137.8988578002807,
                        35.81204423471446,
                        1405
                    ],
                    [
                        137.89865001054602,
                        35.81218130383952,
                        1411
                    ],
                    [
                        137.89845602959107,
                        35.812309763872996,
                        1422
                    ],
                    [
                        137.8982305737213,
                        35.81228535555215,
                        1427
                    ],
                    [
                        137.89807324070364,
                        35.81235920915709,
                        1433
                    ],
                    [
                        137.89785180020502,
                        35.81242811105324,
                        1440
                    ],
                    [
                        137.89763887713963,
                        35.81246230117334,
                        1447
                    ],
                    [
                        137.89737150083587,
                        35.81257673371104,
                        1459
                    ],
                    [
                        137.89713925881946,
                        35.81266506528642,
                        1466
                    ],
                    [
                        137.89689419795354,
                        35.81275478132974,
                        1474
                    ],
                    [
                        137.89662373237744,
                        35.812756342745665,
                        1475
                    ],
                    [
                        137.89641970358662,
                        35.81269500575169,
                        1482
                    ],
                    [
                        137.8962342898512,
                        35.81280535101111,
                        1492
                    ],
                    [
                        137.89596634616765,
                        35.81289519585199,
                        1498
                    ],
                    [
                        137.89574749442838,
                        35.81287857681225,
                        1505
                    ],
                    [
                        137.8955008708442,
                        35.812773371017116,
                        1516
                    ],
                    [
                        137.895341809715,
                        35.812886385323985,
                        1525
                    ],
                    [
                        137.8951365838039,
                        35.812941525902225,
                        1530
                    ],
                    [
                        137.89495006310733,
                        35.813000097218996,
                        1544
                    ],
                    [
                        137.8947702913332,
                        35.81302314332431,
                        1547
                    ],
                    [
                        137.8945769302215,
                        35.81294630867814,
                        1558
                    ],
                    [
                        137.8943178915417,
                        35.81286938286977,
                        1564
                    ],
                    [
                        137.89425794333226,
                        35.81299100898939,
                        1573
                    ],
                    [
                        137.89417663719794,
                        35.81310961936798,
                        1582
                    ],
                    [
                        137.8939669040693,
                        35.813099219039145,
                        1590
                    ],
                    [
                        137.89377850241007,
                        35.81311659792225,
                        1600
                    ],
                    [
                        137.89358968239512,
                        35.813223542643264,
                        1608
                    ],
                    [
                        137.8934440592808,
                        35.813333989533696,
                        1616
                    ],
                    [
                        137.89326184338086,
                        35.81341971615518,
                        1624
                    ],
                    [
                        137.89312609229188,
                        35.81350155192939,
                        1631
                    ],
                    [
                        137.89295760524402,
                        35.81355714257846,
                        1632
                    ],
                    [
                        137.89270935714953,
                        35.813484214344214,
                        1641
                    ],
                    [
                        137.89242715155447,
                        35.81345122960134,
                        1648
                    ],
                    [
                        137.89221215319787,
                        35.81337112491067,
                        1655
                    ],
                    [
                        137.8918953070989,
                        35.81331881450315,
                        1658
                    ],
                    [
                        137.8916512084549,
                        35.813220014849875,
                        1662
                    ],
                    [
                        137.89139758736874,
                        35.81319868312218,
                        1669
                    ],
                    [
                        137.8911811782012,
                        35.81324398770707,
                        1678
                    ],
                    [
                        137.89101269344755,
                        35.81319673464865,
                        1686
                    ],
                    [
                        137.89087424539392,
                        35.81317174498471,
                        1695
                    ],
                    [
                        137.89073067511964,
                        35.813129783310444,
                        1702
                    ],
                    [
                        137.89062043229728,
                        35.81308458816348,
                        1708
                    ],
                    [
                        137.89043597995226,
                        35.81297874933213,
                        1717
                    ],
                    [
                        137.8902538371239,
                        35.81290334685682,
                        1728
                    ],
                    [
                        137.89005462794657,
                        35.812834072583435,
                        1734
                    ],
                    [
                        137.88992392887607,
                        35.812705462357016,
                        1734
                    ],
                    [
                        137.88974963981929,
                        35.812596859408494,
                        1741
                    ],
                    [
                        137.88955782487446,
                        35.81249952207228,
                        1748
                    ],
                    [
                        137.88926440060592,
                        35.812503289158734,
                        1748
                    ],
                    [
                        137.88892092854041,
                        35.812466281544154,
                        1751
                    ],
                    [
                        137.88851995700793,
                        35.81233642008755,
                        1752
                    ],
                    [
                        137.8880496683538,
                        35.81233613995247,
                        1746
                    ],
                    [
                        137.88769117008138,
                        35.81231850007106,
                        1749
                    ],
                    [
                        137.8873745747398,
                        35.81230811451691,
                        1755
                    ],
                    [
                        137.88698311640886,
                        35.8122914601766,
                        1755
                    ],
                    [
                        137.8866121131571,
                        35.81220946402143,
                        1751
                    ],
                    [
                        137.88625270014018,
                        35.812113919399465,
                        1754
                    ],
                    [
                        137.88590727934215,
                        35.81200755158406,
                        1757
                    ],
                    [
                        137.8856770624793,
                        35.81185544659164,
                        1759
                    ],
                    [
                        137.88542935022716,
                        35.81164973895095,
                        1765
                    ],
                    [
                        137.8851717833361,
                        35.81150726684698,
                        1772
                    ],
                    [
                        137.88502692250265,
                        35.81137235009287,
                        1780
                    ],
                    [
                        137.8848141897271,
                        35.811330840411365,
                        1785
                    ],
                    [
                        137.88451700385184,
                        35.81128996757093,
                        1787
                    ],
                    [
                        137.88431780578526,
                        35.81121761346009,
                        1799
                    ],
                    [
                        137.88404312133196,
                        35.811097782054894,
                        1802
                    ],
                    [
                        137.88366254261024,
                        35.81102048908682,
                        1799
                    ],
                    [
                        137.88329716329417,
                        35.8108765008963,
                        1796
                    ],
                    [
                        137.88297417540045,
                        35.81074970296758,
                        1803
                    ],
                    [
                        137.88266587554338,
                        35.81071717462218,
                        1809
                    ],
                    [
                        137.88235460393963,
                        35.81071127045211,
                        1805
                    ],
                    [
                        137.88198793626313,
                        35.81060519745579,
                        1807
                    ],
                    [
                        137.88169170455308,
                        35.810459848187875,
                        1809
                    ],
                    [
                        137.88148096398845,
                        35.81041722267534,
                        1818
                    ],
                    [
                        137.88130412459824,
                        35.81034725280552,
                        1827
                    ],
                    [
                        137.88112658634617,
                        35.81026679785545,
                        1835
                    ],
                    [
                        137.8810534402379,
                        35.81019625071059,
                        1835
                    ],
                    [
                        137.88067272447313,
                        35.81016435128807,
                        1837
                    ],
                    [
                        137.88028931269918,
                        35.81018634875832,
                        1839
                    ],
                    [
                        137.88010298272445,
                        35.81024487169807,
                        1847
                    ],
                    [
                        137.87970512264755,
                        35.810222118452515,
                        1850
                    ],
                    [
                        137.87925244885787,
                        35.81014969616035,
                        1850
                    ],
                    [
                        137.87894230025395,
                        35.81000726289291,
                        1851
                    ],
                    [
                        137.87860298887315,
                        35.80991123445038,
                        1859
                    ],
                    [
                        137.87830556775177,
                        35.80983179831451,
                        1865
                    ],
                    [
                        137.87810334842163,
                        35.809739285747305,
                        1870
                    ],
                    [
                        137.8778804123935,
                        35.80969751657254,
                        1876
                    ],
                    [
                        137.8776546554814,
                        35.80967657371757,
                        1887
                    ],
                    [
                        137.87745306304146,
                        35.80960478180573,
                        1894
                    ],
                    [
                        137.87722589542085,
                        35.809548612227125,
                        1899
                    ],
                    [
                        137.8769400899494,
                        35.80950672378523,
                        1904
                    ],
                    [
                        137.87671644217795,
                        35.80944365402207,
                        1911
                    ],
                    [
                        137.8764465687264,
                        35.80936409660195,
                        1917
                    ],
                    [
                        137.87621242135123,
                        35.80923177732448,
                        1921
                    ],
                    [
                        137.87591308940785,
                        35.80916137481334,
                        1928
                    ],
                    [
                        137.87559841678913,
                        35.809020799263905,
                        1932
                    ],
                    [
                        137.87535884046338,
                        35.809023640148396,
                        1937
                    ],
                    [
                        137.87512788499495,
                        35.80901771472585,
                        1943
                    ],
                    [
                        137.87485565917302,
                        35.808996578800574,
                        1950
                    ],
                    [
                        137.8745142789727,
                        35.808943216365606,
                        1956
                    ],
                    [
                        137.87422877355897,
                        35.80887573876675,
                        1959
                    ],
                    [
                        137.8740267107483,
                        35.808721621315144,
                        1964
                    ],
                    [
                        137.87376642700258,
                        35.80860016740349,
                        1972
                    ],
                    [
                        137.87353723682338,
                        35.808507192374464,
                        1980
                    ],
                    [
                        137.87330788756594,
                        35.80848490326822,
                        1985
                    ],
                    [
                        137.87305178476058,
                        35.80843959328627,
                        1993
                    ],
                    [
                        137.8727976128486,
                        35.80835110734018,
                        1999
                    ],
                    [
                        137.87254953403513,
                        35.80824919827307,
                        2006
                    ],
                    [
                        137.87232331061662,
                        35.808169775836106,
                        2014
                    ],
                    [
                        137.87217229773148,
                        35.80807711681674,
                        2019
                    ],
                    [
                        137.87197909743878,
                        35.80795759621949,
                        2031
                    ],
                    [
                        137.871814116415,
                        35.80788769148625,
                        2037
                    ],
                    [
                        137.87158037160737,
                        35.80790914213773,
                        2044
                    ],
                    [
                        137.87136231464967,
                        35.807828554240146,
                        2054
                    ],
                    [
                        137.871270908922,
                        35.80750866388894,
                        2053
                    ],
                    [
                        137.87132178101885,
                        35.807201550690316,
                        2055
                    ],
                    [
                        137.87141003582187,
                        35.80692596843269,
                        2059
                    ],
                    [
                        137.8711178814504,
                        35.80673565669103,
                        2066
                    ],
                    [
                        137.87082483095043,
                        35.806539948952015,
                        2067
                    ],
                    [
                        137.87050268239378,
                        35.80632739977463,
                        2067
                    ],
                    [
                        137.87032485965733,
                        35.80607898185782,
                        2069
                    ],
                    [
                        137.87009636027494,
                        35.80582046798282,
                        2069
                    ],
                    [
                        137.8699012688713,
                        35.80559762118029,
                        2076
                    ],
                    [
                        137.86973720104285,
                        35.80536035231933,
                        2080
                    ],
                    [
                        137.8695899215685,
                        35.80510541025337,
                        2082
                    ],
                    [
                        137.8695680900363,
                        35.804884370449116,
                        2089
                    ],
                    [
                        137.8695795530806,
                        35.804668453280605,
                        2089
                    ],
                    [
                        137.86943576485334,
                        35.80442373442948,
                        2097
                    ],
                    [
                        137.86933373656032,
                        35.80415360745683,
                        2102
                    ],
                    [
                        137.86897636462078,
                        35.80400794781076,
                        2098
                    ],
                    [
                        137.86855713819114,
                        35.8038567431358,
                        2096
                    ],
                    [
                        137.86841294664262,
                        35.80375155298844,
                        2098
                    ],
                    [
                        137.8680201845724,
                        35.80380957027827,
                        2092
                    ],
                    [
                        137.86775019040718,
                        35.80402424910329,
                        2088
                    ],
                    [
                        137.86744174104086,
                        35.80412443948201,
                        2078
                    ],
                    [
                        137.86711222594502,
                        35.80410210967159,
                        2085
                    ],
                    [
                        137.8667996183181,
                        35.80424027548556,
                        2081
                    ],
                    [
                        137.86646126055703,
                        35.804373819762425,
                        2083
                    ],
                    [
                        137.8661633064114,
                        35.804518133382935,
                        2085
                    ],
                    [
                        137.8659435684965,
                        35.80464444810166,
                        2088
                    ],
                    [
                        137.8657227031297,
                        35.80474134968157,
                        2095
                    ],
                    [
                        137.865471159323,
                        35.80495675660879,
                        2098
                    ],
                    [
                        137.86511149457127,
                        35.805000349490676,
                        2100
                    ],
                    [
                        137.8647948996384,
                        35.80502619950566,
                        2098
                    ],
                    [
                        137.86447263764916,
                        35.80511702031629,
                        2098
                    ],
                    [
                        137.86426036279283,
                        35.80527260763625,
                        2103
                    ],
                    [
                        137.86403091568366,
                        35.80540951959122,
                        2108
                    ],
                    [
                        137.86382172238729,
                        35.80553886609752,
                        2113
                    ],
                    [
                        137.86357310057122,
                        35.80566790623069,
                        2119
                    ],
                    [
                        137.86323382808743,
                        35.80573494148621,
                        2116
                    ],
                    [
                        137.86282003967796,
                        35.80574663517848,
                        2111
                    ],
                    [
                        137.86244040527623,
                        35.80577353764878,
                        2109
                    ],
                    [
                        137.86208505300857,
                        35.805858135098646,
                        2110
                    ],
                    [
                        137.86173085028028,
                        35.805768524597134,
                        2113
                    ],
                    [
                        137.861402814253,
                        35.80576816321122,
                        2116
                    ],
                    [
                        137.86112462502638,
                        35.805813423202935,
                        2124
                    ],
                    [
                        137.86086523596134,
                        35.80583730838166,
                        2126
                    ],
                    [
                        137.86058251369514,
                        35.80586954866859,
                        2130
                    ],
                    [
                        137.86026322324327,
                        35.80581590143052,
                        2131
                    ],
                    [
                        137.86016266733466,
                        35.805763284877436,
                        2132
                    ],
                    [
                        137.85978448720007,
                        35.8057029996871,
                        2135
                    ],
                    [
                        137.85947793604092,
                        35.80562445712002,
                        2137
                    ],
                    [
                        137.85913752125296,
                        35.80559309391619,
                        2137
                    ],
                    [
                        137.85889884145007,
                        35.805630516332634,
                        2143
                    ],
                    [
                        137.8586825598082,
                        35.80568981782503,
                        2150
                    ],
                    [
                        137.8583999008227,
                        35.8057798521242,
                        2157
                    ],
                    [
                        137.85817905955952,
                        35.805863194007365,
                        2160
                    ],
                    [
                        137.8579530436611,
                        35.80590878195233,
                        2165
                    ],
                    [
                        137.85776626066928,
                        35.805902600555,
                        2175
                    ],
                    [
                        137.85756063778024,
                        35.805924154837555,
                        2178
                    ],
                    [
                        137.8574241978285,
                        35.80602021899535,
                        2185
                    ],
                    [
                        137.85715420734334,
                        35.805963004885974,
                        2193
                    ],
                    [
                        137.8569041471196,
                        35.80593558158313,
                        2198
                    ],
                    [
                        137.85651828261823,
                        35.80591548910349,
                        2205
                    ],
                    [
                        137.8562412930326,
                        35.80582313116542,
                        2206
                    ],
                    [
                        137.8560216646294,
                        35.80581210085248,
                        2211
                    ],
                    [
                        137.85572952525214,
                        35.80575848286779,
                        2212
                    ],
                    [
                        137.8554812840126,
                        35.805686308398165,
                        2216
                    ],
                    [
                        137.85522598542525,
                        35.80575110737946,
                        2225
                    ],
                    [
                        137.85500006039902,
                        35.80575599425558,
                        2229
                    ],
                    [
                        137.85483411094742,
                        35.80569215207533,
                        2238
                    ],
                    [
                        137.85459584109773,
                        35.80567936748595,
                        2244
                    ],
                    [
                        137.85432352803247,
                        35.805834263524396,
                        2248
                    ],
                    [
                        137.8541203147942,
                        35.80579772733023,
                        2255
                    ],
                    [
                        137.8539173422834,
                        35.805743375795636,
                        2262
                    ],
                    [
                        137.85375338437174,
                        35.80573262768793,
                        2271
                    ],
                    [
                        137.8535737398272,
                        35.805689892234234,
                        2280
                    ],
                    [
                        137.85340348105962,
                        35.805656302346435,
                        2285
                    ],
                    [
                        137.85324739484156,
                        35.80562248630512,
                        2297
                    ],
                    [
                        137.8530955146304,
                        35.80561989259674,
                        2308
                    ],
                    [
                        137.85294837891476,
                        35.805562277649905,
                        2315
                    ],
                    [
                        137.8527708117183,
                        35.80554977183267,
                        2323
                    ],
                    [
                        137.85262346706148,
                        35.80548959458708,
                        2337
                    ],
                    [
                        137.85247608769393,
                        35.80549784822576,
                        2344
                    ],
                    [
                        137.85229261434512,
                        35.805494813846735,
                        2351
                    ],
                    [
                        137.85212594528102,
                        35.80547935786514,
                        2361
                    ],
                    [
                        137.85195059961472,
                        35.8055766083827,
                        2368
                    ],
                    [
                        137.85174391447066,
                        35.80565327627357,
                        2374
                    ],
                    [
                        137.85149272594057,
                        35.805765945616685,
                        2378
                    ],
                    [
                        137.85124892578665,
                        35.80581541293739,
                        2382
                    ],
                    [
                        137.85108109585562,
                        35.805930793735676,
                        2388
                    ],
                    [
                        137.85087958393464,
                        35.80581245044504,
                        2388
                    ],
                    [
                        137.85066932129635,
                        35.80578608140365,
                        2393
                    ],
                    [
                        137.8504135370373,
                        35.805635465970305,
                        2400
                    ],
                    [
                        137.8501042824584,
                        35.80571873338949,
                        2404
                    ],
                    [
                        137.84978428230312,
                        35.80576908897859,
                        2407
                    ],
                    [
                        137.84947628374942,
                        35.8056938403806,
                        2413
                    ],
                    [
                        137.84916527943338,
                        35.805652576607436,
                        2415
                    ],
                    [
                        137.8489285668054,
                        35.80555950854356,
                        2424
                    ],
                    [
                        137.84865026163797,
                        35.80549519018671,
                        2426
                    ],
                    [
                        137.84842808055419,
                        35.80545538582132,
                        2425
                    ],
                    [
                        137.84812296844228,
                        35.805369416068764,
                        2429
                    ],
                    [
                        137.84776718026092,
                        35.80533890277748,
                        2434
                    ],
                    [
                        137.84749612354662,
                        35.8052392760901,
                        2438
                    ],
                    [
                        137.84722707364506,
                        35.80511918250828,
                        2441
                    ],
                    [
                        137.84698051226064,
                        35.805126129545606,
                        2445
                    ],
                    [
                        137.84674303446369,
                        35.805183475997616,
                        2452
                    ],
                    [
                        137.84649624387603,
                        35.80527972085109,
                        2461
                    ],
                    [
                        137.84621640748952,
                        35.805383140917606,
                        2467
                    ],
                    [
                        137.84601290959014,
                        35.80540820574345,
                        2469
                    ],
                    [
                        137.84570592465033,
                        35.80545714866784,
                        2474
                    ],
                    [
                        137.8454094631867,
                        35.805480955928545,
                        2467
                    ],
                    [
                        137.8451104652262,
                        35.80543579917894,
                        2465
                    ],
                    [
                        137.8448606803988,
                        35.80539026214678,
                        2469
                    ],
                    [
                        137.844538947284,
                        35.805281235201136,
                        2478
                    ],
                    [
                        137.84443392468097,
                        35.80521203039463,
                        2477
                    ],
                    [
                        137.8442328858412,
                        35.80511002623187,
                        2481
                    ],
                    [
                        137.8438685579511,
                        35.805145429753544,
                        2487
                    ],
                    [
                        137.8434822785237,
                        35.80525424681428,
                        2486
                    ],
                    [
                        137.84318105721243,
                        35.80528407094374,
                        2483
                    ],
                    [
                        137.84287879875686,
                        35.80534282110395,
                        2485
                    ],
                    [
                        137.84267347619323,
                        35.80539792451431,
                        2490
                    ],
                    [
                        137.84251236619428,
                        35.805497328628206,
                        2493
                    ],
                    [
                        137.84230069122822,
                        35.80563624380827,
                        2500
                    ],
                    [
                        137.84199473119176,
                        35.80578772039567,
                        2503
                    ],
                    [
                        137.84168880754925,
                        35.805883013374185,
                        2506
                    ],
                    [
                        137.84146133360238,
                        35.80601394175679,
                        2508
                    ],
                    [
                        137.84121361920566,
                        35.806100866299566,
                        2510
                    ],
                    [
                        137.84089418229198,
                        35.80612528001002,
                        2515
                    ],
                    [
                        137.84058591399022,
                        35.806315223610326,
                        2516
                    ],
                    [
                        137.84041170967456,
                        35.80649578928539,
                        2520
                    ],
                    [
                        137.84015775467722,
                        35.80659591393987,
                        2525
                    ],
                    [
                        137.83989545280227,
                        35.80667358688635,
                        2528
                    ],
                    [
                        137.83967035462308,
                        35.80666112070986,
                        2535
                    ],
                    [
                        137.83931620315008,
                        35.80663566754582,
                        2533
                    ],
                    [
                        137.83902317343438,
                        35.806679478841865,
                        2533
                    ],
                    [
                        137.83884976130747,
                        35.80666670095972,
                        2538
                    ],
                    [
                        137.838598546427,
                        35.80663814439191,
                        2543
                    ],
                    [
                        137.8384118718743,
                        35.80666963567424,
                        2550
                    ],
                    [
                        137.83823265809596,
                        35.806719468177306,
                        2558
                    ],
                    [
                        137.8380291913617,
                        35.80674945404387,
                        2566
                    ],
                    [
                        137.83776095092279,
                        35.80678361960781,
                        2569
                    ],
                    [
                        137.8375567204578,
                        35.80678003976395,
                        2574
                    ],
                    [
                        137.83734835806652,
                        35.80668757132088,
                        2576
                    ],
                    [
                        137.83719305730096,
                        35.80672863986541,
                        2582
                    ],
                    [
                        137.83693123349522,
                        35.80680061848355,
                        2590
                    ],
                    [
                        137.83675264740327,
                        35.80684350598795,
                        2595
                    ],
                    [
                        137.83661097249612,
                        35.8069246492034,
                        2603
                    ],
                    [
                        137.83628314194274,
                        35.806944536208306,
                        2607
                    ],
                    [
                        137.83601682152465,
                        35.807094203204066,
                        2612
                    ],
                    [
                        137.8358678855914,
                        35.807028658192195,
                        2621
                    ],
                    [
                        137.83568160466064,
                        35.807086374217725,
                        2625
                    ],
                    [
                        137.8354656482945,
                        35.807213344379484,
                        2632
                    ],
                    [
                        137.83524022688783,
                        35.80726539658532,
                        2638
                    ],
                    [
                        137.83500360659312,
                        35.807325068425406,
                        2643
                    ],
                    [
                        137.83479262702951,
                        35.80738610760909,
                        2648
                    ],
                    [
                        137.8346377824477,
                        35.80738443622137,
                        2651
                    ],
                    [
                        137.8344970462794,
                        35.807471118662846,
                        2657
                    ],
                    [
                        137.83430784618363,
                        35.80756151192295,
                        2663
                    ],
                    [
                        137.83410738591397,
                        35.807640112803995,
                        2669
                    ],
                    [
                        137.83393583855167,
                        35.807742783939624,
                        2672
                    ],
                    [
                        137.83374042345312,
                        35.80771161889055,
                        2675
                    ],
                    [
                        137.83334761788302,
                        35.80749325253872,
                        2668
                    ],
                    [
                        137.83318780859568,
                        35.80726894535821,
                        2670
                    ],
                    [
                        137.8329457636475,
                        35.80714233693919,
                        2676
                    ],
                    [
                        137.83273003943327,
                        35.80700973075291,
                        2677
                    ],
                    [
                        137.8326175819287,
                        35.806829282226786,
                        2687
                    ],
                    [
                        137.8322688422276,
                        35.806759681990556,
                        2685
                    ],
                    [
                        137.8319611777936,
                        35.80666342607626,
                        2686
                    ],
                    [
                        137.83165470946057,
                        35.80647114289543,
                        2681
                    ],
                    [
                        137.83141672974043,
                        35.806445543844816,
                        2685
                    ],
                    [
                        137.8312085904349,
                        35.806514003615945,
                        2692
                    ],
                    [
                        137.83101281071382,
                        35.80630711452461,
                        2690
                    ],
                    [
                        137.83084796883645,
                        35.806079978133944,
                        2690
                    ],
                    [
                        137.83056567378446,
                        35.80595972697039,
                        2692
                    ],
                    [
                        137.83034914512132,
                        35.806072334733756,
                        2697
                    ],
                    [
                        137.83014776126277,
                        35.80595593867177,
                        2698
                    ],
                    [
                        137.82992301887327,
                        35.80598820287559,
                        2694
                    ],
                    [
                        137.82963105689956,
                        35.80598438907226,
                        2684
                    ],
                    [
                        137.82950049820133,
                        35.80608011158187,
                        2683
                    ],
                    [
                        137.82943618720543,
                        35.80596934227352,
                        2685
                    ],
                    [
                        137.82917100318096,
                        35.80579291141229,
                        2688
                    ],
                    [
                        137.82890108560983,
                        35.80557197150356,
                        2691
                    ],
                    [
                        137.82877183740487,
                        35.805388180046236,
                        2696
                    ],
                    [
                        137.82864480712502,
                        35.805230271557214,
                        2701
                    ],
                    [
                        137.8286041258621,
                        35.80502747454346,
                        2701
                    ],
                    [
                        137.82844408795168,
                        35.80475111341091,
                        2703
                    ],
                    [
                        137.8282610796389,
                        35.804496105544764,
                        2702
                    ],
                    [
                        137.8282347413137,
                        35.8047390428008,
                        2706
                    ],
                    [
                        137.82813312295383,
                        35.80497916241133,
                        2709
                    ],
                    [
                        137.8281909664893,
                        35.805298456018136,
                        2711
                    ],
                    [
                        137.82809221079785,
                        35.80561128182136,
                        2712
                    ],
                    [
                        137.82812346446892,
                        35.80587220694031,
                        2715
                    ],
                    [
                        137.82810144912204,
                        35.80609655920359,
                        2713
                    ],
                    [
                        137.82802272296266,
                        35.80640809737498,
                        2714
                    ],
                    [
                        137.8277826769729,
                        35.80649373016882,
                        2722
                    ],
                    [
                        137.82767975955193,
                        35.80652943889794,
                        2725
                    ],
                    [
                        137.8276069539945,
                        35.80645568314725,
                        2725
                    ],
                    [
                        137.82785829137939,
                        35.80648256491469,
                        2720
                    ],
                    [
                        137.82806338890526,
                        35.806250646135,
                        2712
                    ],
                    [
                        137.8281480154316,
                        35.80605009988903,
                        2718
                    ],
                    [
                        137.82820187894967,
                        35.80573239527582,
                        2714
                    ],
                    [
                        137.82813213968993,
                        35.80550502874359,
                        2710
                    ],
                    [
                        137.828186306864,
                        35.80518314558462,
                        2710
                    ],
                    [
                        137.82818927605288,
                        35.804910413610386,
                        2708
                    ],
                    [
                        137.828261503124,
                        35.804591369164164,
                        2704
                    ],
                    [
                        137.8281731649314,
                        35.8042724618225,
                        2701
                    ],
                    [
                        137.8280015383106,
                        35.803991593846696,
                        2701
                    ],
                    [
                        137.82785386270422,
                        35.80371077220784,
                        2703
                    ],
                    [
                        137.82771450873676,
                        35.80352213432884,
                        2708
                    ],
                    [
                        137.82750931822662,
                        35.803464995004795,
                        2715
                    ],
                    [
                        137.8272869341591,
                        35.80330459769952,
                        2721
                    ],
                    [
                        137.8270395685956,
                        35.8030849059948,
                        2718
                    ],
                    [
                        137.82681844280836,
                        35.802824170607806,
                        2718
                    ],
                    [
                        137.8265685812724,
                        35.80262717401093,
                        2713
                    ],
                    [
                        137.82643284395948,
                        35.802430950927636,
                        2708
                    ],
                    [
                        137.82634576110237,
                        35.8022020215438,
                        2703
                    ],
                    [
                        137.82618140641068,
                        35.801944358547274,
                        2697
                    ],
                    [
                        137.82596538696936,
                        35.80172731113443,
                        2694
                    ],
                    [
                        137.825925845231,
                        35.80144611443474,
                        2692
                    ],
                    [
                        137.82576072460134,
                        35.801131176900576,
                        2688
                    ],
                    [
                        137.82546044491343,
                        35.800886232649766,
                        2683
                    ],
                    [
                        137.825130185061,
                        35.800701011209675,
                        2684
                    ],
                    [
                        137.82483096511382,
                        35.80055516532266,
                        2682
                    ],
                    [
                        137.8245325907228,
                        35.80035490435751,
                        2677
                    ],
                    [
                        137.8242437079185,
                        35.80022230784857,
                        2673
                    ],
                    [
                        137.82398189836852,
                        35.8000908898281,
                        2670
                    ],
                    [
                        137.82367515152202,
                        35.79994061388841,
                        2665
                    ],
                    [
                        137.82341567613577,
                        35.79970374090713,
                        2661
                    ],
                    [
                        137.82320624136034,
                        35.799448632929945,
                        2656
                    ],
                    [
                        137.82291510387714,
                        35.7992922553058,
                        2658
                    ],
                    [
                        137.82272062871402,
                        35.79908864492271,
                        2660
                    ],
                    [
                        137.8225134118051,
                        35.79908542882746,
                        2663
                    ],
                    [
                        137.82215207295746,
                        35.79905079822243,
                        2660
                    ],
                    [
                        137.82191436759803,
                        35.7988882491599,
                        2652
                    ],
                    [
                        137.82155303311794,
                        35.798785523520856,
                        2653
                    ],
                    [
                        137.82119767158528,
                        35.79865128894391,
                        2655
                    ],
                    [
                        137.82085820603015,
                        35.79871090697615,
                        2657
                    ],
                    [
                        137.820593764232,
                        35.79871724291706,
                        2662
                    ],
                    [
                        137.82025741529964,
                        35.79872724282846,
                        2664
                    ],
                    [
                        137.81999339640367,
                        35.79874602808551,
                        2671
                    ],
                    [
                        137.81976782082225,
                        35.79868291128711,
                        2674
                    ],
                    [
                        137.8195269349376,
                        35.79858438223254,
                        2677
                    ],
                    [
                        137.81929173794708,
                        35.79856610736123,
                        2681
                    ],
                    [
                        137.81908800536078,
                        35.79856380074829,
                        2687
                    ],
                    [
                        137.81884375360013,
                        35.7984778355793,
                        2690
                    ],
                    [
                        137.81866835406015,
                        35.7982986310063,
                        2691
                    ],
                    [
                        137.8184713481664,
                        35.79812597504803,
                        2693
                    ],
                    [
                        137.8183107378336,
                        35.79790175900247,
                        2695
                    ],
                    [
                        137.8181241827953,
                        35.79775923545636,
                        2701
                    ],
                    [
                        137.8179898232325,
                        35.797599952966635,
                        2706
                    ],
                    [
                        137.81783935831655,
                        35.7975531488551,
                        2715
                    ],
                    [
                        137.8178097408978,
                        35.79745245516255,
                        2721
                    ],
                    [
                        137.81765454814996,
                        35.797315455704755,
                        2726
                    ],
                    [
                        137.81745888877927,
                        35.79735828863109,
                        2732
                    ],
                    [
                        137.8173711171996,
                        35.797273738748615,
                        2739
                    ],
                    [
                        137.8171955344167,
                        35.79722445287729,
                        2747
                    ],
                    [
                        137.81705372331803,
                        35.79714546156918,
                        2753
                    ],
                    [
                        137.81682873011144,
                        35.79711905298478,
                        2761
                    ],
                    [
                        137.81661057296571,
                        35.79708851571397,
                        2765
                    ],
                    [
                        137.8164170820221,
                        35.79714531890361,
                        2772
                    ],
                    [
                        137.8161587635593,
                        35.79715704546452,
                        2774
                    ],
                    [
                        137.81588515432858,
                        35.79710085542297,
                        2773
                    ],
                    [
                        137.81568596749102,
                        35.7969625200141,
                        2771
                    ],
                    [
                        137.81543084846564,
                        35.79679418080624,
                        2769
                    ],
                    [
                        137.81514610730116,
                        35.79660583012915,
                        2769
                    ],
                    [
                        137.8149177296349,
                        35.79640136420192,
                        2767
                    ],
                    [
                        137.81463732024926,
                        35.79620822039845,
                        2767
                    ],
                    [
                        137.81432582229462,
                        35.79609164325439,
                        2767
                    ],
                    [
                        137.81404884346378,
                        35.795940897948206,
                        2767
                    ],
                    [
                        137.81392014816203,
                        35.79578487713936,
                        2772
                    ],
                    [
                        137.8137438829539,
                        35.79563826066717,
                        2773
                    ],
                    [
                        137.81347934267717,
                        35.79548884683406,
                        2773
                    ],
                    [
                        137.81325256573874,
                        35.795354838305265,
                        2774
                    ],
                    [
                        137.81319656022683,
                        35.79517978732105,
                        2781
                    ],
                    [
                        137.8130515303544,
                        35.79501259431024,
                        2783
                    ],
                    [
                        137.81287147544347,
                        35.794758965863295,
                        2786
                    ],
                    [
                        137.81276714197148,
                        35.79462684639823,
                        2789
                    ],
                    [
                        137.81267068313497,
                        35.7945160062531,
                        2794
                    ],
                    [
                        137.81273747731944,
                        35.794375266965346,
                        2802
                    ],
                    [
                        137.81264852060315,
                        35.79425640720466,
                        2810
                    ],
                    [
                        137.8125768654479,
                        35.79415908316171,
                        2816
                    ],
                    [
                        137.81250083707926,
                        35.79402317458332,
                        2825
                    ],
                    [
                        137.81231735308515,
                        35.79386847093502,
                        2833
                    ],
                    [
                        137.81217953314746,
                        35.793778655257526,
                        2838
                    ],
                    [
                        137.81204830809696,
                        35.79362820760471,
                        2851
                    ],
                    [
                        137.81206296832582,
                        35.79348712245545,
                        2860
                    ],
                    [
                        137.81206472030323,
                        35.79332844542459,
                        2865
                    ],
                    [
                        137.81201982608928,
                        35.79313752611189,
                        2872
                    ],
                    [
                        137.81196209008527,
                        35.79292889968501,
                        2874
                    ],
                    [
                        137.81178580749014,
                        35.7927543836501,
                        2874
                    ],
                    [
                        137.81161902170604,
                        35.792588683015666,
                        2875
                    ],
                    [
                        137.81157102493205,
                        35.79239855638325,
                        2877
                    ],
                    [
                        137.81128038813222,
                        35.79228404627949,
                        2882
                    ],
                    [
                        137.81103158679747,
                        35.79216051652039,
                        2885
                    ],
                    [
                        137.81080245032325,
                        35.79199164752373,
                        2890
                    ],
                    [
                        137.81059217678424,
                        35.79179447118202,
                        2892
                    ],
                    [
                        137.81043955559628,
                        35.791645933772315,
                        2889
                    ],
                    [
                        137.81017145179072,
                        35.791528458097986,
                        2893
                    ],
                    [
                        137.81001717212285,
                        35.791329687915514,
                        2885
                    ],
                    [
                        137.80972961349985,
                        35.79119431130725,
                        2886
                    ],
                    [
                        137.80942859145102,
                        35.79112160926251,
                        2887
                    ],
                    [
                        137.80907032571682,
                        35.790956064088576,
                        2886
                    ],
                    [
                        137.80877841627503,
                        35.79079392990594,
                        2888
                    ],
                    [
                        137.80853285095472,
                        35.79071473196055,
                        2892
                    ],
                    [
                        137.8083637688662,
                        35.79064497571399,
                        2894
                    ],
                    [
                        137.80805736991329,
                        35.79055296994446,
                        2898
                    ],
                    [
                        137.80782333978044,
                        35.79043225328309,
                        2902
                    ],
                    [
                        137.80768170697024,
                        35.7903590261341,
                        2906
                    ],
                    [
                        137.80740915133313,
                        35.79028357556591,
                        2911
                    ],
                    [
                        137.80728049192027,
                        35.7902130158172,
                        2913
                    ],
                    [
                        137.80715150765664,
                        35.790196199555815,
                        2915
                    ],
                    [
                        137.8068392400697,
                        35.7901043740571,
                        2915
                    ],
                    [
                        137.80657252988294,
                        35.79001034428619,
                        2916
                    ],
                    [
                        137.80627960189608,
                        35.78993243755189,
                        2921
                    ],
                    [
                        137.8060180025605,
                        35.78993446993869,
                        2925
                    ],
                    [
                        137.80584079853034,
                        35.7898907976831,
                        2930
                    ],
                    [
                        137.80564022367696,
                        35.78983376683897,
                        2934
                    ],
                    [
                        137.80542967315085,
                        35.78966285103058,
                        2937
                    ],
                    [
                        137.80518046211293,
                        35.78965219941817,
                        2944
                    ],
                    [
                        137.8049190790109,
                        35.78959525277925,
                        2949
                    ],
                    [
                        137.80458675639719,
                        35.78957774314487,
                        2953
                    ],
                    [
                        137.80431764567908,
                        35.78958324235579,
                        2950
                    ],
                    [
                        137.80402211575696,
                        35.78974392512548,
                        2941
                    ],
                    [
                        137.80380619174252,
                        35.789764454309505,
                        2933
                    ],
                    [
                        137.80347467948795,
                        35.78980890145044,
                        2924
                    ],
                    [
                        137.8031483096198,
                        35.789770356802265,
                        2920
                    ],
                    [
                        137.802938876541,
                        35.78969274566812,
                        2910
                    ],
                    [
                        137.80271963033485,
                        35.78977154851269,
                        2904
                    ],
                    [
                        137.80247934918762,
                        35.78974831289706,
                        2896
                    ],
                    [
                        137.8022249940812,
                        35.78981912584539,
                        2887
                    ],
                    [
                        137.80202039929765,
                        35.78985401724476,
                        2878
                    ],
                    [
                        137.80189794093482,
                        35.789805829893936,
                        2871
                    ],
                    [
                        137.80173934464977,
                        35.78977337988924,
                        2863
                    ],
                    [
                        137.8015032745345,
                        35.78968510888427,
                        2853
                    ],
                    [
                        137.80137210099554,
                        35.78946942010703,
                        2846
                    ],
                    [
                        137.80109891923465,
                        35.78935969226204,
                        2837
                    ],
                    [
                        137.80084656130276,
                        35.78929438961887,
                        2830
                    ],
                    [
                        137.8005976316233,
                        35.78930192492094,
                        2824
                    ],
                    [
                        137.8003923754236,
                        35.7893111566956,
                        2817
                    ],
                    [
                        137.80019939473712,
                        35.78927162770616,
                        2807
                    ],
                    [
                        137.8000492893554,
                        35.78928592800059,
                        2802
                    ],
                    [
                        137.79980839467885,
                        35.78931937669147,
                        2790
                    ],
                    [
                        137.79951854814655,
                        35.78930706411034,
                        2782
                    ],
                    [
                        137.79936704212125,
                        35.789333470697585,
                        2775
                    ],
                    [
                        137.79922611336443,
                        35.78942515220812,
                        2764
                    ],
                    [
                        137.79896206680937,
                        35.789387812741516,
                        2756
                    ],
                    [
                        137.79871117642864,
                        35.78924767607139,
                        2755
                    ],
                    [
                        137.79846924325224,
                        35.78919149883499,
                        2754
                    ],
                    [
                        137.7983828156735,
                        35.789248237468335,
                        2754
                    ],
                    [
                        137.7981103919953,
                        35.78918782072699,
                        2755
                    ],
                    [
                        137.79782228790455,
                        35.789101988977926,
                        2758
                    ],
                    [
                        137.79760262792388,
                        35.78908227600689,
                        2764
                    ],
                    [
                        137.79738897326922,
                        35.78913661193772,
                        2770
                    ],
                    [
                        137.79718097924732,
                        35.789174417689246,
                        2774
                    ],
                    [
                        137.79701673103628,
                        35.78912147628871,
                        2781
                    ],
                    [
                        137.79681856143324,
                        35.7890924129988,
                        2789
                    ],
                    [
                        137.79660911174213,
                        35.78912331189278,
                        2795
                    ],
                    [
                        137.7964870418242,
                        35.78918077195967,
                        2799
                    ],
                    [
                        137.79631190596342,
                        35.78918054115001,
                        2805
                    ],
                    [
                        137.79614080240455,
                        35.789121229321346,
                        2812
                    ],
                    [
                        137.79602160169293,
                        35.78918227388406,
                        2818
                    ],
                    [
                        137.79587346739706,
                        35.78940383640766,
                        2821
                    ],
                    [
                        137.79566385351532,
                        35.789561545833344,
                        2818
                    ],
                    [
                        137.79559207252328,
                        35.78966845946838,
                        2822
                    ],
                    [
                        137.7954114571839,
                        35.78977205745997,
                        2821
                    ],
                    [
                        137.79526041008097,
                        35.789597870630146,
                        2818
                    ],
                    [
                        137.79509641009722,
                        35.78944737393766,
                        2812
                    ],
                    [
                        137.79488805202408,
                        35.7894835378748,
                        2815
                    ],
                    [
                        137.79469636321798,
                        35.789497701403384,
                        2811
                    ],
                    [
                        137.79448197146024,
                        35.789565829676754,
                        2810
                    ],
                    [
                        137.7942548475664,
                        35.78963719878571,
                        2805
                    ],
                    [
                        137.7940249656239,
                        35.78958476322747,
                        2802
                    ],
                    [
                        137.7937465052912,
                        35.78958574789398,
                        2802
                    ],
                    [
                        137.79355239520973,
                        35.78959341513991,
                        2804
                    ],
                    [
                        137.79338800355234,
                        35.78963954126403,
                        2803
                    ],
                    [
                        137.79325466461572,
                        35.789775097077474,
                        2800
                    ],
                    [
                        137.79294873498364,
                        35.789818408749035,
                        2794
                    ],
                    [
                        137.79268092477554,
                        35.78978623178855,
                        2790
                    ],
                    [
                        137.79263096566424,
                        35.78963861890687,
                        2776
                    ],
                    [
                        137.792399310906,
                        35.789606615764676,
                        2770
                    ],
                    [
                        137.79224192353274,
                        35.78957652841473,
                        2762
                    ],
                    [
                        137.79216291773042,
                        35.789456798464535,
                        2750
                    ],
                    [
                        137.7920183348914,
                        35.7894085731676,
                        2741
                    ],
                    [
                        137.7918012876818,
                        35.7893929009055,
                        2736
                    ],
                    [
                        137.79159749958592,
                        35.78935584252638,
                        2721
                    ],
                    [
                        137.79139515017926,
                        35.78918721873715,
                        2720
                    ],
                    [
                        137.79125530672945,
                        35.788999348607724,
                        2718
                    ],
                    [
                        137.79109356816903,
                        35.78889059925904,
                        2719
                    ],
                    [
                        137.7908990585374,
                        35.78880021587003,
                        2717
                    ],
                    [
                        137.7907597670944,
                        35.78868941587729,
                        2715
                    ],
                    [
                        137.7906043464856,
                        35.78859481865679,
                        2703
                    ],
                    [
                        137.79043352149947,
                        35.78852055347197,
                        2693
                    ],
                    [
                        137.7902835407644,
                        35.788402386582746,
                        2684
                    ],
                    [
                        137.79021143425712,
                        35.788219935878345,
                        2680
                    ],
                    [
                        137.79016201246017,
                        35.788098390034754,
                        2678
                    ],
                    [
                        137.79001836500885,
                        35.787940101511175,
                        2668
                    ],
                    [
                        137.78987133483832,
                        35.78772127846872,
                        2659
                    ],
                    [
                        137.78971673388617,
                        35.787651757194006,
                        2659
                    ],
                    [
                        137.78952407272354,
                        35.78759209391378,
                        2664
                    ],
                    [
                        137.78927399226873,
                        35.78747423904327,
                        2662
                    ],
                    [
                        137.7891641072757,
                        35.78742787125746,
                        2661
                    ],
                    [
                        137.7891477581054,
                        35.78724523804586,
                        2653
                    ],
                    [
                        137.78912198574344,
                        35.787019279221866,
                        2650
                    ],
                    [
                        137.7891341418031,
                        35.786847420812705,
                        2645
                    ],
                    [
                        137.7889266552578,
                        35.78663778798038,
                        2638
                    ],
                    [
                        137.78870282535527,
                        35.78646703164446,
                        2635
                    ],
                    [
                        137.78857313198515,
                        35.78638281939589,
                        2630
                    ],
                    [
                        137.7883649360716,
                        35.78620296105672,
                        2625
                    ],
                    [
                        137.7881762250087,
                        35.78597873224711,
                        2621
                    ],
                    [
                        137.78791063030712,
                        35.78595754904535,
                        2618
                    ],
                    [
                        137.78761097799787,
                        35.78589740219521,
                        2613
                    ],
                    [
                        137.78746791165818,
                        35.78579238741384,
                        2608
                    ],
                    [
                        137.78722317644062,
                        35.785651032694176,
                        2602
                    ],
                    [
                        137.78704039470176,
                        35.7855131566175,
                        2599
                    ],
                    [
                        137.78681235807747,
                        35.785472168331374,
                        2594
                    ],
                    [
                        137.78661147963794,
                        35.785388076042764,
                        2584
                    ],
                    [
                        137.78640990519537,
                        35.785428611782805,
                        2575
                    ],
                    [
                        137.78620434786632,
                        35.78534234567309,
                        2570
                    ],
                    [
                        137.78598540133814,
                        35.785311736528755,
                        2562
                    ],
                    [
                        137.78572795679955,
                        35.785330213583435,
                        2558
                    ],
                    [
                        137.78551053429504,
                        35.78536263248513,
                        2552
                    ],
                    [
                        137.7853580183141,
                        35.785131280608,
                        2542
                    ],
                    [
                        137.78522470064823,
                        35.784900247405645,
                        2536
                    ],
                    [
                        137.7850782561326,
                        35.78471665505773,
                        2525
                    ],
                    [
                        137.78492997625048,
                        35.78458125965828,
                        2515
                    ],
                    [
                        137.7849777195733,
                        35.784461858267484,
                        2505
                    ],
                    [
                        137.78486244599634,
                        35.78428638098831,
                        2499
                    ],
                    [
                        137.78485194883106,
                        35.7841233499037,
                        2498
                    ],
                    [
                        137.78463047686327,
                        35.78410412925804,
                        2498
                    ],
                    [
                        137.78446998846266,
                        35.78421684896546,
                        2498
                    ],
                    [
                        137.78440692999305,
                        35.78408375166202,
                        2499
                    ],
                    [
                        137.78439864533297,
                        35.78423621988772,
                        2496
                    ],
                    [
                        137.78407245816092,
                        35.784182311132525,
                        2489
                    ],
                    [
                        137.78377463561512,
                        35.784320276407605,
                        2487
                    ],
                    [
                        137.7834976037262,
                        35.78439579855039,
                        2482
                    ],
                    [
                        137.78313030555339,
                        35.784389897861075,
                        2474
                    ],
                    [
                        137.78282272680804,
                        35.784491746129426,
                        2465
                    ],
                    [
                        137.78245920393317,
                        35.784481750933885,
                        2457
                    ],
                    [
                        137.7821739910644,
                        35.78426768428022,
                        2453
                    ],
                    [
                        137.78193715072604,
                        35.78404999982609,
                        2444
                    ],
                    [
                        137.78175022334364,
                        35.783917799330624,
                        2434
                    ],
                    [
                        137.7814930333899,
                        35.78385812093302,
                        2424
                    ],
                    [
                        137.78128602756536,
                        35.78366902574207,
                        2423
                    ],
                    [
                        137.78105151014117,
                        35.783468789772414,
                        2417
                    ],
                    [
                        137.78074756760606,
                        35.78333870548506,
                        2406
                    ],
                    [
                        137.78057176174062,
                        35.783109451847025,
                        2399
                    ],
                    [
                        137.78035627789131,
                        35.78292175483962,
                        2383
                    ],
                    [
                        137.78014499883955,
                        35.782788741392224,
                        2373
                    ],
                    [
                        137.77986814206744,
                        35.78267288439768,
                        2368
                    ],
                    [
                        137.77970220687854,
                        35.78254866402847,
                        2357
                    ],
                    [
                        137.77955951809437,
                        35.78262716720996,
                        2353
                    ],
                    [
                        137.7792743083304,
                        35.78255330465256,
                        2345
                    ],
                    [
                        137.77904192376818,
                        35.78252488847949,
                        2338
                    ],
                    [
                        137.77873583778262,
                        35.78247331584483,
                        2326
                    ],
                    [
                        137.77862394759472,
                        35.782613260436854,
                        2319
                    ],
                    [
                        137.77848142675344,
                        35.78249798536691,
                        2310
                    ],
                    [
                        137.77827883391245,
                        35.782295105952954,
                        2308
                    ],
                    [
                        137.77810114765103,
                        35.78217665020414,
                        2300
                    ],
                    [
                        137.77796294485657,
                        35.78200688227526,
                        2296
                    ],
                    [
                        137.77784942933576,
                        35.78186455285781,
                        2289
                    ],
                    [
                        137.77767123089433,
                        35.78174679088253,
                        2281
                    ],
                    [
                        137.7774931424647,
                        35.78172594476686,
                        2270
                    ],
                    [
                        137.77729899275175,
                        35.78166703882896,
                        2261
                    ],
                    [
                        137.77713683959377,
                        35.78160984933317,
                        2255
                    ],
                    [
                        137.77690113798334,
                        35.78154826307042,
                        2243
                    ],
                    [
                        137.77667008974518,
                        35.78144028236382,
                        2234
                    ],
                    [
                        137.7763514582171,
                        35.781372904071176,
                        2229
                    ],
                    [
                        137.77605814962575,
                        35.78118414368682,
                        2230
                    ],
                    [
                        137.77575264345316,
                        35.78101177973335,
                        2226
                    ],
                    [
                        137.77544247492403,
                        35.78081403255915,
                        2223
                    ],
                    [
                        137.77511028684296,
                        35.780703880538965,
                        2218
                    ],
                    [
                        137.77483821320203,
                        35.780561847766094,
                        2209
                    ],
                    [
                        137.77458466738426,
                        35.7805016930833,
                        2201
                    ],
                    [
                        137.77433128282416,
                        35.780524115737485,
                        2194
                    ],
                    [
                        137.77412407226726,
                        35.78052520182901,
                        2184
                    ],
                    [
                        137.773824807371,
                        35.780530330130915,
                        2172
                    ],
                    [
                        137.7736022085563,
                        35.78055157103369,
                        2164
                    ],
                    [
                        137.77338414898585,
                        35.78058049471366,
                        2155
                    ],
                    [
                        137.77307222887123,
                        35.780533082632694,
                        2143
                    ],
                    [
                        137.77272371431675,
                        35.7805027127389,
                        2144
                    ],
                    [
                        137.77248255389614,
                        35.78040203667005,
                        2134
                    ],
                    [
                        137.77215504960242,
                        35.78033791682859,
                        2125
                    ],
                    [
                        137.77187292692,
                        35.780244215581014,
                        2119
                    ],
                    [
                        137.77160176547693,
                        35.78008275234099,
                        2118
                    ],
                    [
                        137.7712768931875,
                        35.77985485151873,
                        2115
                    ],
                    [
                        137.7710630098521,
                        35.779794433366575,
                        2109
                    ],
                    [
                        137.77085823199332,
                        35.77979834951257,
                        2099
                    ],
                    [
                        137.77064084063537,
                        35.77962444656214,
                        2093
                    ],
                    [
                        137.77048237107815,
                        35.779486109478086,
                        2082
                    ],
                    [
                        137.77036877195502,
                        35.77943613373707,
                        2070
                    ],
                    [
                        137.77019533012,
                        35.779405602319386,
                        2067
                    ],
                    [
                        137.77003834700108,
                        35.77925576653144,
                        2055
                    ],
                    [
                        137.76986879069108,
                        35.77915393407293,
                        2049
                    ],
                    [
                        137.7697020341711,
                        35.779051269063054,
                        2057
                    ],
                    [
                        137.76943561712406,
                        35.778953159233865,
                        2059
                    ],
                    [
                        137.76919648894346,
                        35.77880067231756,
                        2064
                    ],
                    [
                        137.76899284954533,
                        35.778552612253236,
                        2062
                    ],
                    [
                        137.76869819997518,
                        35.778394393931634,
                        2065
                    ],
                    [
                        137.76843902260333,
                        35.77825247771592,
                        2064
                    ],
                    [
                        137.7682688409511,
                        35.77804335475703,
                        2071
                    ],
                    [
                        137.76810919953803,
                        35.777900442295525,
                        2075
                    ],
                    [
                        137.76777507349485,
                        35.77791973056268,
                        2067
                    ],
                    [
                        137.7675012223135,
                        35.77799324082706,
                        2068
                    ],
                    [
                        137.76720793897744,
                        35.7780938750639,
                        2064
                    ],
                    [
                        137.76688789464217,
                        35.778215720070975,
                        2061
                    ],
                    [
                        137.766618827846,
                        35.778315358551296,
                        2051
                    ],
                    [
                        137.76628596031702,
                        35.77834946361257,
                        2048
                    ],
                    [
                        137.76591454875128,
                        35.778322389748844,
                        2039
                    ],
                    [
                        137.7657442627098,
                        35.778239842899794,
                        2027
                    ],
                    [
                        137.7655453451641,
                        35.77831446209531,
                        2017
                    ],
                    [
                        137.76537714941406,
                        35.77823115792552,
                        2011
                    ],
                    [
                        137.76524490183974,
                        35.77819768127728,
                        2007
                    ],
                    [
                        137.76488300150848,
                        35.77814379577987,
                        1997
                    ],
                    [
                        137.76464495526628,
                        35.778099931118746,
                        1985
                    ],
                    [
                        137.7644525919926,
                        35.77798594652864,
                        1979
                    ],
                    [
                        137.7644852602683,
                        35.777850373972,
                        1963
                    ],
                    [
                        137.76462682383928,
                        35.77772791641883,
                        1961
                    ],
                    [
                        137.7643753342142,
                        35.77762280655366,
                        1945
                    ],
                    [
                        137.7640361823107,
                        35.7775386509357,
                        1935
                    ],
                    [
                        137.76399005019354,
                        35.777398929375515,
                        1927
                    ],
                    [
                        137.76389496080816,
                        35.7776388427461,
                        1917
                    ],
                    [
                        137.76388665910832,
                        35.777773557736566,
                        1924
                    ],
                    [
                        137.76351864475268,
                        35.7777503907971,
                        1919
                    ],
                    [
                        137.7633832686631,
                        35.777902481598105,
                        1915
                    ],
                    [
                        137.76344892138897,
                        35.77806668119981,
                        1912
                    ],
                    [
                        137.76347580415026,
                        35.778184142285866,
                        1914
                    ],
                    [
                        137.76347225907816,
                        35.77829490682522,
                        1911
                    ],
                    [
                        137.7632228608674,
                        35.77850671366333,
                        1909
                    ],
                    [
                        137.76323295247443,
                        35.778679352772,
                        1909
                    ],
                    [
                        137.7629592326779,
                        35.77873568947857,
                        1905
                    ],
                    [
                        137.76263321783827,
                        35.77870705782567,
                        1899
                    ],
                    [
                        137.7622593460408,
                        35.77876733489787,
                        1886
                    ],
                    [
                        137.76181931751714,
                        35.77881133754343,
                        1875
                    ],
                    [
                        137.76154849231753,
                        35.77882336981749,
                        1869
                    ],
                    [
                        137.76127397810276,
                        35.77873177669947,
                        1854
                    ],
                    [
                        137.76107637387764,
                        35.77882869714721,
                        1845
                    ],
                    [
                        137.76072994883882,
                        35.77888456445409,
                        1836
                    ],
                    [
                        137.76053534575175,
                        35.77886003089204,
                        1828
                    ],
                    [
                        137.76041491442737,
                        35.77866576413861,
                        1822
                    ],
                    [
                        137.76020075241948,
                        35.778603541763594,
                        1803
                    ],
                    [
                        137.75997311898328,
                        35.7785382764403,
                        1793
                    ],
                    [
                        137.75979023801085,
                        35.77834897077521,
                        1786
                    ],
                    [
                        137.7595261931424,
                        35.778135723055364,
                        1775
                    ],
                    [
                        137.7593343848873,
                        35.77794565144296,
                        1766
                    ],
                    [
                        137.75921032028168,
                        35.77769056704052,
                        1758
                    ],
                    [
                        137.7589763727032,
                        35.77755863502034,
                        1749
                    ],
                    [
                        137.7589293147867,
                        35.77733816481209,
                        1737
                    ],
                    [
                        137.7587372203184,
                        35.77714407520147,
                        1730
                    ],
                    [
                        137.75847333294584,
                        35.77697543220868,
                        1727
                    ],
                    [
                        137.75820363317004,
                        35.77689800475954,
                        1718
                    ],
                    [
                        137.75796777168168,
                        35.77664731526115,
                        1711
                    ],
                    [
                        137.75761108504818,
                        35.776308385266404,
                        1710
                    ],
                    [
                        137.75740999030745,
                        35.77602095142372,
                        1695
                    ],
                    [
                        137.75715724738166,
                        35.7758276492885,
                        1684
                    ],
                    [
                        137.7569185754708,
                        35.775673462840174,
                        1674
                    ],
                    [
                        137.7567142757138,
                        35.77553076965764,
                        1670
                    ],
                    [
                        137.75657221835087,
                        35.77537165055767,
                        1661
                    ],
                    [
                        137.75638917727022,
                        35.77522859821795,
                        1652
                    ],
                    [
                        137.75604871994898,
                        35.77515413259129,
                        1643
                    ],
                    [
                        137.75576906635996,
                        35.77518995526863,
                        1634
                    ],
                    [
                        137.75558504609646,
                        35.77528619743145,
                        1626
                    ],
                    [
                        137.75532185599994,
                        35.77536928465438,
                        1614
                    ],
                    [
                        137.75502750306663,
                        35.77549887737193,
                        1605
                    ],
                    [
                        137.75481939017865,
                        35.775493459781984,
                        1599
                    ],
                    [
                        137.7546007096184,
                        35.775494613844344,
                        1598
                    ],
                    [
                        137.75433342218406,
                        35.775429231217146,
                        1582
                    ],
                    [
                        137.7540841325464,
                        35.77550329353966,
                        1572
                    ],
                    [
                        137.7539150373811,
                        35.77549890218735,
                        1563
                    ],
                    [
                        137.75368041223905,
                        35.775598352575194,
                        1554
                    ],
                    [
                        137.7534436542548,
                        35.7755928079806,
                        1545
                    ],
                    [
                        137.7531922454452,
                        35.77556420804028,
                        1540
                    ],
                    [
                        137.75303214476617,
                        35.775453452311005,
                        1529
                    ],
                    [
                        137.7528619167924,
                        35.775419341581234,
                        1520
                    ],
                    [
                        137.75272978922288,
                        35.77544368211312,
                        1509
                    ],
                    [
                        137.7525804050424,
                        35.77563143033671,
                        1504
                    ],
                    [
                        137.7523405982821,
                        35.775860937966435,
                        1492
                    ],
                    [
                        137.75216920453028,
                        35.77582330010902,
                        1483
                    ],
                    [
                        137.75193799496154,
                        35.7760236076048,
                        1468
                    ],
                    [
                        137.75188218609844,
                        35.77577554841082,
                        1465
                    ],
                    [
                        137.75182249305703,
                        35.77563928109988,
                        1457
                    ],
                    [
                        137.75155998192915,
                        35.775791487737024,
                        1447
                    ],
                    [
                        137.7512291672453,
                        35.775876739581655,
                        1432
                    ],
                    [
                        137.7513676613152,
                        35.77566868839014,
                        1433
                    ],
                    [
                        137.75127168229096,
                        35.77557661573902,
                        1431
                    ],
                    [
                        137.75116351339446,
                        35.77547455325516,
                        1419
                    ],
                    [
                        137.75105333422027,
                        35.775319159818224,
                        1409
                    ],
                    [
                        137.7507884697902,
                        35.77532514107788,
                        1402
                    ],
                    [
                        137.75054460768803,
                        35.77526248206846,
                        1390
                    ],
                    [
                        137.75021051494764,
                        35.77501717543187,
                        1378
                    ],
                    [
                        137.7499499401156,
                        35.77505827240866,
                        1365
                    ],
                    [
                        137.74972211980037,
                        35.77496203477805,
                        1361
                    ],
                    [
                        137.74956949662553,
                        35.7752312297635,
                        1349
                    ],
                    [
                        137.74941135606247,
                        35.77555128011733,
                        1344
                    ],
                    [
                        137.74915330301505,
                        35.77562536609029,
                        1334
                    ],
                    [
                        137.74887714753194,
                        35.775715487473846,
                        1322
                    ],
                    [
                        137.74876035057403,
                        35.77590020896514,
                        1310
                    ],
                    [
                        137.74882658193158,
                        35.77612815468366,
                        1307
                    ],
                    [
                        137.7485984285904,
                        35.77622325378377,
                        1299
                    ],
                    [
                        137.74849100003937,
                        35.776311779462674,
                        1295
                    ],
                    [
                        137.74832199065435,
                        35.77651733675992,
                        1287
                    ],
                    [
                        137.74812185140306,
                        35.7766649517372,
                        1278
                    ],
                    [
                        137.74786608966195,
                        35.776832640440745,
                        1263
                    ],
                    [
                        137.74759650443164,
                        35.776930042383654,
                        1260
                    ],
                    [
                        137.74731034876513,
                        35.77709685738707,
                        1241
                    ],
                    [
                        137.74705518610142,
                        35.777275991436866,
                        1241
                    ],
                    [
                        137.74679556004875,
                        35.77750385317346,
                        1234
                    ],
                    [
                        137.74666613368825,
                        35.77772416250837,
                        1224
                    ],
                    [
                        137.74662680762296,
                        35.77807345800939,
                        1209
                    ],
                    [
                        137.74669220585005,
                        35.77835282439001,
                        1202
                    ],
                    [
                        137.74686346340815,
                        35.77849189394373,
                        1209
                    ],
                    [
                        137.74692199509178,
                        35.778694987592935,
                        1210
                    ],
                    [
                        137.74673119076067,
                        35.77874388489951,
                        1191
                    ],
                    [
                        137.74638704448918,
                        35.7787388906602,
                        1183
                    ],
                    [
                        137.74626544438306,
                        35.77890466656219,
                        1181
                    ],
                    [
                        137.74628866149882,
                        35.77930310560602,
                        1181
                    ],
                    [
                        137.74621932068442,
                        35.779761933969276,
                        1181
                    ],
                    [
                        137.7460953586227,
                        35.780243945207246,
                        1176
                    ],
                    [
                        137.74598561605595,
                        35.780579712886514,
                        1169
                    ],
                    [
                        137.7458886495855,
                        35.78093767958875,
                        1170
                    ],
                    [
                        137.745773922002,
                        35.78136751707032,
                        1168
                    ],
                    [
                        137.7455996251753,
                        35.78169006736345,
                        1169
                    ],
                    [
                        137.74518646215586,
                        35.78186629738223,
                        1171
                    ],
                    [
                        137.74477124941265,
                        35.781964637065336,
                        1172
                    ],
                    [
                        137.74445582987914,
                        35.78220421361833,
                        1173
                    ],
                    [
                        137.74407264741185,
                        35.782437854221186,
                        1174
                    ],
                    [
                        137.7435269350171,
                        35.78244523242903,
                        1166
                    ],
                    [
                        137.74309166497054,
                        35.78268757398067,
                        1168
                    ],
                    [
                        137.74256783952768,
                        35.7827089505704,
                        1162
                    ],
                    [
                        137.74201570770734,
                        35.78267554294551,
                        1156
                    ],
                    [
                        137.7416462275604,
                        35.78246778186226,
                        1150
                    ],
                    [
                        137.74112766592023,
                        35.7825009020886,
                        1140
                    ],
                    [
                        137.74073079784122,
                        35.782411441669886,
                        1136
                    ],
                    [
                        137.7403542227329,
                        35.782167090779275,
                        1131
                    ],
                    [
                        137.73997591640418,
                        35.7820000931775,
                        1124
                    ],
                    [
                        137.73954850587037,
                        35.781902209257844,
                        1120
                    ],
                    [
                        137.73912396841143,
                        35.78177749244544,
                        1119
                    ],
                    [
                        137.73868411878615,
                        35.781547164660026,
                        1110
                    ],
                    [
                        137.73834036366367,
                        35.78138991880586,
                        1102
                    ],
                    [
                        137.73824221687647,
                        35.78177459065019,
                        1102
                    ],
                    [
                        137.73806644803992,
                        35.78206083415964,
                        1099
                    ],
                    [
                        137.73797575329073,
                        35.7823383392521,
                        1102
                    ],
                    [
                        137.73753056532527,
                        35.78240944508982,
                        1099
                    ],
                    [
                        137.73702225383994,
                        35.782281901566776,
                        1092
                    ],
                    [
                        137.7367608412078,
                        35.78193523832667,
                        1083
                    ],
                    [
                        137.7369372738742,
                        35.78220276439703,
                        1089
                    ],
                    [
                        137.73698432266596,
                        35.78249663487631,
                        1093
                    ],
                    [
                        137.73653993658553,
                        35.78253453434808,
                        1090
                    ],
                    [
                        137.73629268774624,
                        35.782430103259706,
                        1087
                    ],
                    [
                        137.73625072365544,
                        35.78198976792028,
                        1085
                    ],
                    [
                        137.7358912303495,
                        35.78168972618677,
                        1077
                    ],
                    [
                        137.73539838088536,
                        35.78153082399168,
                        1071
                    ],
                    [
                        137.73486764299025,
                        35.781462411409436,
                        1069
                    ],
                    [
                        137.73430664255085,
                        35.78138784996768,
                        1062
                    ],
                    [
                        137.7337750370851,
                        35.781438161822706,
                        1061
                    ],
                    [
                        137.73321397961303,
                        35.781485707204986,
                        1053
                    ],
                    [
                        137.73278163683557,
                        35.781650711294965,
                        1045
                    ],
                    [
                        137.73234693030355,
                        35.781759459711964,
                        1040
                    ],
                    [
                        137.731894533313,
                        35.78168080884139,
                        1031
                    ],
                    [
                        137.73154463716364,
                        35.78190425985418,
                        1031
                    ],
                    [
                        137.7311168053572,
                        35.78203510717352,
                        1028
                    ],
                    [
                        137.73070491302923,
                        35.7820901076821,
                        1027
                    ],
                    [
                        137.73015132219606,
                        35.782035516794494,
                        1022
                    ],
                    [
                        137.7296472627046,
                        35.78201743687898,
                        1016
                    ],
                    [
                        137.72905043131948,
                        35.782101394687025,
                        1008
                    ],
                    [
                        137.72847081645537,
                        35.78222010873261,
                        1000
                    ],
                    [
                        137.7278900808125,
                        35.7822991093732,
                        994
                    ],
                    [
                        137.72742188101788,
                        35.782377826698664,
                        989
                    ],
                    [
                        137.726872172268,
                        35.782419865645366,
                        983
                    ],
                    [
                        137.7262725274618,
                        35.782466533429044,
                        979
                    ],
                    [
                        137.72587328728847,
                        35.7825210980116,
                        979
                    ],
                    [
                        137.72540969664868,
                        35.782313154524395,
                        972
                    ],
                    [
                        137.72499397587256,
                        35.78221799281752,
                        965
                    ],
                    [
                        137.72456693199493,
                        35.782257785927456,
                        967
                    ],
                    [
                        137.72413577757183,
                        35.78240267324023,
                        966
                    ],
                    [
                        137.72370504267033,
                        35.78252133521733,
                        958
                    ],
                    [
                        137.72357628392766,
                        35.78283017081325,
                        959
                    ],
                    [
                        137.72355203664526,
                        35.78320354702047,
                        964
                    ],
                    [
                        137.7234872658237,
                        35.78362076766188,
                        961
                    ],
                    [
                        137.72322049218758,
                        35.78396948418053,
                        959
                    ],
                    [
                        137.72278126404902,
                        35.78418298949961,
                        948
                    ],
                    [
                        137.72242202679865,
                        35.78439309894366,
                        940
                    ],
                    [
                        137.72203123085396,
                        35.78444350303439,
                        938
                    ],
                    [
                        137.72169512474406,
                        35.78431037791062,
                        931
                    ],
                    [
                        137.72123832089625,
                        35.7843389987045,
                        930
                    ],
                    [
                        137.72102994433823,
                        35.78466279009794,
                        930
                    ],
                    [
                        137.7209165016529,
                        35.785048661132,
                        928
                    ],
                    [
                        137.72080454753944,
                        35.78541364290021,
                        925
                    ],
                    [
                        137.72059642888044,
                        35.78572238707673,
                        924
                    ],
                    [
                        137.72018358983865,
                        35.78561476171786,
                        924
                    ],
                    [
                        137.71971300799615,
                        35.785573287974934,
                        922
                    ],
                    [
                        137.71932721327593,
                        35.78580756998193,
                        916
                    ],
                    [
                        137.7189543333974,
                        35.7861032965165,
                        918
                    ],
                    [
                        137.71868369087295,
                        35.78647306932228,
                        911
                    ],
                    [
                        137.71816683497704,
                        35.78664236846936,
                        907
                    ],
                    [
                        137.7176145650201,
                        35.78659578142285,
                        901
                    ],
                    [
                        137.71715601275616,
                        35.786759587035135,
                        894
                    ],
                    [
                        137.71665366279626,
                        35.78688052336384,
                        891
                    ],
                    [
                        137.71621863034648,
                        35.78675418487482,
                        890
                    ],
                    [
                        137.71573604347518,
                        35.78686427099881,
                        887
                    ],
                    [
                        137.71531310799665,
                        35.78670777692643,
                        884
                    ],
                    [
                        137.71491851992923,
                        35.78649295456357,
                        881
                    ],
                    [
                        137.71452359587536,
                        35.786299046589065,
                        877
                    ],
                    [
                        137.71415342117055,
                        35.78611289758237,
                        874
                    ],
                    [
                        137.71368551346856,
                        35.786063337361306,
                        871
                    ],
                    [
                        137.71328918095372,
                        35.78589663962866,
                        869
                    ],
                    [
                        137.71323487490088,
                        35.78553939654912,
                        867
                    ],
                    [
                        137.7129674420656,
                        35.78521343030978,
                        862
                    ],
                    [
                        137.71263953394674,
                        35.784940108414155,
                        858
                    ],
                    [
                        137.71229709757426,
                        35.78467010973164,
                        856
                    ],
                    [
                        137.7119966812241,
                        35.78429598187424,
                        852
                    ],
                    [
                        137.71169087907813,
                        35.783970497839924,
                        848
                    ],
                    [
                        137.7113166280533,
                        35.78375505109914,
                        845
                    ],
                    [
                        137.71087984492826,
                        35.78362945292917,
                        846
                    ],
                    [
                        137.71050883559613,
                        35.783418631500574,
                        844
                    ],
                    [
                        137.7101278789301,
                        35.783159194602085,
                        841
                    ],
                    [
                        137.7096480857041,
                        35.78297653403797,
                        837
                    ],
                    [
                        137.70923266012318,
                        35.782661594928506,
                        834
                    ],
                    [
                        137.70889135020926,
                        35.78240977936107,
                        834
                    ],
                    [
                        137.7086688030182,
                        35.78210204348933,
                        832
                    ],
                    [
                        137.70838759959554,
                        35.78183874140821,
                        831
                    ],
                    [
                        137.70809719289923,
                        35.781528160940184,
                        827
                    ],
                    [
                        137.7078381832918,
                        35.78124153346879,
                        827
                    ],
                    [
                        137.7074447353703,
                        35.78105129625063,
                        817
                    ],
                    [
                        137.7070088517995,
                        35.78091408652215,
                        812
                    ],
                    [
                        137.70657633321846,
                        35.78085684184489,
                        807
                    ],
                    [
                        137.7061624633461,
                        35.7807687649096,
                        806
                    ],
                    [
                        137.70585136798633,
                        35.78050278040843,
                        806
                    ],
                    [
                        137.7054215196042,
                        35.780322072069275,
                        801
                    ],
                    [
                        137.70500010992825,
                        35.780129710781225,
                        799
                    ],
                    [
                        137.70462095271552,
                        35.779880253550616,
                        799
                    ],
                    [
                        137.70417272261338,
                        35.77975284553687,
                        794
                    ],
                    [
                        137.70368320587173,
                        35.77967968534397,
                        792
                    ],
                    [
                        137.7032245726088,
                        35.779597670389435,
                        790
                    ],
                    [
                        137.70300477203295,
                        35.77948632744264,
                        790
                    ],
                    [
                        137.70264572887064,
                        35.77926124543167,
                        788
                    ],
                    [
                        137.70217404901186,
                        35.77913791266959,
                        785
                    ],
                    [
                        137.70183699807478,
                        35.7793434288284,
                        782
                    ],
                    [
                        137.70159129350313,
                        35.77963621916596,
                        781
                    ],
                    [
                        137.7012161878681,
                        35.779831102404394,
                        779
                    ],
                    [
                        137.7009651419838,
                        35.78010904009541,
                        776
                    ],
                    [
                        137.7005493256731,
                        35.78032658674968,
                        775
                    ],
                    [
                        137.7002078185381,
                        35.78023556668495,
                        773
                    ],
                    [
                        137.69975935190365,
                        35.78016754977282,
                        767
                    ],
                    [
                        137.69933851888052,
                        35.78027897628948,
                        763
                    ],
                    [
                        137.69890983851874,
                        35.78012599362868,
                        761
                    ],
                    [
                        137.69852414838158,
                        35.78025996759443,
                        755
                    ],
                    [
                        137.69811684810745,
                        35.780413012323734,
                        755
                    ],
                    [
                        137.69774144201426,
                        35.780613481565766,
                        754
                    ],
                    [
                        137.6973044510612,
                        35.780667848620176,
                        753
                    ],
                    [
                        137.69717314981517,
                        35.7809857304799,
                        757
                    ],
                    [
                        137.69670534733783,
                        35.780956442807756,
                        754
                    ],
                    [
                        137.6962511810471,
                        35.78106629633963,
                        750
                    ],
                    [
                        137.6957771662227,
                        35.78109514119749,
                        751
                    ],
                    [
                        137.6953203724468,
                        35.78110566677895,
                        747
                    ],
                    [
                        137.69501674915324,
                        35.781230509844725,
                        740
                    ],
                    [
                        137.69501399425792,
                        35.781610304439916,
                        737
                    ],
                    [
                        137.6948547289351,
                        35.781842498924306,
                        730
                    ],
                    [
                        137.69486662234937,
                        35.782098400415,
                        722
                    ],
                    [
                        137.69496478871827,
                        35.78247748928469,
                        725
                    ],
                    [
                        137.69466029242363,
                        35.78269879237341,
                        716
                    ],
                    [
                        137.69464431242358,
                        35.78302396039546,
                        713
                    ],
                    [
                        137.69478708654572,
                        35.7833539040792,
                        719
                    ],
                    [
                        137.6944606742006,
                        35.78358145381917,
                        712
                    ],
                    [
                        137.69409189515423,
                        35.7837521699407,
                        718
                    ],
                    [
                        137.69362263787784,
                        35.783809530800944,
                        712
                    ]
                ]
            }
        },

        {
            "type": "Feature",
            "properties": {
                "name": "20250907",
                "time": "2025-09-07T01:32:57Z",
                "coordTimes": [
                    "2025-09-07T01:32:57Z",
                    "2025-09-07T01:33:25Z",
                    "2025-09-07T01:33:55Z",
                    "2025-09-07T01:34:24Z",
                    "2025-09-07T01:34:53Z",
                    "2025-09-07T01:35:22Z",
                    "2025-09-07T01:35:49Z",
                    "2025-09-07T01:36:17Z",
                    "2025-09-07T01:36:45Z",
                    "2025-09-07T01:37:16Z",
                    "2025-09-07T01:37:43Z",
                    "2025-09-07T01:38:09Z",
                    "2025-09-07T01:38:38Z",
                    "2025-09-07T01:39:05Z",
                    "2025-09-07T01:39:31Z",
                    "2025-09-07T01:40:00Z",
                    "2025-09-07T01:40:27Z",
                    "2025-09-07T01:40:54Z",
                    "2025-09-07T01:41:24Z",
                    "2025-09-07T01:42:52Z",
                    "2025-09-07T01:43:19Z",
                    "2025-09-07T01:43:46Z",
                    "2025-09-07T01:44:16Z",
                    "2025-09-07T01:44:44Z",
                    "2025-09-07T01:45:14Z",
                    "2025-09-07T01:45:41Z",
                    "2025-09-07T01:46:10Z",
                    "2025-09-07T01:46:40Z",
                    "2025-09-07T01:47:09Z",
                    "2025-09-07T01:47:40Z",
                    "2025-09-07T01:48:15Z",
                    "2025-09-07T01:48:49Z",
                    "2025-09-07T01:49:17Z",
                    "2025-09-07T01:49:43Z",
                    "2025-09-07T01:50:09Z",
                    "2025-09-07T01:50:38Z",
                    "2025-09-07T01:51:06Z",
                    "2025-09-07T01:51:35Z",
                    "2025-09-07T01:52:02Z",
                    "2025-09-07T01:52:29Z",
                    "2025-09-07T01:52:57Z",
                    "2025-09-07T01:53:27Z",
                    "2025-09-07T01:53:53Z",
                    "2025-09-07T01:54:26Z",
                    "2025-09-07T01:55:04Z",
                    "2025-09-07T01:55:33Z",
                    "2025-09-07T01:56:00Z",
                    "2025-09-07T01:56:26Z",
                    "2025-09-07T01:56:51Z",
                    "2025-09-07T01:57:19Z",
                    "2025-09-07T01:57:46Z",
                    "2025-09-07T01:58:18Z",
                    "2025-09-07T01:58:49Z",
                    "2025-09-07T01:59:16Z",
                    "2025-09-07T01:59:46Z",
                    "2025-09-07T02:00:30Z",
                    "2025-09-07T02:01:13Z",
                    "2025-09-07T02:01:43Z",
                    "2025-09-07T02:02:10Z",
                    "2025-09-07T02:03:55Z",
                    "2025-09-07T02:04:27Z",
                    "2025-09-07T02:04:56Z",
                    "2025-09-07T02:05:27Z",
                    "2025-09-07T02:05:57Z",
                    "2025-09-07T02:06:33Z",
                    "2025-09-07T02:07:05Z",
                    "2025-09-07T02:07:44Z",
                    "2025-09-07T02:08:11Z",
                    "2025-09-07T02:08:40Z",
                    "2025-09-07T02:09:09Z",
                    "2025-09-07T02:10:11Z",
                    "2025-09-07T02:10:39Z",
                    "2025-09-07T02:11:08Z",
                    "2025-09-07T02:11:34Z",
                    "2025-09-07T02:12:01Z",
                    "2025-09-07T02:12:30Z",
                    "2025-09-07T02:12:58Z",
                    "2025-09-07T02:13:25Z",
                    "2025-09-07T02:13:54Z",
                    "2025-09-07T02:14:21Z",
                    "2025-09-07T02:14:47Z",
                    "2025-09-07T02:15:15Z",
                    "2025-09-07T02:15:41Z",
                    "2025-09-07T02:16:10Z",
                    "2025-09-07T02:16:38Z",
                    "2025-09-07T02:17:09Z",
                    "2025-09-07T02:17:40Z",
                    "2025-09-07T02:18:07Z",
                    "2025-09-07T02:18:34Z",
                    "2025-09-07T02:19:02Z",
                    "2025-09-07T02:19:29Z",
                    "2025-09-07T02:19:58Z",
                    "2025-09-07T02:20:26Z",
                    "2025-09-07T02:20:52Z",
                    "2025-09-07T02:21:21Z",
                    "2025-09-07T02:21:48Z",
                    "2025-09-07T02:22:20Z",
                    "2025-09-07T02:22:48Z",
                    "2025-09-07T02:23:14Z",
                    "2025-09-07T02:23:44Z",
                    "2025-09-07T02:24:11Z",
                    "2025-09-07T02:24:37Z",
                    "2025-09-07T02:25:06Z",
                    "2025-09-07T02:25:33Z",
                    "2025-09-07T02:26:00Z",
                    "2025-09-07T02:26:29Z",
                    "2025-09-07T02:26:56Z",
                    "2025-09-07T02:27:22Z",
                    "2025-09-07T02:28:11Z",
                    "2025-09-07T02:28:39Z",
                    "2025-09-07T02:29:04Z",
                    "2025-09-07T02:29:32Z",
                    "2025-09-07T02:29:58Z",
                    "2025-09-07T02:30:27Z",
                    "2025-09-07T02:30:53Z",
                    "2025-09-07T02:31:19Z",
                    "2025-09-07T02:31:46Z",
                    "2025-09-07T02:32:15Z",
                    "2025-09-07T02:32:45Z",
                    "2025-09-07T02:33:12Z",
                    "2025-09-07T02:33:40Z",
                    "2025-09-07T02:34:06Z",
                    "2025-09-07T02:34:34Z",
                    "2025-09-07T02:35:01Z",
                    "2025-09-07T02:35:27Z",
                    "2025-09-07T02:35:58Z",
                    "2025-09-07T02:36:25Z",
                    "2025-09-07T02:36:52Z",
                    "2025-09-07T02:37:23Z",
                    "2025-09-07T02:37:50Z",
                    "2025-09-07T02:38:19Z",
                    "2025-09-07T02:38:47Z",
                    "2025-09-07T02:39:12Z",
                    "2025-09-07T02:39:41Z",
                    "2025-09-07T02:40:06Z",
                    "2025-09-07T02:40:32Z",
                    "2025-09-07T02:41:01Z",
                    "2025-09-07T02:41:29Z",
                    "2025-09-07T02:41:54Z",
                    "2025-09-07T02:42:23Z",
                    "2025-09-07T02:42:52Z",
                    "2025-09-07T02:43:20Z",
                    "2025-09-07T02:43:45Z",
                    "2025-09-07T02:44:12Z",
                    "2025-09-07T02:44:39Z",
                    "2025-09-07T02:45:05Z",
                    "2025-09-07T02:45:32Z",
                    "2025-09-07T02:46:01Z",
                    "2025-09-07T02:46:27Z",
                    "2025-09-07T02:46:54Z",
                    "2025-09-07T02:47:21Z",
                    "2025-09-07T02:47:48Z",
                    "2025-09-07T02:48:15Z",
                    "2025-09-07T02:48:42Z",
                    "2025-09-07T02:49:08Z",
                    "2025-09-07T02:49:36Z",
                    "2025-09-07T02:50:04Z",
                    "2025-09-07T02:50:32Z",
                    "2025-09-07T02:51:03Z",
                    "2025-09-07T02:51:29Z",
                    "2025-09-07T02:51:56Z",
                    "2025-09-07T02:52:23Z",
                    "2025-09-07T02:52:50Z",
                    "2025-09-07T02:53:16Z",
                    "2025-09-07T02:53:44Z",
                    "2025-09-07T02:54:11Z",
                    "2025-09-07T02:54:38Z",
                    "2025-09-07T02:55:04Z",
                    "2025-09-07T02:55:31Z",
                    "2025-09-07T02:55:57Z",
                    "2025-09-07T02:56:24Z",
                    "2025-09-07T02:56:52Z",
                    "2025-09-07T02:57:18Z",
                    "2025-09-07T02:57:44Z",
                    "2025-09-07T02:58:10Z",
                    "2025-09-07T02:58:38Z",
                    "2025-09-07T02:59:04Z",
                    "2025-09-07T02:59:31Z",
                    "2025-09-07T02:59:59Z",
                    "2025-09-07T03:00:25Z",
                    "2025-09-07T03:00:51Z",
                    "2025-09-07T03:01:17Z",
                    "2025-09-07T03:01:45Z",
                    "2025-09-07T03:02:12Z",
                    "2025-09-07T03:02:40Z",
                    "2025-09-07T03:03:10Z",
                    "2025-09-07T03:03:37Z",
                    "2025-09-07T03:04:04Z",
                    "2025-09-07T03:04:30Z",
                    "2025-09-07T03:04:58Z",
                    "2025-09-07T03:05:25Z",
                    "2025-09-07T03:05:52Z",
                    "2025-09-07T03:06:19Z",
                    "2025-09-07T03:06:47Z",
                    "2025-09-07T03:07:13Z",
                    "2025-09-07T03:07:39Z",
                    "2025-09-07T03:08:05Z",
                    "2025-09-07T03:08:34Z",
                    "2025-09-07T03:09:00Z",
                    "2025-09-07T03:09:28Z",
                    "2025-09-07T03:09:54Z",
                    "2025-09-07T03:10:21Z",
                    "2025-09-07T03:10:51Z",
                    "2025-09-07T03:11:19Z",
                    "2025-09-07T03:11:46Z",
                    "2025-09-07T03:12:13Z",
                    "2025-09-07T03:12:39Z",
                    "2025-09-07T03:13:08Z",
                    "2025-09-07T03:13:34Z",
                    "2025-09-07T03:14:00Z",
                    "2025-09-07T03:14:28Z",
                    "2025-09-07T03:14:55Z",
                    "2025-09-07T03:15:25Z",
                    "2025-09-07T03:16:11Z",
                    "2025-09-07T03:16:35Z",
                    "2025-09-07T03:17:51Z",
                    "2025-09-07T03:18:18Z",
                    "2025-09-07T03:18:47Z",
                    "2025-09-07T03:19:14Z",
                    "2025-09-07T03:19:40Z",
                    "2025-09-07T03:20:07Z",
                    "2025-09-07T03:20:34Z",
                    "2025-09-07T03:21:01Z",
                    "2025-09-07T03:21:30Z",
                    "2025-09-07T03:26:56Z",
                    "2025-09-07T03:27:16Z",
                    "2025-09-07T03:27:45Z",
                    "2025-09-07T03:28:44Z",
                    "2025-09-07T03:29:21Z",
                    "2025-09-07T03:29:52Z",
                    "2025-09-07T03:30:20Z",
                    "2025-09-07T03:30:47Z",
                    "2025-09-07T03:31:13Z",
                    "2025-09-07T03:31:40Z",
                    "2025-09-07T03:32:06Z",
                    "2025-09-07T03:32:32Z",
                    "2025-09-07T03:33:00Z",
                    "2025-09-07T03:33:29Z",
                    "2025-09-07T03:34:19Z",
                    "2025-09-07T03:34:46Z",
                    "2025-09-07T03:35:12Z",
                    "2025-09-07T03:35:39Z",
                    "2025-09-07T03:36:04Z",
                    "2025-09-07T03:36:29Z",
                    "2025-09-07T03:36:54Z",
                    "2025-09-07T03:37:22Z",
                    "2025-09-07T03:37:49Z",
                    "2025-09-07T03:38:13Z",
                    "2025-09-07T03:38:38Z",
                    "2025-09-07T03:39:04Z",
                    "2025-09-07T03:39:28Z",
                    "2025-09-07T03:39:55Z",
                    "2025-09-07T03:40:22Z",
                    "2025-09-07T03:40:46Z",
                    "2025-09-07T03:41:12Z",
                    "2025-09-07T03:41:37Z",
                    "2025-09-07T03:42:04Z",
                    "2025-09-07T03:42:29Z",
                    "2025-09-07T03:42:55Z",
                    "2025-09-07T03:43:21Z",
                    "2025-09-07T03:43:47Z",
                    "2025-09-07T03:44:14Z",
                    "2025-09-07T03:44:41Z",
                    "2025-09-07T03:45:07Z",
                    "2025-09-07T03:45:31Z",
                    "2025-09-07T03:45:57Z",
                    "2025-09-07T03:46:23Z",
                    "2025-09-07T03:46:48Z",
                    "2025-09-07T03:47:13Z",
                    "2025-09-07T03:47:39Z",
                    "2025-09-07T03:48:05Z",
                    "2025-09-07T03:48:32Z",
                    "2025-09-07T03:49:21Z",
                    "2025-09-07T03:49:47Z",
                    "2025-09-07T03:50:12Z",
                    "2025-09-07T03:50:36Z",
                    "2025-09-07T03:50:59Z",
                    "2025-09-07T03:51:26Z",
                    "2025-09-07T03:51:51Z",
                    "2025-09-07T03:52:15Z",
                    "2025-09-07T03:52:41Z",
                    "2025-09-07T03:53:06Z",
                    "2025-09-07T03:53:32Z",
                    "2025-09-07T03:53:56Z",
                    "2025-09-07T03:54:22Z",
                    "2025-09-07T03:54:48Z",
                    "2025-09-07T03:55:14Z",
                    "2025-09-07T03:55:38Z",
                    "2025-09-07T03:56:04Z",
                    "2025-09-07T03:56:30Z",
                    "2025-09-07T03:56:54Z",
                    "2025-09-07T03:57:20Z",
                    "2025-09-07T03:57:46Z",
                    "2025-09-07T03:58:12Z",
                    "2025-09-07T03:58:37Z",
                    "2025-09-07T03:59:03Z",
                    "2025-09-07T03:59:29Z",
                    "2025-09-07T03:59:55Z",
                    "2025-09-07T04:00:21Z",
                    "2025-09-07T04:00:47Z",
                    "2025-09-07T04:01:13Z",
                    "2025-09-07T04:01:40Z",
                    "2025-09-07T04:02:06Z",
                    "2025-09-07T04:02:31Z",
                    "2025-09-07T04:02:57Z",
                    "2025-09-07T04:03:23Z",
                    "2025-09-07T04:03:49Z",
                    "2025-09-07T04:04:15Z",
                    "2025-09-07T04:04:42Z",
                    "2025-09-07T04:05:08Z",
                    "2025-09-07T04:05:35Z",
                    "2025-09-07T04:06:02Z",
                    "2025-09-07T04:06:29Z",
                    "2025-09-07T04:06:54Z",
                    "2025-09-07T04:07:21Z",
                    "2025-09-07T04:07:48Z",
                    "2025-09-07T04:08:15Z",
                    "2025-09-07T04:08:41Z",
                    "2025-09-07T04:09:05Z",
                    "2025-09-07T04:09:29Z",
                    "2025-09-07T04:09:58Z",
                    "2025-09-07T04:10:24Z",
                    "2025-09-07T04:10:51Z",
                    "2025-09-07T04:11:18Z",
                    "2025-09-07T04:11:44Z",
                    "2025-09-07T04:12:10Z",
                    "2025-09-07T04:12:37Z",
                    "2025-09-07T04:13:04Z",
                    "2025-09-07T04:13:31Z",
                    "2025-09-07T04:13:57Z",
                    "2025-09-07T04:14:27Z",
                    "2025-09-07T04:14:54Z",
                    "2025-09-07T04:15:21Z",
                    "2025-09-07T04:15:47Z",
                    "2025-09-07T04:16:16Z",
                    "2025-09-07T04:16:41Z",
                    "2025-09-07T04:17:35Z",
                    "2025-09-07T04:18:01Z",
                    "2025-09-07T04:18:27Z",
                    "2025-09-07T04:18:53Z",
                    "2025-09-07T04:19:19Z",
                    "2025-09-07T04:19:44Z",
                    "2025-09-07T04:20:10Z",
                    "2025-09-07T04:20:35Z",
                    "2025-09-07T04:21:02Z",
                    "2025-09-07T04:21:27Z",
                    "2025-09-07T04:21:52Z",
                    "2025-09-07T04:22:19Z",
                    "2025-09-07T04:22:46Z",
                    "2025-09-07T04:23:14Z",
                    "2025-09-07T04:23:40Z",
                    "2025-09-07T04:24:06Z",
                    "2025-09-07T04:24:35Z",
                    "2025-09-07T04:26:11Z",
                    "2025-09-07T04:26:36Z",
                    "2025-09-07T04:27:01Z",
                    "2025-09-07T04:27:26Z",
                    "2025-09-07T04:27:53Z",
                    "2025-09-07T04:28:22Z",
                    "2025-09-07T04:28:48Z",
                    "2025-09-07T04:29:15Z",
                    "2025-09-07T04:29:43Z",
                    "2025-09-07T04:30:10Z",
                    "2025-09-07T04:30:35Z",
                    "2025-09-07T04:31:01Z",
                    "2025-09-07T04:31:27Z",
                    "2025-09-07T04:31:55Z",
                    "2025-09-07T04:32:22Z",
                    "2025-09-07T04:32:49Z",
                    "2025-09-07T04:33:15Z",
                    "2025-09-07T04:33:42Z",
                    "2025-09-07T04:34:08Z",
                    "2025-09-07T04:34:35Z",
                    "2025-09-07T04:35:01Z",
                    "2025-09-07T04:35:27Z",
                    "2025-09-07T04:35:54Z",
                    "2025-09-07T04:36:19Z",
                    "2025-09-07T04:36:46Z",
                    "2025-09-07T04:37:11Z",
                    "2025-09-07T04:37:37Z",
                    "2025-09-07T04:38:04Z",
                    "2025-09-07T04:38:30Z",
                    "2025-09-07T04:38:56Z",
                    "2025-09-07T04:39:23Z",
                    "2025-09-07T04:39:50Z",
                    "2025-09-07T04:40:16Z",
                    "2025-09-07T04:40:42Z",
                    "2025-09-07T04:41:09Z",
                    "2025-09-07T04:41:35Z",
                    "2025-09-07T04:42:01Z",
                    "2025-09-07T04:42:28Z",
                    "2025-09-07T04:42:56Z",
                    "2025-09-07T04:43:23Z",
                    "2025-09-07T04:43:49Z",
                    "2025-09-07T04:44:15Z",
                    "2025-09-07T04:44:41Z",
                    "2025-09-07T04:45:06Z",
                    "2025-09-07T04:45:33Z",
                    "2025-09-07T04:45:57Z",
                    "2025-09-07T04:46:23Z",
                    "2025-09-07T04:46:48Z",
                    "2025-09-07T04:47:14Z",
                    "2025-09-07T04:47:41Z",
                    "2025-09-07T04:48:06Z",
                    "2025-09-07T04:48:33Z",
                    "2025-09-07T04:48:59Z",
                    "2025-09-07T04:49:25Z",
                    "2025-09-07T04:49:52Z",
                    "2025-09-07T04:50:18Z",
                    "2025-09-07T04:50:43Z",
                    "2025-09-07T04:51:09Z",
                    "2025-09-07T04:51:34Z",
                    "2025-09-07T04:52:01Z",
                    "2025-09-07T04:52:28Z",
                    "2025-09-07T04:52:52Z",
                    "2025-09-07T04:53:18Z",
                    "2025-09-07T04:53:44Z",
                    "2025-09-07T04:54:11Z",
                    "2025-09-07T04:54:38Z",
                    "2025-09-07T04:55:05Z",
                    "2025-09-07T04:55:34Z",
                    "2025-09-07T04:56:01Z",
                    "2025-09-07T04:56:27Z",
                    "2025-09-07T04:56:53Z",
                    "2025-09-07T04:57:20Z",
                    "2025-09-07T04:57:45Z",
                    "2025-09-07T04:57:55Z"
                ]
            },
            "geometry": {
                "type": "LineString",
                "coordinates": [
                    [
                        137.95360143080694,
                        36.26025035550075,
                        779
                    ],
                    [
                        137.95364713570223,
                        36.25996234981672,
                        779
                    ],
                    [
                        137.953834321158,
                        36.25973279955881,
                        778
                    ],
                    [
                        137.95400007185168,
                        36.25947288131168,
                        776
                    ],
                    [
                        137.9541963403396,
                        36.2592153139242,
                        775
                    ],
                    [
                        137.95451708798012,
                        36.259014913319966,
                        770
                    ],
                    [
                        137.95468160543444,
                        36.25880018610961,
                        767
                    ],
                    [
                        137.95468556358645,
                        36.25852161683208,
                        767
                    ],
                    [
                        137.95470794657908,
                        36.25821435554943,
                        766
                    ],
                    [
                        137.9547147684017,
                        36.25789100003176,
                        764
                    ],
                    [
                        137.95483759573952,
                        36.257568985616246,
                        757
                    ],
                    [
                        137.95491854335648,
                        36.25730282236055,
                        757
                    ],
                    [
                        137.95498132179225,
                        36.257024230141496,
                        757
                    ],
                    [
                        137.95508811647986,
                        36.25671387970057,
                        752
                    ],
                    [
                        137.95512052616667,
                        36.25642939570742,
                        752
                    ],
                    [
                        137.95511301619678,
                        36.25613851093529,
                        745
                    ],
                    [
                        137.95488257727234,
                        36.255929863194694,
                        740
                    ],
                    [
                        137.95464614267598,
                        36.25575381321644,
                        745
                    ],
                    [
                        137.95447011796847,
                        36.255548180695435,
                        746
                    ],
                    [
                        137.95447542783685,
                        36.255452094740725,
                        744
                    ],
                    [
                        137.95457353372885,
                        36.25518054727556,
                        744
                    ],
                    [
                        137.95481372725953,
                        36.25495107137126,
                        739
                    ],
                    [
                        137.9549241430999,
                        36.254755390980655,
                        743
                    ],
                    [
                        137.9549443876809,
                        36.25449107975575,
                        742
                    ],
                    [
                        137.95477622634095,
                        36.25420441264729,
                        741
                    ],
                    [
                        137.9548288442016,
                        36.25386891414688,
                        740
                    ],
                    [
                        137.9548433520985,
                        36.25354295803426,
                        740
                    ],
                    [
                        137.95497784916478,
                        36.25319991823849,
                        737
                    ],
                    [
                        137.95503947387292,
                        36.25290839101328,
                        731
                    ],
                    [
                        137.9550999740568,
                        36.25271019217653,
                        726
                    ],
                    [
                        137.9551351482,
                        36.2524811213025,
                        724
                    ],
                    [
                        137.95508357334464,
                        36.25221926953832,
                        721
                    ],
                    [
                        137.95495310248677,
                        36.25205287083404,
                        720
                    ],
                    [
                        137.95475795284304,
                        36.251842783289234,
                        718
                    ],
                    [
                        137.9548175548823,
                        36.251508131989716,
                        715
                    ],
                    [
                        137.95487645935842,
                        36.2512390244988,
                        712
                    ],
                    [
                        137.95490903110644,
                        36.250985758157114,
                        712
                    ],
                    [
                        137.95491062830214,
                        36.25068514893552,
                        705
                    ],
                    [
                        137.95480893182295,
                        36.25036482156311,
                        701
                    ],
                    [
                        137.9548972464154,
                        36.250016145133,
                        696
                    ],
                    [
                        137.954885920517,
                        36.249777329705694,
                        694
                    ],
                    [
                        137.95478007091276,
                        36.24951828731898,
                        689
                    ],
                    [
                        137.9549736255609,
                        36.24927722672213,
                        680
                    ],
                    [
                        137.9550488002478,
                        36.24904535896804,
                        673
                    ],
                    [
                        137.95507451172656,
                        36.248795380511,
                        664
                    ],
                    [
                        137.95519501260142,
                        36.24848158705679,
                        662
                    ],
                    [
                        137.95507076720355,
                        36.24826583906547,
                        662
                    ],
                    [
                        137.95482061398135,
                        36.24802957799598,
                        664
                    ],
                    [
                        137.95477167503563,
                        36.2477322957617,
                        666
                    ],
                    [
                        137.95481355575265,
                        36.24740161941908,
                        666
                    ],
                    [
                        137.95475427420251,
                        36.247258341294845,
                        668
                    ],
                    [
                        137.9545853047113,
                        36.24719664369068,
                        672
                    ],
                    [
                        137.9544556381368,
                        36.24698615311174,
                        676
                    ],
                    [
                        137.95445019962344,
                        36.24673539252266,
                        675
                    ],
                    [
                        137.95460677930737,
                        36.246568696186266,
                        673
                    ],
                    [
                        137.9544854545219,
                        36.24642479588714,
                        673
                    ],
                    [
                        137.95463339304357,
                        36.246605557807264,
                        673
                    ],
                    [
                        137.95431469746669,
                        36.24658454121161,
                        674
                    ],
                    [
                        137.9541914534773,
                        36.24640000836319,
                        670
                    ],
                    [
                        137.95440260824898,
                        36.24657583736909,
                        675
                    ],
                    [
                        137.95472199337115,
                        36.246610886814246,
                        672
                    ],
                    [
                        137.9548996190311,
                        36.24655261195651,
                        669
                    ],
                    [
                        137.95483461613077,
                        36.246272398142885,
                        669
                    ],
                    [
                        137.95476274410612,
                        36.245999465274124,
                        671
                    ],
                    [
                        137.95449308988472,
                        36.2459411474781,
                        674
                    ],
                    [
                        137.95433449853186,
                        36.24573408435559,
                        672
                    ],
                    [
                        137.95456631998994,
                        36.245653792657215,
                        670
                    ],
                    [
                        137.95484291196223,
                        36.245826572486855,
                        668
                    ],
                    [
                        137.9549086905331,
                        36.24611613029891,
                        665
                    ],
                    [
                        137.9552405845982,
                        36.24618934700652,
                        663
                    ],
                    [
                        137.95562615361905,
                        36.24619993241172,
                        655
                    ],
                    [
                        137.95588434223004,
                        36.24603831436245,
                        654
                    ],
                    [
                        137.9560376831723,
                        36.24580262172662,
                        653
                    ],
                    [
                        137.95620732303453,
                        36.245555709847395,
                        650
                    ],
                    [
                        137.95627109799503,
                        36.24527219761219,
                        644
                    ],
                    [
                        137.9560774704067,
                        36.24501268237519,
                        639
                    ],
                    [
                        137.95585840070152,
                        36.24478505658892,
                        634
                    ],
                    [
                        137.95589554135287,
                        36.2445193905257,
                        631
                    ],
                    [
                        137.95621376633449,
                        36.244431038347955,
                        628
                    ],
                    [
                        137.95654627567504,
                        36.2445554841436,
                        628
                    ],
                    [
                        137.95686410773442,
                        36.244666005600536,
                        627
                    ],
                    [
                        137.95718316960495,
                        36.24469941273404,
                        628
                    ],
                    [
                        137.95754321812373,
                        36.24465931403855,
                        622
                    ],
                    [
                        137.9576272149006,
                        36.244386520561534,
                        620
                    ],
                    [
                        137.95773045422303,
                        36.244065480795335,
                        617
                    ],
                    [
                        137.9578130907954,
                        36.24373509481441,
                        614
                    ],
                    [
                        137.95767652386314,
                        36.24348767095784,
                        610
                    ],
                    [
                        137.9573034309809,
                        36.2434107255504,
                        610
                    ],
                    [
                        137.95692257160877,
                        36.24335720224398,
                        612
                    ],
                    [
                        137.95655828760655,
                        36.24325165869642,
                        613
                    ],
                    [
                        137.956163485453,
                        36.24320783734116,
                        610
                    ],
                    [
                        137.95577824740687,
                        36.243146101421914,
                        608
                    ],
                    [
                        137.9553694926626,
                        36.24307898946559,
                        607
                    ],
                    [
                        137.95497822952444,
                        36.24300841331014,
                        606
                    ],
                    [
                        137.95458547728222,
                        36.242934674822884,
                        604
                    ],
                    [
                        137.9543560662309,
                        36.24313431608942,
                        602
                    ],
                    [
                        137.95418214081542,
                        36.24328249820734,
                        602
                    ],
                    [
                        137.95392240768075,
                        36.2434892782966,
                        597
                    ],
                    [
                        137.95369112039037,
                        36.24372460167884,
                        591
                    ],
                    [
                        137.95348432321165,
                        36.24406339347154,
                        590
                    ],
                    [
                        137.95335118006486,
                        36.244354278239435,
                        589
                    ],
                    [
                        137.95317950046214,
                        36.24462190735364,
                        590
                    ],
                    [
                        137.95311730248778,
                        36.24493352489555,
                        588
                    ],
                    [
                        137.95299235758245,
                        36.24523393612031,
                        592
                    ],
                    [
                        137.952919797304,
                        36.245573847718134,
                        593
                    ],
                    [
                        137.9528055152247,
                        36.24582807958949,
                        589
                    ],
                    [
                        137.95275693810672,
                        36.24612205643566,
                        590
                    ],
                    [
                        137.95256005360676,
                        36.24624112408163,
                        586
                    ],
                    [
                        137.9523285065158,
                        36.24632526352503,
                        584
                    ],
                    [
                        137.95220396909045,
                        36.246629869980644,
                        585
                    ],
                    [
                        137.95207611731038,
                        36.24690326513806,
                        585
                    ],
                    [
                        137.95196202813432,
                        36.24718224057247,
                        586
                    ],
                    [
                        137.95178678528413,
                        36.24746519956665,
                        582
                    ],
                    [
                        137.95176667019643,
                        36.247807047379375,
                        581
                    ],
                    [
                        137.9514955667659,
                        36.24797097355607,
                        577
                    ],
                    [
                        137.95113296550804,
                        36.24796239992957,
                        574
                    ],
                    [
                        137.9507622121089,
                        36.24795611469971,
                        574
                    ],
                    [
                        137.95046885337618,
                        36.24807069609453,
                        578
                    ],
                    [
                        137.95041701956973,
                        36.24841650551835,
                        574
                    ],
                    [
                        137.9503871923714,
                        36.24872806977855,
                        575
                    ],
                    [
                        137.9503950876915,
                        36.24903005676553,
                        575
                    ],
                    [
                        137.95034403988868,
                        36.24935012427061,
                        574
                    ],
                    [
                        137.9502984644797,
                        36.24966991519673,
                        574
                    ],
                    [
                        137.95027161699284,
                        36.249984789287076,
                        574
                    ],
                    [
                        137.95023864542304,
                        36.25029987548428,
                        574
                    ],
                    [
                        137.9501689396713,
                        36.25059943640779,
                        575
                    ],
                    [
                        137.95006421259353,
                        36.250926270434014,
                        575
                    ],
                    [
                        137.95003770371332,
                        36.251237481681635,
                        574
                    ],
                    [
                        137.95005540471482,
                        36.25156756623075,
                        575
                    ],
                    [
                        137.95001056872732,
                        36.251878866045026,
                        575
                    ],
                    [
                        137.9499584663891,
                        36.25222274958691,
                        576
                    ],
                    [
                        137.94983516462736,
                        36.25257788450257,
                        573
                    ],
                    [
                        137.94971716080175,
                        36.252884724601834,
                        573
                    ],
                    [
                        137.94960108379726,
                        36.25315243584084,
                        579
                    ],
                    [
                        137.94925226413272,
                        36.25335234626941,
                        576
                    ],
                    [
                        137.94909570171745,
                        36.25363612194918,
                        573
                    ],
                    [
                        137.9489280020243,
                        36.25391251479704,
                        574
                    ],
                    [
                        137.94878368562766,
                        36.254198556909394,
                        573
                    ],
                    [
                        137.94870177541836,
                        36.254466902515176,
                        573
                    ],
                    [
                        137.9486548049317,
                        36.25478476396435,
                        573
                    ],
                    [
                        137.94862197133523,
                        36.25511688040969,
                        574
                    ],
                    [
                        137.94861801805567,
                        36.255457302045244,
                        572
                    ],
                    [
                        137.94846863989832,
                        36.25574150087102,
                        572
                    ],
                    [
                        137.94825357403906,
                        36.2560230884735,
                        573
                    ],
                    [
                        137.94799666600747,
                        36.256267358758045,
                        572
                    ],
                    [
                        137.94774190042787,
                        36.256496951988595,
                        572
                    ],
                    [
                        137.94749188687365,
                        36.25672075373035,
                        571
                    ],
                    [
                        137.94721406702794,
                        36.25696221292766,
                        571
                    ],
                    [
                        137.94688204126496,
                        36.25710792388443,
                        572
                    ],
                    [
                        137.94659984790684,
                        36.257301612226996,
                        570
                    ],
                    [
                        137.94632694587415,
                        36.25752796215167,
                        572
                    ],
                    [
                        137.9460017902219,
                        36.25773085221749,
                        571
                    ],
                    [
                        137.94572677702178,
                        36.257953737389485,
                        572
                    ],
                    [
                        137.9454344526467,
                        36.2581706710213,
                        569
                    ],
                    [
                        137.94517354598912,
                        36.25839899240116,
                        568
                    ],
                    [
                        137.94492162519043,
                        36.25863628220107,
                        569
                    ],
                    [
                        137.9445842750557,
                        36.25881973105796,
                        572
                    ],
                    [
                        137.9442391067358,
                        36.25884726737464,
                        575
                    ],
                    [
                        137.94404920056812,
                        36.25913017956528,
                        577
                    ],
                    [
                        137.94379812940826,
                        36.259373543387404,
                        578
                    ],
                    [
                        137.94353535609852,
                        36.25960705476618,
                        580
                    ],
                    [
                        137.94329570097048,
                        36.259865257097694,
                        577
                    ],
                    [
                        137.94297076351992,
                        36.26005900146334,
                        579
                    ],
                    [
                        137.94266233844237,
                        36.26020693942781,
                        578
                    ],
                    [
                        137.94270301729588,
                        36.26050749082022,
                        577
                    ],
                    [
                        137.94265061875808,
                        36.26081542626931,
                        577
                    ],
                    [
                        137.9426367285087,
                        36.26112229570012,
                        575
                    ],
                    [
                        137.94262750879747,
                        36.2614156754933,
                        577
                    ],
                    [
                        137.94264508867627,
                        36.26171902401754,
                        575
                    ],
                    [
                        137.942680175049,
                        36.262018131416724,
                        578
                    ],
                    [
                        137.94272292938743,
                        36.26231871634755,
                        578
                    ],
                    [
                        137.94276800166023,
                        36.262635883188,
                        578
                    ],
                    [
                        137.9427653077593,
                        36.262948162340265,
                        578
                    ],
                    [
                        137.94275531018968,
                        36.26324892659901,
                        577
                    ],
                    [
                        137.94273975485652,
                        36.2635442938734,
                        575
                    ],
                    [
                        137.9427082602163,
                        36.26385681235501,
                        577
                    ],
                    [
                        137.9427087543885,
                        36.26416610136628,
                        577
                    ],
                    [
                        137.94267229739617,
                        36.264472199760014,
                        578
                    ],
                    [
                        137.94261652583293,
                        36.26479701966247,
                        577
                    ],
                    [
                        137.94248209339017,
                        36.26508071999189,
                        576
                    ],
                    [
                        137.94232575821715,
                        36.265362962186565,
                        572
                    ],
                    [
                        137.94217049029658,
                        36.26562199827365,
                        572
                    ],
                    [
                        137.94198168936404,
                        36.26589284620446,
                        572
                    ],
                    [
                        137.94181535742482,
                        36.26616632337739,
                        570
                    ],
                    [
                        137.9417632048339,
                        36.266475829145904,
                        572
                    ],
                    [
                        137.9415521708945,
                        36.266741610773245,
                        571
                    ],
                    [
                        137.9413979423251,
                        36.266993862887276,
                        571
                    ],
                    [
                        137.94147047481562,
                        36.267273454269365,
                        574
                    ],
                    [
                        137.94157100029244,
                        36.26755178321536,
                        570
                    ],
                    [
                        137.94163001187604,
                        36.267847028340775,
                        571
                    ],
                    [
                        137.94126559352372,
                        36.26800329132585,
                        572
                    ],
                    [
                        137.9409914444686,
                        36.26814270570115,
                        571
                    ],
                    [
                        137.94066542153058,
                        36.268311559504376,
                        570
                    ],
                    [
                        137.94031915250292,
                        36.26850246872326,
                        572
                    ],
                    [
                        137.9400044188011,
                        36.268698735380255,
                        573
                    ],
                    [
                        137.93965209893776,
                        36.2688536455417,
                        571
                    ],
                    [
                        137.9394725892389,
                        36.26895077437331,
                        571
                    ],
                    [
                        137.93964469982663,
                        36.26923530564995,
                        570
                    ],
                    [
                        137.93974982678975,
                        36.26948876526553,
                        569
                    ],
                    [
                        137.93943012646915,
                        36.269670971802704,
                        568
                    ],
                    [
                        137.93912273811293,
                        36.26983051334785,
                        569
                    ],
                    [
                        137.938825298834,
                        36.269987410131414,
                        569
                    ],
                    [
                        137.93849007845245,
                        36.27016408668643,
                        570
                    ],
                    [
                        137.93817495397948,
                        36.27032695954028,
                        571
                    ],
                    [
                        137.9378492180208,
                        36.270484400686335,
                        570
                    ],
                    [
                        137.93750474565692,
                        36.27064706084945,
                        567
                    ],
                    [
                        137.9372165119868,
                        36.270817081057174,
                        568
                    ],
                    [
                        137.93689616687817,
                        36.27101217821875,
                        568
                    ],
                    [
                        137.93657949167843,
                        36.27116782952731,
                        567
                    ],
                    [
                        137.93630758368124,
                        36.271069030088896,
                        570
                    ],
                    [
                        137.93612692742212,
                        36.270816331854355,
                        570
                    ],
                    [
                        137.9359119683616,
                        36.27057070722127,
                        570
                    ],
                    [
                        137.93555436322714,
                        36.27068677990538,
                        568
                    ],
                    [
                        137.9352920029949,
                        36.2707055681237,
                        572
                    ],
                    [
                        137.93512756012518,
                        36.27046940809171,
                        572
                    ],
                    [
                        137.9348737910131,
                        36.27025964355887,
                        571
                    ],
                    [
                        137.9345018043513,
                        36.27041046592636,
                        570
                    ],
                    [
                        137.9341478463134,
                        36.27059863141521,
                        573
                    ],
                    [
                        137.9337849255456,
                        36.27067555666813,
                        571
                    ],
                    [
                        137.93343529010943,
                        36.27079942658549,
                        570
                    ],
                    [
                        137.9330599483809,
                        36.27093184473855,
                        570
                    ],
                    [
                        137.932739900045,
                        36.270829178876596,
                        571
                    ],
                    [
                        137.93242300812082,
                        36.27081964108563,
                        572
                    ],
                    [
                        137.93222727126823,
                        36.270723117409965,
                        576
                    ],
                    [
                        137.93203144168714,
                        36.27090429869778,
                        574
                    ],
                    [
                        137.9319219343592,
                        36.270979993608904,
                        574
                    ],
                    [
                        137.93200024977813,
                        36.270841891251,
                        576
                    ],
                    [
                        137.93224235733032,
                        36.270796525614536,
                        576
                    ],
                    [
                        137.93225481297992,
                        36.270633840308314,
                        575
                    ],
                    [
                        137.93242949551728,
                        36.27077491344815,
                        574
                    ],
                    [
                        137.93278625136932,
                        36.270834625540736,
                        569
                    ],
                    [
                        137.93295525422602,
                        36.271152005783286,
                        569
                    ],
                    [
                        137.9331043608372,
                        36.27149520867427,
                        568
                    ],
                    [
                        137.93321147824597,
                        36.271835360076686,
                        569
                    ],
                    [
                        137.93325323851732,
                        36.27217568855722,
                        570
                    ],
                    [
                        137.93339969967207,
                        36.27232400860205,
                        570
                    ],
                    [
                        137.93349457873103,
                        36.27254567127137,
                        571
                    ],
                    [
                        137.93337054787204,
                        36.272288497830445,
                        574
                    ],
                    [
                        137.93299605272563,
                        36.27219147924234,
                        573
                    ],
                    [
                        137.93254823542975,
                        36.27224846998871,
                        569
                    ],
                    [
                        137.93213857958813,
                        36.27247419592571,
                        568
                    ],
                    [
                        137.93173387519923,
                        36.27261035660115,
                        565
                    ],
                    [
                        137.9313427203036,
                        36.27276772400449,
                        567
                    ],
                    [
                        137.93093411232894,
                        36.27286196225951,
                        570
                    ],
                    [
                        137.9304853052612,
                        36.273053012452415,
                        570
                    ],
                    [
                        137.93012777732963,
                        36.27332824916371,
                        567
                    ],
                    [
                        137.92974593755713,
                        36.27357753183685,
                        567
                    ],
                    [
                        137.92942670381942,
                        36.2738368632892,
                        567
                    ],
                    [
                        137.9291368221921,
                        36.27413437009675,
                        567
                    ],
                    [
                        137.9288430439603,
                        36.27443870954226,
                        566
                    ],
                    [
                        137.92860445783808,
                        36.27471065579238,
                        567
                    ],
                    [
                        137.92830962034085,
                        36.27502232666539,
                        567
                    ],
                    [
                        137.9279742056699,
                        36.27534425933414,
                        566
                    ],
                    [
                        137.92770051382925,
                        36.27560483374594,
                        566
                    ],
                    [
                        137.92739944744196,
                        36.27586680497781,
                        566
                    ],
                    [
                        137.92706812982743,
                        36.276131498902856,
                        566
                    ],
                    [
                        137.9267340460168,
                        36.276393441818605,
                        565
                    ],
                    [
                        137.9264226211011,
                        36.27664069292276,
                        564
                    ],
                    [
                        137.92610346321334,
                        36.27689638111157,
                        565
                    ],
                    [
                        137.92580423557698,
                        36.27714253504586,
                        565
                    ],
                    [
                        137.9254381841166,
                        36.27743100690887,
                        563
                    ],
                    [
                        137.92509359853395,
                        36.277707415297954,
                        563
                    ],
                    [
                        137.92476599510087,
                        36.27796794975833,
                        562
                    ],
                    [
                        137.9244351684707,
                        36.27823397405253,
                        563
                    ],
                    [
                        137.9241065239962,
                        36.27846849935754,
                        563
                    ],
                    [
                        137.92374282892084,
                        36.27869659192298,
                        563
                    ],
                    [
                        137.92335883688745,
                        36.2788862958355,
                        564
                    ],
                    [
                        137.92293595867034,
                        36.27908126223469,
                        563
                    ],
                    [
                        137.9225110041632,
                        36.27924446340513,
                        562
                    ],
                    [
                        137.9220850460621,
                        36.279412660728504,
                        563
                    ],
                    [
                        137.92163919928606,
                        36.2795421713958,
                        562
                    ],
                    [
                        137.92118479225104,
                        36.279666001558766,
                        561
                    ],
                    [
                        137.9209206829661,
                        36.27979239196181,
                        562
                    ],
                    [
                        137.92093228227463,
                        36.28012855144503,
                        561
                    ],
                    [
                        137.92096397161154,
                        36.28045975603857,
                        562
                    ],
                    [
                        137.92061758349385,
                        36.280719889993264,
                        560
                    ],
                    [
                        137.92018300099284,
                        36.28105448050345,
                        560
                    ],
                    [
                        137.91986896199097,
                        36.28140335850302,
                        562
                    ],
                    [
                        137.91943899288418,
                        36.28158012936412,
                        563
                    ],
                    [
                        137.91887452086613,
                        36.28173348702436,
                        561
                    ],
                    [
                        137.91857183128135,
                        36.28194901712545,
                        562
                    ],
                    [
                        137.91844250463038,
                        36.28228500989419,
                        562
                    ],
                    [
                        137.9184339299075,
                        36.28263651711914,
                        561
                    ],
                    [
                        137.91832565310239,
                        36.28298184146243,
                        561
                    ],
                    [
                        137.9183419132317,
                        36.28338113163195,
                        561
                    ],
                    [
                        137.91830797499603,
                        36.28375846924358,
                        560
                    ],
                    [
                        137.917847177414,
                        36.28381095816928,
                        560
                    ],
                    [
                        137.91739538979718,
                        36.283821564952895,
                        559
                    ],
                    [
                        137.91705376230243,
                        36.28403670345358,
                        561
                    ],
                    [
                        137.9166687412747,
                        36.28426165017358,
                        561
                    ],
                    [
                        137.91627325026195,
                        36.284427365810394,
                        561
                    ],
                    [
                        137.91593276011506,
                        36.284697882762444,
                        561
                    ],
                    [
                        137.9155320955731,
                        36.28485176203194,
                        560
                    ],
                    [
                        137.91515503144177,
                        36.285041627058675,
                        561
                    ],
                    [
                        137.915077000306,
                        36.28541048344108,
                        562
                    ],
                    [
                        137.91499742091614,
                        36.285775226596186,
                        562
                    ],
                    [
                        137.91491226301284,
                        36.28615653744739,
                        562
                    ],
                    [
                        137.91484305012057,
                        36.28653070441626,
                        562
                    ],
                    [
                        137.91480176623318,
                        36.28692268308067,
                        558
                    ],
                    [
                        137.91471575391859,
                        36.28729133577942,
                        561
                    ],
                    [
                        137.91466767591845,
                        36.287677892432505,
                        559
                    ],
                    [
                        137.9146122001487,
                        36.28804302288423,
                        559
                    ],
                    [
                        137.91454891322905,
                        36.28840813005691,
                        560
                    ],
                    [
                        137.91425902831574,
                        36.288651851750096,
                        560
                    ],
                    [
                        137.91382591013596,
                        36.28868456548666,
                        559
                    ],
                    [
                        137.91351793683938,
                        36.28894645934033,
                        559
                    ],
                    [
                        137.91332070995963,
                        36.289256221666626,
                        556
                    ],
                    [
                        137.9130800631261,
                        36.289584641487934,
                        556
                    ],
                    [
                        137.9128720985946,
                        36.28989046016459,
                        558
                    ],
                    [
                        137.91261947472935,
                        36.290175124205625,
                        557
                    ],
                    [
                        137.91234874387192,
                        36.29046879288386,
                        556
                    ],
                    [
                        137.91211286934393,
                        36.290788961998864,
                        557
                    ],
                    [
                        137.9119195130791,
                        36.291119690272915,
                        556
                    ],
                    [
                        137.91165144494371,
                        36.29141370481684,
                        555
                    ],
                    [
                        137.9114166525805,
                        36.29174564814668,
                        555
                    ],
                    [
                        137.91112917491634,
                        36.29204492269253,
                        556
                    ],
                    [
                        137.91084080008875,
                        36.2923228822466,
                        556
                    ],
                    [
                        137.91061927622698,
                        36.29262766554124,
                        555
                    ],
                    [
                        137.91037370947873,
                        36.29291141469986,
                        555
                    ],
                    [
                        137.91009131254393,
                        36.29317056448299,
                        554
                    ],
                    [
                        137.9098169531493,
                        36.293461398444386,
                        555
                    ],
                    [
                        137.90955303810762,
                        36.293753536832234,
                        554
                    ],
                    [
                        137.90929251165383,
                        36.2940693569213,
                        555
                    ],
                    [
                        137.90899855557944,
                        36.29434528349789,
                        554
                    ],
                    [
                        137.90873362176777,
                        36.2946312229289,
                        554
                    ],
                    [
                        137.9084549992937,
                        36.294935494907776,
                        553
                    ],
                    [
                        137.90819884663998,
                        36.29526148365372,
                        552
                    ],
                    [
                        137.9079453264445,
                        36.295561598411126,
                        552
                    ],
                    [
                        137.90769480483442,
                        36.29585086945658,
                        555
                    ],
                    [
                        137.90741543118315,
                        36.29614278711759,
                        554
                    ],
                    [
                        137.90714092276608,
                        36.29642085799923,
                        553
                    ],
                    [
                        137.9068599412225,
                        36.29671734283346,
                        552
                    ],
                    [
                        137.90659063613626,
                        36.29702651284366,
                        552
                    ],
                    [
                        137.9061976239946,
                        36.29713702109512,
                        553
                    ],
                    [
                        137.90580769885938,
                        36.297144907470646,
                        554
                    ],
                    [
                        137.9054577171586,
                        36.29710089031287,
                        554
                    ],
                    [
                        137.90546113225608,
                        36.29742993678921,
                        556
                    ],
                    [
                        137.90546897859747,
                        36.297777780017576,
                        556
                    ],
                    [
                        137.90539632357172,
                        36.29814311178054,
                        555
                    ],
                    [
                        137.905218441583,
                        36.298500711957466,
                        557
                    ],
                    [
                        137.90498485194496,
                        36.29883167013746,
                        555
                    ],
                    [
                        137.90476538295246,
                        36.29917496596554,
                        554
                    ],
                    [
                        137.90460456852122,
                        36.299448305732426,
                        557
                    ],
                    [
                        137.90443926451772,
                        36.2997914794855,
                        556
                    ],
                    [
                        137.90426184036593,
                        36.300112491963844,
                        556
                    ],
                    [
                        137.90409484349811,
                        36.3004192407691,
                        556
                    ],
                    [
                        137.90390853369624,
                        36.300744902619094,
                        557
                    ],
                    [
                        137.90369006624914,
                        36.30111850277891,
                        551
                    ],
                    [
                        137.90348734825915,
                        36.30145797294622,
                        553
                    ],
                    [
                        137.9033217759179,
                        36.30180151569073,
                        555
                    ],
                    [
                        137.90310300442124,
                        36.30215784090312,
                        550
                    ],
                    [
                        137.9029255901339,
                        36.30248360860156,
                        545
                    ],
                    [
                        137.9027998595153,
                        36.30272893605004,
                        549
                    ],
                    [
                        137.90264044285513,
                        36.30306524402947,
                        546
                    ],
                    [
                        137.9024331486389,
                        36.303417637912474,
                        542
                    ],
                    [
                        137.90228708972015,
                        36.30374343782701,
                        545
                    ],
                    [
                        137.90209590026774,
                        36.30407004409071,
                        542
                    ],
                    [
                        137.90191970711746,
                        36.304412061810154,
                        544
                    ],
                    [
                        137.90170824404916,
                        36.30478179719499,
                        543
                    ],
                    [
                        137.90155526583217,
                        36.305127891280996,
                        545
                    ],
                    [
                        137.90139251082076,
                        36.30546494276948,
                        545
                    ],
                    [
                        137.90122873765623,
                        36.305828086918304,
                        544
                    ],
                    [
                        137.9010228307074,
                        36.306183958969626,
                        541
                    ],
                    [
                        137.90086084888884,
                        36.306497100521135,
                        544
                    ],
                    [
                        137.90070337578814,
                        36.3068465250174,
                        541
                    ],
                    [
                        137.900498307325,
                        36.30722014520048,
                        537
                    ],
                    [
                        137.90038460004692,
                        36.307533722057876,
                        540
                    ],
                    [
                        137.90022236660158,
                        36.30786733044596,
                        540
                    ],
                    [
                        137.9000816814674,
                        36.30819580789306,
                        542
                    ],
                    [
                        137.89988034211322,
                        36.30854004506568,
                        536
                    ],
                    [
                        137.8997252933257,
                        36.3088639710478,
                        535
                    ],
                    [
                        137.8995852642295,
                        36.30918925759158,
                        535
                    ],
                    [
                        137.8993798714262,
                        36.30951377976273,
                        534
                    ],
                    [
                        137.89920168586815,
                        36.30982144283851,
                        534
                    ],
                    [
                        137.8990611842487,
                        36.31012506806504,
                        535
                    ],
                    [
                        137.89892356209623,
                        36.310450691193644,
                        536
                    ],
                    [
                        137.89876650095246,
                        36.31076923961964,
                        531
                    ],
                    [
                        137.89863003249906,
                        36.31111023428021,
                        532
                    ],
                    [
                        137.89841543178883,
                        36.31143640200375,
                        535
                    ],
                    [
                        137.89822708928895,
                        36.311759053955306,
                        534
                    ],
                    [
                        137.89808887601976,
                        36.31206055262873,
                        532
                    ],
                    [
                        137.8979219626725,
                        36.312383111083406,
                        533
                    ],
                    [
                        137.89781179755755,
                        36.31269915752595,
                        536
                    ],
                    [
                        137.89763639245032,
                        36.31306357325789,
                        532
                    ],
                    [
                        137.897470198872,
                        36.313407077736464,
                        532
                    ],
                    [
                        137.89736527294966,
                        36.313732056787686,
                        533
                    ],
                    [
                        137.89719132300505,
                        36.31406903451948,
                        531
                    ],
                    [
                        137.89706001318197,
                        36.314408162579085,
                        533
                    ],
                    [
                        137.89686230903422,
                        36.31473560820701,
                        533
                    ],
                    [
                        137.89668349283247,
                        36.31510040843151,
                        532
                    ],
                    [
                        137.8964988389486,
                        36.31542495387262,
                        532
                    ],
                    [
                        137.896329361627,
                        36.315757146478134,
                        532
                    ],
                    [
                        137.89616454316587,
                        36.31606265910561,
                        532
                    ],
                    [
                        137.89596356188042,
                        36.31636709712257,
                        534
                    ],
                    [
                        137.8957663913876,
                        36.31669041716141,
                        533
                    ],
                    [
                        137.89559029848763,
                        36.317008765024966,
                        533
                    ],
                    [
                        137.89536635260544,
                        36.31730716992112,
                        533
                    ],
                    [
                        137.89513222264426,
                        36.31758430618573,
                        533
                    ],
                    [
                        137.89492867292913,
                        36.31786224673474,
                        532
                    ],
                    [
                        137.8947133355228,
                        36.31815008144828,
                        532
                    ],
                    [
                        137.89450853268605,
                        36.318451352237204,
                        532
                    ],
                    [
                        137.89430592044215,
                        36.31874965488176,
                        534
                    ],
                    [
                        137.89410561040705,
                        36.31904695859702,
                        534
                    ],
                    [
                        137.89390736546054,
                        36.319332976668846,
                        530
                    ],
                    [
                        137.89372538579048,
                        36.31964141627842,
                        532
                    ],
                    [
                        137.89353825641885,
                        36.31994584821154,
                        531
                    ],
                    [
                        137.8933081817376,
                        36.32023569596342,
                        532
                    ],
                    [
                        137.89316252301788,
                        36.32051335778743,
                        539
                    ],
                    [
                        137.89295884895026,
                        36.32079003533359,
                        535
                    ],
                    [
                        137.89278038182707,
                        36.32107661900821,
                        534
                    ],
                    [
                        137.89255860835652,
                        36.321380907029685,
                        532
                    ],
                    [
                        137.89241459576877,
                        36.3216929038258,
                        536
                    ],
                    [
                        137.89223802392343,
                        36.32199071388156,
                        536
                    ],
                    [
                        137.89194199041998,
                        36.322094329438926,
                        538
                    ],
                    [
                        137.89155505051994,
                        36.32200981034842,
                        532
                    ],
                    [
                        137.89115925928692,
                        36.321976452213036,
                        534
                    ],
                    [
                        137.8907947941978,
                        36.32182586164388,
                        537
                    ],
                    [
                        137.8907400172864,
                        36.3221385801473,
                        537
                    ],
                    [
                        137.89072801062585,
                        36.322497720732756,
                        539
                    ],
                    [
                        137.890626808537,
                        36.32282996634646,
                        536
                    ],
                    [
                        137.8903530683252,
                        36.32311176520009,
                        538
                    ],
                    [
                        137.8901148191597,
                        36.323324183765486,
                        537
                    ],
                    [
                        137.88971269109732,
                        36.323269854686046,
                        537
                    ],
                    [
                        137.88932999896164,
                        36.32323089986363,
                        542
                    ],
                    [
                        137.88890960591957,
                        36.32315006066473,
                        538
                    ],
                    [
                        137.88861555059077,
                        36.32300611370322,
                        538
                    ],
                    [
                        137.88849864515475,
                        36.323040051862456,
                        537
                    ]
                ]
            }
        }
    ]
}