{
    "type": "FeatureCollection",
    "features": [
        {
            "type": "Feature",
            "properties": {
                "name": "20251101",
                "time": "2025-11-01T02:54:03Z",
                "coordTimes": [
                    "2025-11-01T02:54:03Z",
                    "2025-11-01T02:54:25Z",
                    "2025-11-01T02:54:56Z",
                    "2025-11-01T02:55:26Z",
                    "2025-11-01T02:55:49Z",
                    "2025-11-01T02:58:20Z",
                    "2025-11-01T02:58:46Z",
                    "2025-11-01T02:59:11Z",
                    "2025-11-01T02:59:39Z",
                    "2025-11-01T03:00:06Z",
                    "2025-11-01T03:00:32Z",
                    "2025-11-01T03:00:58Z",
                    "2025-11-01T03:01:24Z",
                    "2025-11-01T03:01:51Z",
                    "2025-11-01T03:02:17Z",
                    "2025-11-01T03:02:45Z",
                    "2025-11-01T03:03:11Z",
                    "2025-11-01T03:03:37Z",
                    "2025-11-01T03:04:04Z",
                    "2025-11-01T03:04:30Z",
                    "2025-11-01T03:04:57Z",
                    "2025-11-01T03:05:24Z",
                    "2025-11-01T03:05:51Z",
                    "2025-11-01T03:06:19Z",
                    "2025-11-01T03:06:45Z",
                    "2025-11-01T03:07:10Z",
                    "2025-11-01T03:07:35Z",
                    "2025-11-01T03:08:03Z",
                    "2025-11-01T03:08:30Z",
                    "2025-11-01T03:08:56Z",
                    "2025-11-01T03:09:22Z",
                    "2025-11-01T03:09:49Z",
                    "2025-11-01T03:10:17Z",
                    "2025-11-01T03:10:51Z",
                    "2025-11-01T03:11:19Z",
                    "2025-11-01T03:11:46Z",
                    "2025-11-01T03:12:13Z",
                    "2025-11-01T03:12:40Z",
                    "2025-11-01T03:13:06Z",
                    "2025-11-01T03:13:31Z",
                    "2025-11-01T03:13:58Z",
                    "2025-11-01T03:14:24Z",
                    "2025-11-01T03:14:50Z",
                    "2025-11-01T03:15:16Z",
                    "2025-11-01T03:15:43Z",
                    "2025-11-01T03:16:07Z",
                    "2025-11-01T03:16:34Z",
                    "2025-11-01T03:17:01Z",
                    "2025-11-01T03:17:31Z",
                    "2025-11-01T03:17:55Z",
                    "2025-11-01T03:18:20Z",
                    "2025-11-01T03:18:47Z",
                    "2025-11-01T03:19:14Z",
                    "2025-11-01T03:19:37Z",
                    "2025-11-01T03:20:04Z",
                    "2025-11-01T03:20:32Z",
                    "2025-11-01T03:21:00Z",
                    "2025-11-01T03:21:28Z",
                    "2025-11-01T03:21:55Z",
                    "2025-11-01T03:22:23Z",
                    "2025-11-01T03:22:53Z",
                    "2025-11-01T03:23:21Z",
                    "2025-11-01T03:23:48Z",
                    "2025-11-01T03:24:17Z",
                    "2025-11-01T03:25:12Z",
                    "2025-11-01T03:25:40Z",
                    "2025-11-01T03:26:08Z",
                    "2025-11-01T03:26:34Z",
                    "2025-11-01T03:27:01Z",
                    "2025-11-01T03:27:27Z",
                    "2025-11-01T03:27:53Z",
                    "2025-11-01T03:28:20Z",
                    "2025-11-01T03:28:46Z",
                    "2025-11-01T03:29:21Z",
                    "2025-11-01T03:29:59Z",
                    "2025-11-01T03:30:36Z",
                    "2025-11-01T03:31:10Z",
                    "2025-11-01T03:31:44Z",
                    "2025-11-01T03:32:19Z",
                    "2025-11-01T03:32:59Z",
                    "2025-11-01T03:33:37Z",
                    "2025-11-01T03:34:22Z",
                    "2025-11-01T03:34:53Z",
                    "2025-11-01T03:35:19Z",
                    "2025-11-01T03:35:49Z",
                    "2025-11-01T03:36:17Z",
                    "2025-11-01T03:36:49Z",
                    "2025-11-01T03:37:16Z",
                    "2025-11-01T03:37:43Z",
                    "2025-11-01T03:38:15Z",
                    "2025-11-01T03:38:47Z",
                    "2025-11-01T03:39:25Z",
                    "2025-11-01T03:39:57Z",
                    "2025-11-01T03:40:32Z",
                    "2025-11-01T03:41:02Z",
                    "2025-11-01T03:41:31Z",
                    "2025-11-01T03:41:57Z",
                    "2025-11-01T03:42:25Z",
                    "2025-11-01T03:42:51Z",
                    "2025-11-01T03:43:20Z",
                    "2025-11-01T03:43:51Z",
                    "2025-11-01T03:44:36Z",
                    "2025-11-01T03:45:05Z",
                    "2025-11-01T03:45:38Z",
                    "2025-11-01T03:46:07Z",
                    "2025-11-01T03:46:37Z",
                    "2025-11-01T03:47:06Z",
                    "2025-11-01T03:47:36Z",
                    "2025-11-01T03:48:05Z",
                    "2025-11-01T03:48:34Z",
                    "2025-11-01T03:49:04Z",
                    "2025-11-01T03:49:33Z",
                    "2025-11-01T03:50:02Z",
                    "2025-11-01T03:50:29Z",
                    "2025-11-01T03:50:56Z",
                    "2025-11-01T03:51:25Z",
                    "2025-11-01T03:51:51Z",
                    "2025-11-01T03:52:24Z",
                    "2025-11-01T03:53:01Z",
                    "2025-11-01T03:53:40Z",
                    "2025-11-01T03:54:09Z",
                    "2025-11-01T03:54:42Z",
                    "2025-11-01T03:55:11Z",
                    "2025-11-01T03:55:39Z",
                    "2025-11-01T03:56:07Z",
                    "2025-11-01T03:56:33Z",
                    "2025-11-01T03:57:00Z",
                    "2025-11-01T03:57:29Z",
                    "2025-11-01T03:58:01Z",
                    "2025-11-01T03:58:35Z",
                    "2025-11-01T03:59:03Z",
                    "2025-11-01T03:59:31Z",
                    "2025-11-01T04:00:01Z",
                    "2025-11-01T04:00:31Z",
                    "2025-11-01T04:00:58Z",
                    "2025-11-01T04:01:24Z",
                    "2025-11-01T04:01:51Z",
                    "2025-11-01T04:02:20Z",
                    "2025-11-01T04:02:46Z",
                    "2025-11-01T04:03:14Z",
                    "2025-11-01T04:03:41Z",
                    "2025-11-01T04:04:08Z",
                    "2025-11-01T04:04:39Z",
                    "2025-11-01T04:05:10Z",
                    "2025-11-01T04:05:47Z",
                    "2025-11-01T04:06:46Z",
                    "2025-11-01T04:07:29Z",
                    "2025-11-01T04:08:04Z",
                    "2025-11-01T04:08:33Z",
                    "2025-11-01T04:09:01Z",
                    "2025-11-01T04:09:29Z",
                    "2025-11-01T04:10:03Z",
                    "2025-11-01T04:10:37Z",
                    "2025-11-01T04:11:32Z",
                    "2025-11-01T04:11:58Z",
                    "2025-11-01T04:12:34Z",
                    "2025-11-01T04:13:03Z",
                    "2025-11-01T04:13:29Z",
                    "2025-11-01T04:13:58Z",
                    "2025-11-01T04:14:23Z",
                    "2025-11-01T04:14:47Z",
                    "2025-11-01T04:15:20Z",
                    "2025-11-01T04:15:46Z",
                    "2025-11-01T04:16:14Z",
                    "2025-11-01T04:16:41Z",
                    "2025-11-01T04:17:11Z",
                    "2025-11-01T04:17:38Z",
                    "2025-11-01T04:18:05Z",
                    "2025-11-01T04:18:31Z",
                    "2025-11-01T04:19:03Z",
                    "2025-11-01T04:19:29Z",
                    "2025-11-01T04:20:01Z",
                    "2025-11-01T04:20:35Z",
                    "2025-11-01T04:21:11Z",
                    "2025-11-01T04:21:39Z",
                    "2025-11-01T04:22:10Z",
                    "2025-11-01T04:22:39Z",
                    "2025-11-01T04:23:03Z",
                    "2025-11-01T04:23:30Z",
                    "2025-11-01T04:23:59Z",
                    "2025-11-01T04:24:25Z",
                    "2025-11-01T04:24:53Z",
                    "2025-11-01T04:25:20Z",
                    "2025-11-01T04:25:46Z",
                    "2025-11-01T04:26:10Z",
                    "2025-11-01T04:26:37Z",
                    "2025-11-01T04:27:05Z",
                    "2025-11-01T04:27:30Z",
                    "2025-11-01T04:27:56Z",
                    "2025-11-01T04:28:22Z",
                    "2025-11-01T04:28:52Z",
                    "2025-11-01T04:29:27Z",
                    "2025-11-01T04:29:55Z",
                    "2025-11-01T04:30:26Z",
                    "2025-11-01T04:30:57Z",
                    "2025-11-01T04:31:47Z",
                    "2025-11-01T04:32:24Z",
                    "2025-11-01T04:32:54Z",
                    "2025-11-01T04:33:24Z",
                    "2025-11-01T04:33:56Z",
                    "2025-11-01T04:34:27Z",
                    "2025-11-01T04:34:56Z",
                    "2025-11-01T04:35:26Z",
                    "2025-11-01T04:35:52Z",
                    "2025-11-01T04:36:18Z",
                    "2025-11-01T04:36:45Z",
                    "2025-11-01T04:37:14Z",
                    "2025-11-01T04:37:43Z",
                    "2025-11-01T04:38:11Z",
                    "2025-11-01T04:38:41Z",
                    "2025-11-01T04:39:20Z",
                    "2025-11-01T04:39:48Z",
                    "2025-11-01T04:40:20Z",
                    "2025-11-01T04:40:49Z",
                    "2025-11-01T04:41:18Z",
                    "2025-11-01T04:41:45Z",
                    "2025-11-01T04:42:11Z",
                    "2025-11-01T04:42:38Z",
                    "2025-11-01T04:43:04Z",
                    "2025-11-01T04:43:30Z",
                    "2025-11-01T04:43:54Z",
                    "2025-11-01T04:44:22Z",
                    "2025-11-01T04:44:50Z",
                    "2025-11-01T04:45:21Z",
                    "2025-11-01T04:45:46Z",
                    "2025-11-01T04:46:13Z",
                    "2025-11-01T04:46:41Z",
                    "2025-11-01T04:47:08Z",
                    "2025-11-01T04:47:47Z",
                    "2025-11-01T04:48:15Z",
                    "2025-11-01T04:48:42Z",
                    "2025-11-01T04:49:09Z",
                    "2025-11-01T04:49:41Z",
                    "2025-11-01T04:50:09Z",
                    "2025-11-01T04:50:35Z",
                    "2025-11-01T04:51:01Z",
                    "2025-11-01T04:51:33Z",
                    "2025-11-01T04:52:01Z",
                    "2025-11-01T04:52:28Z",
                    "2025-11-01T04:52:55Z",
                    "2025-11-01T04:53:25Z",
                    "2025-11-01T04:53:52Z",
                    "2025-11-01T04:54:23Z",
                    "2025-11-01T04:54:50Z",
                    "2025-11-01T04:55:21Z",
                    "2025-11-01T04:55:49Z",
                    "2025-11-01T04:56:19Z",
                    "2025-11-01T04:56:45Z",
                    "2025-11-01T04:57:12Z",
                    "2025-11-01T04:57:41Z",
                    "2025-11-01T04:58:20Z",
                    "2025-11-01T04:58:55Z",
                    "2025-11-01T04:59:27Z",
                    "2025-11-01T04:59:56Z",
                    "2025-11-01T05:00:29Z",
                    "2025-11-01T05:00:57Z",
                    "2025-11-01T05:01:31Z",
                    "2025-11-01T05:02:04Z",
                    "2025-11-01T05:02:46Z",
                    "2025-11-01T05:03:25Z",
                    "2025-11-01T05:03:54Z",
                    "2025-11-01T05:04:20Z",
                    "2025-11-01T05:04:47Z",
                    "2025-11-01T05:05:26Z",
                    "2025-11-01T05:06:03Z",
                    "2025-11-01T05:06:40Z",
                    "2025-11-01T05:07:08Z",
                    "2025-11-01T05:07:38Z",
                    "2025-11-01T05:08:16Z",
                    "2025-11-01T05:08:52Z",
                    "2025-11-01T05:09:19Z",
                    "2025-11-01T05:09:47Z",
                    "2025-11-01T05:10:25Z",
                    "2025-11-01T05:10:55Z",
                    "2025-11-01T05:11:38Z",
                    "2025-11-01T05:12:30Z",
                    "2025-11-01T05:12:59Z",
                    "2025-11-01T05:13:41Z",
                    "2025-11-01T05:14:19Z",
                    "2025-11-01T05:14:50Z",
                    "2025-11-01T05:15:16Z",
                    "2025-11-01T05:15:46Z",
                    "2025-11-01T05:16:19Z",
                    "2025-11-01T05:16:58Z",
                    "2025-11-01T05:17:30Z",
                    "2025-11-01T05:18:08Z",
                    "2025-11-01T05:18:55Z",
                    "2025-11-01T05:19:23Z",
                    "2025-11-01T05:19:53Z",
                    "2025-11-01T05:20:20Z",
                    "2025-11-01T05:21:02Z",
                    "2025-11-01T05:21:29Z",
                    "2025-11-01T05:22:00Z",
                    "2025-11-01T05:22:38Z",
                    "2025-11-01T05:23:14Z",
                    "2025-11-01T05:23:41Z",
                    "2025-11-01T05:24:18Z",
                    "2025-11-01T05:24:45Z",
                    "2025-11-01T05:25:10Z",
                    "2025-11-01T05:25:42Z",
                    "2025-11-01T05:26:17Z",
                    "2025-11-01T05:26:44Z",
                    "2025-11-01T05:27:14Z",
                    "2025-11-01T05:27:49Z",
                    "2025-11-01T05:28:18Z",
                    "2025-11-01T05:28:45Z",
                    "2025-11-01T05:29:13Z",
                    "2025-11-01T05:29:53Z",
                    "2025-11-01T05:30:22Z",
                    "2025-11-01T05:30:48Z",
                    "2025-11-01T05:31:17Z",
                    "2025-11-01T05:31:43Z",
                    "2025-11-01T05:32:10Z",
                    "2025-11-01T05:32:38Z",
                    "2025-11-01T05:33:08Z",
                    "2025-11-01T05:33:37Z",
                    "2025-11-01T05:34:07Z",
                    "2025-11-01T05:34:35Z",
                    "2025-11-01T05:35:03Z",
                    "2025-11-01T05:35:30Z",
                    "2025-11-01T05:35:56Z",
                    "2025-11-01T05:36:25Z",
                    "2025-11-01T05:37:22Z",
                    "2025-11-01T05:38:10Z",
                    "2025-11-01T05:39:04Z",
                    "2025-11-01T05:39:39Z",
                    "2025-11-01T05:40:43Z",
                    "2025-11-01T05:41:38Z",
                    "2025-11-01T05:42:40Z",
                    "2025-11-01T05:43:40Z",
                    "2025-11-01T05:44:52Z",
                    "2025-11-01T05:45:57Z",
                    "2025-11-01T05:46:40Z",
                    "2025-11-01T05:47:33Z",
                    "2025-11-01T05:48:10Z",
                    "2025-11-01T05:48:48Z",
                    "2025-11-01T05:49:32Z",
                    "2025-11-01T05:50:05Z",
                    "2025-11-01T05:50:32Z",
                    "2025-11-01T05:51:01Z",
                    "2025-11-01T05:51:29Z",
                    "2025-11-01T05:51:55Z",
                    "2025-11-01T05:52:23Z",
                    "2025-11-01T05:52:52Z",
                    "2025-11-01T05:53:19Z",
                    "2025-11-01T05:53:47Z",
                    "2025-11-01T05:54:13Z",
                    "2025-11-01T05:54:40Z",
                    "2025-11-01T05:55:09Z",
                    "2025-11-01T05:55:36Z",
                    "2025-11-01T05:56:17Z",
                    "2025-11-01T05:56:46Z",
                    "2025-11-01T05:57:13Z",
                    "2025-11-01T05:57:40Z",
                    "2025-11-01T05:58:06Z",
                    "2025-11-01T05:58:33Z",
                    "2025-11-01T05:59:01Z",
                    "2025-11-01T05:59:28Z",
                    "2025-11-01T05:59:56Z",
                    "2025-11-01T06:00:35Z",
                    "2025-11-01T06:01:11Z",
                    "2025-11-01T06:01:41Z",
                    "2025-11-01T06:02:09Z",
                    "2025-11-01T06:02:38Z",
                    "2025-11-01T06:03:08Z",
                    "2025-11-01T06:03:43Z",
                    "2025-11-01T06:04:14Z",
                    "2025-11-01T06:04:41Z",
                    "2025-11-01T06:05:17Z",
                    "2025-11-01T06:06:46Z",
                    "2025-11-01T06:07:14Z",
                    "2025-11-01T06:07:41Z",
                    "2025-11-01T06:08:09Z",
                    "2025-11-01T06:08:36Z",
                    "2025-11-01T06:09:04Z",
                    "2025-11-01T06:09:34Z",
                    "2025-11-01T06:10:01Z",
                    "2025-11-01T06:10:28Z",
                    "2025-11-01T06:10:57Z",
                    "2025-11-01T06:11:24Z",
                    "2025-11-01T06:11:53Z",
                    "2025-11-01T06:12:20Z",
                    "2025-11-01T06:12:49Z",
                    "2025-11-01T06:13:20Z",
                    "2025-11-01T06:13:46Z",
                    "2025-11-01T06:14:12Z",
                    "2025-11-01T06:14:39Z",
                    "2025-11-01T06:15:05Z",
                    "2025-11-01T06:15:31Z",
                    "2025-11-01T06:15:58Z",
                    "2025-11-01T06:16:24Z",
                    "2025-11-01T06:16:50Z",
                    "2025-11-01T06:17:17Z",
                    "2025-11-01T06:17:45Z",
                    "2025-11-01T06:18:13Z",
                    "2025-11-01T06:18:42Z",
                    "2025-11-01T06:19:14Z",
                    "2025-11-01T06:19:44Z",
                    "2025-11-01T06:20:20Z",
                    "2025-11-01T06:20:55Z",
                    "2025-11-01T06:21:27Z",
                    "2025-11-01T06:21:57Z",
                    "2025-11-01T06:22:25Z",
                    "2025-11-01T06:22:55Z",
                    "2025-11-01T06:23:28Z",
                    "2025-11-01T06:24:01Z",
                    "2025-11-01T06:24:27Z",
                    "2025-11-01T06:24:54Z",
                    "2025-11-01T06:25:22Z",
                    "2025-11-01T06:25:56Z",
                    "2025-11-01T06:26:31Z",
                    "2025-11-01T06:27:07Z",
                    "2025-11-01T06:27:45Z",
                    "2025-11-01T06:28:24Z",
                    "2025-11-01T06:29:08Z",
                    "2025-11-01T06:29:44Z",
                    "2025-11-01T06:30:21Z",
                    "2025-11-01T06:31:02Z",
                    "2025-11-01T06:31:37Z",
                    "2025-11-01T06:32:06Z",
                    "2025-11-01T06:32:39Z",
                    "2025-11-01T06:33:10Z",
                    "2025-11-01T06:33:46Z",
                    "2025-11-01T06:34:26Z",
                    "2025-11-01T06:35:07Z",
                    "2025-11-01T06:35:45Z",
                    "2025-11-01T06:36:17Z",
                    "2025-11-01T06:36:45Z",
                    "2025-11-01T06:37:29Z",
                    "2025-11-01T06:38:03Z",
                    "2025-11-01T06:38:37Z",
                    "2025-11-01T06:39:23Z",
                    "2025-11-01T06:39:50Z",
                    "2025-11-01T06:40:34Z",
                    "2025-11-01T06:41:03Z",
                    "2025-11-01T06:41:38Z",
                    "2025-11-01T06:42:19Z",
                    "2025-11-01T06:42:55Z",
                    "2025-11-01T06:43:27Z",
                    "2025-11-01T06:44:11Z",
                    "2025-11-01T06:44:45Z",
                    "2025-11-01T06:45:18Z",
                    "2025-11-01T06:45:47Z",
                    "2025-11-01T06:46:22Z",
                    "2025-11-01T06:46:50Z",
                    "2025-11-01T06:47:18Z",
                    "2025-11-01T06:47:47Z",
                    "2025-11-01T06:48:14Z",
                    "2025-11-01T06:48:43Z",
                    "2025-11-01T06:49:11Z",
                    "2025-11-01T06:49:38Z",
                    "2025-11-01T06:50:05Z",
                    "2025-11-01T06:50:32Z",
                    "2025-11-01T06:50:59Z",
                    "2025-11-01T06:51:28Z",
                    "2025-11-01T06:52:02Z",
                    "2025-11-01T06:52:29Z",
                    "2025-11-01T06:52:55Z",
                    "2025-11-01T06:53:23Z",
                    "2025-11-01T06:53:50Z",
                    "2025-11-01T06:54:16Z",
                    "2025-11-01T06:54:44Z",
                    "2025-11-01T06:55:10Z",
                    "2025-11-01T06:55:38Z",
                    "2025-11-01T06:56:04Z",
                    "2025-11-01T06:56:32Z",
                    "2025-11-01T06:56:58Z",
                    "2025-11-01T06:57:25Z",
                    "2025-11-01T06:57:52Z",
                    "2025-11-01T06:58:18Z",
                    "2025-11-01T06:59:01Z",
                    "2025-11-01T06:59:29Z",
                    "2025-11-01T06:59:56Z",
                    "2025-11-01T07:00:23Z",
                    "2025-11-01T07:00:49Z",
                    "2025-11-01T07:01:16Z",
                    "2025-11-01T07:01:44Z",
                    "2025-11-01T07:02:11Z",
                    "2025-11-01T07:02:40Z",
                    "2025-11-01T07:03:07Z",
                    "2025-11-01T07:03:34Z",
                    "2025-11-01T07:04:00Z",
                    "2025-11-01T07:04:26Z",
                    "2025-11-01T07:04:51Z",
                    "2025-11-01T07:05:18Z",
                    "2025-11-01T07:05:53Z",
                    "2025-11-01T07:06:21Z",
                    "2025-11-01T07:06:50Z",
                    "2025-11-01T07:07:18Z",
                    "2025-11-01T07:07:45Z",
                    "2025-11-01T07:08:13Z",
                    "2025-11-01T07:08:42Z",
                    "2025-11-01T07:09:10Z",
                    "2025-11-01T07:09:37Z",
                    "2025-11-01T07:10:04Z",
                    "2025-11-01T07:10:33Z",
                    "2025-11-01T07:10:59Z",
                    "2025-11-01T07:11:26Z",
                    "2025-11-01T07:11:54Z",
                    "2025-11-01T07:12:24Z",
                    "2025-11-01T07:12:53Z",
                    "2025-11-01T07:13:20Z",
                    "2025-11-01T07:13:47Z",
                    "2025-11-01T07:14:14Z",
                    "2025-11-01T07:14:42Z",
                    "2025-11-01T07:15:08Z",
                    "2025-11-01T07:15:33Z",
                    "2025-11-01T07:16:00Z",
                    "2025-11-01T07:16:59Z",
                    "2025-11-01T07:17:26Z",
                    "2025-11-01T07:17:53Z",
                    "2025-11-01T07:18:18Z",
                    "2025-11-01T07:18:45Z",
                    "2025-11-01T07:19:10Z",
                    "2025-11-01T07:19:37Z",
                    "2025-11-01T07:20:08Z",
                    "2025-11-01T07:20:35Z",
                    "2025-11-01T07:21:01Z",
                    "2025-11-01T07:21:29Z",
                    "2025-11-01T07:21:56Z",
                    "2025-11-01T07:22:22Z",
                    "2025-11-01T07:22:48Z",
                    "2025-11-01T07:23:13Z",
                    "2025-11-01T07:23:42Z",
                    "2025-11-01T07:24:16Z",
                    "2025-11-01T07:24:39Z"
                ]
            },
            "geometry": {
                "type": "LineString",
                "coordinates": [
                    [
                        135.34134599341812,
                        34.810098677020825,
                        51
                    ],
                    [
                        135.34153704946314,
                        34.8105260803804,
                        46
                    ],
                    [
                        135.3418316982293,
                        34.81088626783556,
                        44
                    ],
                    [
                        135.34202373895434,
                        34.81105905550304,
                        46
                    ],
                    [
                        135.34204719259762,
                        34.810933638009786,
                        46
                    ],
                    [
                        135.342183733441,
                        34.81100075860859,
                        58
                    ],
                    [
                        135.34265175014735,
                        34.8110395878663,
                        51
                    ],
                    [
                        135.34301119272595,
                        34.81113408646755,
                        50
                    ],
                    [
                        135.3433886038603,
                        34.811298658580505,
                        55
                    ],
                    [
                        135.3438023641351,
                        34.811181749393924,
                        58
                    ],
                    [
                        135.3442421724408,
                        34.81121836212503,
                        57
                    ],
                    [
                        135.34455529846326,
                        34.811232099941485,
                        56
                    ],
                    [
                        135.3449739790744,
                        34.8111579971273,
                        52
                    ],
                    [
                        135.34539537265042,
                        34.81117511342245,
                        53
                    ],
                    [
                        135.34581738687177,
                        34.811222075473665,
                        55
                    ],
                    [
                        135.3462150718425,
                        34.81132663059955,
                        52
                    ],
                    [
                        135.34659111618745,
                        34.81142394913991,
                        50
                    ],
                    [
                        135.3468921035678,
                        34.81164833839878,
                        52
                    ],
                    [
                        135.34726378573833,
                        34.811795827597074,
                        48
                    ],
                    [
                        135.34745850346602,
                        34.81202632982797,
                        51
                    ],
                    [
                        135.34767826887096,
                        34.812247370607125,
                        53
                    ],
                    [
                        135.34804880345558,
                        34.812254590249886,
                        51
                    ],
                    [
                        135.3484196285681,
                        34.812403645465245,
                        51
                    ],
                    [
                        135.348843753138,
                        34.81244943548528,
                        53
                    ],
                    [
                        135.34926523893705,
                        34.81244208871031,
                        51
                    ],
                    [
                        135.34965043629364,
                        34.812387347921565,
                        52
                    ],
                    [
                        135.3500442782839,
                        34.81238115249941,
                        50
                    ],
                    [
                        135.3504653045433,
                        34.81245096708754,
                        50
                    ],
                    [
                        135.35085035605545,
                        34.812588808721635,
                        49
                    ],
                    [
                        135.3512470506442,
                        34.812682164199515,
                        49
                    ],
                    [
                        135.35162376325036,
                        34.8127933871762,
                        51
                    ],
                    [
                        135.3519771072472,
                        34.8128343620461,
                        54
                    ],
                    [
                        135.35241183985227,
                        34.812730487660964,
                        55
                    ],
                    [
                        135.3524014844937,
                        34.812997881770464,
                        61
                    ],
                    [
                        135.3521547737559,
                        34.813296428728194,
                        57
                    ],
                    [
                        135.3519160101307,
                        34.8135741055353,
                        57
                    ],
                    [
                        135.35185387667917,
                        34.81390305847156,
                        62
                    ],
                    [
                        135.35176608109973,
                        34.814263393985435,
                        63
                    ],
                    [
                        135.35172702228235,
                        34.81457686087104,
                        66
                    ],
                    [
                        135.35162284171264,
                        34.814894020604,
                        66
                    ],
                    [
                        135.35155149193722,
                        34.81523343505166,
                        69
                    ],
                    [
                        135.35152216656135,
                        34.81554191269988,
                        72
                    ],
                    [
                        135.35144768750564,
                        34.815867730361035,
                        74
                    ],
                    [
                        135.3514176033116,
                        34.816205033769585,
                        73
                    ],
                    [
                        135.3512799178462,
                        34.8165208503437,
                        72
                    ],
                    [
                        135.35110029479512,
                        34.81680609815143,
                        76
                    ],
                    [
                        135.35114366295565,
                        34.81706212416972,
                        78
                    ],
                    [
                        135.35143174489352,
                        34.817299134560194,
                        69
                    ],
                    [
                        135.35174098361483,
                        34.81753297850348,
                        68
                    ],
                    [
                        135.35186732156765,
                        34.817836932547515,
                        79
                    ],
                    [
                        135.35201778982915,
                        34.81815475477637,
                        80
                    ],
                    [
                        135.35217579162077,
                        34.8184522560225,
                        79
                    ],
                    [
                        135.3522663602203,
                        34.81876748671949,
                        83
                    ],
                    [
                        135.35202540737146,
                        34.81903566089071,
                        83
                    ],
                    [
                        135.3520230906681,
                        34.81935286342491,
                        85
                    ],
                    [
                        135.35221181253075,
                        34.81965307141453,
                        90
                    ],
                    [
                        135.35205965391603,
                        34.81986713376458,
                        94
                    ],
                    [
                        135.35184539865904,
                        34.8201107537361,
                        96
                    ],
                    [
                        135.35198028263858,
                        34.820427959790216,
                        100
                    ],
                    [
                        135.35225137929814,
                        34.82066886935192,
                        106
                    ],
                    [
                        135.3523512312833,
                        34.82099805355147,
                        104
                    ],
                    [
                        135.35243796069855,
                        34.821286047480854,
                        99
                    ],
                    [
                        135.352490413462,
                        34.82158860442787,
                        99
                    ],
                    [
                        135.35257887917123,
                        34.82183717557703,
                        101
                    ],
                    [
                        135.35241790285215,
                        34.821552005800946,
                        102
                    ],
                    [
                        135.3523183161245,
                        34.821241170805905,
                        101
                    ],
                    [
                        135.35235485457346,
                        34.82094233643912,
                        100
                    ],
                    [
                        135.35223581062226,
                        34.82061659811798,
                        106
                    ],
                    [
                        135.35193285803027,
                        34.82037294873586,
                        105
                    ],
                    [
                        135.35182190021789,
                        34.82007841202074,
                        100
                    ],
                    [
                        135.3517214312551,
                        34.81977399827981,
                        97
                    ],
                    [
                        135.3515002187994,
                        34.8195064508049,
                        99
                    ],
                    [
                        135.35145008170494,
                        34.819332432587615,
                        98
                    ],
                    [
                        135.3512388907244,
                        34.819437841106264,
                        104
                    ],
                    [
                        135.35116576880998,
                        34.81976119030062,
                        111
                    ],
                    [
                        135.35100752782657,
                        34.81997339962659,
                        116
                    ],
                    [
                        135.3508988461835,
                        34.82014755661324,
                        123
                    ],
                    [
                        135.35078573712534,
                        34.82038076921642,
                        128
                    ],
                    [
                        135.3506325259551,
                        34.820539175610875,
                        141
                    ],
                    [
                        135.3504174606455,
                        34.820579210340505,
                        150
                    ],
                    [
                        135.35022820086732,
                        34.82070805311571,
                        150
                    ],
                    [
                        135.35017812064558,
                        34.82089979378733,
                        164
                    ],
                    [
                        135.3498563648616,
                        34.82105105344226,
                        168
                    ],
                    [
                        135.3494799370139,
                        34.821101508663155,
                        171
                    ],
                    [
                        135.34921480568718,
                        34.82133808120065,
                        167
                    ],
                    [
                        135.3491625549186,
                        34.82167573667071,
                        166
                    ],
                    [
                        135.3492584515498,
                        34.821950825972436,
                        168
                    ],
                    [
                        135.3492100265434,
                        34.822265963880845,
                        169
                    ],
                    [
                        135.34911840608595,
                        34.82250761308718,
                        172
                    ],
                    [
                        135.34912788045145,
                        34.822753886611814,
                        179
                    ],
                    [
                        135.34914121598283,
                        34.822959854425214,
                        185
                    ],
                    [
                        135.34929732266576,
                        34.82311006701631,
                        191
                    ],
                    [
                        135.34932183832328,
                        34.8232795471043,
                        199
                    ],
                    [
                        135.34925073686736,
                        34.82347360166988,
                        201
                    ],
                    [
                        135.34936747881648,
                        34.823737140746445,
                        200
                    ],
                    [
                        135.34947273711558,
                        34.82400246996242,
                        202
                    ],
                    [
                        135.34967095922818,
                        34.82420503076896,
                        205
                    ],
                    [
                        135.34981621808456,
                        34.82448252413541,
                        199
                    ],
                    [
                        135.3498687548603,
                        34.82469729296362,
                        202
                    ],
                    [
                        135.3497322052798,
                        34.82488877997701,
                        204
                    ],
                    [
                        135.34950015982093,
                        34.824992227892615,
                        205
                    ],
                    [
                        135.3494114367611,
                        34.825168537186556,
                        215
                    ],
                    [
                        135.34948603670392,
                        34.825391970378114,
                        222
                    ],
                    [
                        135.34973450595209,
                        34.825578684497074,
                        224
                    ],
                    [
                        135.35000999993488,
                        34.825666013889695,
                        225
                    ],
                    [
                        135.3501635917589,
                        34.82584891342059,
                        230
                    ],
                    [
                        135.35009590377322,
                        34.82609155438605,
                        234
                    ],
                    [
                        135.34998861537525,
                        34.82634532869567,
                        240
                    ],
                    [
                        135.3498982083621,
                        34.82655625119295,
                        248
                    ],
                    [
                        135.34972043047085,
                        34.82673597122162,
                        248
                    ],
                    [
                        135.34949063611668,
                        34.82692587055195,
                        251
                    ],
                    [
                        135.34929227532962,
                        34.827118254705155,
                        256
                    ],
                    [
                        135.3490991508773,
                        34.82729143431037,
                        260
                    ],
                    [
                        135.3488808511528,
                        34.82745930947883,
                        265
                    ],
                    [
                        135.34877658236337,
                        34.82775188072541,
                        269
                    ],
                    [
                        135.34877135568883,
                        34.8280366831381,
                        273
                    ],
                    [
                        135.34885192586603,
                        34.82819242253584,
                        279
                    ],
                    [
                        135.3490903853203,
                        34.82834946388142,
                        276
                    ],
                    [
                        135.3491058914604,
                        34.828591019892166,
                        285
                    ],
                    [
                        135.34936190613809,
                        34.828636378346495,
                        289
                    ],
                    [
                        135.34950347119064,
                        34.8288611904891,
                        295
                    ],
                    [
                        135.3496184884627,
                        34.82907721348017,
                        296
                    ],
                    [
                        135.34957335288732,
                        34.82930284691267,
                        302
                    ],
                    [
                        135.3494448887762,
                        34.829547758530005,
                        308
                    ],
                    [
                        135.34941881817426,
                        34.82980413987302,
                        314
                    ],
                    [
                        135.3495090990152,
                        34.8300740154765,
                        313
                    ],
                    [
                        135.34943233827457,
                        34.83032606078243,
                        320
                    ],
                    [
                        135.34936523009432,
                        34.83054127889062,
                        323
                    ],
                    [
                        135.34954358474815,
                        34.83072909230439,
                        327
                    ],
                    [
                        135.34972269595303,
                        34.83081433014421,
                        325
                    ],
                    [
                        135.34975202678132,
                        34.831109568181674,
                        324
                    ],
                    [
                        135.34997420058218,
                        34.831397172363125,
                        326
                    ],
                    [
                        135.34995201691228,
                        34.8317361639046,
                        331
                    ],
                    [
                        135.35027745804507,
                        34.831923749167686,
                        331
                    ],
                    [
                        135.35051767979436,
                        34.83188109094061,
                        336
                    ],
                    [
                        135.3507148022536,
                        34.83205555110015,
                        339
                    ],
                    [
                        135.35082582241472,
                        34.83237139770153,
                        342
                    ],
                    [
                        135.35091405120852,
                        34.83269730406416,
                        348
                    ],
                    [
                        135.35104294229617,
                        34.83300070330216,
                        354
                    ],
                    [
                        135.35133698190933,
                        34.83295135626775,
                        364
                    ],
                    [
                        135.35158265419386,
                        34.83314440289669,
                        360
                    ],
                    [
                        135.3514160312499,
                        34.83337880101976,
                        367
                    ],
                    [
                        135.35134475563856,
                        34.833529398160046,
                        371
                    ],
                    [
                        135.35129545800004,
                        34.833766691980834,
                        372
                    ],
                    [
                        135.35145086796672,
                        34.83395610680488,
                        381
                    ],
                    [
                        135.35132492491155,
                        34.83414822381403,
                        386
                    ],
                    [
                        135.3511444217277,
                        34.83433734346049,
                        393
                    ],
                    [
                        135.35099494904324,
                        34.83447780374755,
                        400
                    ],
                    [
                        135.35082293207367,
                        34.8346347526116,
                        403
                    ],
                    [
                        135.35058241366133,
                        34.834788692207454,
                        408
                    ],
                    [
                        135.3505200803592,
                        34.83510390436949,
                        413
                    ],
                    [
                        135.35041512619318,
                        34.83533218708112,
                        419
                    ],
                    [
                        135.35029551258836,
                        34.83558576603932,
                        421
                    ],
                    [
                        135.3499903964952,
                        34.835758668907786,
                        421
                    ],
                    [
                        135.34984575917446,
                        34.83600042084278,
                        427
                    ],
                    [
                        135.3497545313278,
                        34.83622742606774,
                        433
                    ],
                    [
                        135.3497826312732,
                        34.83643619395604,
                        432
                    ],
                    [
                        135.3499108485701,
                        34.8366932118607,
                        432
                    ],
                    [
                        135.3501634858322,
                        34.83690735445164,
                        436
                    ],
                    [
                        135.35045751285642,
                        34.83704152537336,
                        438
                    ],
                    [
                        135.35074389766962,
                        34.83702774062687,
                        435
                    ],
                    [
                        135.35107215993858,
                        34.83711957354252,
                        427
                    ],
                    [
                        135.3514416857708,
                        34.837166817979174,
                        428
                    ],
                    [
                        135.35174247808612,
                        34.83733473700645,
                        430
                    ],
                    [
                        135.3520371087408,
                        34.83737108104933,
                        434
                    ],
                    [
                        135.3521896861823,
                        34.837525883126915,
                        438
                    ],
                    [
                        135.35222952606986,
                        34.83779655023197,
                        439
                    ],
                    [
                        135.35226185570488,
                        34.838055576316776,
                        434
                    ],
                    [
                        135.3522490715297,
                        34.83829116316955,
                        430
                    ],
                    [
                        135.35233993517645,
                        34.838550643229446,
                        422
                    ],
                    [
                        135.35251218604887,
                        34.83881068458559,
                        422
                    ],
                    [
                        135.3526733583327,
                        34.839026360695385,
                        428
                    ],
                    [
                        135.35288583618086,
                        34.83911538945895,
                        435
                    ],
                    [
                        135.35296558309324,
                        34.839266233816566,
                        443
                    ],
                    [
                        135.35297997014783,
                        34.83947892031401,
                        444
                    ],
                    [
                        135.35304630654622,
                        34.83977062026711,
                        447
                    ],
                    [
                        135.35328376992075,
                        34.84002880730639,
                        449
                    ],
                    [
                        135.3534904332479,
                        34.84028803231861,
                        453
                    ],
                    [
                        135.35349297022827,
                        34.84060039953923,
                        451
                    ],
                    [
                        135.35329736898453,
                        34.8409128071006,
                        452
                    ],
                    [
                        135.35325300667637,
                        34.84113476517108,
                        454
                    ],
                    [
                        135.35318353537508,
                        34.841434908854474,
                        450
                    ],
                    [
                        135.35328217843647,
                        34.84172727430574,
                        447
                    ],
                    [
                        135.3533233546611,
                        34.84208224041484,
                        446
                    ],
                    [
                        135.35342239223243,
                        34.84238364799681,
                        449
                    ],
                    [
                        135.35373734194047,
                        34.84253663776266,
                        452
                    ],
                    [
                        135.3540420512797,
                        34.84272575898689,
                        455
                    ],
                    [
                        135.35416189595324,
                        34.84304093459272,
                        458
                    ],
                    [
                        135.35423147312582,
                        34.84329331888298,
                        452
                    ],
                    [
                        135.3543515466055,
                        34.843594319254144,
                        453
                    ],
                    [
                        135.35448476101516,
                        34.843733039054996,
                        458
                    ],
                    [
                        135.35466046393302,
                        34.84397832967126,
                        461
                    ],
                    [
                        135.35483002975715,
                        34.84420814117394,
                        466
                    ],
                    [
                        135.35509172290966,
                        34.84435519324548,
                        472
                    ],
                    [
                        135.35529709086813,
                        34.84441399505852,
                        476
                    ],
                    [
                        135.35522960387365,
                        34.844588464500596,
                        478
                    ],
                    [
                        135.35524864262703,
                        34.844681004067404,
                        477
                    ],
                    [
                        135.35526884288623,
                        34.84448365223828,
                        476
                    ],
                    [
                        135.3553830052391,
                        34.84445584634445,
                        472
                    ],
                    [
                        135.3555529672568,
                        34.84466381939298,
                        463
                    ],
                    [
                        135.35582827714157,
                        34.84486181522684,
                        461
                    ],
                    [
                        135.35603350716323,
                        34.845030569688866,
                        455
                    ],
                    [
                        135.35624948587395,
                        34.8452141850969,
                        448
                    ],
                    [
                        135.35658560318555,
                        34.84534128815711,
                        444
                    ],
                    [
                        135.356915717752,
                        34.845482354717845,
                        441
                    ],
                    [
                        135.3572053751278,
                        34.84568920380196,
                        438
                    ],
                    [
                        135.35754945227865,
                        34.84584345196137,
                        434
                    ],
                    [
                        135.35790298084783,
                        34.845952274706995,
                        435
                    ],
                    [
                        135.35820078056145,
                        34.84599450621386,
                        441
                    ],
                    [
                        135.35850809963816,
                        34.846014738079916,
                        445
                    ],
                    [
                        135.35881683401723,
                        34.846006910348464,
                        448
                    ],
                    [
                        135.35900691335797,
                        34.845866026883904,
                        453
                    ],
                    [
                        135.3591529568812,
                        34.84572304230994,
                        458
                    ],
                    [
                        135.35949506355567,
                        34.845703030701,
                        461
                    ],
                    [
                        135.35986260164384,
                        34.84576099969773,
                        461
                    ],
                    [
                        135.36023875564902,
                        34.84581008656995,
                        460
                    ],
                    [
                        135.36053061624318,
                        34.84597698524267,
                        459
                    ],
                    [
                        135.36089854346454,
                        34.846099085537006,
                        459
                    ],
                    [
                        135.36123129473302,
                        34.84623685093661,
                        454
                    ],
                    [
                        135.36158305948848,
                        34.8462467824695,
                        451
                    ],
                    [
                        135.3619335687154,
                        34.846142275587184,
                        441
                    ],
                    [
                        135.36226907368402,
                        34.84619404094596,
                        434
                    ],
                    [
                        135.36262425740787,
                        34.846100442142856,
                        444
                    ],
                    [
                        135.3629877273739,
                        34.84596761711739,
                        443
                    ],
                    [
                        135.36326485952424,
                        34.84575280848761,
                        446
                    ],
                    [
                        135.36352452813603,
                        34.84551127847438,
                        444
                    ],
                    [
                        135.3638271674918,
                        34.84539326850329,
                        440
                    ],
                    [
                        135.36393812825838,
                        34.84527388172461,
                        437
                    ],
                    [
                        135.36408472316108,
                        34.84519606334662,
                        429
                    ],
                    [
                        135.36435016111852,
                        34.84515503194213,
                        419
                    ],
                    [
                        135.36469608103894,
                        34.84509001673502,
                        417
                    ],
                    [
                        135.36500982969122,
                        34.84517035766143,
                        411
                    ],
                    [
                        135.36532825701707,
                        34.845279663378044,
                        406
                    ],
                    [
                        135.36572216290006,
                        34.84538450069564,
                        403
                    ],
                    [
                        135.366014567935,
                        34.84553648334041,
                        399
                    ],
                    [
                        135.36622500844297,
                        34.84574242223211,
                        401
                    ],
                    [
                        135.36647832625098,
                        34.84596704396774,
                        400
                    ],
                    [
                        135.36671360891862,
                        34.84619106568687,
                        402
                    ],
                    [
                        135.36691764551304,
                        34.84641241500866,
                        402
                    ],
                    [
                        135.36718791723743,
                        34.84659223785577,
                        401
                    ],
                    [
                        135.36754367146995,
                        34.846438659178325,
                        393
                    ],
                    [
                        135.36788238608807,
                        34.846373404834665,
                        388
                    ],
                    [
                        135.3682676435207,
                        34.846281468921546,
                        383
                    ],
                    [
                        135.368593963677,
                        34.84612962205897,
                        385
                    ],
                    [
                        135.3688990075178,
                        34.845991365595,
                        387
                    ],
                    [
                        135.36924917648264,
                        34.845923418205395,
                        383
                    ],
                    [
                        135.36958001509097,
                        34.846055717981955,
                        379
                    ],
                    [
                        135.36993783453306,
                        34.84596667928063,
                        382
                    ],
                    [
                        135.37026927792488,
                        34.84594725034942,
                        384
                    ],
                    [
                        135.3704493222745,
                        34.845835066258665,
                        389
                    ],
                    [
                        135.3705037366679,
                        34.8456204827924,
                        386
                    ],
                    [
                        135.37055206800923,
                        34.84548444391481,
                        384
                    ],
                    [
                        135.370716663224,
                        34.845348986018756,
                        383
                    ],
                    [
                        135.37091436997108,
                        34.8453107753413,
                        383
                    ],
                    [
                        135.37124888760107,
                        34.845149188844566,
                        378
                    ],
                    [
                        135.37143845716471,
                        34.84493269412255,
                        376
                    ],
                    [
                        135.37163679300443,
                        34.844830579473346,
                        372
                    ],
                    [
                        135.3718213110163,
                        34.8448236028359,
                        365
                    ],
                    [
                        135.37197631956684,
                        34.844763362761725,
                        357
                    ],
                    [
                        135.37225566201408,
                        34.8447484804239,
                        351
                    ],
                    [
                        135.37259289073168,
                        34.8447663691845,
                        352
                    ],
                    [
                        135.37285767358685,
                        34.8446136491036,
                        353
                    ],
                    [
                        135.37311675678205,
                        34.84447517422929,
                        356
                    ],
                    [
                        135.37323132179642,
                        34.844299369837195,
                        348
                    ],
                    [
                        135.37338990865192,
                        34.84420884110979,
                        341
                    ],
                    [
                        135.37363042752213,
                        34.844226394183664,
                        332
                    ],
                    [
                        135.37393816485525,
                        34.844099847007996,
                        322
                    ],
                    [
                        135.37418133362786,
                        34.843999965526194,
                        320
                    ],
                    [
                        135.37438285977663,
                        34.84409274001151,
                        310
                    ],
                    [
                        135.37456707288752,
                        34.84421241404082,
                        307
                    ],
                    [
                        135.37495046865712,
                        34.84425809539938,
                        304
                    ],
                    [
                        135.3751709935789,
                        34.84403532847523,
                        300
                    ],
                    [
                        135.3753065857209,
                        34.843955192586954,
                        299
                    ],
                    [
                        135.37547852129958,
                        34.843794170238816,
                        305
                    ],
                    [
                        135.37563509960407,
                        34.843662571530054,
                        310
                    ],
                    [
                        135.37575415449263,
                        34.843474499867646,
                        314
                    ],
                    [
                        135.37586268196688,
                        34.84324934555373,
                        311
                    ],
                    [
                        135.3760192580817,
                        34.84316509665482,
                        306
                    ],
                    [
                        135.37623158045693,
                        34.84303681381113,
                        298
                    ],
                    [
                        135.37635327053914,
                        34.8427493734647,
                        291
                    ],
                    [
                        135.3764433923621,
                        34.84252973376964,
                        283
                    ],
                    [
                        135.37664877328217,
                        34.84232882179241,
                        283
                    ],
                    [
                        135.3766364085272,
                        34.842163401830554,
                        290
                    ],
                    [
                        135.37676029692557,
                        34.842004533109716,
                        299
                    ],
                    [
                        135.37701445973119,
                        34.842008540334355,
                        303
                    ],
                    [
                        135.37718837675413,
                        34.841862464650625,
                        310
                    ],
                    [
                        135.37745845689372,
                        34.841670522455466,
                        316
                    ],
                    [
                        135.3777189812166,
                        34.841506057935966,
                        321
                    ],
                    [
                        135.37807445700284,
                        34.84157743543579,
                        325
                    ],
                    [
                        135.37841201348078,
                        34.84156366307912,
                        326
                    ],
                    [
                        135.3786719662227,
                        34.84157356381268,
                        335
                    ],
                    [
                        135.3790053137692,
                        34.84149750493791,
                        336
                    ],
                    [
                        135.37918277240922,
                        34.84135848367459,
                        345
                    ],
                    [
                        135.37938404515302,
                        34.84130700432792,
                        354
                    ],
                    [
                        135.379689340988,
                        34.841148183414994,
                        359
                    ],
                    [
                        135.37987027617362,
                        34.84088377965039,
                        360
                    ],
                    [
                        135.3799097885914,
                        34.84079667975339,
                        361
                    ],
                    [
                        135.3802224617213,
                        34.84085940318267,
                        358
                    ],
                    [
                        135.3805608904024,
                        34.840817875044,
                        355
                    ],
                    [
                        135.38078416896738,
                        34.84071555557603,
                        350
                    ],
                    [
                        135.3811254093266,
                        34.840603244142244,
                        342
                    ],
                    [
                        135.381412993383,
                        34.840511220200675,
                        345
                    ],
                    [
                        135.38164832535352,
                        34.84034658806414,
                        340
                    ],
                    [
                        135.38183834515294,
                        34.840224977564795,
                        333
                    ],
                    [
                        135.3821324768178,
                        34.840080029201225,
                        327
                    ],
                    [
                        135.38245318318315,
                        34.839878823202724,
                        328
                    ],
                    [
                        135.38268436354628,
                        34.83969601566808,
                        332
                    ],
                    [
                        135.38291694978997,
                        34.83956894104448,
                        337
                    ],
                    [
                        135.38314074234626,
                        34.8393866796976,
                        336
                    ],
                    [
                        135.38348622442334,
                        34.839268469189605,
                        335
                    ],
                    [
                        135.38383741313825,
                        34.839092161391946,
                        332
                    ],
                    [
                        135.38396034756877,
                        34.83886374533872,
                        330
                    ],
                    [
                        135.38407553016944,
                        34.83867292791852,
                        333
                    ],
                    [
                        135.3843309721588,
                        34.838483710928124,
                        338
                    ],
                    [
                        135.38462621125583,
                        34.83835325802434,
                        335
                    ],
                    [
                        135.38491534140573,
                        34.83826903902472,
                        332
                    ],
                    [
                        135.38519520325457,
                        34.8381057229837,
                        328
                    ],
                    [
                        135.3853487120647,
                        34.83800315634691,
                        326
                    ],
                    [
                        135.38563561370958,
                        34.83783871244822,
                        318
                    ],
                    [
                        135.38589042620467,
                        34.83758674999583,
                        319
                    ],
                    [
                        135.38605796021986,
                        34.83736565046256,
                        317
                    ],
                    [
                        135.38602804960487,
                        34.83720477748483,
                        317
                    ],
                    [
                        135.38619927189637,
                        34.837094395630636,
                        306
                    ],
                    [
                        135.3862511955638,
                        34.83696588827407,
                        300
                    ],
                    [
                        135.38646254550025,
                        34.83686548926126,
                        290
                    ],
                    [
                        135.38656931873737,
                        34.836710813794426,
                        285
                    ],
                    [
                        135.3866676152588,
                        34.83656143273573,
                        277
                    ],
                    [
                        135.38672739637187,
                        34.8364558128744,
                        272
                    ],
                    [
                        135.38682140179392,
                        34.836338964589935,
                        264
                    ],
                    [
                        135.38682138082254,
                        34.8361749974015,
                        254
                    ],
                    [
                        135.38687807470683,
                        34.83606946257363,
                        244
                    ],
                    [
                        135.3869129896547,
                        34.83596052974889,
                        235
                    ],
                    [
                        135.38690285656187,
                        34.83581995650522,
                        230
                    ],
                    [
                        135.3870709972367,
                        34.83572441150874,
                        217
                    ],
                    [
                        135.38708637198002,
                        34.83555792304464,
                        219
                    ],
                    [
                        135.38705875730167,
                        34.835445062800794,
                        208
                    ],
                    [
                        135.38717054535795,
                        34.83535003698596,
                        203
                    ],
                    [
                        135.38739034650874,
                        34.83551324715159,
                        192
                    ],
                    [
                        135.38761289548927,
                        34.835632533072925,
                        188
                    ],
                    [
                        135.3879618610479,
                        34.83567368819079,
                        186
                    ],
                    [
                        135.38831457159958,
                        34.835544442837346,
                        180
                    ],
                    [
                        135.3885659556524,
                        34.83536569237292,
                        176
                    ],
                    [
                        135.3888689550707,
                        34.83523171037804,
                        172
                    ],
                    [
                        135.38920071104664,
                        34.835389355632756,
                        166
                    ],
                    [
                        135.38941904702637,
                        34.8355568908641,
                        165
                    ],
                    [
                        135.38970610914228,
                        34.83574380131437,
                        159
                    ],
                    [
                        135.39000636586104,
                        34.83589669305055,
                        159
                    ],
                    [
                        135.39034050064024,
                        34.83598150640087,
                        156
                    ],
                    [
                        135.39064173521655,
                        34.836177344329535,
                        156
                    ],
                    [
                        135.39088342678616,
                        34.83643467879162,
                        154
                    ],
                    [
                        135.3912884979105,
                        34.836468241586545,
                        153
                    ],
                    [
                        135.39165636883874,
                        34.83642217368893,
                        152
                    ],
                    [
                        135.39205719137192,
                        34.83647132848932,
                        150
                    ],
                    [
                        135.39246014859071,
                        34.83648582927653,
                        150
                    ],
                    [
                        135.39283861524282,
                        34.83655081196778,
                        148
                    ],
                    [
                        135.3932453955953,
                        34.83654683044226,
                        148
                    ],
                    [
                        135.39366927322968,
                        34.83657191914532,
                        152
                    ],
                    [
                        135.39374659529176,
                        34.83691792443925,
                        154
                    ],
                    [
                        135.39372076829682,
                        34.83722558264821,
                        158
                    ],
                    [
                        135.39371109298818,
                        34.837426866551596,
                        163
                    ],
                    [
                        135.39370579340286,
                        34.83763211427419,
                        156
                    ],
                    [
                        135.39366853013328,
                        34.837912205323946,
                        154
                    ],
                    [
                        135.39368799962995,
                        34.838262748612664,
                        158
                    ],
                    [
                        135.3936848139209,
                        34.838512438725324,
                        158
                    ],
                    [
                        135.39369967214958,
                        34.83872198896656,
                        165
                    ],
                    [
                        135.39367468194072,
                        34.83890007154661,
                        170
                    ],
                    [
                        135.39398794590954,
                        34.83892552384053,
                        168
                    ],
                    [
                        135.39431083672366,
                        34.83897393074284,
                        175
                    ],
                    [
                        135.39451637048478,
                        34.83905246307551,
                        179
                    ],
                    [
                        135.39419014276004,
                        34.83892759998707,
                        175
                    ],
                    [
                        135.39382112401958,
                        34.838944137420924,
                        172
                    ],
                    [
                        135.39345168556622,
                        34.83895253638869,
                        173
                    ],
                    [
                        135.3932150764255,
                        34.839148687653754,
                        173
                    ],
                    [
                        135.39305957932737,
                        34.83940239031329,
                        173
                    ],
                    [
                        135.39284607103033,
                        34.839640098368385,
                        170
                    ],
                    [
                        135.39273580986108,
                        34.83993586065224,
                        173
                    ],
                    [
                        135.3928762029984,
                        34.840216410180446,
                        169
                    ],
                    [
                        135.39304584502455,
                        34.8404819435298,
                        168
                    ],
                    [
                        135.3933328369622,
                        34.840723509484405,
                        168
                    ],
                    [
                        135.39354862788244,
                        34.84096531907381,
                        168
                    ],
                    [
                        135.39388009690614,
                        34.84113726944962,
                        170
                    ],
                    [
                        135.39414084729958,
                        34.84134529833745,
                        172
                    ],
                    [
                        135.39443958590786,
                        34.84152906657145,
                        177
                    ],
                    [
                        135.3947620203419,
                        34.84145198727509,
                        186
                    ],
                    [
                        135.39511946819525,
                        34.84136327452857,
                        188
                    ],
                    [
                        135.39527831824728,
                        34.84113342694179,
                        192
                    ],
                    [
                        135.39538253157633,
                        34.84089872711651,
                        197
                    ],
                    [
                        135.3956492594422,
                        34.84069231241782,
                        197
                    ],
                    [
                        135.39591379539735,
                        34.840514896788676,
                        201
                    ],
                    [
                        135.39623198037322,
                        34.84034809103462,
                        203
                    ],
                    [
                        135.3965223870844,
                        34.84017160391603,
                        202
                    ],
                    [
                        135.3967847855113,
                        34.84031303329286,
                        199
                    ],
                    [
                        135.39696556627868,
                        34.840584420596954,
                        198
                    ],
                    [
                        135.39718286898497,
                        34.84085863545158,
                        198
                    ],
                    [
                        135.39742571337098,
                        34.84096618758258,
                        202
                    ],
                    [
                        135.39767490039594,
                        34.840884309525656,
                        203
                    ],
                    [
                        135.39786481948053,
                        34.84086041474159,
                        206
                    ],
                    [
                        135.39800308759786,
                        34.84067831455863,
                        213
                    ],
                    [
                        135.3981000102508,
                        34.84050498705248,
                        221
                    ],
                    [
                        135.3981150399501,
                        34.84030117799653,
                        224
                    ],
                    [
                        135.3981917618213,
                        34.84011385804177,
                        232
                    ],
                    [
                        135.3980558547823,
                        34.839899627960634,
                        234
                    ],
                    [
                        135.39806319713756,
                        34.839674256893154,
                        242
                    ],
                    [
                        135.39826313873775,
                        34.83948493441024,
                        244
                    ],
                    [
                        135.39844377071623,
                        34.83934029907279,
                        250
                    ],
                    [
                        135.39872548115147,
                        34.83922530746096,
                        253
                    ],
                    [
                        135.3990175777753,
                        34.83906099908502,
                        254
                    ],
                    [
                        135.39940811705702,
                        34.839047588777255,
                        256
                    ],
                    [
                        135.39962750042534,
                        34.83900430912727,
                        259
                    ],
                    [
                        135.3998930072095,
                        34.83897682073448,
                        266
                    ],
                    [
                        135.40019463788465,
                        34.838914978644944,
                        272
                    ],
                    [
                        135.4004374143119,
                        34.83878670913949,
                        279
                    ],
                    [
                        135.40081286177985,
                        34.838747435079306,
                        280
                    ],
                    [
                        135.4010289969568,
                        34.83858047975759,
                        278
                    ],
                    [
                        135.40126051580341,
                        34.838526973842235,
                        273
                    ],
                    [
                        135.40145194253338,
                        34.83845806734525,
                        265
                    ],
                    [
                        135.4016169902918,
                        34.83831811136167,
                        259
                    ],
                    [
                        135.40178280294109,
                        34.838129987713586,
                        247
                    ],
                    [
                        135.4019816849281,
                        34.83793195008994,
                        238
                    ],
                    [
                        135.4021578725178,
                        34.83776261062773,
                        232
                    ],
                    [
                        135.40237437192357,
                        34.83767270241876,
                        227
                    ],
                    [
                        135.40258279293184,
                        34.83758278485699,
                        220
                    ],
                    [
                        135.4027684237011,
                        34.837496926252385,
                        215
                    ],
                    [
                        135.40295615024993,
                        34.83740360519045,
                        206
                    ],
                    [
                        135.40319556103177,
                        34.83735991184189,
                        197
                    ],
                    [
                        135.40335032588973,
                        34.83717500050718,
                        190
                    ],
                    [
                        135.40366985559103,
                        34.8370823557368,
                        184
                    ],
                    [
                        135.40390861923723,
                        34.83703587127181,
                        186
                    ],
                    [
                        135.40403097796843,
                        34.836972358060095,
                        190
                    ],
                    [
                        135.40413711501697,
                        34.83672194019104,
                        194
                    ],
                    [
                        135.40425273452504,
                        34.836539287119045,
                        197
                    ],
                    [
                        135.40455937244644,
                        34.836470510151166,
                        197
                    ],
                    [
                        135.40495789766308,
                        34.836445795781756,
                        197
                    ],
                    [
                        135.40533380116844,
                        34.83638290513855,
                        193
                    ],
                    [
                        135.40561502550003,
                        34.836347490162744,
                        187
                    ],
                    [
                        135.40582808501014,
                        34.836352733641384,
                        184
                    ],
                    [
                        135.4059229843932,
                        34.83623819730241,
                        176
                    ],
                    [
                        135.40600768156068,
                        34.8361083892405,
                        167
                    ],
                    [
                        135.40612904862334,
                        34.835940584974004,
                        159
                    ],
                    [
                        135.4062771194362,
                        34.83575828185854,
                        150
                    ],
                    [
                        135.4064516200505,
                        34.835568276820815,
                        142
                    ],
                    [
                        135.4065973289341,
                        34.83538662292486,
                        134
                    ],
                    [
                        135.4067557659982,
                        34.83518493151589,
                        127
                    ],
                    [
                        135.4068764136417,
                        34.834943370266906,
                        121
                    ],
                    [
                        135.40704347643089,
                        34.834733633847286,
                        113
                    ],
                    [
                        135.4072414184733,
                        34.834501085592926,
                        103
                    ],
                    [
                        135.40751838133505,
                        34.83429421797757,
                        96
                    ],
                    [
                        135.4077743522032,
                        34.83409954798331,
                        94
                    ],
                    [
                        135.40803721323297,
                        34.8339056481863,
                        90
                    ],
                    [
                        135.408320474076,
                        34.8336986683264,
                        86
                    ],
                    [
                        135.40859252572844,
                        34.83353314351484,
                        81
                    ],
                    [
                        135.40888356279936,
                        34.833341019970455,
                        78
                    ],
                    [
                        135.40923677268214,
                        34.83326605420433,
                        74
                    ],
                    [
                        135.40956145464483,
                        34.83321701281842,
                        70
                    ],
                    [
                        135.40988020628635,
                        34.83313640126221,
                        66
                    ],
                    [
                        135.41020315145494,
                        34.833075715047954,
                        65
                    ],
                    [
                        135.4105183067867,
                        34.83301128047416,
                        61
                    ],
                    [
                        135.4106928472079,
                        34.832780190220966,
                        59
                    ],
                    [
                        135.41082721186856,
                        34.83250264592741,
                        53
                    ],
                    [
                        135.41117950773173,
                        34.832411494721086,
                        53
                    ],
                    [
                        135.41153240683622,
                        34.8323214959987,
                        49
                    ],
                    [
                        135.41186137802413,
                        34.832223869271196,
                        46
                    ],
                    [
                        135.41213967102652,
                        34.83207636930147,
                        41
                    ],
                    [
                        135.41249180177306,
                        34.832085034788534,
                        39
                    ],
                    [
                        135.41281801854248,
                        34.832206841241785,
                        37
                    ],
                    [
                        135.41312198700874,
                        34.83238776164765,
                        38
                    ],
                    [
                        135.41342559866266,
                        34.83252439352028,
                        38
                    ],
                    [
                        135.41376661064533,
                        34.83249284142146,
                        35
                    ],
                    [
                        135.4140964269628,
                        34.83255988140767,
                        33
                    ],
                    [
                        135.4144075237979,
                        34.83267731411457,
                        31
                    ],
                    [
                        135.4145070041406,
                        34.83277364013903,
                        32
                    ],
                    [
                        135.41471847545216,
                        34.832566606259235,
                        31
                    ],
                    [
                        135.4151110686958,
                        34.832533264271945,
                        33
                    ],
                    [
                        135.41547337537497,
                        34.83247917328438,
                        32
                    ],
                    [
                        135.41581948294362,
                        34.83246390832554,
                        32
                    ],
                    [
                        135.41618399141953,
                        34.83241153199821,
                        32
                    ],
                    [
                        135.41656414392966,
                        34.832314620649655,
                        31
                    ],
                    [
                        135.41693315555156,
                        34.83231182960933,
                        32
                    ],
                    [
                        135.4173266546069,
                        34.83228153524839,
                        33
                    ],
                    [
                        135.41769334099357,
                        34.83218181129618,
                        32
                    ],
                    [
                        135.41785777148377,
                        34.8319543234151,
                        33
                    ],
                    [
                        135.4180995615732,
                        34.83176470442963,
                        32
                    ],
                    [
                        135.41844809931584,
                        34.83162456240649,
                        33
                    ],
                    [
                        135.4187502542258,
                        34.83153028539485,
                        32
                    ],
                    [
                        135.4190603228756,
                        34.83142766556022,
                        35
                    ],
                    [
                        135.4193161773047,
                        34.83126644680693,
                        33
                    ],
                    [
                        135.41967566882045,
                        34.831237601569256,
                        34
                    ],
                    [
                        135.42008700895636,
                        34.831252973450255,
                        33
                    ],
                    [
                        135.42024119017262,
                        34.83101206618669,
                        32
                    ],
                    [
                        135.42022542888458,
                        34.83069698920646,
                        33
                    ],
                    [
                        135.42057971598638,
                        34.83056155861699,
                        32
                    ],
                    [
                        135.42082247331044,
                        34.83037172502522,
                        33
                    ],
                    [
                        135.42120627056997,
                        34.83034226355637,
                        35
                    ],
                    [
                        135.42159716697583,
                        34.830303172469335,
                        31
                    ],
                    [
                        135.42191663373578,
                        34.830146239549784,
                        32
                    ],
                    [
                        135.42219928923373,
                        34.82993341734086,
                        33
                    ],
                    [
                        135.4224224623352,
                        34.829702754224044,
                        32
                    ],
                    [
                        135.4225655948615,
                        34.82943025098977,
                        33
                    ],
                    [
                        135.42283465338002,
                        34.82925985553857,
                        31
                    ],
                    [
                        135.42316833412187,
                        34.82913086436667,
                        29
                    ],
                    [
                        135.4235209910766,
                        34.829032455614374,
                        32
                    ],
                    [
                        135.42386952710385,
                        34.82896918144093,
                        28
                    ],
                    [
                        135.42421708027103,
                        34.8288789202768,
                        29
                    ],
                    [
                        135.42446284893614,
                        34.82874678174692,
                        32
                    ],
                    [
                        135.4244105448967,
                        34.828454646490556,
                        30
                    ],
                    [
                        135.42438752573074,
                        34.828174015219524,
                        32
                    ],
                    [
                        135.4242793953673,
                        34.827880767753946,
                        32
                    ],
                    [
                        135.42423073288353,
                        34.82754735347901,
                        30
                    ],
                    [
                        135.42418174446368,
                        34.82724588893052,
                        30
                    ],
                    [
                        135.42409775856805,
                        34.82689741250368,
                        31
                    ],
                    [
                        135.42406154519708,
                        34.82657544710597,
                        31
                    ],
                    [
                        135.42398040879766,
                        34.82625595192677,
                        30
                    ],
                    [
                        135.42387591077832,
                        34.825857780901075,
                        29
                    ],
                    [
                        135.42381468114456,
                        34.825560987453095,
                        28
                    ],
                    [
                        135.42371994481312,
                        34.82524854071731,
                        27
                    ],
                    [
                        135.4237344747604,
                        34.824913883109524,
                        30
                    ],
                    [
                        135.4238337372561,
                        34.82458230110151,
                        28
                    ],
                    [
                        135.42395497340263,
                        34.824297764066706,
                        26
                    ],
                    [
                        135.4240627958093,
                        34.82402058070044,
                        29
                    ],
                    [
                        135.42420826688019,
                        34.82368010924207,
                        34
                    ],
                    [
                        135.42422432063344,
                        34.823428887533154,
                        30
                    ],
                    [
                        135.42438583881642,
                        34.823067443868325,
                        26
                    ],
                    [
                        135.42464745524074,
                        34.82282007556866,
                        27
                    ],
                    [
                        135.424942982917,
                        34.82266456763461,
                        30
                    ],
                    [
                        135.425141473758,
                        34.822386092609904,
                        28
                    ],
                    [
                        135.42533002399358,
                        34.82207937128657,
                        27
                    ]
                ]
            }
        },

        {
            "type": "Feature",
            "properties": {
                "name": "20251102",
                "time": "2025-11-01T21:57:41Z",
                "coordTimes": [
                    "2025-11-01T21:57:41Z",
                    "2025-11-01T21:58:31Z",
                    "2025-11-01T21:58:54Z",
                    "2025-11-01T21:59:16Z",
                    "2025-11-01T21:59:40Z",
                    "2025-11-01T22:00:04Z",
                    "2025-11-01T22:00:29Z",
                    "2025-11-01T22:00:55Z",
                    "2025-11-01T22:01:20Z",
                    "2025-11-01T22:02:02Z",
                    "2025-11-01T22:02:28Z",
                    "2025-11-01T22:02:55Z",
                    "2025-11-01T22:03:20Z",
                    "2025-11-01T22:03:44Z",
                    "2025-11-01T22:04:09Z",
                    "2025-11-01T22:04:32Z",
                    "2025-11-01T22:04:57Z",
                    "2025-11-01T22:05:20Z",
                    "2025-11-01T22:05:46Z",
                    "2025-11-01T22:06:09Z",
                    "2025-11-01T22:06:34Z",
                    "2025-11-01T22:07:00Z",
                    "2025-11-01T22:07:25Z",
                    "2025-11-01T22:07:49Z",
                    "2025-11-01T22:08:15Z",
                    "2025-11-01T22:08:40Z",
                    "2025-11-01T22:09:06Z",
                    "2025-11-01T22:09:32Z",
                    "2025-11-01T22:09:58Z",
                    "2025-11-01T22:10:24Z",
                    "2025-11-01T22:11:10Z",
                    "2025-11-01T22:11:37Z",
                    "2025-11-01T22:12:13Z",
                    "2025-11-01T22:12:39Z",
                    "2025-11-01T22:13:07Z",
                    "2025-11-01T22:13:36Z",
                    "2025-11-01T22:14:06Z",
                    "2025-11-01T22:14:38Z",
                    "2025-11-01T22:15:10Z",
                    "2025-11-01T22:15:40Z",
                    "2025-11-01T22:16:09Z",
                    "2025-11-01T22:16:35Z",
                    "2025-11-01T22:17:02Z",
                    "2025-11-01T22:17:31Z",
                    "2025-11-01T22:17:57Z",
                    "2025-11-01T22:18:23Z",
                    "2025-11-01T22:18:48Z",
                    "2025-11-01T22:19:16Z",
                    "2025-11-01T22:19:43Z",
                    "2025-11-01T22:20:11Z",
                    "2025-11-01T22:20:39Z",
                    "2025-11-01T22:21:09Z",
                    "2025-11-01T22:21:36Z",
                    "2025-11-01T22:22:04Z",
                    "2025-11-01T22:22:34Z",
                    "2025-11-01T22:23:06Z",
                    "2025-11-01T22:23:39Z",
                    "2025-11-01T22:24:11Z",
                    "2025-11-01T22:24:51Z",
                    "2025-11-01T22:25:34Z",
                    "2025-11-01T22:26:05Z",
                    "2025-11-01T22:26:35Z",
                    "2025-11-01T22:27:16Z",
                    "2025-11-01T22:27:45Z",
                    "2025-11-01T22:28:16Z",
                    "2025-11-01T22:28:46Z",
                    "2025-11-01T22:29:13Z",
                    "2025-11-01T22:29:49Z",
                    "2025-11-01T22:30:14Z",
                    "2025-11-01T22:30:41Z",
                    "2025-11-01T22:31:12Z",
                    "2025-11-01T22:31:41Z",
                    "2025-11-01T22:32:13Z",
                    "2025-11-01T22:32:44Z",
                    "2025-11-01T22:33:10Z",
                    "2025-11-01T22:33:40Z",
                    "2025-11-01T22:34:28Z",
                    "2025-11-01T22:35:07Z",
                    "2025-11-01T22:35:36Z",
                    "2025-11-01T22:36:12Z",
                    "2025-11-01T22:36:45Z",
                    "2025-11-01T22:37:16Z",
                    "2025-11-01T22:37:46Z",
                    "2025-11-01T22:38:20Z",
                    "2025-11-01T22:38:50Z",
                    "2025-11-01T22:39:20Z",
                    "2025-11-01T22:39:48Z",
                    "2025-11-01T22:40:14Z",
                    "2025-11-01T22:40:38Z",
                    "2025-11-01T22:41:02Z",
                    "2025-11-01T22:41:35Z",
                    "2025-11-01T22:42:01Z",
                    "2025-11-01T22:42:27Z",
                    "2025-11-01T22:42:52Z",
                    "2025-11-01T22:43:19Z",
                    "2025-11-01T22:43:44Z",
                    "2025-11-01T22:44:09Z",
                    "2025-11-01T22:44:39Z",
                    "2025-11-01T22:45:05Z",
                    "2025-11-01T22:45:32Z",
                    "2025-11-01T22:45:58Z",
                    "2025-11-01T22:46:24Z",
                    "2025-11-01T22:46:48Z",
                    "2025-11-01T22:47:24Z",
                    "2025-11-01T22:48:02Z",
                    "2025-11-01T22:48:33Z",
                    "2025-11-01T22:49:02Z",
                    "2025-11-01T22:49:29Z",
                    "2025-11-01T22:50:13Z",
                    "2025-11-01T22:50:42Z",
                    "2025-11-01T22:51:07Z",
                    "2025-11-01T22:51:33Z",
                    "2025-11-01T22:51:59Z",
                    "2025-11-01T22:52:23Z",
                    "2025-11-01T22:52:47Z",
                    "2025-11-01T22:53:11Z",
                    "2025-11-01T22:53:58Z",
                    "2025-11-01T22:54:24Z",
                    "2025-11-01T22:54:52Z",
                    "2025-11-01T22:55:15Z",
                    "2025-11-01T22:55:45Z",
                    "2025-11-01T22:56:12Z",
                    "2025-11-01T22:56:35Z",
                    "2025-11-01T22:57:04Z",
                    "2025-11-01T22:57:27Z",
                    "2025-11-01T22:57:57Z",
                    "2025-11-01T22:58:23Z",
                    "2025-11-01T22:58:55Z",
                    "2025-11-01T22:59:31Z",
                    "2025-11-01T23:00:00Z",
                    "2025-11-01T23:00:25Z",
                    "2025-11-01T23:00:48Z",
                    "2025-11-01T23:01:29Z",
                    "2025-11-01T23:02:03Z",
                    "2025-11-01T23:02:30Z",
                    "2025-11-01T23:02:54Z",
                    "2025-11-01T23:03:19Z",
                    "2025-11-01T23:03:45Z",
                    "2025-11-01T23:04:09Z",
                    "2025-11-01T23:04:33Z",
                    "2025-11-01T23:04:58Z",
                    "2025-11-01T23:05:26Z",
                    "2025-11-01T23:05:54Z",
                    "2025-11-01T23:06:21Z",
                    "2025-11-01T23:06:47Z",
                    "2025-11-01T23:07:13Z",
                    "2025-11-01T23:07:41Z",
                    "2025-11-01T23:08:10Z",
                    "2025-11-01T23:08:36Z",
                    "2025-11-01T23:09:01Z",
                    "2025-11-01T23:09:26Z",
                    "2025-11-01T23:09:55Z",
                    "2025-11-01T23:10:23Z",
                    "2025-11-01T23:10:50Z",
                    "2025-11-01T23:11:19Z",
                    "2025-11-01T23:11:45Z",
                    "2025-11-01T23:12:08Z",
                    "2025-11-01T23:12:41Z",
                    "2025-11-01T23:13:08Z",
                    "2025-11-01T23:13:31Z",
                    "2025-11-01T23:14:01Z",
                    "2025-11-01T23:14:25Z",
                    "2025-11-01T23:14:50Z",
                    "2025-11-01T23:15:17Z",
                    "2025-11-01T23:16:22Z",
                    "2025-11-01T23:16:51Z",
                    "2025-11-01T23:17:16Z",
                    "2025-11-01T23:17:48Z",
                    "2025-11-01T23:18:10Z",
                    "2025-11-01T23:18:49Z",
                    "2025-11-01T23:19:20Z",
                    "2025-11-01T23:19:48Z",
                    "2025-11-01T23:20:14Z",
                    "2025-11-01T23:20:46Z",
                    "2025-11-01T23:21:19Z",
                    "2025-11-01T23:21:46Z",
                    "2025-11-01T23:23:12Z",
                    "2025-11-01T23:23:50Z",
                    "2025-11-01T23:24:55Z",
                    "2025-11-01T23:25:45Z",
                    "2025-11-01T23:26:09Z",
                    "2025-11-01T23:26:37Z",
                    "2025-11-01T23:27:07Z",
                    "2025-11-01T23:27:37Z",
                    "2025-11-01T23:28:08Z",
                    "2025-11-01T23:28:36Z",
                    "2025-11-01T23:29:03Z",
                    "2025-11-01T23:29:36Z",
                    "2025-11-01T23:30:19Z",
                    "2025-11-01T23:30:55Z",
                    "2025-11-01T23:31:33Z",
                    "2025-11-01T23:32:10Z",
                    "2025-11-01T23:32:42Z",
                    "2025-11-01T23:33:11Z",
                    "2025-11-01T23:33:44Z",
                    "2025-11-01T23:34:23Z",
                    "2025-11-01T23:34:52Z",
                    "2025-11-01T23:35:19Z",
                    "2025-11-01T23:35:51Z",
                    "2025-11-01T23:36:24Z",
                    "2025-11-01T23:36:55Z",
                    "2025-11-01T23:37:27Z",
                    "2025-11-01T23:37:56Z",
                    "2025-11-01T23:38:28Z",
                    "2025-11-01T23:39:01Z",
                    "2025-11-01T23:39:36Z",
                    "2025-11-01T23:40:18Z",
                    "2025-11-01T23:40:45Z",
                    "2025-11-01T23:41:13Z",
                    "2025-11-01T23:41:42Z",
                    "2025-11-01T23:42:13Z",
                    "2025-11-01T23:42:42Z",
                    "2025-11-01T23:43:11Z",
                    "2025-11-01T23:43:41Z",
                    "2025-11-01T23:44:07Z",
                    "2025-11-01T23:44:42Z",
                    "2025-11-01T23:45:21Z",
                    "2025-11-01T23:45:47Z",
                    "2025-11-01T23:46:14Z",
                    "2025-11-01T23:46:40Z",
                    "2025-11-01T23:47:05Z",
                    "2025-11-01T23:47:32Z",
                    "2025-11-01T23:48:01Z",
                    "2025-11-01T23:48:27Z",
                    "2025-11-01T23:48:54Z",
                    "2025-11-01T23:49:20Z",
                    "2025-11-01T23:49:48Z",
                    "2025-11-01T23:50:12Z",
                    "2025-11-01T23:50:36Z",
                    "2025-11-01T23:51:01Z",
                    "2025-11-01T23:51:28Z",
                    "2025-11-01T23:51:54Z",
                    "2025-11-01T23:52:19Z",
                    "2025-11-01T23:52:48Z",
                    "2025-11-01T23:53:13Z",
                    "2025-11-01T23:53:45Z",
                    "2025-11-01T23:54:11Z",
                    "2025-11-01T23:54:39Z",
                    "2025-11-01T23:55:05Z",
                    "2025-11-01T23:55:34Z",
                    "2025-11-01T23:56:00Z",
                    "2025-11-01T23:56:31Z",
                    "2025-11-01T23:56:56Z",
                    "2025-11-01T23:57:23Z",
                    "2025-11-01T23:57:48Z",
                    "2025-11-01T23:58:13Z",
                    "2025-11-01T23:58:40Z",
                    "2025-11-01T23:59:10Z",
                    "2025-11-01T23:59:34Z",
                    "2025-11-01T23:59:58Z",
                    "2025-11-02T00:00:23Z",
                    "2025-11-02T00:00:50Z",
                    "2025-11-02T00:01:16Z",
                    "2025-11-02T00:01:42Z",
                    "2025-11-02T00:02:06Z",
                    "2025-11-02T00:02:31Z",
                    "2025-11-02T00:02:57Z",
                    "2025-11-02T00:03:22Z",
                    "2025-11-02T00:03:55Z",
                    "2025-11-02T00:04:23Z",
                    "2025-11-02T00:04:47Z",
                    "2025-11-02T00:05:13Z",
                    "2025-11-02T00:05:40Z",
                    "2025-11-02T00:06:06Z",
                    "2025-11-02T00:06:34Z",
                    "2025-11-02T00:07:00Z",
                    "2025-11-02T00:07:25Z",
                    "2025-11-02T00:07:51Z",
                    "2025-11-02T00:08:16Z",
                    "2025-11-02T00:09:07Z",
                    "2025-11-02T00:09:34Z",
                    "2025-11-02T00:10:05Z",
                    "2025-11-02T00:10:31Z",
                    "2025-11-02T00:10:56Z",
                    "2025-11-02T00:11:18Z",
                    "2025-11-02T00:11:44Z",
                    "2025-11-02T00:12:19Z",
                    "2025-11-02T00:12:45Z",
                    "2025-11-02T00:13:22Z",
                    "2025-11-02T00:13:49Z",
                    "2025-11-02T00:14:13Z",
                    "2025-11-02T00:14:37Z",
                    "2025-11-02T00:15:03Z",
                    "2025-11-02T00:15:28Z",
                    "2025-11-02T00:15:56Z",
                    "2025-11-02T00:16:22Z",
                    "2025-11-02T00:16:49Z",
                    "2025-11-02T00:17:15Z",
                    "2025-11-02T00:17:42Z",
                    "2025-11-02T00:18:06Z",
                    "2025-11-02T00:18:35Z",
                    "2025-11-02T00:19:00Z",
                    "2025-11-02T00:19:26Z",
                    "2025-11-02T00:19:50Z",
                    "2025-11-02T00:20:15Z",
                    "2025-11-02T00:20:41Z",
                    "2025-11-02T00:21:05Z",
                    "2025-11-02T00:21:31Z",
                    "2025-11-02T00:22:01Z",
                    "2025-11-02T00:22:42Z",
                    "2025-11-02T00:23:18Z",
                    "2025-11-02T00:23:46Z",
                    "2025-11-02T00:24:13Z",
                    "2025-11-02T00:24:39Z",
                    "2025-11-02T00:25:11Z",
                    "2025-11-02T00:25:41Z",
                    "2025-11-02T00:26:09Z",
                    "2025-11-02T00:26:39Z",
                    "2025-11-02T00:27:06Z",
                    "2025-11-02T00:27:43Z",
                    "2025-11-02T00:28:13Z",
                    "2025-11-02T00:28:41Z",
                    "2025-11-02T00:29:13Z",
                    "2025-11-02T00:29:47Z",
                    "2025-11-02T00:30:19Z",
                    "2025-11-02T00:30:54Z",
                    "2025-11-02T00:31:23Z",
                    "2025-11-02T00:31:51Z",
                    "2025-11-02T00:32:22Z",
                    "2025-11-02T00:32:58Z",
                    "2025-11-02T00:33:26Z",
                    "2025-11-02T00:33:56Z",
                    "2025-11-02T00:34:22Z",
                    "2025-11-02T00:34:56Z",
                    "2025-11-02T00:35:23Z",
                    "2025-11-02T00:35:54Z",
                    "2025-11-02T00:36:26Z",
                    "2025-11-02T00:36:57Z",
                    "2025-11-02T00:37:25Z",
                    "2025-11-02T00:37:55Z",
                    "2025-11-02T00:38:27Z",
                    "2025-11-02T00:38:56Z",
                    "2025-11-02T00:39:30Z",
                    "2025-11-02T00:40:00Z",
                    "2025-11-02T00:40:33Z",
                    "2025-11-02T00:41:15Z",
                    "2025-11-02T00:41:51Z",
                    "2025-11-02T00:42:26Z",
                    "2025-11-02T00:43:02Z",
                    "2025-11-02T00:43:32Z",
                    "2025-11-02T00:44:15Z",
                    "2025-11-02T00:44:45Z",
                    "2025-11-02T00:45:14Z",
                    "2025-11-02T00:45:41Z",
                    "2025-11-02T00:46:34Z",
                    "2025-11-02T00:46:59Z",
                    "2025-11-02T00:47:31Z",
                    "2025-11-02T00:48:01Z",
                    "2025-11-02T00:48:41Z",
                    "2025-11-02T00:49:10Z",
                    "2025-11-02T00:49:41Z",
                    "2025-11-02T00:50:17Z",
                    "2025-11-02T00:50:45Z",
                    "2025-11-02T00:51:13Z",
                    "2025-11-02T00:51:43Z",
                    "2025-11-02T00:52:10Z",
                    "2025-11-02T00:52:45Z",
                    "2025-11-02T00:53:14Z",
                    "2025-11-02T00:53:42Z",
                    "2025-11-02T00:54:08Z",
                    "2025-11-02T00:54:34Z",
                    "2025-11-02T00:55:05Z",
                    "2025-11-02T00:55:37Z",
                    "2025-11-02T00:56:09Z",
                    "2025-11-02T00:56:35Z",
                    "2025-11-02T00:57:10Z",
                    "2025-11-02T00:57:44Z",
                    "2025-11-02T00:58:13Z",
                    "2025-11-02T00:58:40Z",
                    "2025-11-02T00:59:07Z",
                    "2025-11-02T00:59:36Z",
                    "2025-11-02T01:00:02Z",
                    "2025-11-02T01:00:26Z",
                    "2025-11-02T01:00:53Z",
                    "2025-11-02T01:01:26Z",
                    "2025-11-02T01:01:51Z",
                    "2025-11-02T01:02:15Z",
                    "2025-11-02T01:02:48Z",
                    "2025-11-02T01:03:14Z",
                    "2025-11-02T01:03:37Z",
                    "2025-11-02T01:04:03Z",
                    "2025-11-02T01:04:28Z",
                    "2025-11-02T01:04:56Z",
                    "2025-11-02T01:05:25Z",
                    "2025-11-02T01:06:11Z",
                    "2025-11-02T01:06:37Z",
                    "2025-11-02T01:07:05Z",
                    "2025-11-02T01:07:34Z",
                    "2025-11-02T01:08:01Z",
                    "2025-11-02T01:08:31Z",
                    "2025-11-02T01:08:58Z",
                    "2025-11-02T01:09:28Z",
                    "2025-11-02T01:09:52Z",
                    "2025-11-02T01:10:15Z",
                    "2025-11-02T01:10:39Z",
                    "2025-11-02T01:11:03Z",
                    "2025-11-02T01:11:31Z",
                    "2025-11-02T01:11:54Z",
                    "2025-11-02T01:12:17Z",
                    "2025-11-02T01:12:44Z",
                    "2025-11-02T01:13:07Z",
                    "2025-11-02T01:13:33Z",
                    "2025-11-02T01:13:56Z",
                    "2025-11-02T01:14:19Z",
                    "2025-11-02T01:14:42Z",
                    "2025-11-02T01:15:06Z",
                    "2025-11-02T01:15:32Z",
                    "2025-11-02T01:15:58Z",
                    "2025-11-02T01:16:29Z",
                    "2025-11-02T01:16:55Z",
                    "2025-11-02T01:17:20Z",
                    "2025-11-02T01:17:45Z",
                    "2025-11-02T01:18:09Z",
                    "2025-11-02T01:18:33Z",
                    "2025-11-02T01:18:57Z",
                    "2025-11-02T01:19:20Z",
                    "2025-11-02T01:19:43Z",
                    "2025-11-02T01:22:03Z",
                    "2025-11-02T01:22:28Z",
                    "2025-11-02T01:22:54Z",
                    "2025-11-02T01:23:20Z",
                    "2025-11-02T01:23:47Z",
                    "2025-11-02T01:24:18Z",
                    "2025-11-02T01:24:52Z",
                    "2025-11-02T01:25:23Z",
                    "2025-11-02T01:25:48Z",
                    "2025-11-02T01:26:16Z",
                    "2025-11-02T01:26:41Z",
                    "2025-11-02T01:27:07Z",
                    "2025-11-02T01:27:33Z",
                    "2025-11-02T01:27:58Z",
                    "2025-11-02T01:28:26Z",
                    "2025-11-02T01:28:54Z",
                    "2025-11-02T01:29:21Z",
                    "2025-11-02T01:29:47Z",
                    "2025-11-02T01:30:14Z",
                    "2025-11-02T01:30:40Z",
                    "2025-11-02T01:31:06Z",
                    "2025-11-02T01:31:34Z",
                    "2025-11-02T01:31:59Z",
                    "2025-11-02T01:32:26Z",
                    "2025-11-02T01:32:50Z",
                    "2025-11-02T01:33:13Z",
                    "2025-11-02T01:33:36Z",
                    "2025-11-02T01:33:59Z",
                    "2025-11-02T01:34:24Z",
                    "2025-11-02T01:34:48Z",
                    "2025-11-02T01:35:13Z",
                    "2025-11-02T01:35:40Z",
                    "2025-11-02T01:36:06Z",
                    "2025-11-02T01:36:29Z",
                    "2025-11-02T01:36:54Z",
                    "2025-11-02T01:37:21Z",
                    "2025-11-02T01:37:49Z",
                    "2025-11-02T01:38:16Z",
                    "2025-11-02T01:38:42Z",
                    "2025-11-02T01:39:09Z",
                    "2025-11-02T01:39:34Z",
                    "2025-11-02T01:40:06Z",
                    "2025-11-02T01:40:29Z",
                    "2025-11-02T01:40:53Z",
                    "2025-11-02T01:41:16Z",
                    "2025-11-02T01:41:40Z",
                    "2025-11-02T01:42:06Z",
                    "2025-11-02T01:42:37Z",
                    "2025-11-02T01:43:02Z",
                    "2025-11-02T01:43:27Z",
                    "2025-11-02T01:43:55Z",
                    "2025-11-02T01:44:19Z",
                    "2025-11-02T01:44:45Z",
                    "2025-11-02T01:45:11Z",
                    "2025-11-02T01:45:38Z",
                    "2025-11-02T01:46:02Z",
                    "2025-11-02T01:46:33Z",
                    "2025-11-02T01:47:05Z",
                    "2025-11-02T01:47:29Z",
                    "2025-11-02T01:48:08Z",
                    "2025-11-02T01:48:29Z",
                    "2025-11-02T01:48:55Z",
                    "2025-11-02T01:49:22Z",
                    "2025-11-02T01:49:52Z",
                    "2025-11-02T01:50:20Z",
                    "2025-11-02T01:50:45Z",
                    "2025-11-02T01:51:20Z",
                    "2025-11-02T01:51:51Z",
                    "2025-11-02T01:52:17Z",
                    "2025-11-02T01:52:43Z",
                    "2025-11-02T01:53:09Z",
                    "2025-11-02T01:53:41Z",
                    "2025-11-02T01:54:07Z",
                    "2025-11-02T01:54:33Z",
                    "2025-11-02T01:55:21Z",
                    "2025-11-02T01:55:45Z",
                    "2025-11-02T01:56:11Z",
                    "2025-11-02T01:56:38Z",
                    "2025-11-02T01:57:03Z",
                    "2025-11-02T01:57:29Z",
                    "2025-11-02T01:57:57Z",
                    "2025-11-02T01:58:44Z",
                    "2025-11-02T01:59:09Z",
                    "2025-11-02T01:59:34Z",
                    "2025-11-02T02:00:00Z",
                    "2025-11-02T02:00:24Z",
                    "2025-11-02T02:00:50Z",
                    "2025-11-02T02:01:15Z",
                    "2025-11-02T02:01:39Z",
                    "2025-11-02T02:02:06Z",
                    "2025-11-02T02:02:54Z",
                    "2025-11-02T02:03:23Z",
                    "2025-11-02T02:04:04Z",
                    "2025-11-02T02:04:35Z",
                    "2025-11-02T02:05:07Z",
                    "2025-11-02T02:05:33Z",
                    "2025-11-02T02:06:21Z",
                    "2025-11-02T02:06:56Z",
                    "2025-11-02T02:08:07Z",
                    "2025-11-02T02:08:37Z",
                    "2025-11-02T02:09:25Z",
                    "2025-11-02T02:09:52Z",
                    "2025-11-02T02:10:16Z",
                    "2025-11-02T02:10:40Z",
                    "2025-11-02T02:11:09Z",
                    "2025-11-02T02:11:32Z",
                    "2025-11-02T02:11:56Z",
                    "2025-11-02T02:12:19Z",
                    "2025-11-02T02:12:43Z",
                    "2025-11-02T02:13:10Z",
                    "2025-11-02T02:13:35Z",
                    "2025-11-02T02:13:59Z",
                    "2025-11-02T02:14:30Z",
                    "2025-11-02T02:14:54Z",
                    "2025-11-02T02:15:19Z",
                    "2025-11-02T02:15:46Z",
                    "2025-11-02T02:16:13Z",
                    "2025-11-02T02:16:38Z",
                    "2025-11-02T02:17:01Z",
                    "2025-11-02T02:17:27Z",
                    "2025-11-02T02:17:50Z",
                    "2025-11-02T02:18:14Z",
                    "2025-11-02T02:18:38Z",
                    "2025-11-02T02:19:03Z",
                    "2025-11-02T02:19:28Z",
                    "2025-11-02T02:19:54Z",
                    "2025-11-02T02:20:21Z",
                    "2025-11-02T02:20:49Z",
                    "2025-11-02T02:21:16Z",
                    "2025-11-02T02:21:43Z",
                    "2025-11-02T02:22:07Z",
                    "2025-11-02T02:22:30Z",
                    "2025-11-02T02:22:57Z",
                    "2025-11-02T02:23:20Z",
                    "2025-11-02T02:23:46Z",
                    "2025-11-02T02:24:15Z",
                    "2025-11-02T02:24:45Z",
                    "2025-11-02T02:26:26Z",
                    "2025-11-02T02:26:50Z",
                    "2025-11-02T02:27:18Z",
                    "2025-11-02T02:27:43Z",
                    "2025-11-02T02:28:09Z",
                    "2025-11-02T02:28:32Z",
                    "2025-11-02T02:28:58Z",
                    "2025-11-02T02:29:21Z",
                    "2025-11-02T02:29:49Z",
                    "2025-11-02T02:30:19Z",
                    "2025-11-02T02:30:43Z",
                    "2025-11-02T02:31:08Z",
                    "2025-11-02T02:31:31Z",
                    "2025-11-02T02:31:55Z",
                    "2025-11-02T02:32:18Z",
                    "2025-11-02T02:32:43Z",
                    "2025-11-02T02:33:09Z",
                    "2025-11-02T02:33:34Z",
                    "2025-11-02T02:34:00Z",
                    "2025-11-02T02:34:27Z",
                    "2025-11-02T02:34:50Z",
                    "2025-11-02T02:35:17Z",
                    "2025-11-02T02:35:41Z",
                    "2025-11-02T02:36:10Z",
                    "2025-11-02T02:36:37Z",
                    "2025-11-02T02:37:02Z",
                    "2025-11-02T02:37:28Z",
                    "2025-11-02T02:37:55Z",
                    "2025-11-02T02:38:20Z",
                    "2025-11-02T02:38:50Z",
                    "2025-11-02T02:39:23Z",
                    "2025-11-02T02:39:48Z",
                    "2025-11-02T02:40:15Z",
                    "2025-11-02T02:44:40Z",
                    "2025-11-02T02:45:04Z",
                    "2025-11-02T02:45:28Z",
                    "2025-11-02T02:45:52Z",
                    "2025-11-02T02:46:16Z",
                    "2025-11-02T02:46:39Z",
                    "2025-11-02T02:47:03Z",
                    "2025-11-02T02:47:28Z",
                    "2025-11-02T02:47:52Z",
                    "2025-11-02T02:48:16Z",
                    "2025-11-02T02:48:48Z",
                    "2025-11-02T02:49:13Z",
                    "2025-11-02T02:49:37Z",
                    "2025-11-02T02:50:01Z",
                    "2025-11-02T02:50:25Z",
                    "2025-11-02T02:50:49Z",
                    "2025-11-02T02:51:14Z",
                    "2025-11-02T02:51:38Z",
                    "2025-11-02T02:52:05Z",
                    "2025-11-02T02:52:31Z",
                    "2025-11-02T02:52:56Z",
                    "2025-11-02T02:53:24Z",
                    "2025-11-02T02:53:50Z",
                    "2025-11-02T02:54:15Z",
                    "2025-11-02T02:54:39Z",
                    "2025-11-02T02:55:02Z",
                    "2025-11-02T02:55:27Z",
                    "2025-11-02T02:55:50Z",
                    "2025-11-02T02:56:17Z",
                    "2025-11-02T02:56:43Z",
                    "2025-11-02T02:57:07Z",
                    "2025-11-02T02:57:32Z",
                    "2025-11-02T02:57:56Z",
                    "2025-11-02T02:58:22Z",
                    "2025-11-02T02:58:51Z",
                    "2025-11-02T02:59:15Z",
                    "2025-11-02T02:59:43Z",
                    "2025-11-02T03:00:12Z",
                    "2025-11-02T03:00:38Z",
                    "2025-11-02T03:01:03Z",
                    "2025-11-02T03:01:27Z",
                    "2025-11-02T03:01:50Z",
                    "2025-11-02T03:02:13Z",
                    "2025-11-02T03:02:51Z",
                    "2025-11-02T03:03:15Z",
                    "2025-11-02T03:03:47Z",
                    "2025-11-02T03:04:09Z",
                    "2025-11-02T03:04:41Z",
                    "2025-11-02T03:05:09Z",
                    "2025-11-02T03:05:35Z",
                    "2025-11-02T03:06:02Z",
                    "2025-11-02T03:06:33Z",
                    "2025-11-02T03:07:02Z",
                    "2025-11-02T03:07:28Z",
                    "2025-11-02T03:07:54Z",
                    "2025-11-02T03:08:21Z",
                    "2025-11-02T03:08:48Z",
                    "2025-11-02T03:09:12Z",
                    "2025-11-02T03:09:37Z",
                    "2025-11-02T03:10:05Z",
                    "2025-11-02T03:10:32Z",
                    "2025-11-02T03:11:04Z",
                    "2025-11-02T03:11:28Z",
                    "2025-11-02T03:11:55Z",
                    "2025-11-02T03:12:21Z",
                    "2025-11-02T03:12:49Z",
                    "2025-11-02T03:13:18Z",
                    "2025-11-02T03:13:44Z",
                    "2025-11-02T03:14:10Z",
                    "2025-11-02T03:14:40Z",
                    "2025-11-02T03:15:04Z",
                    "2025-11-02T03:15:31Z",
                    "2025-11-02T03:15:59Z",
                    "2025-11-02T03:16:24Z",
                    "2025-11-02T03:16:50Z",
                    "2025-11-02T03:17:17Z",
                    "2025-11-02T03:17:43Z",
                    "2025-11-02T03:18:10Z",
                    "2025-11-02T03:18:34Z",
                    "2025-11-02T03:18:58Z",
                    "2025-11-02T03:19:23Z",
                    "2025-11-02T03:19:48Z",
                    "2025-11-02T03:20:13Z",
                    "2025-11-02T03:20:37Z",
                    "2025-11-02T03:21:00Z",
                    "2025-11-02T03:21:28Z",
                    "2025-11-02T03:21:56Z",
                    "2025-11-02T03:22:21Z",
                    "2025-11-02T03:22:47Z",
                    "2025-11-02T03:23:14Z",
                    "2025-11-02T03:23:41Z",
                    "2025-11-02T03:24:13Z",
                    "2025-11-02T03:24:40Z",
                    "2025-11-02T03:25:03Z",
                    "2025-11-02T03:25:29Z",
                    "2025-11-02T03:25:54Z",
                    "2025-11-02T03:26:17Z",
                    "2025-11-02T03:26:44Z",
                    "2025-11-02T03:27:09Z",
                    "2025-11-02T03:27:39Z",
                    "2025-11-02T03:28:07Z",
                    "2025-11-02T03:28:36Z",
                    "2025-11-02T03:29:00Z",
                    "2025-11-02T03:29:24Z",
                    "2025-11-02T03:29:51Z",
                    "2025-11-02T03:30:15Z",
                    "2025-11-02T03:30:38Z",
                    "2025-11-02T03:31:04Z",
                    "2025-11-02T03:31:28Z",
                    "2025-11-02T03:31:52Z",
                    "2025-11-02T03:32:17Z",
                    "2025-11-02T03:32:45Z",
                    "2025-11-02T03:33:11Z",
                    "2025-11-02T03:33:38Z",
                    "2025-11-02T03:34:05Z",
                    "2025-11-02T03:34:30Z",
                    "2025-11-02T03:34:54Z",
                    "2025-11-02T03:35:18Z",
                    "2025-11-02T03:35:45Z",
                    "2025-11-02T03:36:12Z",
                    "2025-11-02T03:36:37Z",
                    "2025-11-02T03:37:01Z",
                    "2025-11-02T03:37:24Z",
                    "2025-11-02T03:37:47Z",
                    "2025-11-02T03:38:11Z",
                    "2025-11-02T03:38:34Z",
                    "2025-11-02T03:38:58Z",
                    "2025-11-02T03:39:21Z",
                    "2025-11-02T03:39:45Z",
                    "2025-11-02T03:40:09Z",
                    "2025-11-02T03:40:36Z",
                    "2025-11-02T03:41:00Z",
                    "2025-11-02T03:41:28Z",
                    "2025-11-02T03:41:57Z",
                    "2025-11-02T03:42:28Z",
                    "2025-11-02T03:43:05Z",
                    "2025-11-02T03:43:30Z",
                    "2025-11-02T03:43:55Z",
                    "2025-11-02T03:44:18Z",
                    "2025-11-02T03:44:42Z",
                    "2025-11-02T03:45:05Z",
                    "2025-11-02T03:45:28Z",
                    "2025-11-02T03:45:53Z",
                    "2025-11-02T03:46:25Z",
                    "2025-11-02T03:46:50Z",
                    "2025-11-02T03:47:14Z",
                    "2025-11-02T03:47:39Z",
                    "2025-11-02T03:48:04Z",
                    "2025-11-02T03:48:28Z",
                    "2025-11-02T03:48:53Z",
                    "2025-11-02T03:49:19Z",
                    "2025-11-02T03:49:42Z",
                    "2025-11-02T03:50:06Z",
                    "2025-11-02T03:50:30Z",
                    "2025-11-02T03:50:54Z",
                    "2025-11-02T03:51:18Z",
                    "2025-11-02T03:51:41Z",
                    "2025-11-02T03:52:05Z",
                    "2025-11-02T03:52:29Z",
                    "2025-11-02T03:52:52Z",
                    "2025-11-02T03:53:16Z",
                    "2025-11-02T03:53:46Z",
                    "2025-11-02T03:54:10Z",
                    "2025-11-02T03:54:34Z",
                    "2025-11-02T03:54:59Z",
                    "2025-11-02T03:55:23Z",
                    "2025-11-02T03:55:46Z",
                    "2025-11-02T03:56:09Z",
                    "2025-11-02T03:56:33Z",
                    "2025-11-02T03:57:01Z",
                    "2025-11-02T03:57:27Z",
                    "2025-11-02T03:57:53Z",
                    "2025-11-02T03:58:19Z",
                    "2025-11-02T03:58:43Z",
                    "2025-11-02T03:59:10Z",
                    "2025-11-02T03:59:39Z",
                    "2025-11-02T04:00:07Z",
                    "2025-11-02T04:00:36Z",
                    "2025-11-02T04:01:07Z",
                    "2025-11-02T04:01:39Z",
                    "2025-11-02T04:02:07Z",
                    "2025-11-02T04:02:38Z",
                    "2025-11-02T04:03:05Z",
                    "2025-11-02T04:03:32Z",
                    "2025-11-02T04:04:00Z",
                    "2025-11-02T04:04:30Z",
                    "2025-11-02T04:04:57Z",
                    "2025-11-02T04:05:24Z",
                    "2025-11-02T04:05:53Z",
                    "2025-11-02T04:06:22Z",
                    "2025-11-02T04:06:48Z",
                    "2025-11-02T04:07:13Z",
                    "2025-11-02T04:07:38Z",
                    "2025-11-02T04:08:03Z",
                    "2025-11-02T04:08:33Z",
                    "2025-11-02T04:08:58Z",
                    "2025-11-02T04:09:31Z",
                    "2025-11-02T04:09:58Z",
                    "2025-11-02T04:10:22Z",
                    "2025-11-02T04:10:50Z",
                    "2025-11-02T04:11:21Z",
                    "2025-11-02T04:11:56Z",
                    "2025-11-02T04:12:27Z",
                    "2025-11-02T04:12:53Z",
                    "2025-11-02T04:13:17Z",
                    "2025-11-02T04:13:43Z",
                    "2025-11-02T04:14:14Z",
                    "2025-11-02T04:14:41Z",
                    "2025-11-02T04:15:08Z",
                    "2025-11-02T04:15:36Z",
                    "2025-11-02T04:16:04Z",
                    "2025-11-02T04:16:35Z",
                    "2025-11-02T04:17:00Z",
                    "2025-11-02T04:17:24Z",
                    "2025-11-02T04:17:47Z",
                    "2025-11-02T04:18:15Z",
                    "2025-11-02T04:18:40Z",
                    "2025-11-02T04:19:04Z",
                    "2025-11-02T04:19:27Z",
                    "2025-11-02T04:19:52Z",
                    "2025-11-02T04:20:17Z",
                    "2025-11-02T04:20:51Z",
                    "2025-11-02T04:21:17Z",
                    "2025-11-02T04:21:40Z",
                    "2025-11-02T04:22:05Z",
                    "2025-11-02T04:22:32Z",
                    "2025-11-02T04:22:58Z",
                    "2025-11-02T04:23:24Z",
                    "2025-11-02T04:23:50Z",
                    "2025-11-02T04:24:16Z",
                    "2025-11-02T04:24:43Z",
                    "2025-11-02T04:25:09Z",
                    "2025-11-02T04:25:41Z",
                    "2025-11-02T04:26:08Z",
                    "2025-11-02T04:27:16Z",
                    "2025-11-02T04:27:42Z",
                    "2025-11-02T04:28:10Z",
                    "2025-11-02T04:28:34Z",
                    "2025-11-02T04:29:03Z",
                    "2025-11-02T04:29:33Z",
                    "2025-11-02T04:30:00Z",
                    "2025-11-02T04:30:39Z",
                    "2025-11-02T04:31:37Z",
                    "2025-11-02T04:32:08Z",
                    "2025-11-02T04:32:46Z",
                    "2025-11-02T04:33:10Z",
                    "2025-11-02T04:33:38Z",
                    "2025-11-02T04:34:06Z",
                    "2025-11-02T04:34:35Z",
                    "2025-11-02T04:35:01Z",
                    "2025-11-02T04:35:28Z",
                    "2025-11-02T04:35:53Z",
                    "2025-11-02T04:36:20Z",
                    "2025-11-02T04:36:47Z",
                    "2025-11-02T04:37:15Z",
                    "2025-11-02T04:37:52Z",
                    "2025-11-02T04:38:24Z",
                    "2025-11-02T04:38:55Z",
                    "2025-11-02T04:39:27Z",
                    "2025-11-02T04:39:54Z",
                    "2025-11-02T04:40:22Z",
                    "2025-11-02T04:40:53Z",
                    "2025-11-02T04:41:20Z",
                    "2025-11-02T04:41:50Z",
                    "2025-11-02T04:42:21Z",
                    "2025-11-02T04:42:54Z",
                    "2025-11-02T04:43:21Z",
                    "2025-11-02T04:43:52Z",
                    "2025-11-02T04:44:20Z",
                    "2025-11-02T04:44:45Z",
                    "2025-11-02T04:45:12Z",
                    "2025-11-02T04:45:38Z",
                    "2025-11-02T04:46:04Z",
                    "2025-11-02T04:46:32Z",
                    "2025-11-02T04:47:00Z",
                    "2025-11-02T04:47:26Z",
                    "2025-11-02T04:48:02Z",
                    "2025-11-02T04:48:31Z",
                    "2025-11-02T04:48:59Z",
                    "2025-11-02T04:49:33Z",
                    "2025-11-02T04:50:15Z",
                    "2025-11-02T04:51:30Z",
                    "2025-11-02T04:51:56Z",
                    "2025-11-02T04:52:36Z",
                    "2025-11-02T04:53:16Z",
                    "2025-11-02T04:53:45Z",
                    "2025-11-02T04:54:09Z",
                    "2025-11-02T04:54:35Z",
                    "2025-11-02T04:55:02Z",
                    "2025-11-02T04:55:31Z",
                    "2025-11-02T04:56:00Z",
                    "2025-11-02T04:56:28Z",
                    "2025-11-02T04:56:53Z",
                    "2025-11-02T04:57:19Z",
                    "2025-11-02T04:57:47Z",
                    "2025-11-02T04:58:14Z",
                    "2025-11-02T04:58:38Z",
                    "2025-11-02T04:59:07Z",
                    "2025-11-02T04:59:35Z",
                    "2025-11-02T05:00:01Z",
                    "2025-11-02T05:00:24Z",
                    "2025-11-02T05:00:47Z",
                    "2025-11-02T05:01:11Z",
                    "2025-11-02T05:01:34Z",
                    "2025-11-02T05:01:59Z",
                    "2025-11-02T05:02:24Z",
                    "2025-11-02T05:02:50Z",
                    "2025-11-02T05:03:14Z",
                    "2025-11-02T05:03:38Z",
                    "2025-11-02T05:04:04Z",
                    "2025-11-02T05:04:30Z",
                    "2025-11-02T05:04:54Z",
                    "2025-11-02T05:05:17Z",
                    "2025-11-02T05:05:40Z",
                    "2025-11-02T05:06:03Z",
                    "2025-11-02T05:06:27Z",
                    "2025-11-02T05:06:52Z",
                    "2025-11-02T05:07:15Z",
                    "2025-11-02T05:07:39Z",
                    "2025-11-02T05:08:02Z",
                    "2025-11-02T05:08:27Z",
                    "2025-11-02T05:08:53Z",
                    "2025-11-02T05:09:20Z",
                    "2025-11-02T05:09:44Z",
                    "2025-11-02T05:10:10Z",
                    "2025-11-02T05:10:38Z",
                    "2025-11-02T05:11:03Z",
                    "2025-11-02T05:11:33Z",
                    "2025-11-02T05:11:58Z",
                    "2025-11-02T05:12:24Z",
                    "2025-11-02T05:12:51Z",
                    "2025-11-02T05:13:22Z",
                    "2025-11-02T05:13:53Z",
                    "2025-11-02T05:14:23Z",
                    "2025-11-02T05:14:46Z",
                    "2025-11-02T05:15:14Z",
                    "2025-11-02T05:15:40Z",
                    "2025-11-02T05:16:03Z",
                    "2025-11-02T05:16:28Z",
                    "2025-11-02T05:16:53Z",
                    "2025-11-02T05:17:18Z",
                    "2025-11-02T05:17:46Z",
                    "2025-11-02T05:18:12Z",
                    "2025-11-02T05:18:36Z",
                    "2025-11-02T05:19:02Z",
                    "2025-11-02T05:19:27Z",
                    "2025-11-02T05:19:52Z",
                    "2025-11-02T05:20:16Z",
                    "2025-11-02T05:20:43Z",
                    "2025-11-02T05:21:14Z",
                    "2025-11-02T05:21:38Z",
                    "2025-11-02T05:22:02Z",
                    "2025-11-02T05:22:26Z",
                    "2025-11-02T05:22:51Z",
                    "2025-11-02T05:23:20Z",
                    "2025-11-02T05:23:46Z",
                    "2025-11-02T05:24:32Z",
                    "2025-11-02T05:24:56Z",
                    "2025-11-02T05:25:20Z",
                    "2025-11-02T05:25:43Z",
                    "2025-11-02T05:26:22Z",
                    "2025-11-02T05:27:09Z",
                    "2025-11-02T05:27:33Z",
                    "2025-11-02T05:27:58Z",
                    "2025-11-02T05:28:25Z",
                    "2025-11-02T05:28:52Z",
                    "2025-11-02T05:29:19Z",
                    "2025-11-02T05:29:46Z",
                    "2025-11-02T05:30:13Z",
                    "2025-11-02T05:30:39Z",
                    "2025-11-02T05:31:05Z",
                    "2025-11-02T05:31:30Z",
                    "2025-11-02T05:31:55Z",
                    "2025-11-02T05:32:19Z",
                    "2025-11-02T05:32:42Z",
                    "2025-11-02T05:33:05Z",
                    "2025-11-02T05:33:31Z",
                    "2025-11-02T05:33:55Z",
                    "2025-11-02T05:34:20Z",
                    "2025-11-02T05:34:43Z",
                    "2025-11-02T05:35:06Z",
                    "2025-11-02T05:35:31Z",
                    "2025-11-02T05:35:55Z",
                    "2025-11-02T05:36:18Z",
                    "2025-11-02T05:36:43Z",
                    "2025-11-02T05:37:08Z",
                    "2025-11-02T05:37:33Z",
                    "2025-11-02T05:37:57Z",
                    "2025-11-02T05:38:24Z",
                    "2025-11-02T05:38:52Z",
                    "2025-11-02T05:39:20Z",
                    "2025-11-02T05:40:48Z",
                    "2025-11-02T05:41:33Z",
                    "2025-11-02T05:42:05Z",
                    "2025-11-02T05:42:38Z",
                    "2025-11-02T05:43:17Z",
                    "2025-11-02T05:43:42Z",
                    "2025-11-02T05:44:05Z",
                    "2025-11-02T05:44:30Z",
                    "2025-11-02T05:44:57Z",
                    "2025-11-02T05:45:23Z",
                    "2025-11-02T05:45:49Z",
                    "2025-11-02T05:46:14Z",
                    "2025-11-02T05:46:41Z",
                    "2025-11-02T05:47:09Z",
                    "2025-11-02T05:47:35Z",
                    "2025-11-02T05:47:59Z",
                    "2025-11-02T05:48:26Z",
                    "2025-11-02T05:48:53Z",
                    "2025-11-02T05:49:21Z",
                    "2025-11-02T05:49:53Z",
                    "2025-11-02T05:50:18Z",
                    "2025-11-02T05:51:17Z",
                    "2025-11-02T05:52:50Z",
                    "2025-11-02T05:53:45Z",
                    "2025-11-02T05:54:21Z",
                    "2025-11-02T05:54:41Z",
                    "2025-11-02T05:55:38Z",
                    "2025-11-02T05:56:49Z",
                    "2025-11-02T05:57:36Z",
                    "2025-11-02T05:58:20Z",
                    "2025-11-02T06:00:41Z",
                    "2025-11-02T06:01:08Z",
                    "2025-11-02T06:01:38Z",
                    "2025-11-02T06:02:04Z",
                    "2025-11-02T06:02:30Z",
                    "2025-11-02T06:03:09Z",
                    "2025-11-02T06:03:35Z",
                    "2025-11-02T06:04:00Z",
                    "2025-11-02T06:04:29Z",
                    "2025-11-02T06:04:56Z",
                    "2025-11-02T06:05:21Z",
                    "2025-11-02T06:05:46Z",
                    "2025-11-02T06:06:12Z",
                    "2025-11-02T06:06:38Z",
                    "2025-11-02T06:07:05Z",
                    "2025-11-02T06:07:33Z",
                    "2025-11-02T06:08:00Z",
                    "2025-11-02T06:08:27Z",
                    "2025-11-02T06:08:52Z",
                    "2025-11-02T06:09:18Z",
                    "2025-11-02T06:09:45Z",
                    "2025-11-02T06:10:11Z",
                    "2025-11-02T06:10:38Z",
                    "2025-11-02T06:11:04Z",
                    "2025-11-02T06:11:31Z",
                    "2025-11-02T06:11:57Z",
                    "2025-11-02T06:12:22Z",
                    "2025-11-02T06:12:47Z",
                    "2025-11-02T06:13:16Z",
                    "2025-11-02T06:13:57Z",
                    "2025-11-02T06:14:24Z",
                    "2025-11-02T06:14:33Z"
                ]
            },
            "geometry": {
                "type": "LineString",
                "coordinates": [
                    [
                        135.6146996292816,
                        34.31791261724298,
                        92
                    ],
                    [
                        135.61486776196446,
                        34.31735864791943,
                        98
                    ],
                    [
                        135.61490371862172,
                        34.31679382846873,
                        94
                    ],
                    [
                        135.6148742889239,
                        34.316381978931375,
                        86
                    ],
                    [
                        135.6144148221502,
                        34.31613524660358,
                        85
                    ],
                    [
                        135.61389940134393,
                        34.31587082827009,
                        83
                    ],
                    [
                        135.61340362006442,
                        34.31565994557571,
                        84
                    ],
                    [
                        135.61297271356625,
                        34.3154600566511,
                        82
                    ],
                    [
                        135.6128163555709,
                        34.31512491394673,
                        84
                    ],
                    [
                        135.61298912238652,
                        34.31487637926292,
                        87
                    ],
                    [
                        135.61324582907943,
                        34.31455318304601,
                        87
                    ],
                    [
                        135.6134733001137,
                        34.31427809500981,
                        86
                    ],
                    [
                        135.61374962417065,
                        34.31391775196904,
                        89
                    ],
                    [
                        135.6140887928047,
                        34.31347790810669,
                        88
                    ],
                    [
                        135.61438293935157,
                        34.31307823429529,
                        86
                    ],
                    [
                        135.61413789081092,
                        34.31272682150691,
                        85
                    ],
                    [
                        135.61382125947264,
                        34.31246623051353,
                        84
                    ],
                    [
                        135.6134491519473,
                        34.31225806038759,
                        84
                    ],
                    [
                        135.61304170932812,
                        34.31203910921804,
                        84
                    ],
                    [
                        135.61265052889587,
                        34.31180964849174,
                        85
                    ],
                    [
                        135.61224838120594,
                        34.31154331949131,
                        85
                    ],
                    [
                        135.61193303088183,
                        34.31124835378782,
                        87
                    ],
                    [
                        135.61159971268114,
                        34.31091688539301,
                        85
                    ],
                    [
                        135.61115023154548,
                        34.310488686999676,
                        85
                    ],
                    [
                        135.61106025045547,
                        34.31017492680923,
                        85
                    ],
                    [
                        135.61136976357557,
                        34.30991610879214,
                        82
                    ],
                    [
                        135.61160129570524,
                        34.30961625220166,
                        83
                    ],
                    [
                        135.61201621405016,
                        34.30946944808378,
                        87
                    ],
                    [
                        135.61244764761096,
                        34.30940210580005,
                        91
                    ],
                    [
                        135.61286937400644,
                        34.30933371577656,
                        97
                    ],
                    [
                        135.6131131013396,
                        34.3091422435761,
                        98
                    ],
                    [
                        135.61292210050001,
                        34.30882499331454,
                        102
                    ],
                    [
                        135.6127411889085,
                        34.308535241785144,
                        108
                    ],
                    [
                        135.61254619174898,
                        34.308311994072966,
                        110
                    ],
                    [
                        135.6126639699074,
                        34.30827882907024,
                        112
                    ],
                    [
                        135.61245802926155,
                        34.30806020473385,
                        120
                    ],
                    [
                        135.6123365717221,
                        34.30783067819915,
                        129
                    ],
                    [
                        135.6123166748669,
                        34.30767314007218,
                        145
                    ],
                    [
                        135.61240756295666,
                        34.3074950025069,
                        158
                    ],
                    [
                        135.61261913676137,
                        34.30733992203151,
                        163
                    ],
                    [
                        135.6128943618322,
                        34.30714862783546,
                        162
                    ],
                    [
                        135.61324029876812,
                        34.30691516401219,
                        163
                    ],
                    [
                        135.61332015284194,
                        34.30659604709266,
                        165
                    ],
                    [
                        135.6133319386322,
                        34.30626697031604,
                        171
                    ],
                    [
                        135.61319498150496,
                        34.30597257969016,
                        177
                    ],
                    [
                        135.61290735885842,
                        34.30580531922457,
                        181
                    ],
                    [
                        135.61275409661198,
                        34.305514183481634,
                        188
                    ],
                    [
                        135.6128678874486,
                        34.30518779682075,
                        191
                    ],
                    [
                        135.61292136856892,
                        34.30496134485358,
                        195
                    ],
                    [
                        135.61250706155104,
                        34.3050838344948,
                        201
                    ],
                    [
                        135.61257846481942,
                        34.304842911572294,
                        207
                    ],
                    [
                        135.6125369729738,
                        34.304588138691,
                        214
                    ],
                    [
                        135.61261103070433,
                        34.30435159774535,
                        221
                    ],
                    [
                        135.6127751360666,
                        34.304098297778374,
                        226
                    ],
                    [
                        135.61292281332808,
                        34.303833919999185,
                        233
                    ],
                    [
                        135.61305220127443,
                        34.30362633487675,
                        238
                    ],
                    [
                        135.613162856678,
                        34.30341924657846,
                        245
                    ],
                    [
                        135.61337909848396,
                        34.3034973060117,
                        253
                    ],
                    [
                        135.61363460859562,
                        34.303543078874824,
                        262
                    ],
                    [
                        135.6138423950092,
                        34.30338824365614,
                        262
                    ],
                    [
                        135.61414159736864,
                        34.3032196267619,
                        270
                    ],
                    [
                        135.61434228085767,
                        34.30301607279867,
                        277
                    ],
                    [
                        135.6144369753097,
                        34.30278441473506,
                        295
                    ],
                    [
                        135.61458576199294,
                        34.30255932290464,
                        296
                    ],
                    [
                        135.6147613061415,
                        34.30226881967241,
                        303
                    ],
                    [
                        135.61494117141103,
                        34.30205056634687,
                        312
                    ],
                    [
                        135.6150845459683,
                        34.30186195831104,
                        310
                    ],
                    [
                        135.61539246525308,
                        34.301791218312566,
                        312
                    ],
                    [
                        135.61571078017306,
                        34.30153922272226,
                        313
                    ],
                    [
                        135.61587142532935,
                        34.301341616031564,
                        321
                    ],
                    [
                        135.615952614124,
                        34.301138967498424,
                        332
                    ],
                    [
                        135.61603894927669,
                        34.300920104660094,
                        336
                    ],
                    [
                        135.61626228525733,
                        34.30074597601499,
                        343
                    ],
                    [
                        135.61650823561226,
                        34.30059655994909,
                        350
                    ],
                    [
                        135.61661861464117,
                        34.300254630624366,
                        354
                    ],
                    [
                        135.61665468921154,
                        34.30002993058378,
                        357
                    ],
                    [
                        135.61643766053908,
                        34.299926314178144,
                        356
                    ],
                    [
                        135.61629383872636,
                        34.299658358937855,
                        361
                    ],
                    [
                        135.6159717909467,
                        34.299345726564866,
                        364
                    ],
                    [
                        135.61564252449298,
                        34.29944656553813,
                        367
                    ],
                    [
                        135.61531924380137,
                        34.29927545930742,
                        375
                    ],
                    [
                        135.61533374604664,
                        34.29897889490135,
                        383
                    ],
                    [
                        135.61551544719984,
                        34.29878290927357,
                        387
                    ],
                    [
                        135.61561197384137,
                        34.298643889071144,
                        397
                    ],
                    [
                        135.61554259424798,
                        34.298434087790376,
                        401
                    ],
                    [
                        135.61550300541512,
                        34.29818287062134,
                        407
                    ],
                    [
                        135.61551491763475,
                        34.297848487323044,
                        410
                    ],
                    [
                        135.61584620322827,
                        34.2975882597814,
                        413
                    ],
                    [
                        135.6161753830574,
                        34.29728047248099,
                        412
                    ],
                    [
                        135.61596578911826,
                        34.29689984456211,
                        406
                    ],
                    [
                        135.61636395369416,
                        34.29676489495815,
                        406
                    ],
                    [
                        135.61668782704143,
                        34.29658042105097,
                        412
                    ],
                    [
                        135.61678819997712,
                        34.296369693508396,
                        414
                    ],
                    [
                        135.6164533901105,
                        34.296149695488026,
                        418
                    ],
                    [
                        135.61617307931547,
                        34.295860670756724,
                        421
                    ],
                    [
                        135.61629612106617,
                        34.29551776909709,
                        425
                    ],
                    [
                        135.61651350890395,
                        34.29525899310715,
                        432
                    ],
                    [
                        135.61616341161957,
                        34.29516227633418,
                        439
                    ],
                    [
                        135.61578182226708,
                        34.29501781821144,
                        433
                    ],
                    [
                        135.61549067491953,
                        34.29473444842994,
                        440
                    ],
                    [
                        135.61522305229613,
                        34.29448256599145,
                        445
                    ],
                    [
                        135.61513129455238,
                        34.29413261239722,
                        450
                    ],
                    [
                        135.6151357447586,
                        34.293767597606546,
                        451
                    ],
                    [
                        135.61532306407662,
                        34.29379029080641,
                        449
                    ],
                    [
                        135.61550787760888,
                        34.2936151565076,
                        441
                    ],
                    [
                        135.61585978957052,
                        34.29353088984308,
                        434
                    ],
                    [
                        135.61573482573436,
                        34.293246536001604,
                        424
                    ],
                    [
                        135.61571981638872,
                        34.29283844120139,
                        420
                    ],
                    [
                        135.61597027108098,
                        34.29274065597221,
                        413
                    ],
                    [
                        135.61589535884076,
                        34.29241389829682,
                        405
                    ],
                    [
                        135.6159568460414,
                        34.29203655724612,
                        394
                    ],
                    [
                        135.61624069579358,
                        34.29163379873241,
                        386
                    ],
                    [
                        135.61633862126985,
                        34.29122160549696,
                        383
                    ],
                    [
                        135.61635555771295,
                        34.290790449013976,
                        371
                    ],
                    [
                        135.61645952841573,
                        34.290290882822234,
                        360
                    ],
                    [
                        135.61635862864688,
                        34.28985338779632,
                        349
                    ],
                    [
                        135.6163151087532,
                        34.28944254843609,
                        357
                    ],
                    [
                        135.61635801226137,
                        34.289078474932765,
                        358
                    ],
                    [
                        135.61651284076078,
                        34.288620532603616,
                        356
                    ],
                    [
                        135.61661041570537,
                        34.288277503776904,
                        349
                    ],
                    [
                        135.61679853208844,
                        34.28807769345012,
                        342
                    ],
                    [
                        135.61691459779055,
                        34.28761705835778,
                        338
                    ],
                    [
                        135.61699767295033,
                        34.28721830283159,
                        339
                    ],
                    [
                        135.61716323680042,
                        34.28700781474473,
                        334
                    ],
                    [
                        135.61703390012153,
                        34.28664110190414,
                        329
                    ],
                    [
                        135.61716741183997,
                        34.28652725131533,
                        327
                    ],
                    [
                        135.61693907954756,
                        34.28617977797456,
                        324
                    ],
                    [
                        135.61695784339764,
                        34.28588613992695,
                        316
                    ],
                    [
                        135.61691843300383,
                        34.28571973712381,
                        313
                    ],
                    [
                        135.61683173061112,
                        34.28542480645139,
                        311
                    ],
                    [
                        135.6166364990662,
                        34.28491400974143,
                        311
                    ],
                    [
                        135.61639509958817,
                        34.28454360987332,
                        305
                    ],
                    [
                        135.61636533849435,
                        34.28437980707678,
                        297
                    ],
                    [
                        135.6161659474291,
                        34.284075114790475,
                        296
                    ],
                    [
                        135.61616002751424,
                        34.28373527628436,
                        295
                    ],
                    [
                        135.61609778730457,
                        34.2834353934842,
                        287
                    ],
                    [
                        135.61609846449602,
                        34.283084504804584,
                        276
                    ],
                    [
                        135.61610452727652,
                        34.2826861442634,
                        262
                    ],
                    [
                        135.61639881199696,
                        34.28241834974975,
                        254
                    ],
                    [
                        135.61665476765884,
                        34.28226093945726,
                        250
                    ],
                    [
                        135.61669449657626,
                        34.281957664255216,
                        253
                    ],
                    [
                        135.61661399911074,
                        34.281593471830035,
                        249
                    ],
                    [
                        135.61650900831222,
                        34.28122615651646,
                        241
                    ],
                    [
                        135.61658827442474,
                        34.281001911784344,
                        235
                    ],
                    [
                        135.61667075170033,
                        34.28066302489812,
                        239
                    ],
                    [
                        135.61670390907835,
                        34.28050720256294,
                        237
                    ],
                    [
                        135.61653774200948,
                        34.28008464545477,
                        232
                    ],
                    [
                        135.61647427913155,
                        34.2796784365739,
                        228
                    ],
                    [
                        135.61655715965523,
                        34.2793027660985,
                        227
                    ],
                    [
                        135.6167482807261,
                        34.27916740903777,
                        223
                    ],
                    [
                        135.6166081686241,
                        34.27883517822205,
                        223
                    ],
                    [
                        135.61635906820337,
                        34.278592107040225,
                        216
                    ],
                    [
                        135.6161235266439,
                        34.27843555442585,
                        212
                    ],
                    [
                        135.6157653944003,
                        34.278242094679605,
                        211
                    ],
                    [
                        135.61563446286155,
                        34.27799602255709,
                        208
                    ],
                    [
                        135.6154552194858,
                        34.277728873426305,
                        209
                    ],
                    [
                        135.6154836760727,
                        34.27725113579651,
                        204
                    ],
                    [
                        135.61554658192173,
                        34.2768292970602,
                        195
                    ],
                    [
                        135.61576861766352,
                        34.27647064535045,
                        197
                    ],
                    [
                        135.61595927398443,
                        34.27616653782568,
                        198
                    ],
                    [
                        135.61555549605467,
                        34.27641867250329,
                        188
                    ],
                    [
                        135.6151276375824,
                        34.27670690416127,
                        181
                    ],
                    [
                        135.61499087157924,
                        34.27643068814249,
                        181
                    ],
                    [
                        135.61488259101426,
                        34.276303617898954,
                        187
                    ],
                    [
                        135.61515831794856,
                        34.276045607657345,
                        200
                    ],
                    [
                        135.61537652162542,
                        34.27576805647074,
                        206
                    ],
                    [
                        135.61561685449007,
                        34.2754110203901,
                        214
                    ],
                    [
                        135.61574574360307,
                        34.27519357453453,
                        212
                    ],
                    [
                        135.61596657065346,
                        34.27497736149048,
                        223
                    ],
                    [
                        135.6162597810146,
                        34.2748314878243,
                        234
                    ],
                    [
                        135.61652079228386,
                        34.274697029493844,
                        242
                    ],
                    [
                        135.61679292845636,
                        34.27461787846669,
                        246
                    ],
                    [
                        135.61701912533795,
                        34.27440968939682,
                        252
                    ],
                    [
                        135.61728423885302,
                        34.274561516519405,
                        250
                    ],
                    [
                        135.61767318070955,
                        34.27454966971436,
                        246
                    ],
                    [
                        135.61806532603637,
                        34.27455590614862,
                        252
                    ],
                    [
                        135.61807143269996,
                        34.27428525735103,
                        257
                    ],
                    [
                        135.6180538591177,
                        34.27414497195338,
                        262
                    ],
                    [
                        135.6180523607751,
                        34.274005357957996,
                        270
                    ],
                    [
                        135.61795241850766,
                        34.273825303312485,
                        276
                    ],
                    [
                        135.6175500845546,
                        34.273637113347476,
                        288
                    ],
                    [
                        135.61723483652852,
                        34.273632619306454,
                        298
                    ],
                    [
                        135.61694548712393,
                        34.273737570628526,
                        307
                    ],
                    [
                        135.6167074064762,
                        34.273841556734475,
                        307
                    ],
                    [
                        135.6164502120019,
                        34.27396123139057,
                        313
                    ],
                    [
                        135.61616537751877,
                        34.27394845562917,
                        312
                    ],
                    [
                        135.6159635776172,
                        34.27384887740754,
                        313
                    ],
                    [
                        135.61571330523861,
                        34.27378572635758,
                        325
                    ],
                    [
                        135.61591066691668,
                        34.27374035742079,
                        337
                    ],
                    [
                        135.61562152111628,
                        34.273729420521526,
                        345
                    ],
                    [
                        135.6153501885721,
                        34.27375802498726,
                        350
                    ],
                    [
                        135.6150896654844,
                        34.273784620670384,
                        357
                    ],
                    [
                        135.61481764834448,
                        34.27377867714559,
                        357
                    ],
                    [
                        135.61477484784106,
                        34.27355568565091,
                        360
                    ],
                    [
                        135.61459557833743,
                        34.27336404402434,
                        370
                    ],
                    [
                        135.61482023738137,
                        34.2732874046989,
                        388
                    ],
                    [
                        135.6151383949552,
                        34.27323309160281,
                        392
                    ],
                    [
                        135.6154497499898,
                        34.27316414160401,
                        395
                    ],
                    [
                        135.6155853738379,
                        34.273095392594406,
                        402
                    ],
                    [
                        135.615244263669,
                        34.27300512962232,
                        407
                    ],
                    [
                        135.61502070967586,
                        34.27286480847672,
                        412
                    ],
                    [
                        135.61475559094615,
                        34.27273859745576,
                        425
                    ],
                    [
                        135.61454064084336,
                        34.27260166592421,
                        424
                    ],
                    [
                        135.61474037467684,
                        34.2724971446658,
                        432
                    ],
                    [
                        135.6149495973376,
                        34.2723689013941,
                        440
                    ],
                    [
                        135.61510639170328,
                        34.27230102548652,
                        448
                    ],
                    [
                        135.6149509230106,
                        34.27212662331601,
                        455
                    ],
                    [
                        135.61464364544716,
                        34.27196532714383,
                        460
                    ],
                    [
                        135.61438542433598,
                        34.271910576242426,
                        464
                    ],
                    [
                        135.61412208195318,
                        34.271893180455486,
                        470
                    ],
                    [
                        135.61381335731932,
                        34.271917261715345,
                        483
                    ],
                    [
                        135.61352511342676,
                        34.27192260207901,
                        491
                    ],
                    [
                        135.61319637764757,
                        34.27197922461324,
                        493
                    ],
                    [
                        135.6128520124534,
                        34.27194607014388,
                        501
                    ],
                    [
                        135.6126305841098,
                        34.27209600483646,
                        501
                    ],
                    [
                        135.612391141319,
                        34.272122401341505,
                        497
                    ],
                    [
                        135.6121111684002,
                        34.271894117498505,
                        505
                    ],
                    [
                        135.61181467655734,
                        34.27170819918103,
                        505
                    ],
                    [
                        135.6116110008839,
                        34.27145397750339,
                        508
                    ],
                    [
                        135.61143701439067,
                        34.271174043435266,
                        511
                    ],
                    [
                        135.6111784172481,
                        34.270978733962906,
                        518
                    ],
                    [
                        135.61096199996095,
                        34.27065137196496,
                        517
                    ],
                    [
                        135.61066775301808,
                        34.27044333954727,
                        523
                    ],
                    [
                        135.61034038752433,
                        34.27024669271709,
                        527
                    ],
                    [
                        135.60996448111445,
                        34.27008631839808,
                        530
                    ],
                    [
                        135.60978163042708,
                        34.26970454342976,
                        530
                    ],
                    [
                        135.60990186038046,
                        34.269474807474516,
                        528
                    ],
                    [
                        135.61002667172778,
                        34.26905137238363,
                        527
                    ],
                    [
                        135.6101123161068,
                        34.26863862574503,
                        522
                    ],
                    [
                        135.60979081714726,
                        34.26843071836702,
                        512
                    ],
                    [
                        135.6096796407293,
                        34.26810460336256,
                        504
                    ],
                    [
                        135.60923645242354,
                        34.26798111107504,
                        493
                    ],
                    [
                        135.60882517326877,
                        34.26778062464111,
                        491
                    ],
                    [
                        135.6089935283985,
                        34.26754420155997,
                        490
                    ],
                    [
                        135.60904360788865,
                        34.267272887834515,
                        491
                    ],
                    [
                        135.60932638899425,
                        34.26714938961189,
                        495
                    ],
                    [
                        135.60955494004943,
                        34.26714273883221,
                        494
                    ],
                    [
                        135.60951460636255,
                        34.266853590771774,
                        503
                    ],
                    [
                        135.60968392149888,
                        34.266564469494504,
                        511
                    ],
                    [
                        135.61003616001543,
                        34.26670433480897,
                        513
                    ],
                    [
                        135.61038474984457,
                        34.26658716058008,
                        511
                    ],
                    [
                        135.61070126772444,
                        34.26655036427062,
                        517
                    ],
                    [
                        135.61074431446602,
                        34.26625197535294,
                        518
                    ],
                    [
                        135.61103313272613,
                        34.26603107782284,
                        528
                    ],
                    [
                        135.61139443551443,
                        34.26586883791956,
                        523
                    ],
                    [
                        135.61149551280286,
                        34.265537221670186,
                        526
                    ],
                    [
                        135.61122490769853,
                        34.26541385889561,
                        529
                    ],
                    [
                        135.61076413592846,
                        34.26543016298802,
                        532
                    ],
                    [
                        135.61098523529975,
                        34.265102062616755,
                        532
                    ],
                    [
                        135.61098263115534,
                        34.26474349935311,
                        527
                    ],
                    [
                        135.6107723549222,
                        34.26449091832215,
                        529
                    ],
                    [
                        135.61023003176712,
                        34.26452363683663,
                        527
                    ],
                    [
                        135.61020034826427,
                        34.2643692545007,
                        533
                    ],
                    [
                        135.6103295538292,
                        34.26402901078553,
                        534
                    ],
                    [
                        135.61035391774757,
                        34.26368236539326,
                        534
                    ],
                    [
                        135.61026299889068,
                        34.263425145694356,
                        529
                    ],
                    [
                        135.60966762702145,
                        34.263468547169985,
                        537
                    ],
                    [
                        135.60943404633048,
                        34.26341990711505,
                        538
                    ],
                    [
                        135.60962268348783,
                        34.26318244968336,
                        536
                    ],
                    [
                        135.60987214579836,
                        34.262916109861365,
                        536
                    ],
                    [
                        135.60978179250563,
                        34.26271930098502,
                        532
                    ],
                    [
                        135.60959190278282,
                        34.26256520577857,
                        539
                    ],
                    [
                        135.6097450425043,
                        34.26224007183847,
                        536
                    ],
                    [
                        135.60961956181765,
                        34.26187040992431,
                        529
                    ],
                    [
                        135.6092363850825,
                        34.26185257630106,
                        526
                    ],
                    [
                        135.60910689537292,
                        34.26175565680774,
                        532
                    ],
                    [
                        135.60899090402967,
                        34.261436569237695,
                        526
                    ],
                    [
                        135.60861610916393,
                        34.261362664408445,
                        523
                    ],
                    [
                        135.60852558870778,
                        34.261065176925335,
                        527
                    ],
                    [
                        135.60854382333648,
                        34.260789756102234,
                        528
                    ],
                    [
                        135.60859690301814,
                        34.260512604194076,
                        534
                    ],
                    [
                        135.60845045228234,
                        34.260309827771614,
                        538
                    ],
                    [
                        135.6086804242632,
                        34.26002181153688,
                        542
                    ],
                    [
                        135.6090643385765,
                        34.25979184781269,
                        543
                    ],
                    [
                        135.60936174581894,
                        34.25942948432672,
                        546
                    ],
                    [
                        135.60932724657442,
                        34.2590306272509,
                        543
                    ],
                    [
                        135.6090939338429,
                        34.25878244073301,
                        543
                    ],
                    [
                        135.60932774751996,
                        34.258454065473266,
                        545
                    ],
                    [
                        135.60902157418593,
                        34.258292092494926,
                        549
                    ],
                    [
                        135.60867299875792,
                        34.25815674668838,
                        556
                    ],
                    [
                        135.60834476860668,
                        34.257892030945236,
                        556
                    ],
                    [
                        135.60807408207117,
                        34.25759438577764,
                        553
                    ],
                    [
                        135.6078685987162,
                        34.25726909657411,
                        553
                    ],
                    [
                        135.60764940929877,
                        34.25710414633753,
                        565
                    ],
                    [
                        135.60731254760148,
                        34.2569936553909,
                        573
                    ],
                    [
                        135.60693921840667,
                        34.25681330547711,
                        565
                    ],
                    [
                        135.6066194045732,
                        34.256605922704,
                        565
                    ],
                    [
                        135.606224136011,
                        34.256414778008576,
                        569
                    ],
                    [
                        135.60579828525866,
                        34.25618771216369,
                        565
                    ],
                    [
                        135.60556384393678,
                        34.255852386666845,
                        563
                    ],
                    [
                        135.60535528372628,
                        34.25562704822368,
                        564
                    ],
                    [
                        135.6049184360605,
                        34.255509025876954,
                        566
                    ],
                    [
                        135.6045353117484,
                        34.25523127514962,
                        561
                    ],
                    [
                        135.60417795061554,
                        34.254869769001026,
                        564
                    ],
                    [
                        135.60382154481155,
                        34.25464766042992,
                        564
                    ],
                    [
                        135.60348578650152,
                        34.25444597548843,
                        566
                    ],
                    [
                        135.60311333680795,
                        34.254197802069214,
                        565
                    ],
                    [
                        135.60269007607835,
                        34.25405706079217,
                        568
                    ],
                    [
                        135.60240254573225,
                        34.2539721674997,
                        576
                    ],
                    [
                        135.6021514287536,
                        34.25387997107006,
                        584
                    ],
                    [
                        135.60186606904375,
                        34.253705198986886,
                        587
                    ],
                    [
                        135.60166022317713,
                        34.253463039691184,
                        589
                    ],
                    [
                        135.60139556414296,
                        34.2532737455443,
                        597
                    ],
                    [
                        135.60114847493597,
                        34.25306320341327,
                        601
                    ],
                    [
                        135.60104918485297,
                        34.252840881091664,
                        608
                    ],
                    [
                        135.60111375898663,
                        34.25261966408265,
                        618
                    ],
                    [
                        135.60118258043406,
                        34.25235333640011,
                        628
                    ],
                    [
                        135.60149357502084,
                        34.252114203598104,
                        632
                    ],
                    [
                        135.60142448105884,
                        34.251871265579105,
                        633
                    ],
                    [
                        135.60154525676,
                        34.25160556722194,
                        644
                    ],
                    [
                        135.60182342314724,
                        34.25149091049242,
                        645
                    ],
                    [
                        135.60191459966455,
                        34.25132736710828,
                        649
                    ],
                    [
                        135.6018148006469,
                        34.25105270212395,
                        651
                    ],
                    [
                        135.60167756745136,
                        34.25085915275366,
                        667
                    ],
                    [
                        135.60151823529208,
                        34.25066684782821,
                        674
                    ],
                    [
                        135.60160976521394,
                        34.25042078906421,
                        681
                    ],
                    [
                        135.60171137044617,
                        34.25024480594762,
                        681
                    ],
                    [
                        135.60161367446335,
                        34.25004609903193,
                        689
                    ],
                    [
                        135.601499687053,
                        34.24985770336149,
                        696
                    ],
                    [
                        135.60152119665653,
                        34.249599241516535,
                        706
                    ],
                    [
                        135.60155822657114,
                        34.24943476106026,
                        701
                    ],
                    [
                        135.60132533529273,
                        34.24925686156754,
                        709
                    ],
                    [
                        135.60104576834428,
                        34.24911052725181,
                        710
                    ],
                    [
                        135.60082489433213,
                        34.24899700716499,
                        720
                    ],
                    [
                        135.60059846426452,
                        34.248781115541014,
                        722
                    ],
                    [
                        135.6004082318545,
                        34.24856772168694,
                        730
                    ],
                    [
                        135.6003397282442,
                        34.24829722539853,
                        735
                    ],
                    [
                        135.6002669644597,
                        34.24800355409262,
                        742
                    ],
                    [
                        135.60012902663632,
                        34.24777077833456,
                        747
                    ],
                    [
                        135.6000219043148,
                        34.24753324914103,
                        754
                    ],
                    [
                        135.60000158319178,
                        34.24729993552599,
                        766
                    ],
                    [
                        135.5999880964003,
                        34.24709683618578,
                        772
                    ],
                    [
                        135.60002521088012,
                        34.24686447405313,
                        779
                    ],
                    [
                        135.60012439262673,
                        34.246657022024706,
                        786
                    ],
                    [
                        135.60017364448262,
                        34.246435290148916,
                        789
                    ],
                    [
                        135.6001325886018,
                        34.246203877184875,
                        800
                    ],
                    [
                        135.6000661217757,
                        34.2459915628876,
                        808
                    ],
                    [
                        135.5999463718805,
                        34.245752266324374,
                        813
                    ],
                    [
                        135.59990221705507,
                        34.24549629514375,
                        820
                    ],
                    [
                        135.5997986234202,
                        34.2457132697102,
                        821
                    ],
                    [
                        135.59973240050982,
                        34.245463669091905,
                        828
                    ],
                    [
                        135.59977677060658,
                        34.24520231131532,
                        827
                    ],
                    [
                        135.59985545342005,
                        34.245009759651026,
                        835
                    ],
                    [
                        135.5999253677467,
                        34.24491517114235,
                        843
                    ],
                    [
                        135.6000795308642,
                        34.244847044027466,
                        864
                    ],
                    [
                        135.5997604477734,
                        34.244900311909596,
                        848
                    ],
                    [
                        135.59948285835816,
                        34.24494497536175,
                        853
                    ],
                    [
                        135.59944617651914,
                        34.244731768569025,
                        858
                    ],
                    [
                        135.59955779296317,
                        34.244507216418405,
                        865
                    ],
                    [
                        135.59942102225367,
                        34.24424889353607,
                        866
                    ],
                    [
                        135.59920898907492,
                        34.24403398134621,
                        874
                    ],
                    [
                        135.59935790655229,
                        34.24377048388351,
                        879
                    ],
                    [
                        135.59969731584408,
                        34.2435801483798,
                        880
                    ],
                    [
                        135.60002107688422,
                        34.243388856869,
                        889
                    ],
                    [
                        135.60032094120686,
                        34.24320663179272,
                        888
                    ],
                    [
                        135.6005500148836,
                        34.24300652413202,
                        889
                    ],
                    [
                        135.60061959280588,
                        34.24272721071233,
                        888
                    ],
                    [
                        135.6008337224733,
                        34.2425153252684,
                        891
                    ],
                    [
                        135.60116623212437,
                        34.242339667091194,
                        896
                    ],
                    [
                        135.60138057852052,
                        34.242064962830675,
                        900
                    ],
                    [
                        135.6017363897406,
                        34.24188205873329,
                        902
                    ],
                    [
                        135.60201189575602,
                        34.241709964814106,
                        904
                    ],
                    [
                        135.60202011615394,
                        34.241556227809326,
                        903
                    ],
                    [
                        135.60210766117373,
                        34.24131769987609,
                        904
                    ],
                    [
                        135.60225657758892,
                        34.24112603260442,
                        908
                    ],
                    [
                        135.60255862491684,
                        34.240979457346,
                        909
                    ],
                    [
                        135.60278257194054,
                        34.24076286220668,
                        909
                    ],
                    [
                        135.60273662512125,
                        34.24050032182819,
                        910
                    ],
                    [
                        135.6026901870862,
                        34.2401955241001,
                        910
                    ],
                    [
                        135.60268041898053,
                        34.23993066310381,
                        905
                    ],
                    [
                        135.60262816073424,
                        34.23961417792236,
                        907
                    ],
                    [
                        135.60279241328612,
                        34.23935319023901,
                        910
                    ],
                    [
                        135.6028595446479,
                        34.23917936557626,
                        911
                    ],
                    [
                        135.60275879967992,
                        34.23884254307726,
                        911
                    ],
                    [
                        135.60275236856234,
                        34.23856148599845,
                        912
                    ],
                    [
                        135.60274663741717,
                        34.23820479132362,
                        917
                    ],
                    [
                        135.60280795424646,
                        34.23782252541558,
                        913
                    ],
                    [
                        135.60251017666812,
                        34.23759819375112,
                        915
                    ],
                    [
                        135.60204148339983,
                        34.23741628392044,
                        914
                    ],
                    [
                        135.6016823508868,
                        34.23716122387123,
                        912
                    ],
                    [
                        135.60135789649735,
                        34.23696381222494,
                        915
                    ],
                    [
                        135.60107388630234,
                        34.236687020543854,
                        918
                    ],
                    [
                        135.60076989628968,
                        34.23651304979595,
                        923
                    ],
                    [
                        135.60058091158308,
                        34.236240057610225,
                        932
                    ],
                    [
                        135.60037265439803,
                        34.23583030261828,
                        923
                    ],
                    [
                        135.60009634869118,
                        34.235613653225045,
                        925
                    ],
                    [
                        135.60006990448628,
                        34.23531757184427,
                        916
                    ],
                    [
                        135.60014152678713,
                        34.23502585824412,
                        914
                    ],
                    [
                        135.6003317081014,
                        34.2346872770815,
                        909
                    ],
                    [
                        135.6003976304225,
                        34.234370472357575,
                        900
                    ],
                    [
                        135.6003215853123,
                        34.23403336374666,
                        890
                    ],
                    [
                        135.60026346510585,
                        34.23382695009485,
                        878
                    ],
                    [
                        135.6000452599555,
                        34.23323224379679,
                        875
                    ],
                    [
                        135.59980197263343,
                        34.23271697110104,
                        865
                    ],
                    [
                        135.59972562532212,
                        34.23225718009035,
                        856
                    ],
                    [
                        135.59970400505986,
                        34.23180100697654,
                        850
                    ],
                    [
                        135.59949585397635,
                        34.23126980089523,
                        846
                    ],
                    [
                        135.5997153486351,
                        34.23087898898503,
                        840
                    ],
                    [
                        135.59978033265264,
                        34.23054601448408,
                        843
                    ],
                    [
                        135.5999846924714,
                        34.23019383352348,
                        842
                    ],
                    [
                        135.60025653676422,
                        34.22980460207217,
                        837
                    ],
                    [
                        135.60058043348542,
                        34.229526312394654,
                        831
                    ],
                    [
                        135.600975374929,
                        34.22904476665969,
                        828
                    ],
                    [
                        135.60138922992525,
                        34.22859108345479,
                        825
                    ],
                    [
                        135.60201245779442,
                        34.2282907655908,
                        828
                    ],
                    [
                        135.6023530488802,
                        34.22794918218017,
                        827
                    ],
                    [
                        135.6023652735768,
                        34.2275637134606,
                        827
                    ],
                    [
                        135.60218005926887,
                        34.22720743460379,
                        831
                    ],
                    [
                        135.60191767794964,
                        34.22693706241391,
                        828
                    ],
                    [
                        135.60172794152479,
                        34.22664016460865,
                        836
                    ],
                    [
                        135.60133848489224,
                        34.22646805989847,
                        833
                    ],
                    [
                        135.60092991014886,
                        34.22631305297492,
                        833
                    ],
                    [
                        135.60036346942076,
                        34.22601431377256,
                        833
                    ],
                    [
                        135.599854088257,
                        34.2256735024008,
                        824
                    ],
                    [
                        135.59946057615696,
                        34.225254836696706,
                        815
                    ],
                    [
                        135.5989899668723,
                        34.22484010508705,
                        806
                    ],
                    [
                        135.59860471309665,
                        34.22458092032501,
                        803
                    ],
                    [
                        135.59829734072022,
                        34.22429463492559,
                        801
                    ],
                    [
                        135.5980417692854,
                        34.22400196260092,
                        804
                    ],
                    [
                        135.59799582144217,
                        34.22361983603452,
                        809
                    ],
                    [
                        135.59793176695797,
                        34.223245102681226,
                        806
                    ],
                    [
                        135.59785758874688,
                        34.22284804472888,
                        802
                    ],
                    [
                        135.59757299126727,
                        34.22285052376625,
                        805
                    ],
                    [
                        135.59759937964034,
                        34.22298733995503,
                        802
                    ],
                    [
                        135.5976813693802,
                        34.222785442772256,
                        804
                    ],
                    [
                        135.59777631081403,
                        34.22254013620033,
                        804
                    ],
                    [
                        135.59778885476115,
                        34.22218270478948,
                        803
                    ],
                    [
                        135.59778148937608,
                        34.22181590250352,
                        801
                    ],
                    [
                        135.59774654096358,
                        34.22145279029031,
                        800
                    ],
                    [
                        135.59748798933086,
                        34.2211478822152,
                        804
                    ],
                    [
                        135.5971401135434,
                        34.22098045383674,
                        805
                    ],
                    [
                        135.59678480300582,
                        34.22074282562044,
                        809
                    ],
                    [
                        135.59653571697342,
                        34.22047070399407,
                        813
                    ],
                    [
                        135.5963274490268,
                        34.22016389650836,
                        817
                    ],
                    [
                        135.59597366157556,
                        34.220026287606956,
                        823
                    ],
                    [
                        135.59562266770877,
                        34.21999301253056,
                        828
                    ],
                    [
                        135.59529361932013,
                        34.21979184122149,
                        831
                    ],
                    [
                        135.59488361304003,
                        34.219687902071996,
                        832
                    ],
                    [
                        135.59447945712427,
                        34.21956212638318,
                        833
                    ],
                    [
                        135.59423501888253,
                        34.21933889866075,
                        831
                    ],
                    [
                        135.59392177204265,
                        34.21914844461288,
                        829
                    ],
                    [
                        135.5933427580726,
                        34.21901884718003,
                        830
                    ],
                    [
                        135.59311969422117,
                        34.21869212983136,
                        823
                    ],
                    [
                        135.59285958254384,
                        34.218438340929936,
                        818
                    ],
                    [
                        135.59245622368016,
                        34.21884791711704,
                        810
                    ],
                    [
                        135.59219336577337,
                        34.2187122633867,
                        810
                    ],
                    [
                        135.59196863571708,
                        34.21842500870364,
                        816
                    ],
                    [
                        135.59181460333468,
                        34.218079049459085,
                        818
                    ],
                    [
                        135.59143887939035,
                        34.21783570215141,
                        819
                    ],
                    [
                        135.59093512482772,
                        34.217501796230785,
                        818
                    ],
                    [
                        135.59049514609237,
                        34.21762576952619,
                        819
                    ],
                    [
                        135.5901499943136,
                        34.21758728361738,
                        822
                    ],
                    [
                        135.58979402942992,
                        34.217475180095335,
                        828
                    ],
                    [
                        135.58946118451337,
                        34.21726076029822,
                        836
                    ],
                    [
                        135.58916998585775,
                        34.217063448602005,
                        843
                    ],
                    [
                        135.58877656502446,
                        34.216941524059365,
                        844
                    ],
                    [
                        135.58838661297898,
                        34.21684999948938,
                        850
                    ],
                    [
                        135.58797387980772,
                        34.21687025033984,
                        839
                    ],
                    [
                        135.58751493396403,
                        34.21686128145008,
                        841
                    ],
                    [
                        135.58706161846118,
                        34.21649270539725,
                        836
                    ],
                    [
                        135.58674082485066,
                        34.215979193661056,
                        836
                    ],
                    [
                        135.5863278706537,
                        34.215593967891984,
                        830
                    ],
                    [
                        135.58629854038995,
                        34.215319623850334,
                        826
                    ],
                    [
                        135.58628018637341,
                        34.21498545031354,
                        825
                    ],
                    [
                        135.58629757342817,
                        34.214704538137745,
                        823
                    ],
                    [
                        135.5863142471519,
                        34.2143664327697,
                        823
                    ],
                    [
                        135.5862877324962,
                        34.213993564574636,
                        823
                    ],
                    [
                        135.5862380489257,
                        34.213582824569656,
                        824
                    ],
                    [
                        135.58614075466892,
                        34.21324748711513,
                        823
                    ],
                    [
                        135.5856797530383,
                        34.21328749464398,
                        823
                    ],
                    [
                        135.58517489436383,
                        34.2132818029748,
                        824
                    ],
                    [
                        135.5847057580448,
                        34.21320590727869,
                        824
                    ],
                    [
                        135.58426229423432,
                        34.21316394954178,
                        823
                    ],
                    [
                        135.5839286350799,
                        34.21319562239052,
                        823
                    ],
                    [
                        135.58393626543142,
                        34.213403883048635,
                        827
                    ],
                    [
                        135.5839608256915,
                        34.21366614952907,
                        823
                    ],
                    [
                        135.5838914453966,
                        34.21317110648981,
                        823
                    ],
                    [
                        135.58343000522797,
                        34.21313942636292,
                        826
                    ],
                    [
                        135.58301021740476,
                        34.21318396807896,
                        825
                    ],
                    [
                        135.5827723467758,
                        34.2131347588272,
                        825
                    ],
                    [
                        135.58240338422863,
                        34.213148647467186,
                        826
                    ],
                    [
                        135.58196361397583,
                        34.21315319552268,
                        830
                    ],
                    [
                        135.58156104191139,
                        34.21315815700347,
                        832
                    ],
                    [
                        135.58118875898194,
                        34.213180915273725,
                        831
                    ],
                    [
                        135.58102949681233,
                        34.21319564583053,
                        827
                    ],
                    [
                        135.58060084482028,
                        34.21320198158731,
                        831
                    ],
                    [
                        135.58022802666275,
                        34.21312949361226,
                        835
                    ],
                    [
                        135.57987638882636,
                        34.212953071601966,
                        834
                    ],
                    [
                        135.57956332135873,
                        34.212696692616774,
                        834
                    ],
                    [
                        135.57949942188023,
                        34.21243369539062,
                        831
                    ],
                    [
                        135.5798555481783,
                        34.21232965223442,
                        828
                    ],
                    [
                        135.57951522264116,
                        34.212318316195336,
                        830
                    ],
                    [
                        135.57919483610118,
                        34.21223527907252,
                        829
                    ],
                    [
                        135.57896574614273,
                        34.21225633666311,
                        831
                    ],
                    [
                        135.57852139899092,
                        34.212338138097834,
                        832
                    ],
                    [
                        135.57813102813276,
                        34.21238222669009,
                        833
                    ],
                    [
                        135.5777172636368,
                        34.21246483734446,
                        833
                    ],
                    [
                        135.5772573396751,
                        34.2125677186301,
                        837
                    ],
                    [
                        135.57701111202286,
                        34.212599994709265,
                        839
                    ],
                    [
                        135.57660837210676,
                        34.212687807059844,
                        841
                    ],
                    [
                        135.5761791145614,
                        34.212764357839106,
                        841
                    ],
                    [
                        135.575765728879,
                        34.2128174373556,
                        839
                    ],
                    [
                        135.57535624984752,
                        34.212913378477424,
                        838
                    ],
                    [
                        135.574899353386,
                        34.21302329909324,
                        840
                    ],
                    [
                        135.57445505216918,
                        34.213133823176,
                        842
                    ],
                    [
                        135.57404108140034,
                        34.2132005342745,
                        847
                    ],
                    [
                        135.57360653631423,
                        34.21317273318581,
                        845
                    ],
                    [
                        135.57332422815912,
                        34.21319627165914,
                        847
                    ],
                    [
                        135.5729686569956,
                        34.21307522978307,
                        854
                    ],
                    [
                        135.5725986300024,
                        34.213045264045256,
                        854
                    ],
                    [
                        135.57239515532848,
                        34.213135562043455,
                        849
                    ],
                    [
                        135.57220812945468,
                        34.213344181986365,
                        845
                    ],
                    [
                        135.5722206949056,
                        34.21286306996208,
                        833
                    ],
                    [
                        135.5722066262755,
                        34.212659630598324,
                        830
                    ],
                    [
                        135.5722746021625,
                        34.21252877291995,
                        832
                    ],
                    [
                        135.57227372742983,
                        34.21209540696724,
                        828
                    ],
                    [
                        135.5719845771897,
                        34.211708682492855,
                        823
                    ],
                    [
                        135.57193559520996,
                        34.21206735137681,
                        808
                    ],
                    [
                        135.5716998280876,
                        34.21219553109496,
                        799
                    ],
                    [
                        135.5713817364395,
                        34.21266668902953,
                        789
                    ],
                    [
                        135.5711096285392,
                        34.21294460449681,
                        781
                    ],
                    [
                        135.57056512148418,
                        34.21290520306307,
                        771
                    ],
                    [
                        135.57018295735924,
                        34.21299625652176,
                        759
                    ],
                    [
                        135.5699223622303,
                        34.21342790653933,
                        753
                    ],
                    [
                        135.56976967331082,
                        34.21382280760092,
                        754
                    ],
                    [
                        135.5692264021229,
                        34.21372691449979,
                        753
                    ],
                    [
                        135.56908538161923,
                        34.21403020590128,
                        755
                    ],
                    [
                        135.56944291238688,
                        34.21431293889208,
                        751
                    ],
                    [
                        135.56972710317623,
                        34.21459369027731,
                        761
                    ],
                    [
                        135.56959917579604,
                        34.21481292548679,
                        768
                    ],
                    [
                        135.56957586195958,
                        34.215242949332094,
                        758
                    ],
                    [
                        135.5697817744048,
                        34.21553292622573,
                        766
                    ],
                    [
                        135.56990834451005,
                        34.215742386363864,
                        778
                    ],
                    [
                        135.56974870700628,
                        34.21601872417879,
                        784
                    ],
                    [
                        135.569351415807,
                        34.215764001269775,
                        783
                    ],
                    [
                        135.56862633926713,
                        34.215603005238165,
                        768
                    ],
                    [
                        135.56826680018335,
                        34.215716359630584,
                        768
                    ],
                    [
                        135.5678161329396,
                        34.215648466851796,
                        763
                    ],
                    [
                        135.56750795956953,
                        34.21539625341295,
                        768
                    ],
                    [
                        135.56722704436586,
                        34.215562727645604,
                        761
                    ],
                    [
                        135.56701110261181,
                        34.216091452720185,
                        759
                    ],
                    [
                        135.5670650401483,
                        34.216437377341045,
                        756
                    ],
                    [
                        135.56671598334054,
                        34.216596146329366,
                        765
                    ],
                    [
                        135.56656713452,
                        34.2168385906987,
                        764
                    ],
                    [
                        135.5663807485005,
                        34.21720046177627,
                        769
                    ],
                    [
                        135.56631483299276,
                        34.217538300058095,
                        774
                    ],
                    [
                        135.56592343953002,
                        34.21769969473793,
                        774
                    ],
                    [
                        135.56557136025435,
                        34.217719747096105,
                        777
                    ],
                    [
                        135.56515347063973,
                        34.217779882643384,
                        781
                    ],
                    [
                        135.5648130290147,
                        34.21785779203564,
                        783
                    ],
                    [
                        135.56461024987453,
                        34.2181987628347,
                        784
                    ],
                    [
                        135.56418907196766,
                        34.21834726495621,
                        790
                    ],
                    [
                        135.5638289347532,
                        34.21843067931104,
                        791
                    ],
                    [
                        135.56347323545657,
                        34.21846615409535,
                        789
                    ],
                    [
                        135.56312874811866,
                        34.21875275735567,
                        777
                    ],
                    [
                        135.56258567067056,
                        34.21892058448277,
                        771
                    ],
                    [
                        135.5621996034684,
                        34.21928649047695,
                        766
                    ],
                    [
                        135.56178212298798,
                        34.21956044756642,
                        764
                    ],
                    [
                        135.56133160883402,
                        34.21970491398895,
                        760
                    ],
                    [
                        135.56102850817922,
                        34.219932610203614,
                        760
                    ],
                    [
                        135.5606628543329,
                        34.220253200966624,
                        756
                    ],
                    [
                        135.56016916084977,
                        34.22053153642475,
                        752
                    ],
                    [
                        135.55993720209557,
                        34.22076379740829,
                        750
                    ],
                    [
                        135.55979673518476,
                        34.22115023151219,
                        750
                    ],
                    [
                        135.55930485558147,
                        34.221114413308854,
                        743
                    ],
                    [
                        135.5587350422787,
                        34.2210438361622,
                        744
                    ],
                    [
                        135.5581805002685,
                        34.220835174868576,
                        747
                    ],
                    [
                        135.55772511648544,
                        34.220465708164554,
                        746
                    ],
                    [
                        135.55744692544923,
                        34.220210850112196,
                        743
                    ],
                    [
                        135.5568495017097,
                        34.22019866345699,
                        740
                    ],
                    [
                        135.55656072361597,
                        34.21982916004045,
                        737
                    ],
                    [
                        135.5561724215016,
                        34.219656763155236,
                        739
                    ],
                    [
                        135.55602872068226,
                        34.219323113763856,
                        726
                    ],
                    [
                        135.5558257215666,
                        34.21891713054635,
                        723
                    ],
                    [
                        135.5552714449181,
                        34.21871863315575,
                        722
                    ],
                    [
                        135.55461189287567,
                        34.21860751507188,
                        721
                    ],
                    [
                        135.55417178856803,
                        34.218417967563184,
                        716
                    ],
                    [
                        135.5538796355899,
                        34.218614048011815,
                        719
                    ],
                    [
                        135.55363367462277,
                        34.218329594643855,
                        719
                    ],
                    [
                        135.55331096727272,
                        34.2180700845246,
                        709
                    ],
                    [
                        135.55286970941876,
                        34.21812456264839,
                        704
                    ],
                    [
                        135.5525585308259,
                        34.21833662814512,
                        704
                    ],
                    [
                        135.55223621379352,
                        34.21813285055074,
                        700
                    ],
                    [
                        135.5521814435584,
                        34.21790875520216,
                        705
                    ],
                    [
                        135.55214531618498,
                        34.21760359475962,
                        714
                    ],
                    [
                        135.55196555678143,
                        34.21737929587242,
                        719
                    ],
                    [
                        135.55155502831778,
                        34.21741167893543,
                        723
                    ],
                    [
                        135.55132009043632,
                        34.216976323591425,
                        716
                    ],
                    [
                        135.55088979995875,
                        34.21693127635866,
                        706
                    ],
                    [
                        135.55040457460512,
                        34.21697152348056,
                        699
                    ],
                    [
                        135.549893094955,
                        34.2168053464263,
                        695
                    ],
                    [
                        135.549421755166,
                        34.21650786302543,
                        690
                    ],
                    [
                        135.5489649036413,
                        34.21618160998349,
                        688
                    ],
                    [
                        135.54856125191873,
                        34.216124855508774,
                        683
                    ],
                    [
                        135.54802026369876,
                        34.216340819379184,
                        679
                    ],
                    [
                        135.54801827306494,
                        34.21594768984807,
                        674
                    ],
                    [
                        135.54796463941366,
                        34.215471722360554,
                        681
                    ],
                    [
                        135.54774036025353,
                        34.21577410111221,
                        680
                    ],
                    [
                        135.54730560606373,
                        34.215884381952705,
                        674
                    ],
                    [
                        135.54683045337595,
                        34.21594601606569,
                        672
                    ],
                    [
                        135.54654713298322,
                        34.215541767803394,
                        677
                    ],
                    [
                        135.54613251317855,
                        34.21587743418358,
                        672
                    ],
                    [
                        135.5459949738252,
                        34.216349594951204,
                        666
                    ],
                    [
                        135.54561389656607,
                        34.21609990023717,
                        657
                    ],
                    [
                        135.54554148383593,
                        34.21575946576672,
                        655
                    ],
                    [
                        135.5453502978298,
                        34.21567805269063,
                        659
                    ],
                    [
                        135.5449499279997,
                        34.2158625947866,
                        648
                    ],
                    [
                        135.54470826488753,
                        34.21571840725728,
                        643
                    ],
                    [
                        135.54438938508028,
                        34.21592452184885,
                        642
                    ],
                    [
                        135.54425671369808,
                        34.216281299099265,
                        639
                    ],
                    [
                        135.54406084368475,
                        34.21670393013214,
                        627
                    ],
                    [
                        135.54393490248384,
                        34.2171499095667,
                        620
                    ],
                    [
                        135.5436409185478,
                        34.217533994746105,
                        614
                    ],
                    [
                        135.54319236037884,
                        34.21778339126456,
                        605
                    ],
                    [
                        135.5428222869024,
                        34.217626927133374,
                        598
                    ],
                    [
                        135.5427280863469,
                        34.21727163460075,
                        596
                    ],
                    [
                        135.5428473245557,
                        34.21687691349396,
                        596
                    ],
                    [
                        135.54268162476583,
                        34.21639951373376,
                        596
                    ],
                    [
                        135.54236243888454,
                        34.216746582184584,
                        592
                    ],
                    [
                        135.54192223399053,
                        34.2169000085783,
                        578
                    ],
                    [
                        135.5417687857999,
                        34.21682753188876,
                        575
                    ],
                    [
                        135.5413946122063,
                        34.216753952043724,
                        575
                    ],
                    [
                        135.5414915476483,
                        34.21708227273994,
                        574
                    ],
                    [
                        135.54146843496767,
                        34.217281473111235,
                        568
                    ],
                    [
                        135.54134277169973,
                        34.21751857017424,
                        564
                    ],
                    [
                        135.54097359414612,
                        34.21782200846332,
                        553
                    ],
                    [
                        135.5406334389776,
                        34.218075501467425,
                        544
                    ],
                    [
                        135.54020948669233,
                        34.218019705213145,
                        540
                    ],
                    [
                        135.539815404351,
                        34.21808841893586,
                        531
                    ],
                    [
                        135.53951276989164,
                        34.21833023911092,
                        520
                    ],
                    [
                        135.5392328630646,
                        34.218494251307916,
                        511
                    ],
                    [
                        135.5386425898285,
                        34.21875593309857,
                        504
                    ],
                    [
                        135.53815096109432,
                        34.21890198852505,
                        500
                    ],
                    [
                        135.53771977896275,
                        34.21922720304271,
                        489
                    ],
                    [
                        135.5372570333459,
                        34.219522746343664,
                        484
                    ],
                    [
                        135.5373406716702,
                        34.2198957354634,
                        487
                    ],
                    [
                        135.53730984746326,
                        34.22018644381976,
                        493
                    ],
                    [
                        135.53718860522017,
                        34.220472716441336,
                        498
                    ],
                    [
                        135.53696149631983,
                        34.220715526368764,
                        498
                    ],
                    [
                        135.53692865621173,
                        34.221093646039286,
                        501
                    ],
                    [
                        135.53680155088918,
                        34.22135689739363,
                        500
                    ],
                    [
                        135.5365360054858,
                        34.22157011953489,
                        507
                    ],
                    [
                        135.53648302503902,
                        34.22186532228062,
                        517
                    ],
                    [
                        135.53678149065738,
                        34.22208514119351,
                        523
                    ],
                    [
                        135.5371603035656,
                        34.22229515216842,
                        524
                    ],
                    [
                        135.5371970946732,
                        34.222647226401634,
                        517
                    ],
                    [
                        135.53694523379994,
                        34.222874954208066,
                        521
                    ],
                    [
                        135.53671898728035,
                        34.22298349101998,
                        525
                    ],
                    [
                        135.53687819987155,
                        34.22329507708165,
                        534
                    ],
                    [
                        135.53712685031127,
                        34.22355652827877,
                        543
                    ],
                    [
                        135.53739500846402,
                        34.223867538149236,
                        545
                    ],
                    [
                        135.53767509748855,
                        34.22411693681794,
                        549
                    ],
                    [
                        135.53792557303584,
                        34.224393210731265,
                        553
                    ],
                    [
                        135.5381717332384,
                        34.22464830652158,
                        557
                    ],
                    [
                        135.53856684090033,
                        34.22469120492475,
                        554
                    ],
                    [
                        135.53850257161497,
                        34.22510338533388,
                        544
                    ],
                    [
                        135.53833740137662,
                        34.22536083274326,
                        550
                    ],
                    [
                        135.53806602929785,
                        34.22582394916552,
                        546
                    ],
                    [
                        135.53802374758138,
                        34.22615608784394,
                        544
                    ],
                    [
                        135.5379920663847,
                        34.22653720551919,
                        549
                    ],
                    [
                        135.53765857861345,
                        34.22667885851471,
                        549
                    ],
                    [
                        135.53744365094278,
                        34.22697358526292,
                        549
                    ],
                    [
                        135.53767294275147,
                        34.22729811259275,
                        557
                    ],
                    [
                        135.537878052932,
                        34.227690895277426,
                        552
                    ],
                    [
                        135.53809688034198,
                        34.22793986433436,
                        559
                    ],
                    [
                        135.53851041250047,
                        34.22787117981897,
                        553
                    ],
                    [
                        135.53882012715053,
                        34.2282011261755,
                        549
                    ],
                    [
                        135.53867232675424,
                        34.22859008467839,
                        546
                    ],
                    [
                        135.53893024048776,
                        34.228877871333395,
                        547
                    ],
                    [
                        135.53913941767382,
                        34.229370027511095,
                        546
                    ],
                    [
                        135.53924513682318,
                        34.229863587027005,
                        548
                    ],
                    [
                        135.53931671039885,
                        34.2302199908227,
                        547
                    ],
                    [
                        135.53968249619146,
                        34.230473630599754,
                        548
                    ],
                    [
                        135.53962033674526,
                        34.23086457801492,
                        545
                    ],
                    [
                        135.53954406963572,
                        34.23119320719683,
                        547
                    ],
                    [
                        135.53953072246364,
                        34.231488980787496,
                        551
                    ],
                    [
                        135.5396232326549,
                        34.23171285089696,
                        558
                    ],
                    [
                        135.5398213252383,
                        34.231873413433526,
                        563
                    ],
                    [
                        135.53992559144842,
                        34.23219597466193,
                        566
                    ],
                    [
                        135.54010453776237,
                        34.232422942617525,
                        566
                    ],
                    [
                        135.54049822705306,
                        34.23255513976676,
                        566
                    ],
                    [
                        135.54041395791694,
                        34.23299627287952,
                        562
                    ],
                    [
                        135.54065595004803,
                        34.233444586773246,
                        557
                    ],
                    [
                        135.54089461401955,
                        34.233767617072004,
                        556
                    ],
                    [
                        135.54097099577245,
                        34.234147493466175,
                        568
                    ],
                    [
                        135.54114270730364,
                        34.234400476480175,
                        575
                    ],
                    [
                        135.54139550541973,
                        34.23463484209308,
                        582
                    ],
                    [
                        135.54168025546693,
                        34.234776635166085,
                        590
                    ],
                    [
                        135.54152012036425,
                        34.23511262570639,
                        584
                    ],
                    [
                        135.5412714697039,
                        34.23547561532693,
                        577
                    ],
                    [
                        135.54105250794422,
                        34.23596140704484,
                        577
                    ],
                    [
                        135.54110609496792,
                        34.23621561412441,
                        585
                    ],
                    [
                        135.54112290771192,
                        34.23660149292905,
                        573
                    ],
                    [
                        135.5410961710882,
                        34.23705081721035,
                        582
                    ],
                    [
                        135.54111075461583,
                        34.237491824016054,
                        580
                    ],
                    [
                        135.54108202512856,
                        34.23791062987124,
                        574
                    ],
                    [
                        135.54104856336127,
                        34.23831430307324,
                        568
                    ],
                    [
                        135.5410994836389,
                        34.23868762003006,
                        565
                    ],
                    [
                        135.54118252739858,
                        34.23905428702211,
                        559
                    ],
                    [
                        135.54111390867183,
                        34.23939116909696,
                        554
                    ],
                    [
                        135.54101937405792,
                        34.23975994922372,
                        557
                    ],
                    [
                        135.5405133124843,
                        34.239439846389104,
                        555
                    ],
                    [
                        135.53996345816003,
                        34.23926205718949,
                        545
                    ],
                    [
                        135.5394062083255,
                        34.23901817085061,
                        545
                    ],
                    [
                        135.53901369705673,
                        34.23887762549036,
                        547
                    ],
                    [
                        135.53869236940366,
                        34.23891072123897,
                        547
                    ],
                    [
                        135.5383774241898,
                        34.23910545235633,
                        548
                    ],
                    [
                        135.5382523614814,
                        34.23936519348952,
                        549
                    ],
                    [
                        135.53842474054713,
                        34.23996296680014,
                        549
                    ],
                    [
                        135.5382325632308,
                        34.24049209059679,
                        550
                    ],
                    [
                        135.53759829322226,
                        34.24042818645023,
                        551
                    ],
                    [
                        135.53712601715532,
                        34.240129608459725,
                        549
                    ],
                    [
                        135.53660805787015,
                        34.24010660176594,
                        551
                    ],
                    [
                        135.53608167724877,
                        34.24021012604348,
                        549
                    ],
                    [
                        135.53599962142113,
                        34.239853800818686,
                        548
                    ],
                    [
                        135.53587166653384,
                        34.23956449518855,
                        542
                    ],
                    [
                        135.53537812146746,
                        34.23945727117189,
                        539
                    ],
                    [
                        135.53496021961374,
                        34.23941033343643,
                        534
                    ],
                    [
                        135.53445445983206,
                        34.23930443013625,
                        530
                    ],
                    [
                        135.53413280800982,
                        34.23914461498758,
                        535
                    ],
                    [
                        135.53381964983998,
                        34.23921757742681,
                        538
                    ],
                    [
                        135.53354091097557,
                        34.23924859512161,
                        550
                    ],
                    [
                        135.53317285610706,
                        34.23932986793523,
                        557
                    ],
                    [
                        135.5326635212665,
                        34.23960758276002,
                        551
                    ],
                    [
                        135.53223575155272,
                        34.24003472066188,
                        556
                    ],
                    [
                        135.5322617950556,
                        34.240539662229644,
                        555
                    ],
                    [
                        135.532243114785,
                        34.241025106532014,
                        554
                    ],
                    [
                        135.5321148162685,
                        34.24153141969951,
                        551
                    ],
                    [
                        135.53188826009014,
                        34.242013414622384,
                        558
                    ],
                    [
                        135.53142776869316,
                        34.24215840844985,
                        565
                    ],
                    [
                        135.53156514522414,
                        34.242657414456694,
                        563
                    ],
                    [
                        135.53129939130713,
                        34.24313735737011,
                        559
                    ],
                    [
                        135.53137126323668,
                        34.24362581079357,
                        558
                    ],
                    [
                        135.53130561122686,
                        34.244053611453616,
                        561
                    ],
                    [
                        135.53102792650714,
                        34.24435905317737,
                        564
                    ],
                    [
                        135.53067085147597,
                        34.24455040750017,
                        566
                    ],
                    [
                        135.530389663926,
                        34.24486164784893,
                        571
                    ],
                    [
                        135.53022087018124,
                        34.24520238491184,
                        573
                    ],
                    [
                        135.53027470621504,
                        34.24572536465145,
                        570
                    ],
                    [
                        135.53044678493472,
                        34.24624006690148,
                        567
                    ],
                    [
                        135.53005327275622,
                        34.246617720783526,
                        565
                    ],
                    [
                        135.52997120100923,
                        34.24694113900655,
                        563
                    ],
                    [
                        135.53028054851168,
                        34.2472504255643,
                        561
                    ],
                    [
                        135.53061753134665,
                        34.247658928119094,
                        554
                    ],
                    [
                        135.53099723187322,
                        34.24786474156185,
                        552
                    ],
                    [
                        135.53110503694825,
                        34.248311827433454,
                        551
                    ],
                    [
                        135.53076711703198,
                        34.2487428339965,
                        550
                    ],
                    [
                        135.5304291084733,
                        34.24905591957219,
                        552
                    ],
                    [
                        135.5303145570079,
                        34.24948428094704,
                        553
                    ],
                    [
                        135.53019782094043,
                        34.24992590584434,
                        550
                    ],
                    [
                        135.52983463674838,
                        34.25017684040753,
                        555
                    ],
                    [
                        135.52921721691024,
                        34.25022155818496,
                        551
                    ],
                    [
                        135.5287593899487,
                        34.25023214994456,
                        551
                    ],
                    [
                        135.52858349561163,
                        34.250715672927804,
                        550
                    ],
                    [
                        135.52815833924345,
                        34.25075264425629,
                        549
                    ],
                    [
                        135.52786794204292,
                        34.25074994540694,
                        551
                    ],
                    [
                        135.52760180205163,
                        34.25103203357194,
                        547
                    ],
                    [
                        135.5274025031439,
                        34.25140285788128,
                        553
                    ],
                    [
                        135.52736421419394,
                        34.25175628506701,
                        553
                    ],
                    [
                        135.52733235163765,
                        34.25213432617355,
                        556
                    ],
                    [
                        135.52726043835526,
                        34.25246015282515,
                        555
                    ],
                    [
                        135.527185432188,
                        34.25282174246649,
                        561
                    ],
                    [
                        135.52703175221112,
                        34.253211058021044,
                        567
                    ],
                    [
                        135.5269772965884,
                        34.25348254689474,
                        575
                    ],
                    [
                        135.52698307328444,
                        34.253788350511925,
                        575
                    ],
                    [
                        135.52671827975706,
                        34.2539341826999,
                        577
                    ],
                    [
                        135.5267014858813,
                        34.25430743548434,
                        589
                    ],
                    [
                        135.52681258321866,
                        34.25464607157621,
                        595
                    ],
                    [
                        135.52685333103062,
                        34.25494463974584,
                        597
                    ],
                    [
                        135.52695917225063,
                        34.255300249888315,
                        598
                    ],
                    [
                        135.52686428089498,
                        34.255560360308664,
                        601
                    ],
                    [
                        135.52701734438327,
                        34.25585113043946,
                        609
                    ],
                    [
                        135.5272466162646,
                        34.256125708303585,
                        612
                    ],
                    [
                        135.52727356865154,
                        34.256400236661456,
                        613
                    ],
                    [
                        135.52725768723442,
                        34.25664781214761,
                        620
                    ],
                    [
                        135.52719102104302,
                        34.256959368255586,
                        628
                    ],
                    [
                        135.527558279366,
                        34.25707303311377,
                        633
                    ],
                    [
                        135.52775240491354,
                        34.25733995304733,
                        627
                    ],
                    [
                        135.52766079959486,
                        34.257638987480426,
                        631
                    ],
                    [
                        135.52776140679163,
                        34.25793559423,
                        634
                    ],
                    [
                        135.52788668614718,
                        34.25819229855656,
                        636
                    ],
                    [
                        135.52764736580966,
                        34.25851433019949,
                        638
                    ],
                    [
                        135.5274535723578,
                        34.258731625727926,
                        647
                    ],
                    [
                        135.52705183623257,
                        34.25855536316577,
                        638
                    ],
                    [
                        135.52674653881428,
                        34.25836041763902,
                        629
                    ],
                    [
                        135.52628785440046,
                        34.258383218728426,
                        628
                    ],
                    [
                        135.52585565195267,
                        34.258362821961605,
                        614
                    ],
                    [
                        135.52560977779854,
                        34.25823826153108,
                        612
                    ],
                    [
                        135.5253845472031,
                        34.25798888058543,
                        606
                    ],
                    [
                        135.5251323589843,
                        34.258146915142554,
                        601
                    ],
                    [
                        135.5247306984375,
                        34.25815797300739,
                        591
                    ],
                    [
                        135.52440957804913,
                        34.25810131012871,
                        578
                    ],
                    [
                        135.52431901353847,
                        34.25846194486416,
                        576
                    ],
                    [
                        135.52394682584622,
                        34.258452480741,
                        570
                    ],
                    [
                        135.5235744003492,
                        34.258485594990425,
                        561
                    ],
                    [
                        135.52326668067184,
                        34.25843623937529,
                        555
                    ],
                    [
                        135.52304787137209,
                        34.258611673813505,
                        549
                    ],
                    [
                        135.52289656074936,
                        34.2588947141726,
                        538
                    ],
                    [
                        135.52259717739838,
                        34.259065319367025,
                        529
                    ],
                    [
                        135.52220449117098,
                        34.258960731092735,
                        529
                    ],
                    [
                        135.52183141555653,
                        34.25891967629374,
                        521
                    ],
                    [
                        135.5215242759741,
                        34.25904699177211,
                        519
                    ],
                    [
                        135.52122032342888,
                        34.25926837024391,
                        513
                    ],
                    [
                        135.52074464613986,
                        34.259364067199556,
                        502
                    ],
                    [
                        135.52025449549942,
                        34.259408272007626,
                        492
                    ],
                    [
                        135.51976659507602,
                        34.25950114910652,
                        491
                    ],
                    [
                        135.51917972236996,
                        34.25955677141829,
                        491
                    ],
                    [
                        135.5186727185894,
                        34.25947618447007,
                        488
                    ],
                    [
                        135.5187915602221,
                        34.25982469267265,
                        488
                    ],
                    [
                        135.51909130913378,
                        34.26019543342466,
                        481
                    ],
                    [
                        135.51940725659833,
                        34.2605024426129,
                        475
                    ],
                    [
                        135.51985936868502,
                        34.2607359579171,
                        469
                    ],
                    [
                        135.51985624949802,
                        34.26109180883903,
                        474
                    ],
                    [
                        135.51995931537502,
                        34.26143929243111,
                        469
                    ],
                    [
                        135.52005294252209,
                        34.26176236962065,
                        466
                    ],
                    [
                        135.5203968758111,
                        34.2619713765179,
                        466
                    ],
                    [
                        135.52034533460815,
                        34.26233974587616,
                        468
                    ],
                    [
                        135.52042431327774,
                        34.262721816656054,
                        467
                    ],
                    [
                        135.5204909189465,
                        34.26302658989874,
                        465
                    ],
                    [
                        135.52075705383234,
                        34.26318739896645,
                        466
                    ],
                    [
                        135.52107686087905,
                        34.26308494352599,
                        467
                    ],
                    [
                        135.520745706667,
                        34.263202540041334,
                        466
                    ],
                    [
                        135.52066951134557,
                        34.263472192201,
                        464
                    ],
                    [
                        135.52100320258288,
                        34.26365227156044,
                        468
                    ],
                    [
                        135.5212877144907,
                        34.26367656062956,
                        468
                    ],
                    [
                        135.52151988671383,
                        34.263493267356615,
                        467
                    ],
                    [
                        135.52161830936265,
                        34.26325499734413,
                        469
                    ],
                    [
                        135.52173338545785,
                        34.26307515007492,
                        469
                    ],
                    [
                        135.5218196813764,
                        34.26290310912528,
                        472
                    ],
                    [
                        135.52209643940705,
                        34.26303269187276,
                        470
                    ],
                    [
                        135.52189856160618,
                        34.26316678438684,
                        468
                    ],
                    [
                        135.52161284028446,
                        34.263280272453805,
                        470
                    ],
                    [
                        135.52149630675993,
                        34.263545464144464,
                        468
                    ],
                    [
                        135.52134847243835,
                        34.26372418577529,
                        467
                    ],
                    [
                        135.5211964609341,
                        34.264025364117515,
                        466
                    ],
                    [
                        135.52108499464936,
                        34.26423451017481,
                        470
                    ],
                    [
                        135.52118094949503,
                        34.2645491131549,
                        468
                    ],
                    [
                        135.52142997999553,
                        34.2648760337899,
                        469
                    ],
                    [
                        135.52178088187924,
                        34.265091657953235,
                        468
                    ],
                    [
                        135.52220138028179,
                        34.26519534577475,
                        470
                    ],
                    [
                        135.5224652028993,
                        34.265462818765926,
                        475
                    ],
                    [
                        135.52272545877236,
                        34.26560390437793,
                        478
                    ],
                    [
                        135.5229562465731,
                        34.26569116823139,
                        488
                    ],
                    [
                        135.52320514080347,
                        34.265829831843874,
                        492
                    ],
                    [
                        135.5234929666537,
                        34.26591047151121,
                        500
                    ],
                    [
                        135.52369757192272,
                        34.26615113211243,
                        501
                    ],
                    [
                        135.52391734145377,
                        34.2662694811515,
                        505
                    ],
                    [
                        135.52425449718405,
                        34.266333453094234,
                        511
                    ],
                    [
                        135.524403218055,
                        34.266601736716275,
                        521
                    ],
                    [
                        135.5243886980503,
                        34.266873887326454,
                        526
                    ],
                    [
                        135.52433787732394,
                        34.267066378010455,
                        534
                    ],
                    [
                        135.52446203275542,
                        34.26726306473758,
                        534
                    ],
                    [
                        135.52448830418248,
                        34.26753119258281,
                        534
                    ],
                    [
                        135.52454608105242,
                        34.26783397276932,
                        539
                    ],
                    [
                        135.52446860180683,
                        34.26810355992797,
                        548
                    ],
                    [
                        135.52434574850392,
                        34.26826578867089,
                        553
                    ],
                    [
                        135.52460723719963,
                        34.268520589088354,
                        548
                    ],
                    [
                        135.52490162122103,
                        34.268811173205556,
                        550
                    ],
                    [
                        135.52516889112863,
                        34.26908005062904,
                        549
                    ],
                    [
                        135.52536125419186,
                        34.269307743197345,
                        553
                    ],
                    [
                        135.52553416276,
                        34.269539251713624,
                        565
                    ],
                    [
                        135.52581538982895,
                        34.269734870138976,
                        564
                    ],
                    [
                        135.5258771470699,
                        34.27005487807262,
                        571
                    ],
                    [
                        135.5262345981395,
                        34.26993188091238,
                        567
                    ],
                    [
                        135.52628362360414,
                        34.27023101897127,
                        575
                    ],
                    [
                        135.52651825580298,
                        34.270470083853205,
                        575
                    ],
                    [
                        135.52688504807858,
                        34.27032132856232,
                        577
                    ],
                    [
                        135.52719031633447,
                        34.27027906539145,
                        580
                    ],
                    [
                        135.527510392216,
                        34.27033108057536,
                        585
                    ],
                    [
                        135.52785878689176,
                        34.270514963739814,
                        586
                    ],
                    [
                        135.52800759103403,
                        34.27057812598115,
                        588
                    ],
                    [
                        135.52839290230756,
                        34.27072154900753,
                        576
                    ],
                    [
                        135.5287822691391,
                        34.27067445727293,
                        574
                    ],
                    [
                        135.52897826973498,
                        34.270988680146345,
                        566
                    ],
                    [
                        135.52919832400653,
                        34.271336076888865,
                        564
                    ],
                    [
                        135.52958078073553,
                        34.27139708661331,
                        553
                    ],
                    [
                        135.52993011908748,
                        34.271323492098915,
                        550
                    ],
                    [
                        135.53015552526188,
                        34.27153165927279,
                        555
                    ],
                    [
                        135.53048820118593,
                        34.2716476149538,
                        549
                    ],
                    [
                        135.53071954004733,
                        34.27201141301319,
                        544
                    ],
                    [
                        135.5308025816784,
                        34.27228336496863,
                        546
                    ],
                    [
                        135.53078682953213,
                        34.27262696692674,
                        541
                    ],
                    [
                        135.5309365738516,
                        34.27298780707668,
                        530
                    ],
                    [
                        135.53116287042874,
                        34.27319934757842,
                        538
                    ],
                    [
                        135.53103698007902,
                        34.273537556686094,
                        525
                    ],
                    [
                        135.5310154008618,
                        34.273852809366836,
                        517
                    ],
                    [
                        135.53123600509326,
                        34.27408779813843,
                        520
                    ],
                    [
                        135.5313192609235,
                        34.27453308277013,
                        516
                    ],
                    [
                        135.5313715274356,
                        34.27501678600572,
                        507
                    ],
                    [
                        135.53161429532918,
                        34.275444465358206,
                        510
                    ],
                    [
                        135.53189670390623,
                        34.275838416054015,
                        512
                    ],
                    [
                        135.53206360304003,
                        34.276211050506554,
                        505
                    ],
                    [
                        135.53219773925937,
                        34.27657798100492,
                        505
                    ],
                    [
                        135.53247745816785,
                        34.27688282046025,
                        507
                    ],
                    [
                        135.53259640027755,
                        34.27720770803935,
                        512
                    ],
                    [
                        135.53264236145876,
                        34.277567982802985,
                        511
                    ],
                    [
                        135.5326234736087,
                        34.277952159466004,
                        513
                    ],
                    [
                        135.53266344813818,
                        34.27834043800633,
                        517
                    ],
                    [
                        135.53287455612437,
                        34.27881177865463,
                        518
                    ],
                    [
                        135.5329848693984,
                        34.279165124818434,
                        518
                    ],
                    [
                        135.5333763567069,
                        34.279487812002635,
                        518
                    ],
                    [
                        135.53335140479703,
                        34.28002016797332,
                        517
                    ],
                    [
                        135.53322600448806,
                        34.28049600199069,
                        510
                    ],
                    [
                        135.53314390399638,
                        34.2809290710107,
                        503
                    ],
                    [
                        135.53365908218413,
                        34.281043782392736,
                        497
                    ],
                    [
                        135.53397352918327,
                        34.28127766759151,
                        497
                    ],
                    [
                        135.5341549719652,
                        34.281707180132535,
                        493
                    ],
                    [
                        135.53435850814674,
                        34.28213282203072,
                        486
                    ],
                    [
                        135.5344688597148,
                        34.28248458011827,
                        482
                    ],
                    [
                        135.53467232438493,
                        34.282885436732016,
                        482
                    ],
                    [
                        135.5347737378264,
                        34.283304797368196,
                        468
                    ],
                    [
                        135.5350731923376,
                        34.28347934388197,
                        456
                    ],
                    [
                        135.53535044341868,
                        34.28356279947657,
                        449
                    ],
                    [
                        135.5357341610245,
                        34.283556156179735,
                        445
                    ],
                    [
                        135.5360098940667,
                        34.28376045986337,
                        446
                    ],
                    [
                        135.5362215668743,
                        34.28399053054104,
                        444
                    ],
                    [
                        135.53606981381913,
                        34.28430216915369,
                        431
                    ],
                    [
                        135.53610263019357,
                        34.28461743309705,
                        423
                    ],
                    [
                        135.53617940734887,
                        34.284867930807216,
                        414
                    ],
                    [
                        135.53638791744038,
                        34.28509687369277,
                        418
                    ],
                    [
                        135.53654468311095,
                        34.28533512195369,
                        406
                    ],
                    [
                        135.5364961479306,
                        34.28586525368002,
                        404
                    ],
                    [
                        135.5365438421987,
                        34.28617417391253,
                        402
                    ],
                    [
                        135.5370362903314,
                        34.28644564995501,
                        400
                    ],
                    [
                        135.5375380658507,
                        34.286728871973295,
                        393
                    ],
                    [
                        135.53782745287302,
                        34.287063306625,
                        386
                    ],
                    [
                        135.53835714312663,
                        34.28711387665015,
                        386
                    ],
                    [
                        135.53885768827467,
                        34.287080868668674,
                        381
                    ],
                    [
                        135.53922929735535,
                        34.28729527178649,
                        371
                    ],
                    [
                        135.53957532124852,
                        34.287498692503554,
                        359
                    ],
                    [
                        135.5398955905088,
                        34.2877660484955,
                        356
                    ],
                    [
                        135.54030151231595,
                        34.28791603502105,
                        347
                    ],
                    [
                        135.54079728471427,
                        34.28816655950727,
                        341
                    ],
                    [
                        135.5412775396082,
                        34.288403180635264,
                        337
                    ],
                    [
                        135.5417089195942,
                        34.28848236874571,
                        328
                    ],
                    [
                        135.54212779858787,
                        34.28861646882462,
                        327
                    ],
                    [
                        135.54259532909083,
                        34.28892757664813,
                        321
                    ],
                    [
                        135.5429504845035,
                        34.28936688251296,
                        317
                    ],
                    [
                        135.54314517852887,
                        34.28980125593258,
                        306
                    ],
                    [
                        135.54345188919768,
                        34.290171313928774,
                        297
                    ],
                    [
                        135.54327232905175,
                        34.29058123549377,
                        287
                    ],
                    [
                        135.54350088282038,
                        34.29066813497486,
                        280
                    ],
                    [
                        135.5436644547208,
                        34.290999611989754,
                        285
                    ],
                    [
                        135.54352373493822,
                        34.290587048718194,
                        280
                    ],
                    [
                        135.54394530504305,
                        34.290283649205726,
                        273
                    ],
                    [
                        135.54404778621398,
                        34.28995067947898,
                        265
                    ],
                    [
                        135.54413352193023,
                        34.289602023152625,
                        262
                    ],
                    [
                        135.5441968665285,
                        34.289435417040266,
                        259
                    ],
                    [
                        135.54413689891106,
                        34.289028848060426,
                        246
                    ],
                    [
                        135.5442573927633,
                        34.28859796441144,
                        240
                    ],
                    [
                        135.54453331195324,
                        34.28829648501543,
                        235
                    ],
                    [
                        135.54424450616207,
                        34.28806258065497,
                        225
                    ],
                    [
                        135.5445124295006,
                        34.2878273852683,
                        213
                    ],
                    [
                        135.5447984206221,
                        34.287601810454674,
                        209
                    ],
                    [
                        135.54519025920865,
                        34.28745598359566,
                        200
                    ],
                    [
                        135.5453891359253,
                        34.28711502142201,
                        200
                    ],
                    [
                        135.54564433734566,
                        34.28696125284315,
                        197
                    ],
                    [
                        135.54611985131405,
                        34.28694972545194,
                        196
                    ],
                    [
                        135.54658845627299,
                        34.287151747508595,
                        193
                    ],
                    [
                        135.54694317017376,
                        34.28754378594118,
                        194
                    ],
                    [
                        135.5471721058726,
                        34.28802067687672,
                        180
                    ],
                    [
                        135.54731977840888,
                        34.28845014848584,
                        168
                    ],
                    [
                        135.54731562674166,
                        34.28883268794035,
                        165
                    ],
                    [
                        135.54747535080364,
                        34.28923765685831,
                        160
                    ],
                    [
                        135.5476022081206,
                        34.28967322736207,
                        156
                    ],
                    [
                        135.54787604187234,
                        34.29005812519563,
                        148
                    ],
                    [
                        135.54821918579776,
                        34.290342326936155,
                        141
                    ],
                    [
                        135.54849351948505,
                        34.29065214737255,
                        135
                    ],
                    [
                        135.54875188895537,
                        34.29106533929947,
                        131
                    ],
                    [
                        135.54893461792233,
                        34.29147760243392,
                        130
                    ],
                    [
                        135.5491406337316,
                        34.291896503586145,
                        127
                    ],
                    [
                        135.54908842331378,
                        34.2923615254893,
                        127
                    ],
                    [
                        135.5489863936138,
                        34.292782279740244,
                        121
                    ],
                    [
                        135.54893423442468,
                        34.29320027618926,
                        112
                    ],
                    [
                        135.54894742837436,
                        34.2935763085291,
                        107
                    ],
                    [
                        135.54899771694141,
                        34.29397695916777,
                        104
                    ],
                    [
                        135.54914984372695,
                        34.29432601836198,
                        100
                    ],
                    [
                        135.54948624793826,
                        34.294456548308986,
                        103
                    ],
                    [
                        135.549603555565,
                        34.29474078592434,
                        104
                    ],
                    [
                        135.54969601221669,
                        34.294981686780545,
                        89
                    ],
                    [
                        135.54979944476327,
                        34.29516795581234,
                        85
                    ],
                    [
                        135.54992692939928,
                        34.295474647496235,
                        75
                    ],
                    [
                        135.55031273966412,
                        34.295368462295556,
                        75
                    ],
                    [
                        135.55081781429934,
                        34.29519134863966,
                        75
                    ],
                    [
                        135.55123384511947,
                        34.29510011688369,
                        79
                    ],
                    [
                        135.55164004005692,
                        34.2949920669836,
                        75
                    ],
                    [
                        135.55205260611518,
                        34.29482330677569,
                        75
                    ],
                    [
                        135.55238920576576,
                        34.29458386436975,
                        74
                    ],
                    [
                        135.55269455836566,
                        34.29434108760953,
                        80
                    ],
                    [
                        135.55308832212378,
                        34.2942145664919,
                        73
                    ],
                    [
                        135.55355604721123,
                        34.29420978610725,
                        75
                    ],
                    [
                        135.55388960986073,
                        34.294121617181204,
                        76
                    ],
                    [
                        135.554350422625,
                        34.294113237490954,
                        80
                    ],
                    [
                        135.5546783390681,
                        34.29400534029022,
                        78
                    ],
                    [
                        135.55500478416212,
                        34.29375171717359,
                        77
                    ],
                    [
                        135.5553841202518,
                        34.293575464408256,
                        78
                    ],
                    [
                        135.55564890646252,
                        34.2933844841727,
                        74
                    ],
                    [
                        135.5553051832555,
                        34.29313998994626,
                        74
                    ],
                    [
                        135.55549827009577,
                        34.29338545891336,
                        74
                    ],
                    [
                        135.5557040018249,
                        34.29329211927599,
                        74
                    ],
                    [
                        135.55548245178915,
                        34.29329422035277,
                        73
                    ],
                    [
                        135.5554774877018,
                        34.29317934841107,
                        75
                    ],
                    [
                        135.5556849588564,
                        34.29310466369928,
                        74
                    ],
                    [
                        135.55564511003524,
                        34.29328798223936,
                        74
                    ],
                    [
                        135.55574604629015,
                        34.293334016847,
                        73
                    ],
                    [
                        135.55576772218933,
                        34.29308543441205,
                        75
                    ],
                    [
                        135.55588134475443,
                        34.292804407525225,
                        77
                    ],
                    [
                        135.55591356946363,
                        34.2925416921812,
                        77
                    ],
                    [
                        135.55588016103485,
                        34.29284185355103,
                        75
                    ],
                    [
                        135.55585871220657,
                        34.29304170439177,
                        77
                    ],
                    [
                        135.55589092067495,
                        34.29270042052973,
                        76
                    ],
                    [
                        135.55605783792433,
                        34.29245773852737,
                        75
                    ],
                    [
                        135.55628866469766,
                        34.29227000240508,
                        77
                    ],
                    [
                        135.55653660538124,
                        34.2921788570349,
                        76
                    ],
                    [
                        135.5568075747583,
                        34.29197246217235,
                        77
                    ],
                    [
                        135.5572041213448,
                        34.29201334285182,
                        75
                    ],
                    [
                        135.5574708208364,
                        34.291787727909686,
                        78
                    ],
                    [
                        135.55764255256628,
                        34.29148124038468,
                        79
                    ],
                    [
                        135.55786663696526,
                        34.291195871719125,
                        79
                    ],
                    [
                        135.55816091310302,
                        34.290961915920725,
                        81
                    ],
                    [
                        135.55849620303027,
                        34.29077226615418,
                        84
                    ],
                    [
                        135.558856785349,
                        34.290601606550915,
                        84
                    ],
                    [
                        135.55921972757938,
                        34.2904143977676,
                        83
                    ],
                    [
                        135.55955930230536,
                        34.29026869109536,
                        81
                    ],
                    [
                        135.5599364896729,
                        34.29011708472115,
                        84
                    ],
                    [
                        135.56030980747408,
                        34.289922570774266,
                        85
                    ],
                    [
                        135.56069207489767,
                        34.289758424901365,
                        82
                    ],
                    [
                        135.5610667261439,
                        34.28960986853976,
                        84
                    ],
                    [
                        135.56145560649054,
                        34.28945524076506,
                        83
                    ],
                    [
                        135.56184713823635,
                        34.28933305763565,
                        82
                    ],
                    [
                        135.56226256247845,
                        34.28922033793174,
                        83
                    ],
                    [
                        135.56265405636165,
                        34.2891327285832,
                        88
                    ],
                    [
                        135.56303915528423,
                        34.28904430544385,
                        94
                    ],
                    [
                        135.563433052801,
                        34.288947327248195,
                        95
                    ],
                    [
                        135.56380965053089,
                        34.288854300486896,
                        89
                    ],
                    [
                        135.5642051978441,
                        34.2887801178431,
                        87
                    ],
                    [
                        135.56438024408766,
                        34.288777463801225,
                        95
                    ],
                    [
                        135.5646323286645,
                        34.28853927338833,
                        91
                    ],
                    [
                        135.56463264719613,
                        34.28827000250451,
                        96
                    ],
                    [
                        135.564575590018,
                        34.28824490638431,
                        95
                    ]
                ]
            }
        },

        {
            "type": "Feature",
            "properties": {
                "name": "20251103",
                "time": "2025-11-03T01:55:39Z",
                "coordTimes": [
                    "2025-11-03T01:55:39Z",
                    "2025-11-03T01:56:09Z",
                    "2025-11-03T01:56:38Z",
                    "2025-11-03T01:57:08Z",
                    "2025-11-03T01:57:37Z",
                    "2025-11-03T01:58:22Z",
                    "2025-11-03T01:58:51Z",
                    "2025-11-03T01:59:18Z",
                    "2025-11-03T01:59:49Z",
                    "2025-11-03T02:00:16Z",
                    "2025-11-03T02:00:42Z",
                    "2025-11-03T02:01:09Z",
                    "2025-11-03T02:01:36Z",
                    "2025-11-03T02:02:03Z",
                    "2025-11-03T02:02:30Z",
                    "2025-11-03T02:02:58Z",
                    "2025-11-03T02:03:24Z",
                    "2025-11-03T02:03:50Z",
                    "2025-11-03T02:04:17Z",
                    "2025-11-03T02:04:45Z",
                    "2025-11-03T02:05:13Z",
                    "2025-11-03T02:05:39Z",
                    "2025-11-03T02:06:06Z",
                    "2025-11-03T02:06:32Z",
                    "2025-11-03T02:06:59Z",
                    "2025-11-03T02:07:28Z",
                    "2025-11-03T02:07:55Z",
                    "2025-11-03T02:08:22Z",
                    "2025-11-03T02:08:48Z",
                    "2025-11-03T02:09:14Z",
                    "2025-11-03T02:09:43Z",
                    "2025-11-03T02:10:12Z",
                    "2025-11-03T02:10:41Z",
                    "2025-11-03T02:11:07Z",
                    "2025-11-03T02:11:35Z",
                    "2025-11-03T02:12:02Z",
                    "2025-11-03T02:12:31Z",
                    "2025-11-03T02:12:58Z",
                    "2025-11-03T02:13:25Z",
                    "2025-11-03T02:13:52Z",
                    "2025-11-03T02:14:19Z",
                    "2025-11-03T02:14:44Z",
                    "2025-11-03T02:15:10Z",
                    "2025-11-03T02:15:37Z",
                    "2025-11-03T02:16:05Z",
                    "2025-11-03T02:16:32Z",
                    "2025-11-03T02:17:00Z",
                    "2025-11-03T02:17:27Z",
                    "2025-11-03T02:18:45Z",
                    "2025-11-03T02:19:11Z",
                    "2025-11-03T02:19:39Z",
                    "2025-11-03T02:20:05Z",
                    "2025-11-03T02:20:33Z",
                    "2025-11-03T02:21:00Z",
                    "2025-11-03T02:21:26Z",
                    "2025-11-03T02:21:54Z",
                    "2025-11-03T02:22:23Z",
                    "2025-11-03T02:22:51Z",
                    "2025-11-03T02:23:17Z",
                    "2025-11-03T02:23:46Z",
                    "2025-11-03T02:24:14Z",
                    "2025-11-03T02:24:40Z",
                    "2025-11-03T02:25:06Z",
                    "2025-11-03T02:25:35Z",
                    "2025-11-03T02:26:04Z",
                    "2025-11-03T02:26:33Z",
                    "2025-11-03T02:27:01Z",
                    "2025-11-03T02:27:27Z",
                    "2025-11-03T02:27:54Z",
                    "2025-11-03T02:28:21Z",
                    "2025-11-03T02:28:47Z",
                    "2025-11-03T02:29:14Z",
                    "2025-11-03T02:29:43Z",
                    "2025-11-03T02:30:09Z",
                    "2025-11-03T02:30:37Z",
                    "2025-11-03T02:31:05Z",
                    "2025-11-03T02:31:32Z",
                    "2025-11-03T02:31:59Z",
                    "2025-11-03T02:32:26Z",
                    "2025-11-03T02:32:54Z",
                    "2025-11-03T02:33:21Z",
                    "2025-11-03T02:33:48Z",
                    "2025-11-03T02:34:15Z",
                    "2025-11-03T02:34:44Z",
                    "2025-11-03T02:35:12Z",
                    "2025-11-03T02:35:39Z",
                    "2025-11-03T02:36:05Z",
                    "2025-11-03T02:36:33Z",
                    "2025-11-03T02:37:04Z",
                    "2025-11-03T02:37:32Z",
                    "2025-11-03T02:38:01Z",
                    "2025-11-03T02:38:30Z",
                    "2025-11-03T02:38:57Z",
                    "2025-11-03T02:39:23Z",
                    "2025-11-03T02:39:48Z",
                    "2025-11-03T02:40:16Z",
                    "2025-11-03T02:40:44Z",
                    "2025-11-03T02:41:10Z",
                    "2025-11-03T02:41:37Z",
                    "2025-11-03T02:42:04Z",
                    "2025-11-03T02:42:31Z",
                    "2025-11-03T02:42:57Z",
                    "2025-11-03T02:43:26Z",
                    "2025-11-03T02:43:55Z",
                    "2025-11-03T02:44:23Z",
                    "2025-11-03T02:44:51Z",
                    "2025-11-03T02:45:18Z",
                    "2025-11-03T02:45:45Z",
                    "2025-11-03T02:46:14Z",
                    "2025-11-03T02:46:41Z",
                    "2025-11-03T02:47:09Z",
                    "2025-11-03T02:47:36Z",
                    "2025-11-03T02:48:03Z",
                    "2025-11-03T02:48:30Z",
                    "2025-11-03T02:48:57Z",
                    "2025-11-03T02:49:24Z",
                    "2025-11-03T02:49:50Z",
                    "2025-11-03T02:50:17Z",
                    "2025-11-03T02:50:43Z",
                    "2025-11-03T02:51:09Z",
                    "2025-11-03T02:51:41Z",
                    "2025-11-03T02:52:08Z",
                    "2025-11-03T02:52:59Z",
                    "2025-11-03T02:53:52Z",
                    "2025-11-03T02:54:59Z",
                    "2025-11-03T03:00:18Z",
                    "2025-11-03T03:01:14Z",
                    "2025-11-03T03:01:41Z",
                    "2025-11-03T03:02:08Z",
                    "2025-11-03T03:02:34Z",
                    "2025-11-03T03:03:02Z",
                    "2025-11-03T03:03:28Z",
                    "2025-11-03T03:03:56Z",
                    "2025-11-03T03:04:23Z",
                    "2025-11-03T03:04:51Z",
                    "2025-11-03T03:05:18Z",
                    "2025-11-03T03:05:46Z",
                    "2025-11-03T03:06:15Z",
                    "2025-11-03T03:06:42Z",
                    "2025-11-03T03:07:08Z",
                    "2025-11-03T03:07:33Z",
                    "2025-11-03T03:08:03Z",
                    "2025-11-03T03:08:30Z",
                    "2025-11-03T03:08:57Z",
                    "2025-11-03T03:09:25Z",
                    "2025-11-03T03:09:53Z",
                    "2025-11-03T03:10:19Z",
                    "2025-11-03T03:10:47Z",
                    "2025-11-03T03:11:13Z",
                    "2025-11-03T03:11:40Z",
                    "2025-11-03T03:12:08Z",
                    "2025-11-03T03:12:36Z",
                    "2025-11-03T03:13:02Z",
                    "2025-11-03T03:13:28Z",
                    "2025-11-03T03:13:52Z",
                    "2025-11-03T03:14:21Z",
                    "2025-11-03T03:14:49Z",
                    "2025-11-03T03:15:16Z",
                    "2025-11-03T03:15:44Z",
                    "2025-11-03T03:16:12Z",
                    "2025-11-03T03:16:44Z",
                    "2025-11-03T03:17:38Z",
                    "2025-11-03T03:18:06Z",
                    "2025-11-03T03:18:32Z",
                    "2025-11-03T03:18:59Z",
                    "2025-11-03T03:19:28Z",
                    "2025-11-03T03:19:54Z",
                    "2025-11-03T03:20:25Z",
                    "2025-11-03T03:20:54Z",
                    "2025-11-03T03:21:20Z",
                    "2025-11-03T03:21:48Z",
                    "2025-11-03T03:22:16Z",
                    "2025-11-03T03:22:44Z",
                    "2025-11-03T03:23:12Z",
                    "2025-11-03T03:23:40Z",
                    "2025-11-03T03:24:07Z",
                    "2025-11-03T03:24:34Z",
                    "2025-11-03T03:24:59Z",
                    "2025-11-03T03:25:28Z",
                    "2025-11-03T03:25:53Z",
                    "2025-11-03T03:26:21Z",
                    "2025-11-03T03:26:48Z",
                    "2025-11-03T03:27:14Z",
                    "2025-11-03T03:27:42Z",
                    "2025-11-03T03:28:09Z",
                    "2025-11-03T03:28:35Z",
                    "2025-11-03T03:29:02Z",
                    "2025-11-03T03:29:29Z",
                    "2025-11-03T03:29:57Z",
                    "2025-11-03T03:30:23Z",
                    "2025-11-03T03:30:51Z",
                    "2025-11-03T03:31:19Z",
                    "2025-11-03T03:31:46Z",
                    "2025-11-03T03:32:13Z",
                    "2025-11-03T03:33:04Z",
                    "2025-11-03T03:33:31Z",
                    "2025-11-03T03:34:02Z",
                    "2025-11-03T03:34:27Z",
                    "2025-11-03T03:34:56Z",
                    "2025-11-03T03:35:25Z",
                    "2025-11-03T03:35:52Z",
                    "2025-11-03T03:36:21Z",
                    "2025-11-03T03:36:49Z",
                    "2025-11-03T03:37:15Z",
                    "2025-11-03T03:37:42Z",
                    "2025-11-03T03:38:10Z",
                    "2025-11-03T03:38:36Z",
                    "2025-11-03T03:39:02Z",
                    "2025-11-03T03:39:29Z",
                    "2025-11-03T03:39:57Z",
                    "2025-11-03T03:40:27Z",
                    "2025-11-03T03:40:55Z",
                    "2025-11-03T03:41:24Z",
                    "2025-11-03T03:41:51Z",
                    "2025-11-03T03:42:21Z",
                    "2025-11-03T03:43:36Z",
                    "2025-11-03T03:44:02Z",
                    "2025-11-03T03:44:29Z",
                    "2025-11-03T03:44:57Z",
                    "2025-11-03T03:45:44Z",
                    "2025-11-03T03:46:11Z",
                    "2025-11-03T03:46:38Z",
                    "2025-11-03T03:47:04Z",
                    "2025-11-03T03:47:32Z",
                    "2025-11-03T03:48:01Z",
                    "2025-11-03T03:48:33Z",
                    "2025-11-03T03:58:35Z",
                    "2025-11-03T03:59:02Z",
                    "2025-11-03T03:59:30Z",
                    "2025-11-03T03:59:56Z",
                    "2025-11-03T04:00:25Z",
                    "2025-11-03T04:00:52Z",
                    "2025-11-03T04:01:19Z",
                    "2025-11-03T04:01:45Z",
                    "2025-11-03T04:02:11Z",
                    "2025-11-03T04:02:38Z",
                    "2025-11-03T04:03:05Z",
                    "2025-11-03T04:03:33Z",
                    "2025-11-03T04:04:03Z",
                    "2025-11-03T04:04:46Z",
                    "2025-11-03T04:05:14Z",
                    "2025-11-03T04:06:46Z",
                    "2025-11-03T04:07:14Z",
                    "2025-11-03T04:07:41Z",
                    "2025-11-03T04:08:08Z",
                    "2025-11-03T04:08:39Z",
                    "2025-11-03T04:09:06Z",
                    "2025-11-03T04:09:33Z",
                    "2025-11-03T04:09:59Z",
                    "2025-11-03T04:10:25Z",
                    "2025-11-03T04:10:51Z",
                    "2025-11-03T04:11:22Z",
                    "2025-11-03T04:12:03Z",
                    "2025-11-03T04:12:29Z",
                    "2025-11-03T04:12:57Z",
                    "2025-11-03T04:13:27Z",
                    "2025-11-03T04:13:56Z",
                    "2025-11-03T04:14:24Z",
                    "2025-11-03T04:14:51Z",
                    "2025-11-03T04:15:18Z",
                    "2025-11-03T04:15:46Z",
                    "2025-11-03T04:16:12Z",
                    "2025-11-03T04:16:39Z",
                    "2025-11-03T04:17:06Z",
                    "2025-11-03T04:17:35Z",
                    "2025-11-03T04:18:03Z",
                    "2025-11-03T04:18:30Z",
                    "2025-11-03T04:18:55Z",
                    "2025-11-03T04:19:21Z",
                    "2025-11-03T04:19:51Z",
                    "2025-11-03T04:20:25Z",
                    "2025-11-03T04:20:49Z",
                    "2025-11-03T04:21:17Z",
                    "2025-11-03T04:21:45Z",
                    "2025-11-03T04:22:11Z",
                    "2025-11-03T04:22:37Z",
                    "2025-11-03T04:23:03Z",
                    "2025-11-03T04:23:29Z",
                    "2025-11-03T04:23:57Z",
                    "2025-11-03T04:24:25Z",
                    "2025-11-03T04:24:54Z",
                    "2025-11-03T04:25:25Z",
                    "2025-11-03T04:25:52Z",
                    "2025-11-03T04:26:24Z",
                    "2025-11-03T04:26:51Z",
                    "2025-11-03T04:27:16Z",
                    "2025-11-03T04:27:43Z",
                    "2025-11-03T04:28:12Z",
                    "2025-11-03T04:28:41Z",
                    "2025-11-03T04:30:27Z",
                    "2025-11-03T04:31:00Z",
                    "2025-11-03T04:31:28Z",
                    "2025-11-03T04:32:00Z",
                    "2025-11-03T04:32:29Z",
                    "2025-11-03T04:32:58Z",
                    "2025-11-03T04:33:26Z",
                    "2025-11-03T04:33:56Z",
                    "2025-11-03T04:34:24Z",
                    "2025-11-03T04:34:51Z",
                    "2025-11-03T04:35:25Z",
                    "2025-11-03T04:35:56Z",
                    "2025-11-03T04:36:24Z",
                    "2025-11-03T04:37:10Z",
                    "2025-11-03T04:37:37Z",
                    "2025-11-03T04:38:08Z",
                    "2025-11-03T04:38:36Z",
                    "2025-11-03T04:39:03Z",
                    "2025-11-03T04:39:32Z",
                    "2025-11-03T04:40:00Z",
                    "2025-11-03T04:40:27Z",
                    "2025-11-03T04:40:55Z",
                    "2025-11-03T04:41:23Z",
                    "2025-11-03T04:41:52Z",
                    "2025-11-03T04:42:32Z",
                    "2025-11-03T04:43:03Z",
                    "2025-11-03T04:43:32Z",
                    "2025-11-03T04:44:03Z",
                    "2025-11-03T04:44:51Z",
                    "2025-11-03T04:45:28Z",
                    "2025-11-03T04:46:00Z",
                    "2025-11-03T04:46:43Z",
                    "2025-11-03T04:47:59Z",
                    "2025-11-03T04:48:29Z",
                    "2025-11-03T04:48:57Z",
                    "2025-11-03T04:49:35Z",
                    "2025-11-03T04:50:06Z",
                    "2025-11-03T04:50:36Z",
                    "2025-11-03T04:51:07Z",
                    "2025-11-03T04:51:34Z",
                    "2025-11-03T04:52:13Z",
                    "2025-11-03T04:52:42Z",
                    "2025-11-03T04:53:10Z",
                    "2025-11-03T04:53:41Z",
                    "2025-11-03T04:54:10Z",
                    "2025-11-03T04:54:40Z",
                    "2025-11-03T04:55:13Z",
                    "2025-11-03T04:55:39Z",
                    "2025-11-03T04:56:07Z",
                    "2025-11-03T04:56:33Z",
                    "2025-11-03T04:57:01Z",
                    "2025-11-03T04:57:28Z",
                    "2025-11-03T04:58:04Z",
                    "2025-11-03T04:59:25Z",
                    "2025-11-03T04:59:57Z",
                    "2025-11-03T05:00:27Z",
                    "2025-11-03T05:00:56Z",
                    "2025-11-03T05:01:23Z",
                    "2025-11-03T05:01:51Z",
                    "2025-11-03T05:02:24Z",
                    "2025-11-03T05:02:55Z",
                    "2025-11-03T05:03:31Z",
                    "2025-11-03T05:04:06Z",
                    "2025-11-03T05:04:45Z",
                    "2025-11-03T05:05:16Z",
                    "2025-11-03T05:06:01Z",
                    "2025-11-03T05:06:30Z",
                    "2025-11-03T05:07:02Z",
                    "2025-11-03T05:07:31Z",
                    "2025-11-03T05:08:28Z",
                    "2025-11-03T05:08:56Z",
                    "2025-11-03T05:10:25Z",
                    "2025-11-03T05:11:33Z",
                    "2025-11-03T05:12:02Z",
                    "2025-11-03T05:12:32Z",
                    "2025-11-03T05:13:00Z",
                    "2025-11-03T05:13:29Z",
                    "2025-11-03T05:13:56Z",
                    "2025-11-03T05:14:22Z",
                    "2025-11-03T05:14:51Z",
                    "2025-11-03T05:16:25Z",
                    "2025-11-03T05:16:55Z",
                    "2025-11-03T05:17:21Z",
                    "2025-11-03T05:17:48Z",
                    "2025-11-03T05:18:19Z",
                    "2025-11-03T05:18:46Z",
                    "2025-11-03T05:19:14Z",
                    "2025-11-03T05:19:50Z",
                    "2025-11-03T05:20:21Z",
                    "2025-11-03T05:20:49Z",
                    "2025-11-03T05:21:17Z",
                    "2025-11-03T05:21:45Z",
                    "2025-11-03T05:22:12Z",
                    "2025-11-03T05:22:41Z",
                    "2025-11-03T05:23:08Z",
                    "2025-11-03T05:23:36Z",
                    "2025-11-03T05:24:37Z",
                    "2025-11-03T05:25:08Z",
                    "2025-11-03T05:25:35Z",
                    "2025-11-03T05:26:03Z",
                    "2025-11-03T05:26:31Z",
                    "2025-11-03T05:27:01Z",
                    "2025-11-03T05:27:28Z",
                    "2025-11-03T05:27:55Z",
                    "2025-11-03T05:28:21Z",
                    "2025-11-03T05:28:48Z",
                    "2025-11-03T05:29:16Z",
                    "2025-11-03T05:29:43Z",
                    "2025-11-03T05:30:13Z",
                    "2025-11-03T05:30:43Z",
                    "2025-11-03T05:31:10Z",
                    "2025-11-03T05:31:46Z",
                    "2025-11-03T05:32:14Z",
                    "2025-11-03T05:32:42Z",
                    "2025-11-03T05:33:10Z",
                    "2025-11-03T05:33:39Z",
                    "2025-11-03T05:34:08Z",
                    "2025-11-03T05:34:34Z",
                    "2025-11-03T05:35:01Z",
                    "2025-11-03T05:35:28Z",
                    "2025-11-03T05:35:54Z",
                    "2025-11-03T05:36:21Z",
                    "2025-11-03T05:36:48Z",
                    "2025-11-03T05:37:15Z",
                    "2025-11-03T05:37:41Z",
                    "2025-11-03T05:38:07Z",
                    "2025-11-03T05:38:34Z",
                    "2025-11-03T05:39:01Z",
                    "2025-11-03T05:39:27Z",
                    "2025-11-03T05:39:53Z",
                    "2025-11-03T05:40:20Z",
                    "2025-11-03T05:40:46Z",
                    "2025-11-03T05:41:12Z",
                    "2025-11-03T05:41:38Z",
                    "2025-11-03T05:42:05Z",
                    "2025-11-03T05:42:31Z",
                    "2025-11-03T05:42:58Z",
                    "2025-11-03T05:43:25Z",
                    "2025-11-03T05:43:53Z",
                    "2025-11-03T05:44:20Z",
                    "2025-11-03T05:44:46Z",
                    "2025-11-03T05:45:12Z",
                    "2025-11-03T05:45:38Z",
                    "2025-11-03T05:46:04Z",
                    "2025-11-03T05:46:30Z",
                    "2025-11-03T05:46:58Z",
                    "2025-11-03T05:47:26Z",
                    "2025-11-03T05:47:54Z",
                    "2025-11-03T05:48:22Z",
                    "2025-11-03T05:48:52Z",
                    "2025-11-03T05:49:18Z",
                    "2025-11-03T05:49:46Z",
                    "2025-11-03T05:50:15Z",
                    "2025-11-03T05:50:41Z",
                    "2025-11-03T05:51:07Z",
                    "2025-11-03T05:51:32Z",
                    "2025-11-03T05:51:59Z",
                    "2025-11-03T05:52:25Z",
                    "2025-11-03T05:52:53Z",
                    "2025-11-03T05:53:24Z",
                    "2025-11-03T05:53:50Z",
                    "2025-11-03T05:54:17Z",
                    "2025-11-03T05:54:46Z",
                    "2025-11-03T05:55:15Z",
                    "2025-11-03T05:55:41Z",
                    "2025-11-03T05:56:07Z",
                    "2025-11-03T05:56:33Z",
                    "2025-11-03T05:57:00Z",
                    "2025-11-03T05:57:27Z",
                    "2025-11-03T05:57:53Z",
                    "2025-11-03T05:58:20Z",
                    "2025-11-03T05:58:47Z",
                    "2025-11-03T05:59:45Z",
                    "2025-11-03T06:00:31Z",
                    "2025-11-03T06:00:59Z",
                    "2025-11-03T06:01:29Z",
                    "2025-11-03T06:01:56Z",
                    "2025-11-03T06:02:22Z",
                    "2025-11-03T06:02:51Z",
                    "2025-11-03T06:03:17Z",
                    "2025-11-03T06:03:44Z",
                    "2025-11-03T06:04:11Z",
                    "2025-11-03T06:04:38Z",
                    "2025-11-03T06:05:04Z",
                    "2025-11-03T06:05:32Z",
                    "2025-11-03T06:05:59Z",
                    "2025-11-03T06:06:27Z",
                    "2025-11-03T06:06:54Z",
                    "2025-11-03T06:07:21Z",
                    "2025-11-03T06:07:47Z",
                    "2025-11-03T06:08:13Z",
                    "2025-11-03T06:08:41Z",
                    "2025-11-03T06:09:08Z",
                    "2025-11-03T06:09:35Z",
                    "2025-11-03T06:10:01Z",
                    "2025-11-03T06:10:28Z",
                    "2025-11-03T06:10:54Z",
                    "2025-11-03T06:11:22Z",
                    "2025-11-03T06:11:48Z",
                    "2025-11-03T06:12:15Z",
                    "2025-11-03T06:12:42Z",
                    "2025-11-03T06:13:10Z",
                    "2025-11-03T06:13:36Z",
                    "2025-11-03T06:14:03Z",
                    "2025-11-03T06:14:28Z",
                    "2025-11-03T06:14:56Z",
                    "2025-11-03T06:15:23Z",
                    "2025-11-03T06:15:49Z",
                    "2025-11-03T06:16:16Z",
                    "2025-11-03T06:16:46Z",
                    "2025-11-03T06:17:15Z",
                    "2025-11-03T06:17:41Z",
                    "2025-11-03T06:18:07Z",
                    "2025-11-03T06:18:44Z",
                    "2025-11-03T06:19:12Z",
                    "2025-11-03T06:19:39Z",
                    "2025-11-03T06:20:05Z",
                    "2025-11-03T06:20:30Z",
                    "2025-11-03T06:21:02Z",
                    "2025-11-03T06:21:32Z",
                    "2025-11-03T06:21:59Z",
                    "2025-11-03T06:22:27Z",
                    "2025-11-03T06:23:05Z",
                    "2025-11-03T06:23:32Z",
                    "2025-11-03T06:23:58Z",
                    "2025-11-03T06:24:29Z",
                    "2025-11-03T06:24:55Z",
                    "2025-11-03T06:25:22Z",
                    "2025-11-03T06:25:50Z",
                    "2025-11-03T06:26:16Z",
                    "2025-11-03T06:26:44Z",
                    "2025-11-03T06:27:11Z",
                    "2025-11-03T06:27:39Z",
                    "2025-11-03T06:28:07Z",
                    "2025-11-03T06:28:34Z",
                    "2025-11-03T06:29:00Z",
                    "2025-11-03T06:29:26Z",
                    "2025-11-03T06:29:53Z",
                    "2025-11-03T06:30:49Z",
                    "2025-11-03T06:31:16Z",
                    "2025-11-03T06:31:42Z",
                    "2025-11-03T06:32:09Z",
                    "2025-11-03T06:32:35Z",
                    "2025-11-03T06:33:00Z",
                    "2025-11-03T06:33:27Z",
                    "2025-11-03T06:33:55Z",
                    "2025-11-03T06:34:22Z",
                    "2025-11-03T06:34:48Z",
                    "2025-11-03T06:35:14Z",
                    "2025-11-03T06:35:47Z",
                    "2025-11-03T06:36:35Z",
                    "2025-11-03T06:37:02Z",
                    "2025-11-03T06:37:29Z",
                    "2025-11-03T06:37:57Z",
                    "2025-11-03T06:38:23Z",
                    "2025-11-03T06:38:51Z",
                    "2025-11-03T06:39:16Z",
                    "2025-11-03T06:39:46Z",
                    "2025-11-03T06:40:14Z",
                    "2025-11-03T06:40:41Z",
                    "2025-11-03T06:41:07Z",
                    "2025-11-03T06:41:34Z",
                    "2025-11-03T06:42:01Z",
                    "2025-11-03T06:42:30Z",
                    "2025-11-03T06:42:56Z",
                    "2025-11-03T06:43:25Z",
                    "2025-11-03T06:43:51Z",
                    "2025-11-03T06:44:18Z",
                    "2025-11-03T06:44:47Z",
                    "2025-11-03T06:46:46Z",
                    "2025-11-03T06:47:12Z",
                    "2025-11-03T06:47:39Z",
                    "2025-11-03T06:48:06Z",
                    "2025-11-03T06:48:32Z",
                    "2025-11-03T06:48:58Z",
                    "2025-11-03T06:49:26Z",
                    "2025-11-03T06:49:53Z",
                    "2025-11-03T06:50:19Z",
                    "2025-11-03T06:50:45Z",
                    "2025-11-03T06:51:12Z",
                    "2025-11-03T06:51:38Z",
                    "2025-11-03T06:52:05Z",
                    "2025-11-03T06:52:32Z",
                    "2025-11-03T06:52:59Z",
                    "2025-11-03T06:53:28Z",
                    "2025-11-03T06:53:54Z",
                    "2025-11-03T06:54:20Z",
                    "2025-11-03T06:54:46Z",
                    "2025-11-03T06:55:14Z",
                    "2025-11-03T06:55:39Z",
                    "2025-11-03T06:56:35Z",
                    "2025-11-03T06:57:01Z",
                    "2025-11-03T06:57:27Z",
                    "2025-11-03T06:57:54Z",
                    "2025-11-03T06:58:20Z",
                    "2025-11-03T06:58:48Z",
                    "2025-11-03T06:59:17Z",
                    "2025-11-03T06:59:43Z",
                    "2025-11-03T07:00:09Z",
                    "2025-11-03T07:00:37Z",
                    "2025-11-03T07:01:06Z",
                    "2025-11-03T07:01:32Z",
                    "2025-11-03T07:01:59Z",
                    "2025-11-03T07:02:25Z",
                    "2025-11-03T07:02:52Z",
                    "2025-11-03T07:03:18Z",
                    "2025-11-03T07:03:45Z",
                    "2025-11-03T07:04:25Z",
                    "2025-11-03T07:04:53Z",
                    "2025-11-03T07:05:49Z",
                    "2025-11-03T07:06:21Z",
                    "2025-11-03T07:07:47Z",
                    "2025-11-03T07:08:14Z",
                    "2025-11-03T07:08:40Z",
                    "2025-11-03T07:09:06Z",
                    "2025-11-03T07:09:31Z",
                    "2025-11-03T07:09:56Z",
                    "2025-11-03T07:10:21Z",
                    "2025-11-03T07:10:46Z",
                    "2025-11-03T07:11:10Z",
                    "2025-11-03T07:11:35Z",
                    "2025-11-03T07:12:00Z",
                    "2025-11-03T07:12:31Z",
                    "2025-11-03T07:12:56Z",
                    "2025-11-03T07:13:21Z",
                    "2025-11-03T07:13:48Z",
                    "2025-11-03T07:14:14Z",
                    "2025-11-03T07:14:38Z",
                    "2025-11-03T07:15:03Z",
                    "2025-11-03T07:15:29Z",
                    "2025-11-03T07:15:56Z",
                    "2025-11-03T07:16:23Z",
                    "2025-11-03T07:16:49Z",
                    "2025-11-03T07:17:15Z",
                    "2025-11-03T07:17:40Z",
                    "2025-11-03T07:18:06Z",
                    "2025-11-03T07:18:31Z",
                    "2025-11-03T07:18:55Z",
                    "2025-11-03T07:19:19Z",
                    "2025-11-03T07:19:46Z",
                    "2025-11-03T07:20:11Z",
                    "2025-11-03T07:20:37Z",
                    "2025-11-03T07:21:03Z",
                    "2025-11-03T07:21:28Z",
                    "2025-11-03T07:21:53Z",
                    "2025-11-03T07:22:14Z"
                ]
            },
            "geometry": {
                "type": "LineString",
                "coordinates": [
                    [
                        135.69748225972546,
                        34.80122589035828,
                        52
                    ],
                    [
                        135.69737970834666,
                        34.80138009605985,
                        50
                    ],
                    [
                        135.69726542951676,
                        34.801602016475655,
                        50
                    ],
                    [
                        135.69733436437753,
                        34.8018784501447,
                        50
                    ],
                    [
                        135.69734561664495,
                        34.802175828053976,
                        51
                    ],
                    [
                        135.6974720909013,
                        34.802427375559915,
                        51
                    ],
                    [
                        135.69764662616058,
                        34.80274892465336,
                        51
                    ],
                    [
                        135.69778293321488,
                        34.803091263510765,
                        51
                    ],
                    [
                        135.6979023802533,
                        34.80339530613954,
                        51
                    ],
                    [
                        135.69800447833376,
                        34.80371977442415,
                        51
                    ],
                    [
                        135.69813282587054,
                        34.80401118786941,
                        51
                    ],
                    [
                        135.6982645641549,
                        34.804330047746156,
                        51
                    ],
                    [
                        135.6983924781542,
                        34.80463270172661,
                        51
                    ],
                    [
                        135.69854339288332,
                        34.80491570248277,
                        52
                    ],
                    [
                        135.69862520645688,
                        34.80522750483085,
                        52
                    ],
                    [
                        135.6987276969907,
                        34.80550990881503,
                        51
                    ],
                    [
                        135.69886993725228,
                        34.80581430848662,
                        49
                    ],
                    [
                        135.69897461185053,
                        34.80607406263849,
                        49
                    ],
                    [
                        135.69911749521873,
                        34.8063791461672,
                        49
                    ],
                    [
                        135.69921923777054,
                        34.80669129451066,
                        49
                    ],
                    [
                        135.69933615535004,
                        34.807011077630456,
                        50
                    ],
                    [
                        135.699491325875,
                        34.80729189515953,
                        51
                    ],
                    [
                        135.69961787703224,
                        34.80759184377425,
                        50
                    ],
                    [
                        135.6997420905137,
                        34.80787670850189,
                        51
                    ],
                    [
                        135.69987982492913,
                        34.80817616170337,
                        52
                    ],
                    [
                        135.70000445433095,
                        34.8084850581003,
                        53
                    ],
                    [
                        135.70013381931707,
                        34.808761582334036,
                        53
                    ],
                    [
                        135.70015548326867,
                        34.809011664879556,
                        54
                    ],
                    [
                        135.7003373194421,
                        34.80922675172783,
                        54
                    ],
                    [
                        135.70041289895772,
                        34.809522782642986,
                        54
                    ],
                    [
                        135.70054280236567,
                        34.809818879168084,
                        53
                    ],
                    [
                        135.70067305635382,
                        34.81011535459113,
                        52
                    ],
                    [
                        135.70082619085932,
                        34.81041387085206,
                        51
                    ],
                    [
                        135.70095970245498,
                        34.81070341573662,
                        51
                    ],
                    [
                        135.70108500235884,
                        34.81101418067947,
                        51
                    ],
                    [
                        135.70120750298221,
                        34.811296067810694,
                        51
                    ],
                    [
                        135.7013256865618,
                        34.811598149092156,
                        51
                    ],
                    [
                        135.70145013119642,
                        34.811885095483035,
                        51
                    ],
                    [
                        135.70156052948343,
                        34.81216854279563,
                        51
                    ],
                    [
                        135.70167975406767,
                        34.81245590581749,
                        51
                    ],
                    [
                        135.70179590839894,
                        34.81274300124487,
                        52
                    ],
                    [
                        135.70191240743517,
                        34.813023101301724,
                        52
                    ],
                    [
                        135.70204478140434,
                        34.81330864800471,
                        53
                    ],
                    [
                        135.70216322007732,
                        34.81361437583085,
                        54
                    ],
                    [
                        135.70228442600714,
                        34.81391881564546,
                        52
                    ],
                    [
                        135.70239161596632,
                        34.814219000126876,
                        51
                    ],
                    [
                        135.70250409614007,
                        34.81450797229913,
                        52
                    ],
                    [
                        135.70256165417211,
                        34.81476190241176,
                        52
                    ],
                    [
                        135.70275744227402,
                        34.8150286010013,
                        51
                    ],
                    [
                        135.7029011335692,
                        34.81530443105927,
                        50
                    ],
                    [
                        135.703086797678,
                        34.815574270665145,
                        51
                    ],
                    [
                        135.70326150040881,
                        34.8158633267282,
                        53
                    ],
                    [
                        135.70345005578,
                        34.81618625782448,
                        55
                    ],
                    [
                        135.70355758347924,
                        34.81651713194207,
                        55
                    ],
                    [
                        135.70366718002433,
                        34.81682207319015,
                        57
                    ],
                    [
                        135.70372104809437,
                        34.81716111200366,
                        56
                    ],
                    [
                        135.70383658786912,
                        34.817490305608594,
                        56
                    ],
                    [
                        135.7039559170042,
                        34.81781841862311,
                        58
                    ],
                    [
                        135.7039940475169,
                        34.8181443222256,
                        54
                    ],
                    [
                        135.70410948205222,
                        34.818463141924184,
                        56
                    ],
                    [
                        135.70422311591514,
                        34.81875768463146,
                        55
                    ],
                    [
                        135.70445013009297,
                        34.818966636699805,
                        57
                    ],
                    [
                        135.70474138461836,
                        34.819158492668805,
                        55
                    ],
                    [
                        135.70501086152564,
                        34.819377586345134,
                        55
                    ],
                    [
                        135.70510087109093,
                        34.819513207509154,
                        55
                    ],
                    [
                        135.70542902001483,
                        34.819720155955835,
                        55
                    ],
                    [
                        135.70571724761135,
                        34.819965188773736,
                        55
                    ],
                    [
                        135.70599155653662,
                        34.82018124163437,
                        54
                    ],
                    [
                        135.70622452261003,
                        34.82044590503554,
                        54
                    ],
                    [
                        135.70650177397283,
                        34.820665109145764,
                        55
                    ],
                    [
                        135.7067470822985,
                        34.82087050130863,
                        54
                    ],
                    [
                        135.70696336241338,
                        34.821102856886995,
                        55
                    ],
                    [
                        135.7073157405406,
                        34.821324323924074,
                        55
                    ],
                    [
                        135.70753910577804,
                        34.821537586078186,
                        56
                    ],
                    [
                        135.70784933290895,
                        34.821757462549506,
                        58
                    ],
                    [
                        135.70811126218732,
                        34.82200066825303,
                        59
                    ],
                    [
                        135.70836323467196,
                        34.822193444865896,
                        59
                    ],
                    [
                        135.7086193493984,
                        34.82246371589804,
                        60
                    ],
                    [
                        135.7088254811292,
                        34.822721926650686,
                        63
                    ],
                    [
                        135.70905323887558,
                        34.822990170809376,
                        62
                    ],
                    [
                        135.70927219254276,
                        34.82323983211357,
                        60
                    ],
                    [
                        135.70952121080572,
                        34.82349401299514,
                        61
                    ],
                    [
                        135.70976246082134,
                        34.82376159226388,
                        61
                    ],
                    [
                        135.70996900071216,
                        34.82403846402482,
                        60
                    ],
                    [
                        135.71002857483506,
                        34.824245157826404,
                        61
                    ],
                    [
                        135.7101931967729,
                        34.82450584075385,
                        62
                    ],
                    [
                        135.71019421659517,
                        34.82480350806202,
                        61
                    ],
                    [
                        135.71023409928455,
                        34.825144433346566,
                        63
                    ],
                    [
                        135.71025118872637,
                        34.82547132616145,
                        64
                    ],
                    [
                        135.71030891373388,
                        34.82579887182189,
                        64
                    ],
                    [
                        135.71032879828337,
                        34.82612155710539,
                        63
                    ],
                    [
                        135.71036272848485,
                        34.82644839327634,
                        63
                    ],
                    [
                        135.7104765855066,
                        34.82672657793096,
                        63
                    ],
                    [
                        135.71050610128836,
                        34.82704261258033,
                        63
                    ],
                    [
                        135.71056114794527,
                        34.827326057533185,
                        63
                    ],
                    [
                        135.71065716244252,
                        34.82764113336429,
                        64
                    ],
                    [
                        135.7107189133062,
                        34.82795513520675,
                        63
                    ],
                    [
                        135.7108602237246,
                        34.8282123800271,
                        64
                    ],
                    [
                        135.71093196127248,
                        34.82849761736915,
                        65
                    ],
                    [
                        135.71090650003165,
                        34.82880989045131,
                        65
                    ],
                    [
                        135.71089571642008,
                        34.82910563499144,
                        66
                    ],
                    [
                        135.71086704730962,
                        34.8294359407449,
                        67
                    ],
                    [
                        135.71082495267515,
                        34.829770998713286,
                        65
                    ],
                    [
                        135.71076802678417,
                        34.83010256602689,
                        66
                    ],
                    [
                        135.71071675282136,
                        34.8304100642619,
                        65
                    ],
                    [
                        135.71067933105257,
                        34.83072526388673,
                        65
                    ],
                    [
                        135.7106461799366,
                        34.83102106018409,
                        65
                    ],
                    [
                        135.71059744508574,
                        34.831325191126524,
                        65
                    ],
                    [
                        135.71062021095534,
                        34.831627111506236,
                        65
                    ],
                    [
                        135.71060628364395,
                        34.83194452023338,
                        62
                    ],
                    [
                        135.7105596127343,
                        34.83228283937919,
                        61
                    ],
                    [
                        135.71051721766833,
                        34.832573195201746,
                        59
                    ],
                    [
                        135.7104742491526,
                        34.83287609715324,
                        59
                    ],
                    [
                        135.7104690584548,
                        34.83318039055613,
                        56
                    ],
                    [
                        135.7105181923631,
                        34.83344460016371,
                        56
                    ],
                    [
                        135.71080499560279,
                        34.83346366700846,
                        55
                    ],
                    [
                        135.71113992230994,
                        34.83333674271915,
                        55
                    ],
                    [
                        135.7114776270894,
                        34.833204446555804,
                        54
                    ],
                    [
                        135.71175931086566,
                        34.833165839657276,
                        55
                    ],
                    [
                        135.71204955418784,
                        34.83300520849578,
                        55
                    ],
                    [
                        135.71228676848597,
                        34.832773000107856,
                        56
                    ],
                    [
                        135.71258680200958,
                        34.83258408572658,
                        57
                    ],
                    [
                        135.71243489112737,
                        34.832898181361024,
                        55
                    ],
                    [
                        135.7124884031081,
                        34.83265361882099,
                        53
                    ],
                    [
                        135.7125061235434,
                        34.832552716599984,
                        57
                    ],
                    [
                        135.7126708759078,
                        34.832361458344714,
                        57
                    ],
                    [
                        135.7126794778713,
                        34.83251301528377,
                        55
                    ],
                    [
                        135.71243107129632,
                        34.832702084426266,
                        56
                    ],
                    [
                        135.7121976053862,
                        34.832865809980085,
                        54
                    ],
                    [
                        135.71199443283908,
                        34.83307907113458,
                        54
                    ],
                    [
                        135.71185435918022,
                        34.83335412427165,
                        54
                    ],
                    [
                        135.7116952822277,
                        34.8336019209182,
                        53
                    ],
                    [
                        135.71152680222693,
                        34.8338604024479,
                        53
                    ],
                    [
                        135.71136592699688,
                        34.83411212001499,
                        52
                    ],
                    [
                        135.7111836384874,
                        34.83437824322177,
                        52
                    ],
                    [
                        135.71100305493712,
                        34.834624195633936,
                        52
                    ],
                    [
                        135.7109282741924,
                        34.83489944576405,
                        52
                    ],
                    [
                        135.7109999196519,
                        34.83520883236644,
                        51
                    ],
                    [
                        135.71106458881712,
                        34.8355016666922,
                        51
                    ],
                    [
                        135.71115203406546,
                        34.835808802537905,
                        53
                    ],
                    [
                        135.71121477984636,
                        34.83607280080818,
                        52
                    ],
                    [
                        135.71127538615775,
                        34.8364198232017,
                        56
                    ],
                    [
                        135.71132261790956,
                        34.83673996303781,
                        57
                    ],
                    [
                        135.71133008805194,
                        34.83703384928055,
                        57
                    ],
                    [
                        135.71125400213194,
                        34.83732769717154,
                        57
                    ],
                    [
                        135.7112155518073,
                        34.837656710354445,
                        57
                    ],
                    [
                        135.71114925064464,
                        34.837960313663324,
                        55
                    ],
                    [
                        135.71112500491589,
                        34.838278997591466,
                        55
                    ],
                    [
                        135.71107449822614,
                        34.838562162198066,
                        53
                    ],
                    [
                        135.71102163818261,
                        34.83884179912383,
                        51
                    ],
                    [
                        135.71096187785892,
                        34.83915867288118,
                        51
                    ],
                    [
                        135.71088758270972,
                        34.83947170699876,
                        50
                    ],
                    [
                        135.7107562737528,
                        34.839746318139426,
                        51
                    ],
                    [
                        135.71062465143117,
                        34.84002220886327,
                        51
                    ],
                    [
                        135.71047648511797,
                        34.84026162528752,
                        51
                    ],
                    [
                        135.71031580351763,
                        34.84057307720365,
                        51
                    ],
                    [
                        135.71015661883268,
                        34.84085060448415,
                        51
                    ],
                    [
                        135.70998912834884,
                        34.84110810066915,
                        52
                    ],
                    [
                        135.70982388329782,
                        34.84137135481409,
                        53
                    ],
                    [
                        135.7097233823641,
                        34.84165683267021,
                        51
                    ],
                    [
                        135.7095873630785,
                        34.841919547585974,
                        51
                    ],
                    [
                        135.7094077826996,
                        34.84221960927907,
                        49
                    ],
                    [
                        135.7092627507546,
                        34.84249013482231,
                        48
                    ],
                    [
                        135.70912066593692,
                        34.842761898275974,
                        48
                    ],
                    [
                        135.7089501437694,
                        34.84303775754167,
                        49
                    ],
                    [
                        135.70876143836367,
                        34.84332291802119,
                        47
                    ],
                    [
                        135.7086468719801,
                        34.84359709335162,
                        47
                    ],
                    [
                        135.7085078655991,
                        34.84390499071988,
                        47
                    ],
                    [
                        135.70834684987312,
                        34.84419676948571,
                        47
                    ],
                    [
                        135.7081968528826,
                        34.844462912558306,
                        45
                    ],
                    [
                        135.70811354753502,
                        34.8447529220022,
                        44
                    ],
                    [
                        135.7081248149124,
                        34.844896500313396,
                        43
                    ],
                    [
                        135.70784085067433,
                        34.84506652229243,
                        44
                    ],
                    [
                        135.70753299318974,
                        34.845204962331955,
                        43
                    ],
                    [
                        135.7073495721463,
                        34.84543232515737,
                        42
                    ],
                    [
                        135.70726559387126,
                        34.84571278711465,
                        43
                    ],
                    [
                        135.70727463845623,
                        34.84602609187364,
                        46
                    ],
                    [
                        135.70720358058446,
                        34.84629531754244,
                        46
                    ],
                    [
                        135.70716423471742,
                        34.84661098108307,
                        49
                    ],
                    [
                        135.7070580259069,
                        34.84692830374557,
                        48
                    ],
                    [
                        135.70704076335855,
                        34.847247366585215,
                        48
                    ],
                    [
                        135.70701117026164,
                        34.84755525820694,
                        52
                    ],
                    [
                        135.70700544963827,
                        34.847853730504326,
                        52
                    ],
                    [
                        135.7070787061403,
                        34.848142683215016,
                        55
                    ],
                    [
                        135.70714898862977,
                        34.84846712698921,
                        55
                    ],
                    [
                        135.70723960582188,
                        34.848725699956915,
                        55
                    ],
                    [
                        135.70730959116796,
                        34.8490436269746,
                        57
                    ],
                    [
                        135.70752256875735,
                        34.84929651452203,
                        57
                    ],
                    [
                        135.70777769470837,
                        34.849548439037804,
                        56
                    ],
                    [
                        135.70798093492206,
                        34.849800076586476,
                        56
                    ],
                    [
                        135.70810653956298,
                        34.85009631647989,
                        54
                    ],
                    [
                        135.70817793384725,
                        34.85036814294136,
                        52
                    ],
                    [
                        135.70828070888825,
                        34.85065608302658,
                        51
                    ],
                    [
                        135.70837928997594,
                        34.850901214593094,
                        50
                    ],
                    [
                        135.70847791139093,
                        34.851173469241935,
                        47
                    ],
                    [
                        135.70852590632896,
                        34.851445368697085,
                        48
                    ],
                    [
                        135.7086169211923,
                        34.85174455273512,
                        49
                    ],
                    [
                        135.70873238509486,
                        34.85201980547328,
                        45
                    ],
                    [
                        135.70872801467956,
                        34.85233000030828,
                        44
                    ],
                    [
                        135.70866062885747,
                        34.85262553899842,
                        41
                    ],
                    [
                        135.7085921026071,
                        34.8528960722489,
                        41
                    ],
                    [
                        135.70855665286044,
                        34.85319153263255,
                        41
                    ],
                    [
                        135.70854236207126,
                        34.853467783893564,
                        39
                    ],
                    [
                        135.70845964909878,
                        34.85374678971097,
                        40
                    ],
                    [
                        135.7084772429883,
                        34.85402340924972,
                        39
                    ],
                    [
                        135.7084530847974,
                        34.85430366408482,
                        37
                    ],
                    [
                        135.70848963354814,
                        34.854593395721935,
                        35
                    ],
                    [
                        135.70851443688886,
                        34.854880180534316,
                        35
                    ],
                    [
                        135.7085028403642,
                        34.855154822819586,
                        32
                    ],
                    [
                        135.70845807483627,
                        34.85543733402161,
                        30
                    ],
                    [
                        135.7082006816952,
                        34.85571487038195,
                        32
                    ],
                    [
                        135.70786810666377,
                        34.85581597828298,
                        31
                    ],
                    [
                        135.70764938909667,
                        34.85606861771888,
                        32
                    ],
                    [
                        135.70753689561369,
                        34.85635218381623,
                        30
                    ],
                    [
                        135.7073964434363,
                        34.856614422612424,
                        31
                    ],
                    [
                        135.7072514133265,
                        34.85684927774826,
                        29
                    ],
                    [
                        135.70703898034407,
                        34.85708857005499,
                        29
                    ],
                    [
                        135.70682861713226,
                        34.857371841236564,
                        27
                    ],
                    [
                        135.7066821410026,
                        34.85756208019348,
                        30
                    ],
                    [
                        135.70646695984635,
                        34.857756578391644,
                        28
                    ],
                    [
                        135.70619603822882,
                        34.857988577166,
                        26
                    ],
                    [
                        135.70590022911796,
                        34.8581666042527,
                        27
                    ],
                    [
                        135.70562241038868,
                        34.858358105753375,
                        24
                    ],
                    [
                        135.7053748458958,
                        34.858598666662274,
                        24
                    ],
                    [
                        135.70511666916198,
                        34.858852324636075,
                        24
                    ],
                    [
                        135.70487547737125,
                        34.85905546502822,
                        25
                    ],
                    [
                        135.7046805500418,
                        34.85933723678944,
                        24
                    ],
                    [
                        135.70447765412757,
                        34.8596144262304,
                        24
                    ],
                    [
                        135.7042624237542,
                        34.859885918687134,
                        24
                    ],
                    [
                        135.70402945678214,
                        34.8601471427494,
                        23
                    ],
                    [
                        135.703749953277,
                        34.86038778169396,
                        23
                    ],
                    [
                        135.70358343530611,
                        34.860683381546245,
                        25
                    ],
                    [
                        135.70344170475775,
                        34.860986135841856,
                        24
                    ],
                    [
                        135.7033514239779,
                        34.8613111776155,
                        24
                    ],
                    [
                        135.70329809446773,
                        34.8616244042342,
                        22
                    ],
                    [
                        135.70325753997298,
                        34.86193107188857,
                        24
                    ],
                    [
                        135.70316685549088,
                        34.8622585161364,
                        22
                    ],
                    [
                        135.70310536987785,
                        34.86258213291823,
                        24
                    ],
                    [
                        135.70300004447768,
                        34.86274331153673,
                        22
                    ],
                    [
                        135.70319217088002,
                        34.86290410941638,
                        21
                    ],
                    [
                        135.70312397234792,
                        34.86301831724782,
                        23
                    ],
                    [
                        135.70298435575788,
                        34.8633252030759,
                        21
                    ],
                    [
                        135.7029056363309,
                        34.863638325100254,
                        21
                    ],
                    [
                        135.7028708138196,
                        34.86396591151236,
                        22
                    ],
                    [
                        135.70281267112688,
                        34.864264178920045,
                        20
                    ],
                    [
                        135.70273913517113,
                        34.86452588042327,
                        19
                    ],
                    [
                        135.70264367272875,
                        34.864784446670804,
                        20
                    ],
                    [
                        135.70260478042766,
                        34.86512138341255,
                        20
                    ],
                    [
                        135.70253393579162,
                        34.86543001648567,
                        18
                    ],
                    [
                        135.7024025067044,
                        34.86572544551918,
                        19
                    ],
                    [
                        135.70233474585194,
                        34.86601745260285,
                        19
                    ],
                    [
                        135.70227378411317,
                        34.86630608669236,
                        19
                    ],
                    [
                        135.70233740373052,
                        34.86661258305361,
                        18
                    ],
                    [
                        135.70232524611876,
                        34.8669462115416,
                        17
                    ],
                    [
                        135.70234563728064,
                        34.86726763729037,
                        18
                    ],
                    [
                        135.70238393031835,
                        34.8676253813019,
                        17
                    ],
                    [
                        135.70242629945525,
                        34.86797185405479,
                        19
                    ],
                    [
                        135.70240264859993,
                        34.86829017363327,
                        20
                    ],
                    [
                        135.70239876187222,
                        34.86860254290186,
                        21
                    ],
                    [
                        135.70241589858932,
                        34.868921673384094,
                        20
                    ],
                    [
                        135.702407230717,
                        34.86922829474837,
                        20
                    ],
                    [
                        135.70245554186513,
                        34.86953447050407,
                        19
                    ],
                    [
                        135.70251068544704,
                        34.86982839970736,
                        20
                    ],
                    [
                        135.70250834885636,
                        34.87016617150335,
                        18
                    ],
                    [
                        135.70257857015815,
                        34.87050532622574,
                        18
                    ],
                    [
                        135.70269132274632,
                        34.87082437563563,
                        19
                    ],
                    [
                        135.70284803417192,
                        34.87111534627548,
                        19
                    ],
                    [
                        135.70294550307042,
                        34.871403154583206,
                        20
                    ],
                    [
                        135.7030247169131,
                        34.871710775280945,
                        21
                    ],
                    [
                        135.70307524955587,
                        34.871993307194096,
                        19
                    ],
                    [
                        135.70282876820514,
                        34.87215901915032,
                        20
                    ],
                    [
                        135.70255620040953,
                        34.872344345317785,
                        22
                    ],
                    [
                        135.70229322792503,
                        34.87256754385679,
                        20
                    ],
                    [
                        135.70207104528464,
                        34.872839627106764,
                        21
                    ],
                    [
                        135.70184741493583,
                        34.87309703017452,
                        23
                    ],
                    [
                        135.70162832021188,
                        34.87334537252429,
                        24
                    ],
                    [
                        135.70135890147108,
                        34.873540533319236,
                        28
                    ],
                    [
                        135.70105170475455,
                        34.873677754135535,
                        43
                    ],
                    [
                        135.70068130893532,
                        34.873780881333474,
                        53
                    ],
                    [
                        135.70029426979437,
                        34.873820582674036,
                        52
                    ],
                    [
                        135.69998011331373,
                        34.87396846605668,
                        57
                    ],
                    [
                        135.6996745831854,
                        34.87391956887805,
                        68
                    ],
                    [
                        135.69927286443658,
                        34.87407714147171,
                        75
                    ],
                    [
                        135.69901383638722,
                        34.87430357002437,
                        73
                    ],
                    [
                        135.69869269990687,
                        34.8744638462763,
                        73
                    ],
                    [
                        135.69832376402252,
                        34.87444349622298,
                        80
                    ],
                    [
                        135.6979551444958,
                        34.87432806831554,
                        79
                    ],
                    [
                        135.69756838801337,
                        34.87428932579764,
                        72
                    ],
                    [
                        135.6973040915848,
                        34.87428531279573,
                        68
                    ],
                    [
                        135.69707991405025,
                        34.87442179017296,
                        70
                    ],
                    [
                        135.6968970539696,
                        34.87466289316329,
                        72
                    ],
                    [
                        135.69672013270122,
                        34.87480731249088,
                        77
                    ],
                    [
                        135.69650902010798,
                        34.87504773233467,
                        76
                    ],
                    [
                        135.69629346596903,
                        34.87524037967136,
                        78
                    ],
                    [
                        135.69611369983696,
                        34.87548377986848,
                        80
                    ],
                    [
                        135.69606891113156,
                        34.875767939127655,
                        83
                    ],
                    [
                        135.69612799412198,
                        34.87607976698975,
                        90
                    ],
                    [
                        135.69594094387608,
                        34.87625391712702,
                        93
                    ],
                    [
                        135.69608291675718,
                        34.87643634621782,
                        93
                    ],
                    [
                        135.69626582702153,
                        34.87660711466375,
                        96
                    ],
                    [
                        135.6964872440828,
                        34.876776583628086,
                        99
                    ],
                    [
                        135.69668019785937,
                        34.877001966913504,
                        104
                    ],
                    [
                        135.6969933661487,
                        34.87712675175768,
                        105
                    ],
                    [
                        135.69725480994617,
                        34.877331973417625,
                        107
                    ],
                    [
                        135.69746023007806,
                        34.87743339022711,
                        108
                    ],
                    [
                        135.6978122449732,
                        34.87749820300313,
                        109
                    ],
                    [
                        135.69811397867232,
                        34.877611268386204,
                        115
                    ],
                    [
                        135.69835300246845,
                        34.877876305401045,
                        116
                    ],
                    [
                        135.6987403515575,
                        34.87794338165274,
                        118
                    ],
                    [
                        135.69912040876142,
                        34.87799285775,
                        120
                    ],
                    [
                        135.69938897540268,
                        34.87796233045723,
                        118
                    ],
                    [
                        135.69975081908774,
                        34.878003833515166,
                        118
                    ],
                    [
                        135.6999910097937,
                        34.87798772578576,
                        121
                    ],
                    [
                        135.7003264561456,
                        34.87799906103885,
                        123
                    ],
                    [
                        135.70041995991457,
                        34.878213760499904,
                        123
                    ],
                    [
                        135.7003803704071,
                        34.87839796015443,
                        122
                    ],
                    [
                        135.70030819566807,
                        34.8786946533329,
                        123
                    ],
                    [
                        135.70021050681703,
                        34.87894150094934,
                        123
                    ],
                    [
                        135.70011491430023,
                        34.87917867350543,
                        125
                    ],
                    [
                        135.70012724808862,
                        34.87926983640981,
                        126
                    ],
                    [
                        135.70009447839286,
                        34.87937373232356,
                        129
                    ],
                    [
                        135.70040094744002,
                        34.87944347530961,
                        126
                    ],
                    [
                        135.70042763825623,
                        34.879737287401234,
                        129
                    ],
                    [
                        135.70043556886878,
                        34.87985572725574,
                        129
                    ],
                    [
                        135.70028038172782,
                        34.879906628564065,
                        129
                    ],
                    [
                        135.69991732249775,
                        34.87991963365489,
                        129
                    ],
                    [
                        135.6997847848914,
                        34.87971239685814,
                        128
                    ],
                    [
                        135.699800577102,
                        34.87942585979426,
                        127
                    ],
                    [
                        135.7000598749697,
                        34.87930011252257,
                        128
                    ],
                    [
                        135.70016819537165,
                        34.87906032024462,
                        126
                    ],
                    [
                        135.70023194554167,
                        34.87879318199472,
                        124
                    ],
                    [
                        135.70041845149552,
                        34.87866830557217,
                        122
                    ],
                    [
                        135.70051328501262,
                        34.87898986384318,
                        123
                    ],
                    [
                        135.70056161266885,
                        34.879276508965944,
                        123
                    ],
                    [
                        135.70077064577157,
                        34.87952046501689,
                        125
                    ],
                    [
                        135.70094920169345,
                        34.87975460555312,
                        123
                    ],
                    [
                        135.70086080088518,
                        34.88010432966458,
                        128
                    ],
                    [
                        135.7007602331182,
                        34.880384367077156,
                        125
                    ],
                    [
                        135.700484097279,
                        34.88062481684514,
                        123
                    ],
                    [
                        135.70024818372622,
                        34.88081079810918,
                        118
                    ],
                    [
                        135.7001575129232,
                        34.881090968274734,
                        110
                    ],
                    [
                        135.70008707239865,
                        34.88118006726597,
                        108
                    ],
                    [
                        135.70016121618409,
                        34.88094654202662,
                        111
                    ],
                    [
                        135.70027855618252,
                        34.88070457538194,
                        118
                    ],
                    [
                        135.70060783327528,
                        34.880550741512586,
                        125
                    ],
                    [
                        135.7008184966574,
                        34.880241047461205,
                        125
                    ],
                    [
                        135.70087362726002,
                        34.87994748588228,
                        126
                    ],
                    [
                        135.70099937516778,
                        34.87989480739071,
                        122
                    ],
                    [
                        135.70125459992192,
                        34.88011924047407,
                        118
                    ],
                    [
                        135.70145359707857,
                        34.880219045642484,
                        111
                    ],
                    [
                        135.70154345323078,
                        34.88003913179719,
                        112
                    ],
                    [
                        135.70140264567326,
                        34.87987937656349,
                        113
                    ],
                    [
                        135.70159304754813,
                        34.879771826409424,
                        111
                    ],
                    [
                        135.7017831761584,
                        34.87962556900295,
                        95
                    ],
                    [
                        135.70196060436746,
                        34.87976091942752,
                        89
                    ],
                    [
                        135.70215654188038,
                        34.879920143657934,
                        80
                    ],
                    [
                        135.70242066589563,
                        34.880051535294776,
                        63
                    ],
                    [
                        135.7025164906652,
                        34.88025038720463,
                        58
                    ],
                    [
                        135.7025988794058,
                        34.880024837867076,
                        53
                    ],
                    [
                        135.70271473288992,
                        34.880295397722975,
                        42
                    ],
                    [
                        135.70286605140643,
                        34.88043470736951,
                        26
                    ],
                    [
                        135.70299259194587,
                        34.880637601908155,
                        20
                    ],
                    [
                        135.70292503480047,
                        34.880926858048134,
                        24
                    ],
                    [
                        135.70281977472578,
                        34.88125074600034,
                        25
                    ],
                    [
                        135.70266318631815,
                        34.88152512625809,
                        29
                    ],
                    [
                        135.70259751872206,
                        34.88183941695795,
                        24
                    ],
                    [
                        135.70252750928032,
                        34.88210346308043,
                        15
                    ],
                    [
                        135.7023660352439,
                        34.88235087528314,
                        14
                    ],
                    [
                        135.7021835245978,
                        34.88255089093981,
                        14
                    ],
                    [
                        135.70221656882592,
                        34.88282684886469,
                        14
                    ],
                    [
                        135.70206019718879,
                        34.883102700701,
                        13
                    ],
                    [
                        135.70201481386982,
                        34.8833958271204,
                        15
                    ],
                    [
                        135.70185013232506,
                        34.883651500235324,
                        13
                    ],
                    [
                        135.70169663848594,
                        34.88364339101165,
                        14
                    ],
                    [
                        135.7016883103067,
                        34.88390998523859,
                        13
                    ],
                    [
                        135.70153181702136,
                        34.884156128336755,
                        13
                    ],
                    [
                        135.70144225735854,
                        34.88444555957187,
                        12
                    ],
                    [
                        135.70136286503586,
                        34.8847661171904,
                        13
                    ],
                    [
                        135.70128978995925,
                        34.885060103637535,
                        12
                    ],
                    [
                        135.7012462627677,
                        34.885342512713635,
                        14
                    ],
                    [
                        135.70114050879485,
                        34.885638685822606,
                        14
                    ],
                    [
                        135.70098298323157,
                        34.88590432212619,
                        15
                    ],
                    [
                        135.7007974685173,
                        34.8861708530223,
                        15
                    ],
                    [
                        135.70070343926898,
                        34.886462926767834,
                        16
                    ],
                    [
                        135.7005973877163,
                        34.88673105921105,
                        17
                    ],
                    [
                        135.70062390889498,
                        34.88700888400412,
                        18
                    ],
                    [
                        135.70066823929878,
                        34.88730888424595,
                        18
                    ],
                    [
                        135.7007029694649,
                        34.88761756354226,
                        17
                    ],
                    [
                        135.7007243963787,
                        34.88785421281082,
                        16
                    ],
                    [
                        135.7007756995122,
                        34.88814822207353,
                        16
                    ],
                    [
                        135.70080920508124,
                        34.88841347289215,
                        16
                    ],
                    [
                        135.7008476418237,
                        34.88872429502381,
                        17
                    ],
                    [
                        135.70087989399585,
                        34.88900297435016,
                        17
                    ],
                    [
                        135.70088537373456,
                        34.88927174243685,
                        15
                    ],
                    [
                        135.70088801647532,
                        34.88957023359797,
                        16
                    ],
                    [
                        135.700898657918,
                        34.88987699417011,
                        16
                    ],
                    [
                        135.70089587194155,
                        34.890166389407185,
                        16
                    ],
                    [
                        135.70089018745392,
                        34.89047907473443,
                        17
                    ],
                    [
                        135.70088574881277,
                        34.89078188394074,
                        17
                    ],
                    [
                        135.70084156960806,
                        34.891063430262655,
                        17
                    ],
                    [
                        135.70083238092982,
                        34.891321474012756,
                        17
                    ],
                    [
                        135.7008007040139,
                        34.8916316458626,
                        18
                    ],
                    [
                        135.70076643037237,
                        34.89191741233383,
                        17
                    ],
                    [
                        135.70072374918925,
                        34.89222307489293,
                        17
                    ],
                    [
                        135.70066837358033,
                        34.89253244637182,
                        17
                    ],
                    [
                        135.70063035562004,
                        34.89284818703447,
                        18
                    ],
                    [
                        135.70058400452038,
                        34.89315820330644,
                        18
                    ],
                    [
                        135.70057825918278,
                        34.8934722448255,
                        17
                    ],
                    [
                        135.70060510116627,
                        34.89377344689675,
                        19
                    ],
                    [
                        135.70069732448775,
                        34.8940689831515,
                        18
                    ],
                    [
                        135.7008542894971,
                        34.8943542347896,
                        16
                    ],
                    [
                        135.7010685559318,
                        34.89460789441081,
                        14
                    ],
                    [
                        135.7013309859604,
                        34.89482351049138,
                        13
                    ],
                    [
                        135.7015823561983,
                        34.895042892083545,
                        12
                    ],
                    [
                        135.70185167073757,
                        34.895273588334874,
                        14
                    ],
                    [
                        135.7021280072347,
                        34.895474083228294,
                        14
                    ],
                    [
                        135.7023782019945,
                        34.89570706301928,
                        15
                    ],
                    [
                        135.70270310365476,
                        34.895917553018876,
                        14
                    ],
                    [
                        135.7029605114708,
                        34.89614291863561,
                        14
                    ],
                    [
                        135.70325330793477,
                        34.896354815113966,
                        13
                    ],
                    [
                        135.70352688981117,
                        34.89657936624833,
                        12
                    ],
                    [
                        135.70378965705103,
                        34.89679732164488,
                        12
                    ],
                    [
                        135.7040452202793,
                        34.897006665336676,
                        12
                    ],
                    [
                        135.70433151253093,
                        34.89723515518684,
                        12
                    ],
                    [
                        135.70461805949364,
                        34.89744785267213,
                        12
                    ],
                    [
                        135.70494917020636,
                        34.897657485942055,
                        12
                    ],
                    [
                        135.70524658467681,
                        34.89786895223061,
                        14
                    ],
                    [
                        135.70556343102965,
                        34.89808520576176,
                        13
                    ],
                    [
                        135.70589751360387,
                        34.89827067534122,
                        13
                    ],
                    [
                        135.70618061064602,
                        34.89848226292911,
                        13
                    ],
                    [
                        135.70651342377053,
                        34.89866681801287,
                        14
                    ],
                    [
                        135.70682776601205,
                        34.89885343119719,
                        13
                    ],
                    [
                        135.7071357480663,
                        34.89903919547168,
                        13
                    ],
                    [
                        135.70746004515271,
                        34.89922649079803,
                        13
                    ],
                    [
                        135.70776463786052,
                        34.89944285077789,
                        13
                    ],
                    [
                        135.70808913539724,
                        34.89962298261393,
                        16
                    ],
                    [
                        135.70841385294156,
                        34.899839892694814,
                        13
                    ],
                    [
                        135.70872781962504,
                        34.900033238770455,
                        12
                    ],
                    [
                        135.7090772770315,
                        34.900243484151595,
                        11
                    ],
                    [
                        135.7093521271352,
                        34.90042307101247,
                        12
                    ],
                    [
                        135.70966321171466,
                        34.90061620176966,
                        12
                    ],
                    [
                        135.71000094782406,
                        34.9008159578098,
                        13
                    ],
                    [
                        135.71029262496722,
                        34.90099352059274,
                        12
                    ],
                    [
                        135.710580197528,
                        34.901194133224564,
                        12
                    ],
                    [
                        135.71088358229704,
                        34.90135318382942,
                        13
                    ],
                    [
                        135.7111765819481,
                        34.901552274837286,
                        12
                    ],
                    [
                        135.71147421959475,
                        34.90173100626911,
                        13
                    ],
                    [
                        135.71178113418642,
                        34.901929772741525,
                        12
                    ],
                    [
                        135.71210418079116,
                        34.902125379861474,
                        12
                    ],
                    [
                        135.71239725784432,
                        34.902307766600686,
                        13
                    ],
                    [
                        135.71271204695117,
                        34.90249446394583,
                        13
                    ],
                    [
                        135.71303171889502,
                        34.90269593297607,
                        15
                    ],
                    [
                        135.71336116323923,
                        34.90288140570307,
                        15
                    ],
                    [
                        135.7136265722238,
                        34.903066223227015,
                        13
                    ],
                    [
                        135.7139259778196,
                        34.903260792531526,
                        13
                    ],
                    [
                        135.71418258701922,
                        34.903474071358026,
                        13
                    ],
                    [
                        135.71447739813732,
                        34.90367113007333,
                        12
                    ],
                    [
                        135.71475970029425,
                        34.9039056840064,
                        14
                    ],
                    [
                        135.71498947055312,
                        34.90414961152131,
                        12
                    ],
                    [
                        135.71526458400015,
                        34.90437978788441,
                        13
                    ],
                    [
                        135.71552621513513,
                        34.904618843187556,
                        13
                    ],
                    [
                        135.71566019580183,
                        34.904735018593996,
                        14
                    ],
                    [
                        135.71590392649324,
                        34.90496936103297,
                        14
                    ],
                    [
                        135.7161616610732,
                        34.90521844029158,
                        14
                    ],
                    [
                        135.71642708775383,
                        34.90547282149383,
                        13
                    ],
                    [
                        135.71667148522064,
                        34.90572417157822,
                        13
                    ],
                    [
                        135.71691449159056,
                        34.90594622523293,
                        12
                    ],
                    [
                        135.7171883424259,
                        34.90621434225898,
                        14
                    ],
                    [
                        135.71743753232462,
                        34.90644191809882,
                        13
                    ],
                    [
                        135.71767489923795,
                        34.90668649492149,
                        13
                    ],
                    [
                        135.71794075041637,
                        34.9069195304836,
                        14
                    ],
                    [
                        135.71817618954302,
                        34.90716126416613,
                        13
                    ],
                    [
                        135.7182999477157,
                        34.907447701736054,
                        13
                    ],
                    [
                        135.71864207287356,
                        34.9076200828368,
                        14
                    ],
                    [
                        135.71888810213107,
                        34.90785054077047,
                        14
                    ],
                    [
                        135.71916324839182,
                        34.90809867315423,
                        15
                    ],
                    [
                        135.71938531954248,
                        34.90832632784177,
                        13
                    ],
                    [
                        135.71963059646393,
                        34.908577096918194,
                        13
                    ],
                    [
                        135.71987442108454,
                        34.90878134168303,
                        14
                    ],
                    [
                        135.7201328828412,
                        34.90899667256532,
                        14
                    ],
                    [
                        135.72036512228513,
                        34.909244362348026,
                        13
                    ],
                    [
                        135.72059936810783,
                        34.90949682973526,
                        12
                    ],
                    [
                        135.72085357238606,
                        34.90972814596544,
                        14
                    ],
                    [
                        135.7211022300809,
                        34.90996322946114,
                        13
                    ],
                    [
                        135.7213608315438,
                        34.9101944509857,
                        12
                    ],
                    [
                        135.72159718754259,
                        34.91042354254388,
                        12
                    ],
                    [
                        135.72185823149434,
                        34.91067181555257,
                        12
                    ],
                    [
                        135.7221083759242,
                        34.910908259820985,
                        12
                    ],
                    [
                        135.72235169674792,
                        34.91114587508207,
                        13
                    ],
                    [
                        135.72260866812218,
                        34.91137967905196,
                        13
                    ],
                    [
                        135.72286010030268,
                        34.91163281833578,
                        13
                    ],
                    [
                        135.72309635735172,
                        34.91186749728804,
                        13
                    ],
                    [
                        135.72336512489974,
                        34.9121010584091,
                        13
                    ],
                    [
                        135.7235760176972,
                        34.91233395739903,
                        14
                    ],
                    [
                        135.7238552930973,
                        34.91256674260365,
                        13
                    ],
                    [
                        135.72408236134288,
                        34.91282042918318,
                        13
                    ],
                    [
                        135.72431847991598,
                        34.91306503622905,
                        12
                    ],
                    [
                        135.7245799551846,
                        34.913294163597705,
                        13
                    ],
                    [
                        135.7248456479763,
                        34.91355819138743,
                        13
                    ],
                    [
                        135.72510953709372,
                        34.913802478527685,
                        12
                    ],
                    [
                        135.72533745478657,
                        34.91403783139761,
                        12
                    ],
                    [
                        135.7255999471095,
                        34.91424832273244,
                        11
                    ],
                    [
                        135.72593048453385,
                        34.914349576462065,
                        12
                    ],
                    [
                        135.7261758967693,
                        34.914589819164235,
                        10
                    ],
                    [
                        135.7264185528822,
                        34.91481805960546,
                        10
                    ],
                    [
                        135.7266353701656,
                        34.915040533454906,
                        11
                    ],
                    [
                        135.7268719944074,
                        34.91526592206164,
                        12
                    ],
                    [
                        135.7270495330149,
                        34.915499186931136,
                        12
                    ],
                    [
                        135.72734449320177,
                        34.91572694282754,
                        12
                    ],
                    [
                        135.72760589571342,
                        34.9159737146471,
                        13
                    ],
                    [
                        135.72787934120416,
                        34.91612982567608,
                        9
                    ],
                    [
                        135.72803796828237,
                        34.916407148531675,
                        10
                    ],
                    [
                        135.72829734339257,
                        34.916631210673444,
                        11
                    ],
                    [
                        135.72852592472168,
                        34.9168641866301,
                        10
                    ],
                    [
                        135.72880974066467,
                        34.917129168366756,
                        10
                    ],
                    [
                        135.72905502248366,
                        34.91735695480834,
                        12
                    ],
                    [
                        135.72930511404454,
                        34.917592288451495,
                        14
                    ],
                    [
                        135.7295729404517,
                        34.91784565403819,
                        14
                    ],
                    [
                        135.72978948549215,
                        34.91809661795597,
                        13
                    ],
                    [
                        135.73004322697184,
                        34.918297523323275,
                        14
                    ],
                    [
                        135.73029306277365,
                        34.91855303281241,
                        13
                    ],
                    [
                        135.73053773984833,
                        34.91880454381544,
                        13
                    ],
                    [
                        135.7307872563908,
                        34.919031888060026,
                        11
                    ],
                    [
                        135.731035975788,
                        34.91926119689917,
                        13
                    ],
                    [
                        135.73128650053877,
                        34.91949865981386,
                        14
                    ],
                    [
                        135.73153250847622,
                        34.91973847201645,
                        14
                    ],
                    [
                        135.73177359761888,
                        34.919965748261504,
                        13
                    ],
                    [
                        135.7319199295802,
                        34.920015960264045,
                        13
                    ],
                    [
                        135.73211932224356,
                        34.92026760969256,
                        13
                    ],
                    [
                        135.73232569315167,
                        34.92050294276298,
                        14
                    ],
                    [
                        135.73257987022254,
                        34.92073956099865,
                        13
                    ],
                    [
                        135.73283863127168,
                        34.92096419070046,
                        13
                    ],
                    [
                        135.73305743351497,
                        34.92118798321553,
                        14
                    ],
                    [
                        135.73330048695092,
                        34.92143175049213,
                        12
                    ],
                    [
                        135.7335568344627,
                        34.92166781441436,
                        13
                    ],
                    [
                        135.73379558950117,
                        34.92190817877539,
                        14
                    ],
                    [
                        135.73405889439653,
                        34.92213722337705,
                        13
                    ],
                    [
                        135.73430031307828,
                        34.92238970973169,
                        13
                    ],
                    [
                        135.73449257860963,
                        34.922522647516054,
                        14
                    ],
                    [
                        135.73478253626655,
                        34.92277325217994,
                        13
                    ],
                    [
                        135.73499719363804,
                        34.92302262620798,
                        14
                    ],
                    [
                        135.73524440648015,
                        34.923260691814,
                        14
                    ],
                    [
                        135.73547438366467,
                        34.92350949597804,
                        13
                    ],
                    [
                        135.73571544545007,
                        34.92373368190484,
                        12
                    ],
                    [
                        135.73597800488608,
                        34.92397341832269,
                        14
                    ],
                    [
                        135.73619578058242,
                        34.92420916533034,
                        15
                    ],
                    [
                        135.73647088165671,
                        34.924481237987216,
                        14
                    ],
                    [
                        135.7367150395092,
                        34.924716844498334,
                        14
                    ],
                    [
                        135.73696476717384,
                        34.92495973227066,
                        14
                    ],
                    [
                        135.73719934292345,
                        34.92519249336277,
                        14
                    ],
                    [
                        135.73743737578337,
                        34.925414375991444,
                        13
                    ],
                    [
                        135.73764000721812,
                        34.92559749990752,
                        12
                    ],
                    [
                        135.73789431819804,
                        34.92584328536697,
                        13
                    ],
                    [
                        135.73813570971038,
                        34.926078216708866,
                        14
                    ],
                    [
                        135.7383941311292,
                        34.92631954253154,
                        13
                    ],
                    [
                        135.73862244340594,
                        34.926545783421034,
                        11
                    ],
                    [
                        135.73889379908485,
                        34.92679061658513,
                        13
                    ],
                    [
                        135.73914087161535,
                        34.926837226631626,
                        15
                    ],
                    [
                        135.73928228506946,
                        34.92713000351371,
                        15
                    ],
                    [
                        135.739491077609,
                        34.92737392513227,
                        14
                    ],
                    [
                        135.73975616943594,
                        34.92761398878273,
                        14
                    ],
                    [
                        135.739966948435,
                        34.92785371444114,
                        14
                    ],
                    [
                        135.74025444341845,
                        34.928090947749986,
                        16
                    ],
                    [
                        135.74050220896018,
                        34.928329279910194,
                        16
                    ],
                    [
                        135.74075599491033,
                        34.928562333927985,
                        16
                    ],
                    [
                        135.74100086929724,
                        34.92879671190759,
                        13
                    ],
                    [
                        135.74121474826376,
                        34.92903680806551,
                        13
                    ],
                    [
                        135.74147473358394,
                        34.92927214011225,
                        13
                    ],
                    [
                        135.74172172960303,
                        34.92950275296812,
                        14
                    ],
                    [
                        135.7419507532289,
                        34.929722609554425,
                        13
                    ],
                    [
                        135.74218880555668,
                        34.92995871919116,
                        14
                    ],
                    [
                        135.74245206704217,
                        34.930211171858716,
                        15
                    ],
                    [
                        135.74272340618901,
                        34.9304074192584,
                        13
                    ],
                    [
                        135.74299092978956,
                        34.93067343431227,
                        14
                    ],
                    [
                        135.74319435044947,
                        34.930856491699146,
                        15
                    ],
                    [
                        135.7435549002485,
                        34.93088673244392,
                        17
                    ],
                    [
                        135.74393783295943,
                        34.930927906157464,
                        16
                    ],
                    [
                        135.7443231531993,
                        34.93095002126736,
                        16
                    ],
                    [
                        135.74466733152445,
                        34.93097187621209,
                        14
                    ],
                    [
                        135.74484155738966,
                        34.931011412838814,
                        15
                    ],
                    [
                        135.74519944011254,
                        34.93098229000779,
                        16
                    ],
                    [
                        135.7455743581534,
                        34.930998163121636,
                        18
                    ],
                    [
                        135.7459532499643,
                        34.931029058632106,
                        17
                    ],
                    [
                        135.74632532789192,
                        34.931060988509465,
                        14
                    ],
                    [
                        135.74672801975362,
                        34.93106882402277,
                        14
                    ],
                    [
                        135.74712150384408,
                        34.93109170771819,
                        16
                    ],
                    [
                        135.74750305290442,
                        34.931082674825404,
                        15
                    ],
                    [
                        135.74786344086348,
                        34.93109094930287,
                        15
                    ],
                    [
                        135.74827191112885,
                        34.931074802610574,
                        14
                    ],
                    [
                        135.74866875659453,
                        34.93106240768666,
                        14
                    ],
                    [
                        135.7490324628835,
                        34.93102515890864,
                        16
                    ],
                    [
                        135.74941936156088,
                        34.93100029470717,
                        17
                    ],
                    [
                        135.74981199485248,
                        34.93102007837883,
                        15
                    ],
                    [
                        135.7501947232801,
                        34.93103132284468,
                        17
                    ],
                    [
                        135.75057440715574,
                        34.93102761935904,
                        18
                    ],
                    [
                        135.7507965353635,
                        34.9309389841734,
                        16
                    ],
                    [
                        135.75120896492638,
                        34.930874169855635,
                        14
                    ],
                    [
                        135.75146352390877,
                        34.930845341255235,
                        15
                    ],
                    [
                        135.75128248779836,
                        34.93067330382199,
                        15
                    ],
                    [
                        135.75130546032975,
                        34.93090844903706,
                        19
                    ],
                    [
                        135.75179316599085,
                        34.931052330393634,
                        15
                    ],
                    [
                        135.75221923952364,
                        34.93109100449745,
                        17
                    ],
                    [
                        135.75261444155404,
                        34.93109670708366,
                        18
                    ],
                    [
                        135.75299883011587,
                        34.93107414404948,
                        17
                    ],
                    [
                        135.75342218373345,
                        34.9310874556326,
                        18
                    ],
                    [
                        135.7539806936508,
                        34.93111686113688,
                        15
                    ],
                    [
                        135.75446930217328,
                        34.931124781140404,
                        18
                    ],
                    [
                        135.75491009848963,
                        34.93117283572892,
                        19
                    ],
                    [
                        135.75537710596,
                        34.9311619287707,
                        18
                    ],
                    [
                        135.755855599634,
                        34.93118419957333,
                        19
                    ],
                    [
                        135.75623929637447,
                        34.931135498918195,
                        16
                    ],
                    [
                        135.7566794582821,
                        34.931243903314396,
                        19
                    ],
                    [
                        135.75714137168487,
                        34.93123308517398,
                        20
                    ],
                    [
                        135.7576017483433,
                        34.93121165620303,
                        16
                    ],
                    [
                        135.7580923916476,
                        34.93129407276244,
                        17
                    ],
                    [
                        135.7587907937847,
                        34.93129303407903,
                        18
                    ],
                    [
                        135.75924914107188,
                        34.9313362979351,
                        19
                    ],
                    [
                        135.75965842129773,
                        34.931330427584896,
                        21
                    ],
                    [
                        135.76015519991125,
                        34.93135886598002,
                        18
                    ],
                    [
                        135.76062676470914,
                        34.931391250358956,
                        18
                    ],
                    [
                        135.76109582447927,
                        34.93141473683117,
                        17
                    ],
                    [
                        135.76156799645608,
                        34.93140322598804,
                        18
                    ],
                    [
                        135.76187438264853,
                        34.93156242638197,
                        17
                    ],
                    [
                        135.76220884178423,
                        34.93168113584283,
                        19
                    ],
                    [
                        135.76272659440346,
                        34.93168563175244,
                        20
                    ],
                    [
                        135.763156704696,
                        34.93168410177079,
                        19
                    ],
                    [
                        135.7635803736934,
                        34.93169322634964,
                        21
                    ],
                    [
                        135.76398792278468,
                        34.931682825846636,
                        23
                    ],
                    [
                        135.7644531830739,
                        34.93164639433518,
                        23
                    ],
                    [
                        135.7648235207721,
                        34.93176557423226,
                        26
                    ],
                    [
                        135.7648676123194,
                        34.9321464451525,
                        24
                    ],
                    [
                        135.7648923239748,
                        34.93252693414959,
                        23
                    ],
                    [
                        135.76483732422935,
                        34.93287173591131,
                        28
                    ],
                    [
                        135.76512055828232,
                        34.93296890597465,
                        30
                    ],
                    [
                        135.76543722487767,
                        34.93296125056101,
                        30
                    ]
                ]
            }
        }
    ]
}