{
    "type": "FeatureCollection",
    "features": [
        {
            "type": "Feature",
            "properties": {
                "name": "20251206",
                "time": "2025-12-06T00:45:31Z",
                "coordTimes": [
                    "2025-12-06T00:45:31Z",
                    "2025-12-06T00:45:55Z",
                    "2025-12-06T00:46:19Z",
                    "2025-12-06T00:46:45Z",
                    "2025-12-06T00:47:11Z",
                    "2025-12-06T00:47:35Z",
                    "2025-12-06T00:48:39Z",
                    "2025-12-06T00:49:05Z",
                    "2025-12-06T00:49:35Z",
                    "2025-12-06T00:50:00Z",
                    "2025-12-06T00:50:29Z",
                    "2025-12-06T00:51:01Z",
                    "2025-12-06T00:51:56Z",
                    "2025-12-06T00:54:21Z",
                    "2025-12-06T00:55:03Z",
                    "2025-12-06T00:55:32Z",
                    "2025-12-06T00:56:02Z",
                    "2025-12-06T00:56:29Z",
                    "2025-12-06T00:56:56Z",
                    "2025-12-06T00:57:24Z",
                    "2025-12-06T00:57:51Z",
                    "2025-12-06T00:58:19Z",
                    "2025-12-06T00:58:47Z",
                    "2025-12-06T00:59:13Z",
                    "2025-12-06T00:59:39Z",
                    "2025-12-06T01:00:06Z",
                    "2025-12-06T01:00:31Z",
                    "2025-12-06T01:00:51Z",
                    "2025-12-06T01:01:18Z",
                    "2025-12-06T01:01:53Z",
                    "2025-12-06T01:02:11Z",
                    "2025-12-06T01:02:37Z",
                    "2025-12-06T01:03:04Z",
                    "2025-12-06T01:03:29Z",
                    "2025-12-06T01:03:55Z",
                    "2025-12-06T01:04:21Z",
                    "2025-12-06T01:04:47Z",
                    "2025-12-06T01:05:14Z",
                    "2025-12-06T01:05:40Z",
                    "2025-12-06T01:06:06Z",
                    "2025-12-06T01:06:34Z",
                    "2025-12-06T01:07:01Z",
                    "2025-12-06T01:07:27Z",
                    "2025-12-06T01:07:54Z",
                    "2025-12-06T01:08:21Z",
                    "2025-12-06T01:08:43Z",
                    "2025-12-06T01:09:06Z",
                    "2025-12-06T01:09:33Z",
                    "2025-12-06T01:10:01Z",
                    "2025-12-06T01:10:29Z",
                    "2025-12-06T01:10:54Z",
                    "2025-12-06T01:11:20Z",
                    "2025-12-06T01:11:44Z",
                    "2025-12-06T01:12:09Z",
                    "2025-12-06T01:12:34Z",
                    "2025-12-06T01:12:59Z",
                    "2025-12-06T01:13:24Z",
                    "2025-12-06T01:13:52Z",
                    "2025-12-06T01:14:20Z",
                    "2025-12-06T01:14:47Z",
                    "2025-12-06T01:15:11Z",
                    "2025-12-06T01:15:37Z",
                    "2025-12-06T01:16:03Z",
                    "2025-12-06T01:16:30Z",
                    "2025-12-06T01:16:56Z",
                    "2025-12-06T01:17:24Z",
                    "2025-12-06T01:17:49Z",
                    "2025-12-06T01:18:16Z",
                    "2025-12-06T01:18:48Z",
                    "2025-12-06T01:21:52Z",
                    "2025-12-06T01:22:19Z",
                    "2025-12-06T01:22:46Z",
                    "2025-12-06T01:23:13Z",
                    "2025-12-06T01:23:38Z",
                    "2025-12-06T01:24:08Z",
                    "2025-12-06T01:24:34Z",
                    "2025-12-06T01:25:03Z",
                    "2025-12-06T01:25:30Z",
                    "2025-12-06T01:25:57Z",
                    "2025-12-06T01:26:23Z",
                    "2025-12-06T01:26:54Z",
                    "2025-12-06T01:27:28Z",
                    "2025-12-06T01:28:17Z",
                    "2025-12-06T01:29:04Z",
                    "2025-12-06T01:29:38Z",
                    "2025-12-06T01:30:11Z",
                    "2025-12-06T01:30:40Z",
                    "2025-12-06T01:31:09Z",
                    "2025-12-06T01:31:44Z",
                    "2025-12-06T01:32:14Z",
                    "2025-12-06T01:32:46Z",
                    "2025-12-06T01:33:16Z",
                    "2025-12-06T01:33:50Z",
                    "2025-12-06T01:34:23Z",
                    "2025-12-06T01:34:57Z",
                    "2025-12-06T01:35:30Z",
                    "2025-12-06T01:36:03Z",
                    "2025-12-06T01:37:04Z",
                    "2025-12-06T01:37:30Z",
                    "2025-12-06T01:37:57Z",
                    "2025-12-06T01:38:27Z",
                    "2025-12-06T01:39:20Z",
                    "2025-12-06T01:40:05Z",
                    "2025-12-06T01:40:32Z",
                    "2025-12-06T01:40:58Z",
                    "2025-12-06T01:41:26Z",
                    "2025-12-06T01:41:56Z",
                    "2025-12-06T01:43:01Z",
                    "2025-12-06T01:43:29Z",
                    "2025-12-06T01:43:55Z",
                    "2025-12-06T01:44:20Z",
                    "2025-12-06T01:44:46Z",
                    "2025-12-06T01:45:33Z",
                    "2025-12-06T01:45:59Z",
                    "2025-12-06T01:46:27Z",
                    "2025-12-06T01:46:53Z",
                    "2025-12-06T01:47:20Z",
                    "2025-12-06T01:47:51Z",
                    "2025-12-06T01:48:19Z",
                    "2025-12-06T01:48:42Z",
                    "2025-12-06T01:49:18Z",
                    "2025-12-06T01:49:44Z",
                    "2025-12-06T01:50:14Z",
                    "2025-12-06T01:50:58Z",
                    "2025-12-06T01:51:28Z",
                    "2025-12-06T01:51:56Z",
                    "2025-12-06T01:52:29Z",
                    "2025-12-06T01:53:30Z",
                    "2025-12-06T01:54:07Z",
                    "2025-12-06T01:54:43Z",
                    "2025-12-06T01:55:38Z",
                    "2025-12-06T01:56:22Z",
                    "2025-12-06T01:57:14Z",
                    "2025-12-06T01:57:50Z",
                    "2025-12-06T01:58:40Z",
                    "2025-12-06T01:59:16Z",
                    "2025-12-06T01:59:57Z",
                    "2025-12-06T02:00:49Z",
                    "2025-12-06T02:02:08Z",
                    "2025-12-06T02:02:36Z",
                    "2025-12-06T02:03:17Z",
                    "2025-12-06T02:03:58Z",
                    "2025-12-06T02:04:28Z",
                    "2025-12-06T02:04:58Z",
                    "2025-12-06T02:05:27Z",
                    "2025-12-06T02:06:09Z",
                    "2025-12-06T02:06:41Z",
                    "2025-12-06T02:07:16Z",
                    "2025-12-06T02:07:44Z",
                    "2025-12-06T02:08:16Z",
                    "2025-12-06T02:08:44Z",
                    "2025-12-06T02:09:11Z",
                    "2025-12-06T02:09:38Z",
                    "2025-12-06T02:10:11Z",
                    "2025-12-06T02:10:50Z",
                    "2025-12-06T02:11:26Z",
                    "2025-12-06T02:12:03Z",
                    "2025-12-06T02:12:32Z",
                    "2025-12-06T02:13:01Z",
                    "2025-12-06T02:13:29Z",
                    "2025-12-06T02:14:16Z",
                    "2025-12-06T02:14:49Z",
                    "2025-12-06T02:15:21Z",
                    "2025-12-06T02:16:31Z",
                    "2025-12-06T02:17:06Z",
                    "2025-12-06T02:17:41Z",
                    "2025-12-06T02:18:07Z",
                    "2025-12-06T02:18:43Z",
                    "2025-12-06T02:19:17Z",
                    "2025-12-06T02:19:45Z",
                    "2025-12-06T02:20:17Z",
                    "2025-12-06T02:20:50Z",
                    "2025-12-06T02:21:21Z",
                    "2025-12-06T02:21:49Z",
                    "2025-12-06T02:22:16Z",
                    "2025-12-06T02:22:51Z",
                    "2025-12-06T02:23:17Z",
                    "2025-12-06T02:23:59Z",
                    "2025-12-06T02:24:29Z",
                    "2025-12-06T02:25:00Z",
                    "2025-12-06T02:25:28Z",
                    "2025-12-06T02:26:03Z",
                    "2025-12-06T02:26:59Z",
                    "2025-12-06T02:27:26Z",
                    "2025-12-06T02:27:55Z",
                    "2025-12-06T02:28:23Z",
                    "2025-12-06T02:28:50Z",
                    "2025-12-06T02:29:16Z",
                    "2025-12-06T02:29:48Z",
                    "2025-12-06T02:30:35Z",
                    "2025-12-06T02:31:19Z",
                    "2025-12-06T02:31:54Z",
                    "2025-12-06T02:32:24Z",
                    "2025-12-06T02:32:56Z",
                    "2025-12-06T02:33:28Z",
                    "2025-12-06T02:33:57Z",
                    "2025-12-06T02:34:32Z",
                    "2025-12-06T02:34:58Z",
                    "2025-12-06T02:35:31Z",
                    "2025-12-06T02:36:02Z",
                    "2025-12-06T02:36:33Z",
                    "2025-12-06T02:37:09Z",
                    "2025-12-06T02:37:43Z",
                    "2025-12-06T02:38:10Z",
                    "2025-12-06T02:38:39Z",
                    "2025-12-06T02:39:08Z",
                    "2025-12-06T02:39:41Z",
                    "2025-12-06T02:40:13Z",
                    "2025-12-06T02:40:39Z",
                    "2025-12-06T02:41:09Z",
                    "2025-12-06T02:42:00Z",
                    "2025-12-06T02:42:28Z",
                    "2025-12-06T02:42:55Z",
                    "2025-12-06T02:43:20Z",
                    "2025-12-06T02:43:47Z",
                    "2025-12-06T02:44:15Z",
                    "2025-12-06T02:44:40Z",
                    "2025-12-06T02:45:07Z",
                    "2025-12-06T02:45:34Z",
                    "2025-12-06T02:46:00Z",
                    "2025-12-06T02:46:35Z",
                    "2025-12-06T02:47:03Z",
                    "2025-12-06T02:47:38Z",
                    "2025-12-06T02:55:21Z",
                    "2025-12-06T02:56:31Z",
                    "2025-12-06T02:56:57Z",
                    "2025-12-06T02:57:25Z",
                    "2025-12-06T02:57:58Z",
                    "2025-12-06T02:58:25Z",
                    "2025-12-06T02:58:56Z",
                    "2025-12-06T02:59:22Z",
                    "2025-12-06T02:59:48Z",
                    "2025-12-06T03:00:14Z",
                    "2025-12-06T03:00:41Z",
                    "2025-12-06T03:01:08Z",
                    "2025-12-06T03:01:38Z",
                    "2025-12-06T03:02:25Z",
                    "2025-12-06T03:02:58Z",
                    "2025-12-06T03:03:44Z",
                    "2025-12-06T03:04:11Z",
                    "2025-12-06T03:04:45Z",
                    "2025-12-06T03:05:14Z",
                    "2025-12-06T03:05:43Z",
                    "2025-12-06T03:06:17Z",
                    "2025-12-06T03:06:46Z",
                    "2025-12-06T03:07:31Z",
                    "2025-12-06T03:08:03Z",
                    "2025-12-06T03:08:33Z",
                    "2025-12-06T03:09:06Z",
                    "2025-12-06T03:09:40Z",
                    "2025-12-06T03:10:17Z",
                    "2025-12-06T03:10:52Z",
                    "2025-12-06T03:12:00Z",
                    "2025-12-06T03:12:34Z",
                    "2025-12-06T03:13:04Z",
                    "2025-12-06T03:13:31Z",
                    "2025-12-06T03:13:56Z",
                    "2025-12-06T03:14:21Z",
                    "2025-12-06T03:14:47Z",
                    "2025-12-06T03:15:12Z",
                    "2025-12-06T03:15:37Z",
                    "2025-12-06T03:16:02Z",
                    "2025-12-06T03:16:27Z",
                    "2025-12-06T03:16:54Z",
                    "2025-12-06T03:17:21Z",
                    "2025-12-06T03:17:45Z",
                    "2025-12-06T03:18:11Z",
                    "2025-12-06T03:18:38Z",
                    "2025-12-06T03:19:03Z",
                    "2025-12-06T03:19:29Z",
                    "2025-12-06T03:19:52Z",
                    "2025-12-06T03:20:16Z",
                    "2025-12-06T03:20:40Z",
                    "2025-12-06T03:21:03Z",
                    "2025-12-06T03:21:27Z",
                    "2025-12-06T03:21:54Z",
                    "2025-12-06T03:22:21Z",
                    "2025-12-06T03:23:01Z",
                    "2025-12-06T03:23:40Z",
                    "2025-12-06T03:24:12Z",
                    "2025-12-06T03:25:13Z",
                    "2025-12-06T03:25:42Z",
                    "2025-12-06T03:26:13Z",
                    "2025-12-06T03:26:53Z",
                    "2025-12-06T03:27:22Z",
                    "2025-12-06T03:27:50Z",
                    "2025-12-06T03:28:27Z",
                    "2025-12-06T03:29:53Z",
                    "2025-12-06T03:30:20Z",
                    "2025-12-06T03:30:53Z",
                    "2025-12-06T03:31:19Z",
                    "2025-12-06T03:31:47Z",
                    "2025-12-06T03:33:24Z",
                    "2025-12-06T03:34:15Z",
                    "2025-12-06T03:34:45Z",
                    "2025-12-06T03:35:11Z",
                    "2025-12-06T03:35:53Z",
                    "2025-12-06T03:36:40Z",
                    "2025-12-06T03:37:16Z",
                    "2025-12-06T03:37:50Z",
                    "2025-12-06T03:38:24Z",
                    "2025-12-06T03:38:57Z",
                    "2025-12-06T03:39:30Z",
                    "2025-12-06T03:40:46Z",
                    "2025-12-06T03:41:41Z",
                    "2025-12-06T03:42:42Z",
                    "2025-12-06T03:43:44Z",
                    "2025-12-06T03:44:14Z",
                    "2025-12-06T03:44:42Z",
                    "2025-12-06T03:45:14Z",
                    "2025-12-06T03:45:41Z",
                    "2025-12-06T03:46:07Z",
                    "2025-12-06T03:46:44Z",
                    "2025-12-06T03:47:37Z",
                    "2025-12-06T03:48:14Z",
                    "2025-12-06T03:48:48Z",
                    "2025-12-06T03:49:15Z",
                    "2025-12-06T03:49:44Z",
                    "2025-12-06T03:50:17Z",
                    "2025-12-06T03:50:57Z",
                    "2025-12-06T03:51:25Z",
                    "2025-12-06T03:51:57Z",
                    "2025-12-06T03:52:31Z",
                    "2025-12-06T03:53:00Z",
                    "2025-12-06T03:53:38Z",
                    "2025-12-06T03:54:20Z",
                    "2025-12-06T03:54:48Z",
                    "2025-12-06T03:55:41Z",
                    "2025-12-06T03:57:01Z",
                    "2025-12-06T03:58:08Z",
                    "2025-12-06T03:58:38Z",
                    "2025-12-06T03:59:04Z",
                    "2025-12-06T03:59:38Z",
                    "2025-12-06T04:00:08Z",
                    "2025-12-06T04:00:44Z",
                    "2025-12-06T04:01:11Z",
                    "2025-12-06T04:01:35Z",
                    "2025-12-06T04:02:07Z",
                    "2025-12-06T04:02:39Z",
                    "2025-12-06T04:03:15Z",
                    "2025-12-06T04:04:00Z",
                    "2025-12-06T04:04:40Z",
                    "2025-12-06T04:05:37Z",
                    "2025-12-06T04:06:09Z",
                    "2025-12-06T04:06:50Z",
                    "2025-12-06T04:07:36Z",
                    "2025-12-06T04:08:14Z",
                    "2025-12-06T04:08:45Z",
                    "2025-12-06T04:09:23Z",
                    "2025-12-06T04:10:06Z",
                    "2025-12-06T04:11:11Z",
                    "2025-12-06T04:11:40Z",
                    "2025-12-06T04:12:22Z",
                    "2025-12-06T04:12:53Z",
                    "2025-12-06T04:13:29Z",
                    "2025-12-06T04:13:59Z",
                    "2025-12-06T04:14:35Z",
                    "2025-12-06T04:15:05Z",
                    "2025-12-06T04:15:38Z",
                    "2025-12-06T04:16:16Z",
                    "2025-12-06T04:16:50Z",
                    "2025-12-06T04:17:45Z",
                    "2025-12-06T04:18:14Z",
                    "2025-12-06T04:18:48Z",
                    "2025-12-06T04:19:33Z",
                    "2025-12-06T04:20:12Z",
                    "2025-12-06T04:20:52Z",
                    "2025-12-06T04:21:33Z",
                    "2025-12-06T04:22:26Z",
                    "2025-12-06T04:23:04Z",
                    "2025-12-06T04:23:46Z",
                    "2025-12-06T04:24:38Z",
                    "2025-12-06T04:25:17Z",
                    "2025-12-06T04:25:54Z",
                    "2025-12-06T04:26:24Z",
                    "2025-12-06T04:26:55Z",
                    "2025-12-06T04:27:25Z",
                    "2025-12-06T04:27:59Z",
                    "2025-12-06T04:28:38Z",
                    "2025-12-06T04:29:06Z",
                    "2025-12-06T04:30:11Z",
                    "2025-12-06T04:31:01Z",
                    "2025-12-06T04:31:56Z",
                    "2025-12-06T04:32:31Z",
                    "2025-12-06T04:33:04Z",
                    "2025-12-06T04:33:45Z",
                    "2025-12-06T04:34:23Z",
                    "2025-12-06T04:34:52Z",
                    "2025-12-06T04:35:26Z",
                    "2025-12-06T04:35:57Z",
                    "2025-12-06T04:36:26Z",
                    "2025-12-06T04:36:54Z",
                    "2025-12-06T04:37:23Z",
                    "2025-12-06T04:38:01Z",
                    "2025-12-06T04:38:32Z",
                    "2025-12-06T04:39:10Z",
                    "2025-12-06T04:40:54Z",
                    "2025-12-06T04:41:23Z",
                    "2025-12-06T04:42:03Z",
                    "2025-12-06T04:42:52Z",
                    "2025-12-06T04:43:29Z",
                    "2025-12-06T04:43:57Z",
                    "2025-12-06T04:44:35Z",
                    "2025-12-06T04:45:02Z",
                    "2025-12-06T04:45:57Z",
                    "2025-12-06T04:46:49Z",
                    "2025-12-06T04:47:31Z",
                    "2025-12-06T04:47:58Z",
                    "2025-12-06T04:48:26Z",
                    "2025-12-06T04:49:18Z",
                    "2025-12-06T04:49:48Z",
                    "2025-12-06T04:50:37Z",
                    "2025-12-06T04:51:05Z",
                    "2025-12-06T04:51:35Z",
                    "2025-12-06T04:52:12Z",
                    "2025-12-06T04:52:53Z",
                    "2025-12-06T04:54:19Z",
                    "2025-12-06T04:54:45Z",
                    "2025-12-06T04:55:12Z",
                    "2025-12-06T04:55:38Z",
                    "2025-12-06T04:56:04Z",
                    "2025-12-06T04:56:32Z",
                    "2025-12-06T04:57:01Z",
                    "2025-12-06T04:57:51Z",
                    "2025-12-06T04:58:19Z",
                    "2025-12-06T04:58:46Z",
                    "2025-12-06T04:59:33Z",
                    "2025-12-06T05:00:04Z",
                    "2025-12-06T05:00:37Z",
                    "2025-12-06T05:01:13Z",
                    "2025-12-06T05:01:46Z",
                    "2025-12-06T05:02:15Z",
                    "2025-12-06T05:02:42Z",
                    "2025-12-06T05:03:21Z",
                    "2025-12-06T05:03:56Z",
                    "2025-12-06T05:04:30Z",
                    "2025-12-06T05:05:03Z",
                    "2025-12-06T05:05:31Z",
                    "2025-12-06T05:06:12Z",
                    "2025-12-06T05:07:17Z",
                    "2025-12-06T05:07:55Z",
                    "2025-12-06T05:08:28Z",
                    "2025-12-06T05:09:13Z",
                    "2025-12-06T05:09:49Z",
                    "2025-12-06T05:10:25Z",
                    "2025-12-06T05:10:53Z",
                    "2025-12-06T05:11:39Z",
                    "2025-12-06T05:12:25Z",
                    "2025-12-06T05:12:56Z",
                    "2025-12-06T05:13:33Z",
                    "2025-12-06T05:14:11Z",
                    "2025-12-06T05:14:36Z",
                    "2025-12-06T05:15:30Z",
                    "2025-12-06T05:16:04Z",
                    "2025-12-06T05:16:38Z",
                    "2025-12-06T05:17:17Z",
                    "2025-12-06T05:17:48Z",
                    "2025-12-06T05:18:53Z",
                    "2025-12-06T05:19:37Z",
                    "2025-12-06T05:20:49Z",
                    "2025-12-06T05:21:31Z",
                    "2025-12-06T05:21:58Z",
                    "2025-12-06T05:22:35Z",
                    "2025-12-06T05:23:08Z",
                    "2025-12-06T05:26:04Z",
                    "2025-12-06T05:26:33Z",
                    "2025-12-06T05:27:02Z",
                    "2025-12-06T05:27:28Z",
                    "2025-12-06T05:27:57Z",
                    "2025-12-06T05:28:27Z",
                    "2025-12-06T05:28:55Z",
                    "2025-12-06T05:29:29Z",
                    "2025-12-06T05:29:57Z",
                    "2025-12-06T05:30:23Z",
                    "2025-12-06T05:30:49Z",
                    "2025-12-06T05:31:20Z",
                    "2025-12-06T05:31:49Z",
                    "2025-12-06T05:32:38Z",
                    "2025-12-06T05:38:58Z",
                    "2025-12-06T05:39:26Z",
                    "2025-12-06T05:39:57Z",
                    "2025-12-06T05:40:34Z",
                    "2025-12-06T05:41:44Z",
                    "2025-12-06T05:42:30Z",
                    "2025-12-06T05:43:27Z",
                    "2025-12-06T05:43:54Z",
                    "2025-12-06T05:44:26Z",
                    "2025-12-06T05:45:24Z",
                    "2025-12-06T05:45:56Z",
                    "2025-12-06T05:46:34Z",
                    "2025-12-06T05:47:06Z",
                    "2025-12-06T05:47:47Z",
                    "2025-12-06T05:48:16Z",
                    "2025-12-06T05:49:08Z",
                    "2025-12-06T05:49:36Z",
                    "2025-12-06T05:50:04Z",
                    "2025-12-06T05:50:29Z",
                    "2025-12-06T05:50:58Z",
                    "2025-12-06T05:51:25Z",
                    "2025-12-06T05:51:53Z",
                    "2025-12-06T05:52:24Z",
                    "2025-12-06T05:52:52Z",
                    "2025-12-06T05:53:20Z",
                    "2025-12-06T05:53:48Z",
                    "2025-12-06T05:54:23Z",
                    "2025-12-06T05:54:49Z",
                    "2025-12-06T05:55:17Z",
                    "2025-12-06T05:55:49Z",
                    "2025-12-06T05:56:23Z",
                    "2025-12-06T05:56:59Z",
                    "2025-12-06T05:57:31Z",
                    "2025-12-06T05:58:09Z",
                    "2025-12-06T05:58:47Z",
                    "2025-12-06T05:59:27Z",
                    "2025-12-06T05:59:59Z",
                    "2025-12-06T06:00:52Z",
                    "2025-12-06T06:01:41Z",
                    "2025-12-06T06:04:43Z",
                    "2025-12-06T06:05:25Z",
                    "2025-12-06T06:06:16Z",
                    "2025-12-06T06:06:53Z",
                    "2025-12-06T06:07:38Z",
                    "2025-12-06T06:08:23Z",
                    "2025-12-06T06:09:50Z",
                    "2025-12-06T06:10:19Z",
                    "2025-12-06T06:10:55Z",
                    "2025-12-06T06:11:31Z",
                    "2025-12-06T06:12:08Z",
                    "2025-12-06T06:12:35Z",
                    "2025-12-06T06:13:06Z",
                    "2025-12-06T06:13:37Z",
                    "2025-12-06T06:14:10Z",
                    "2025-12-06T06:14:55Z",
                    "2025-12-06T06:15:30Z",
                    "2025-12-06T06:16:18Z",
                    "2025-12-06T06:17:31Z",
                    "2025-12-06T06:18:06Z",
                    "2025-12-06T06:18:41Z",
                    "2025-12-06T06:19:23Z",
                    "2025-12-06T06:20:00Z",
                    "2025-12-06T06:20:28Z",
                    "2025-12-06T06:20:57Z",
                    "2025-12-06T06:21:28Z",
                    "2025-12-06T06:21:57Z",
                    "2025-12-06T06:22:24Z",
                    "2025-12-06T06:22:51Z",
                    "2025-12-06T06:23:17Z",
                    "2025-12-06T06:23:40Z",
                    "2025-12-06T06:24:05Z",
                    "2025-12-06T06:24:32Z",
                    "2025-12-06T06:24:57Z",
                    "2025-12-06T06:25:22Z",
                    "2025-12-06T06:25:46Z",
                    "2025-12-06T06:26:10Z",
                    "2025-12-06T06:26:34Z",
                    "2025-12-06T06:27:01Z",
                    "2025-12-06T06:27:25Z",
                    "2025-12-06T06:27:53Z",
                    "2025-12-06T06:28:23Z",
                    "2025-12-06T06:29:08Z",
                    "2025-12-06T06:29:56Z",
                    "2025-12-06T06:30:35Z",
                    "2025-12-06T06:31:08Z",
                    "2025-12-06T06:31:35Z",
                    "2025-12-06T06:32:02Z",
                    "2025-12-06T06:32:28Z",
                    "2025-12-06T06:32:54Z",
                    "2025-12-06T06:33:19Z",
                    "2025-12-06T06:33:45Z",
                    "2025-12-06T06:34:10Z",
                    "2025-12-06T06:34:39Z",
                    "2025-12-06T06:35:07Z",
                    "2025-12-06T06:35:33Z",
                    "2025-12-06T06:35:59Z",
                    "2025-12-06T06:36:26Z",
                    "2025-12-06T06:36:50Z",
                    "2025-12-06T06:37:14Z",
                    "2025-12-06T06:37:39Z",
                    "2025-12-06T06:38:04Z",
                    "2025-12-06T06:38:28Z",
                    "2025-12-06T06:38:53Z",
                    "2025-12-06T06:39:22Z",
                    "2025-12-06T06:39:50Z",
                    "2025-12-06T06:40:12Z",
                    "2025-12-06T06:40:37Z",
                    "2025-12-06T06:41:00Z",
                    "2025-12-06T06:41:24Z",
                    "2025-12-06T06:41:51Z",
                    "2025-12-06T06:42:16Z",
                    "2025-12-06T06:42:42Z",
                    "2025-12-06T06:43:15Z",
                    "2025-12-06T06:43:42Z",
                    "2025-12-06T06:44:08Z",
                    "2025-12-06T06:44:34Z",
                    "2025-12-06T06:45:06Z",
                    "2025-12-06T06:45:47Z",
                    "2025-12-06T06:46:09Z",
                    "2025-12-06T06:46:37Z",
                    "2025-12-06T06:47:04Z",
                    "2025-12-06T06:47:32Z",
                    "2025-12-06T06:47:58Z",
                    "2025-12-06T06:48:47Z",
                    "2025-12-06T06:49:09Z",
                    "2025-12-06T06:49:41Z",
                    "2025-12-06T06:50:08Z",
                    "2025-12-06T06:50:32Z",
                    "2025-12-06T06:50:58Z",
                    "2025-12-06T06:51:26Z",
                    "2025-12-06T06:51:53Z",
                    "2025-12-06T06:52:20Z",
                    "2025-12-06T06:52:49Z",
                    "2025-12-06T06:53:16Z",
                    "2025-12-06T06:53:58Z",
                    "2025-12-06T06:54:20Z",
                    "2025-12-06T06:54:47Z",
                    "2025-12-06T06:55:14Z",
                    "2025-12-06T06:55:42Z",
                    "2025-12-06T06:56:08Z",
                    "2025-12-06T06:56:32Z",
                    "2025-12-06T06:56:56Z",
                    "2025-12-06T06:57:20Z",
                    "2025-12-06T06:57:47Z",
                    "2025-12-06T06:58:14Z",
                    "2025-12-06T06:58:40Z",
                    "2025-12-06T06:59:05Z",
                    "2025-12-06T06:59:34Z",
                    "2025-12-06T07:00:00Z",
                    "2025-12-06T07:00:25Z",
                    "2025-12-06T07:00:50Z",
                    "2025-12-06T07:01:14Z",
                    "2025-12-06T07:01:41Z",
                    "2025-12-06T07:02:08Z",
                    "2025-12-06T07:02:35Z",
                    "2025-12-06T07:03:03Z",
                    "2025-12-06T07:04:03Z",
                    "2025-12-06T07:04:37Z",
                    "2025-12-06T07:05:08Z",
                    "2025-12-06T07:05:38Z",
                    "2025-12-06T07:06:06Z",
                    "2025-12-06T07:06:34Z",
                    "2025-12-06T07:07:04Z",
                    "2025-12-06T07:07:30Z",
                    "2025-12-06T07:07:57Z",
                    "2025-12-06T07:08:26Z",
                    "2025-12-06T07:08:56Z",
                    "2025-12-06T07:09:22Z",
                    "2025-12-06T07:09:47Z",
                    "2025-12-06T07:10:16Z",
                    "2025-12-06T07:10:34Z"
                ]
            },
            "geometry": {
                "type": "LineString",
                "coordinates": [
                    [
                        138.8427477742495,
                        34.605114113269444,
                        62
                    ],
                    [
                        138.84285361825388,
                        34.60477466618723,
                        52
                    ],
                    [
                        138.8429251433756,
                        34.604399955647565,
                        52
                    ],
                    [
                        138.84301608210882,
                        34.60397980294745,
                        50
                    ],
                    [
                        138.84338028082075,
                        34.60372211036857,
                        48
                    ],
                    [
                        138.84376183934043,
                        34.60366014663054,
                        50
                    ],
                    [
                        138.8440778668874,
                        34.60334350078471,
                        50
                    ],
                    [
                        138.84436306705544,
                        34.603087086573,
                        55
                    ],
                    [
                        138.84483636772802,
                        34.60285250441579,
                        47
                    ],
                    [
                        138.84523845169875,
                        34.60257699254673,
                        39
                    ],
                    [
                        138.8454087125671,
                        34.60240478083034,
                        37
                    ],
                    [
                        138.84568672847848,
                        34.602196501263585,
                        30
                    ],
                    [
                        138.84592716509283,
                        34.602055723698626,
                        20
                    ],
                    [
                        138.84573906731612,
                        34.602230227805556,
                        25
                    ],
                    [
                        138.84550240956122,
                        34.60232670014263,
                        28
                    ],
                    [
                        138.8452777589426,
                        34.602509952149965,
                        34
                    ],
                    [
                        138.84499480798354,
                        34.60275639312085,
                        40
                    ],
                    [
                        138.844622180774,
                        34.60293753485139,
                        43
                    ],
                    [
                        138.8442980014761,
                        34.60315033865001,
                        51
                    ],
                    [
                        138.8440614226241,
                        34.60339874367693,
                        46
                    ],
                    [
                        138.84368839946666,
                        34.60359409609521,
                        50
                    ],
                    [
                        138.84333434535657,
                        34.60374791607786,
                        52
                    ],
                    [
                        138.843040276416,
                        34.603962622811096,
                        48
                    ],
                    [
                        138.84296612925806,
                        34.60428019669425,
                        51
                    ],
                    [
                        138.84286763622023,
                        34.60459560883931,
                        48
                    ],
                    [
                        138.84280102248678,
                        34.604726923379594,
                        51
                    ],
                    [
                        138.8428094673398,
                        34.604898210170205,
                        54
                    ],
                    [
                        138.84297471427593,
                        34.60512429942222,
                        53
                    ],
                    [
                        138.84332534469095,
                        34.60522180984942,
                        52
                    ],
                    [
                        138.8434564899192,
                        34.60555674972579,
                        52
                    ],
                    [
                        138.8433314475916,
                        34.60587710638962,
                        52
                    ],
                    [
                        138.8429393907719,
                        34.60598634754579,
                        56
                    ],
                    [
                        138.8425874633363,
                        34.60615107299874,
                        60
                    ],
                    [
                        138.84246234133306,
                        34.60646869061279,
                        56
                    ],
                    [
                        138.84232663490468,
                        34.60680744223555,
                        59
                    ],
                    [
                        138.84200298724977,
                        34.607011791507404,
                        67
                    ],
                    [
                        138.84164042772179,
                        34.60718644356268,
                        69
                    ],
                    [
                        138.84128008666926,
                        34.60737414612478,
                        70
                    ],
                    [
                        138.8409055053986,
                        34.607508441706045,
                        74
                    ],
                    [
                        138.84048744328751,
                        34.6075656655198,
                        78
                    ],
                    [
                        138.8402056713844,
                        34.60785302812944,
                        77
                    ],
                    [
                        138.84015224976227,
                        34.608192881699026,
                        79
                    ],
                    [
                        138.83999037297005,
                        34.60848582359696,
                        80
                    ],
                    [
                        138.83974564069675,
                        34.60878169945671,
                        78
                    ],
                    [
                        138.8394891810267,
                        34.60909522713826,
                        79
                    ],
                    [
                        138.8390278377185,
                        34.60938781237475,
                        76
                    ],
                    [
                        138.83860297644074,
                        34.609473254531956,
                        73
                    ],
                    [
                        138.8384254755205,
                        34.609804796891815,
                        74
                    ],
                    [
                        138.83853344689626,
                        34.61008782505374,
                        72
                    ],
                    [
                        138.8384375873666,
                        34.610427182936704,
                        75
                    ],
                    [
                        138.83824229445102,
                        34.610726314359304,
                        76
                    ],
                    [
                        138.83779123804095,
                        34.610993366482624,
                        75
                    ],
                    [
                        138.83731986031154,
                        34.61100381125877,
                        78
                    ],
                    [
                        138.83675271450653,
                        34.61100239147092,
                        72
                    ],
                    [
                        138.83631372715885,
                        34.61105830090506,
                        68
                    ],
                    [
                        138.83590346707825,
                        34.6110528158434,
                        73
                    ],
                    [
                        138.83559101939466,
                        34.61079964700167,
                        76
                    ],
                    [
                        138.83522933552902,
                        34.610588117707366,
                        79
                    ],
                    [
                        138.83480346451458,
                        34.61054048887283,
                        79
                    ],
                    [
                        138.83446633475828,
                        34.61071076608348,
                        77
                    ],
                    [
                        138.83413191149506,
                        34.61089977788585,
                        80
                    ],
                    [
                        138.8337881925621,
                        34.61111569378158,
                        87
                    ],
                    [
                        138.83336083765252,
                        34.61113717299901,
                        95
                    ],
                    [
                        138.8331289130054,
                        34.61079590770082,
                        94
                    ],
                    [
                        138.83299227621131,
                        34.610511057007294,
                        101
                    ],
                    [
                        138.83263116587938,
                        34.61037864589577,
                        102
                    ],
                    [
                        138.83219225272683,
                        34.61034174723231,
                        104
                    ],
                    [
                        138.8318005340633,
                        34.610285924240586,
                        101
                    ],
                    [
                        138.8314233253882,
                        34.610245603257944,
                        98
                    ],
                    [
                        138.83101008640534,
                        34.61031295917549,
                        100
                    ],
                    [
                        138.83060863697554,
                        34.610334975260535,
                        101
                    ],
                    [
                        138.83024480441296,
                        34.61041985511157,
                        106
                    ],
                    [
                        138.82983085838634,
                        34.61054663463031,
                        109
                    ],
                    [
                        138.8294955674715,
                        34.61075105913857,
                        108
                    ],
                    [
                        138.82913373287892,
                        34.61095468431579,
                        113
                    ],
                    [
                        138.8289207513122,
                        34.611147178728416,
                        119
                    ],
                    [
                        138.82897460848076,
                        34.61133183779296,
                        122
                    ],
                    [
                        138.82900781212203,
                        34.61159223599163,
                        123
                    ],
                    [
                        138.82886499056508,
                        34.61188567036058,
                        125
                    ],
                    [
                        138.82872799810823,
                        34.61215419469588,
                        130
                    ],
                    [
                        138.8284593897472,
                        34.61241621860185,
                        135
                    ],
                    [
                        138.82847508816954,
                        34.612571107560036,
                        130
                    ],
                    [
                        138.8284157977504,
                        34.61274008951685,
                        120
                    ],
                    [
                        138.828284485301,
                        34.612902547141786,
                        115
                    ],
                    [
                        138.82851420818332,
                        34.61303472079152,
                        110
                    ],
                    [
                        138.82869950168583,
                        34.613251308212966,
                        110
                    ],
                    [
                        138.8286239916936,
                        34.613484964101744,
                        107
                    ],
                    [
                        138.82872094627243,
                        34.61376154682905,
                        110
                    ],
                    [
                        138.82863222021615,
                        34.61396018056442,
                        108
                    ],
                    [
                        138.82854412741136,
                        34.61412153390482,
                        103
                    ],
                    [
                        138.82836154865782,
                        34.614299632840456,
                        99
                    ],
                    [
                        138.82811461475188,
                        34.61449584422403,
                        91
                    ],
                    [
                        138.8278478585727,
                        34.61467991233205,
                        86
                    ],
                    [
                        138.82756777835488,
                        34.61468416493166,
                        74
                    ],
                    [
                        138.82730298730098,
                        34.61455500446353,
                        68
                    ],
                    [
                        138.8271841329807,
                        34.614293437511584,
                        68
                    ],
                    [
                        138.82710793490944,
                        34.614060211861585,
                        60
                    ],
                    [
                        138.8270198572918,
                        34.6143107449125,
                        58
                    ],
                    [
                        138.8271746163022,
                        34.614633290751385,
                        58
                    ],
                    [
                        138.82725655395572,
                        34.614942640751536,
                        55
                    ],
                    [
                        138.82703889341974,
                        34.61493295380869,
                        52
                    ],
                    [
                        138.82684746718326,
                        34.61489719716502,
                        44
                    ],
                    [
                        138.82653171592892,
                        34.614891077065,
                        34
                    ],
                    [
                        138.82622562301302,
                        34.614838672087416,
                        25
                    ],
                    [
                        138.82587364923847,
                        34.61484226587776,
                        22
                    ],
                    [
                        138.82567789291855,
                        34.614850348306945,
                        14
                    ],
                    [
                        138.8253227946876,
                        34.6149839501161,
                        10
                    ],
                    [
                        138.82508448970574,
                        34.61509568244374,
                        4
                    ],
                    [
                        138.82502111743102,
                        34.615291915407106,
                        4
                    ],
                    [
                        138.82490432479105,
                        34.61561188348013,
                        5
                    ],
                    [
                        138.82447350837077,
                        34.6157206469126,
                        10
                    ],
                    [
                        138.82408824800294,
                        34.615822308857105,
                        7
                    ],
                    [
                        138.82379969207597,
                        34.61591528382849,
                        5
                    ],
                    [
                        138.82369154840515,
                        34.61605803425998,
                        6
                    ],
                    [
                        138.82329101183194,
                        34.61614638099322,
                        7
                    ],
                    [
                        138.82289791627778,
                        34.61620991801754,
                        7
                    ],
                    [
                        138.82248299787216,
                        34.61624309326481,
                        7
                    ],
                    [
                        138.82219973678983,
                        34.616269388893976,
                        4
                    ],
                    [
                        138.82206734206977,
                        34.61634547158426,
                        7
                    ],
                    [
                        138.8224231361362,
                        34.61625872894787,
                        6
                    ],
                    [
                        138.82205697886243,
                        34.61645459626569,
                        6
                    ],
                    [
                        138.82184756541443,
                        34.616681146580156,
                        6
                    ],
                    [
                        138.82169792121965,
                        34.616602085737696,
                        10
                    ],
                    [
                        138.82155678236512,
                        34.616474548332,
                        13
                    ],
                    [
                        138.8216187057371,
                        34.616213260646695,
                        18
                    ],
                    [
                        138.82142920831802,
                        34.61606976375386,
                        23
                    ],
                    [
                        138.82115756213472,
                        34.616030364199744,
                        30
                    ],
                    [
                        138.82115156709682,
                        34.615880952510835,
                        52
                    ],
                    [
                        138.82129675114584,
                        34.615756560798914,
                        55
                    ],
                    [
                        138.82109470470368,
                        34.61572075685132,
                        59
                    ],
                    [
                        138.82107491940997,
                        34.61551817387506,
                        66
                    ],
                    [
                        138.8210465600186,
                        34.61534143331528,
                        70
                    ],
                    [
                        138.8208922410352,
                        34.61523860983565,
                        83
                    ],
                    [
                        138.82063482559323,
                        34.6152669573692,
                        90
                    ],
                    [
                        138.8204580518167,
                        34.61540955391537,
                        98
                    ],
                    [
                        138.82031441862654,
                        34.61550248872184,
                        102
                    ],
                    [
                        138.8201841232416,
                        34.61561082575012,
                        114
                    ],
                    [
                        138.82006837088883,
                        34.61564601367578,
                        110
                    ],
                    [
                        138.81978135527092,
                        34.61571792781062,
                        112
                    ],
                    [
                        138.81961697171377,
                        34.61597904088933,
                        116
                    ],
                    [
                        138.8195296606531,
                        34.616181631106535,
                        118
                    ],
                    [
                        138.8194224374214,
                        34.61635108715498,
                        119
                    ],
                    [
                        138.81930914655743,
                        34.61659818697317,
                        118
                    ],
                    [
                        138.81919566701984,
                        34.6167643413102,
                        117
                    ],
                    [
                        138.8188995795771,
                        34.616858443040776,
                        119
                    ],
                    [
                        138.81871616759554,
                        34.617069419611454,
                        115
                    ],
                    [
                        138.81853332291837,
                        34.617216762469056,
                        122
                    ],
                    [
                        138.81826574784134,
                        34.61719418190935,
                        130
                    ],
                    [
                        138.81798600986045,
                        34.61718510389304,
                        135
                    ],
                    [
                        138.81764606909675,
                        34.61722336692484,
                        137
                    ],
                    [
                        138.81727152465584,
                        34.61737668496373,
                        132
                    ],
                    [
                        138.81689677449398,
                        34.617501244616975,
                        128
                    ],
                    [
                        138.81658870093386,
                        34.617529902338184,
                        135
                    ],
                    [
                        138.81636543337348,
                        34.61757188027818,
                        141
                    ],
                    [
                        138.8161992535968,
                        34.61774504434607,
                        143
                    ],
                    [
                        138.8161427790762,
                        34.61802889949954,
                        147
                    ],
                    [
                        138.81615550216543,
                        34.6182241793632,
                        142
                    ],
                    [
                        138.81631926758956,
                        34.61842280663057,
                        144
                    ],
                    [
                        138.81638958627434,
                        34.61867464274182,
                        141
                    ],
                    [
                        138.81643629626808,
                        34.618952895381874,
                        137
                    ],
                    [
                        138.8163125250676,
                        34.61909666701551,
                        131
                    ],
                    [
                        138.81633082526386,
                        34.61938832925729,
                        126
                    ],
                    [
                        138.816419756817,
                        34.6195949688975,
                        130
                    ],
                    [
                        138.81641362580177,
                        34.61971122018952,
                        134
                    ],
                    [
                        138.81624962703125,
                        34.619897947345855,
                        126
                    ],
                    [
                        138.8162037138974,
                        34.62017874124913,
                        125
                    ],
                    [
                        138.81612603266146,
                        34.620413533778866,
                        125
                    ],
                    [
                        138.81606144328154,
                        34.620566577198154,
                        136
                    ],
                    [
                        138.8160859945981,
                        34.620776390806185,
                        143
                    ],
                    [
                        138.81622660454988,
                        34.6210380230478,
                        144
                    ],
                    [
                        138.8162727002855,
                        34.62132854389809,
                        152
                    ],
                    [
                        138.81618092216348,
                        34.621564790703424,
                        162
                    ],
                    [
                        138.81583105822784,
                        34.62166832114707,
                        165
                    ],
                    [
                        138.81549623247028,
                        34.62172168822729,
                        162
                    ],
                    [
                        138.81524989669848,
                        34.62176227040418,
                        154
                    ],
                    [
                        138.81525156612585,
                        34.62198373846551,
                        142
                    ],
                    [
                        138.8152793061466,
                        34.62221371273002,
                        134
                    ],
                    [
                        138.8155548800999,
                        34.62231339039215,
                        125
                    ],
                    [
                        138.81548106423358,
                        34.62257957191201,
                        124
                    ],
                    [
                        138.81531259034634,
                        34.62279245189872,
                        128
                    ],
                    [
                        138.8153457104476,
                        34.622989243044934,
                        130
                    ],
                    [
                        138.81540923795447,
                        34.62314835460239,
                        139
                    ],
                    [
                        138.81515913736678,
                        34.62313291197606,
                        146
                    ],
                    [
                        138.8148522261357,
                        34.623150227271836,
                        147
                    ],
                    [
                        138.81463355202663,
                        34.62328652052075,
                        141
                    ],
                    [
                        138.81455313534758,
                        34.62347632273088,
                        136
                    ],
                    [
                        138.8143155779418,
                        34.62364183927789,
                        139
                    ],
                    [
                        138.81408727843322,
                        34.623870162319164,
                        135
                    ],
                    [
                        138.81387045713697,
                        34.62405938827908,
                        131
                    ],
                    [
                        138.81372159381567,
                        34.624098592413816,
                        123
                    ],
                    [
                        138.81362466575928,
                        34.624219909887024,
                        115
                    ],
                    [
                        138.81349050199375,
                        34.62434556665325,
                        115
                    ],
                    [
                        138.81332012738105,
                        34.62447955731238,
                        113
                    ],
                    [
                        138.81322782143891,
                        34.624641699755514,
                        112
                    ],
                    [
                        138.81326001078207,
                        34.62484219372264,
                        110
                    ],
                    [
                        138.81344268418997,
                        34.625109858022256,
                        94
                    ],
                    [
                        138.8134498324208,
                        34.625286974508626,
                        88
                    ],
                    [
                        138.81340721923735,
                        34.62549694255034,
                        88
                    ],
                    [
                        138.81345356650647,
                        34.62573043820998,
                        81
                    ],
                    [
                        138.813378265406,
                        34.62595431433944,
                        71
                    ],
                    [
                        138.81312059153458,
                        34.626123798580245,
                        65
                    ],
                    [
                        138.81310289945014,
                        34.626318136407846,
                        62
                    ],
                    [
                        138.81299373188037,
                        34.626505875236084,
                        65
                    ],
                    [
                        138.81280197948433,
                        34.62675017513255,
                        56
                    ],
                    [
                        138.81253828152435,
                        34.62700740127227,
                        46
                    ],
                    [
                        138.8122109828031,
                        34.62715991916881,
                        37
                    ],
                    [
                        138.81193518487612,
                        34.62734609699815,
                        28
                    ],
                    [
                        138.81194990275316,
                        34.62755947317729,
                        18
                    ],
                    [
                        138.81186981146524,
                        34.6278420061711,
                        14
                    ],
                    [
                        138.8118898865817,
                        34.628051879053004,
                        7
                    ],
                    [
                        138.81199464376917,
                        34.628142351660635,
                        5
                    ],
                    [
                        138.81230984849043,
                        34.628372923578816,
                        6
                    ],
                    [
                        138.81266682889319,
                        34.628480003077605,
                        7
                    ],
                    [
                        138.81298725786831,
                        34.62855455041878,
                        9
                    ],
                    [
                        138.8129384862935,
                        34.62888918582707,
                        9
                    ],
                    [
                        138.81275407416788,
                        34.629163350583966,
                        8
                    ],
                    [
                        138.81235231842362,
                        34.62921531261959,
                        6
                    ],
                    [
                        138.8119893208388,
                        34.62931993954952,
                        11
                    ],
                    [
                        138.81175141819483,
                        34.62932205190465,
                        19
                    ],
                    [
                        138.81160562747417,
                        34.62902009322081,
                        20
                    ],
                    [
                        138.81147033500844,
                        34.628821210538504,
                        15
                    ],
                    [
                        138.81108466006728,
                        34.62871366370311,
                        17
                    ],
                    [
                        138.81083121021905,
                        34.62871551231845,
                        19
                    ],
                    [
                        138.81075283514954,
                        34.628635948516106,
                        18
                    ],
                    [
                        138.81086034384538,
                        34.628678403973154,
                        16
                    ],
                    [
                        138.8105925403059,
                        34.62848149127384,
                        17
                    ],
                    [
                        138.8102271912739,
                        34.62841280277819,
                        16
                    ],
                    [
                        138.80989856962685,
                        34.628549937919225,
                        14
                    ],
                    [
                        138.80951487161136,
                        34.62866874850356,
                        14
                    ],
                    [
                        138.80928030130082,
                        34.62874908558951,
                        14
                    ],
                    [
                        138.80889549487907,
                        34.62879132649615,
                        12
                    ],
                    [
                        138.808514452415,
                        34.62869702798671,
                        8
                    ],
                    [
                        138.80828280807137,
                        34.62838522450538,
                        4
                    ],
                    [
                        138.8079419037879,
                        34.62821028153277,
                        12
                    ],
                    [
                        138.80760474068424,
                        34.62812298845388,
                        11
                    ],
                    [
                        138.8073819395979,
                        34.62810611092271,
                        20
                    ],
                    [
                        138.8071277185448,
                        34.62813447873882,
                        31
                    ],
                    [
                        138.80685182724835,
                        34.62812675447078,
                        33
                    ],
                    [
                        138.80656851299835,
                        34.62806296357401,
                        34
                    ],
                    [
                        138.8062709929354,
                        34.62801682434305,
                        36
                    ],
                    [
                        138.80611076931623,
                        34.62775087244702,
                        36
                    ],
                    [
                        138.80578695038392,
                        34.62781912774964,
                        40
                    ],
                    [
                        138.805655941967,
                        34.62758211256141,
                        42
                    ],
                    [
                        138.80543188470884,
                        34.627433712328106,
                        49
                    ],
                    [
                        138.80526239921141,
                        34.62734778295465,
                        55
                    ],
                    [
                        138.80511650777873,
                        34.62728998176753,
                        62
                    ],
                    [
                        138.80507448197378,
                        34.62708135943407,
                        64
                    ],
                    [
                        138.80487166179628,
                        34.62690965761317,
                        64
                    ],
                    [
                        138.8046756138668,
                        34.62696808278107,
                        80
                    ],
                    [
                        138.8046102930303,
                        34.62711483728164,
                        92
                    ],
                    [
                        138.80445965925972,
                        34.62723405774759,
                        94
                    ],
                    [
                        138.8043330396891,
                        34.6272873467584,
                        104
                    ],
                    [
                        138.80436591635066,
                        34.62737841121527,
                        118
                    ],
                    [
                        138.80404089449203,
                        34.627321457837056,
                        118
                    ],
                    [
                        138.80368288968953,
                        34.627172484471075,
                        117
                    ],
                    [
                        138.8033615592481,
                        34.62724826826383,
                        114
                    ],
                    [
                        138.80283553583297,
                        34.62727802670896,
                        114
                    ],
                    [
                        138.8024300034575,
                        34.62742893499715,
                        113
                    ],
                    [
                        138.80247374915115,
                        34.62783508800956,
                        112
                    ],
                    [
                        138.8020363757005,
                        34.628182589511106,
                        109
                    ],
                    [
                        138.80157816655276,
                        34.628387897840405,
                        106
                    ],
                    [
                        138.80125765238202,
                        34.628051474246774,
                        101
                    ],
                    [
                        138.80150236576642,
                        34.62766736195859,
                        95
                    ],
                    [
                        138.80136087884935,
                        34.62732702606624,
                        90
                    ],
                    [
                        138.8011318495812,
                        34.62699575029376,
                        91
                    ],
                    [
                        138.80094652789552,
                        34.62670066818245,
                        94
                    ],
                    [
                        138.80058729733906,
                        34.62652585701308,
                        91
                    ],
                    [
                        138.8005621278906,
                        34.626157914583224,
                        90
                    ],
                    [
                        138.80092269234424,
                        34.62583108321602,
                        85
                    ],
                    [
                        138.80073206676894,
                        34.62551282949731,
                        76
                    ],
                    [
                        138.800167213504,
                        34.62547990784405,
                        75
                    ],
                    [
                        138.79963288244485,
                        34.625636545660136,
                        72
                    ],
                    [
                        138.79916907701275,
                        34.62578764070981,
                        70
                    ],
                    [
                        138.79882191035716,
                        34.62555047236585,
                        62
                    ],
                    [
                        138.79853917857307,
                        34.62554388453417,
                        61
                    ],
                    [
                        138.79880632979,
                        34.62518838842421,
                        55
                    ],
                    [
                        138.79903540396668,
                        34.62497723992717,
                        55
                    ],
                    [
                        138.79908525537044,
                        34.624780928641165,
                        55
                    ],
                    [
                        138.79890154899985,
                        34.624582790786384,
                        42
                    ],
                    [
                        138.79910407553277,
                        34.624532537066784,
                        30
                    ],
                    [
                        138.79909644636192,
                        34.62435427754584,
                        18
                    ],
                    [
                        138.7988976606741,
                        34.62419926881139,
                        16
                    ],
                    [
                        138.79875845784932,
                        34.62405281574059,
                        16
                    ],
                    [
                        138.79885462271267,
                        34.623860577413545,
                        12
                    ],
                    [
                        138.7990350789191,
                        34.623655170214384,
                        14
                    ],
                    [
                        138.79904754008214,
                        34.623342705580434,
                        14
                    ],
                    [
                        138.7989642696689,
                        34.62313398131734,
                        10
                    ],
                    [
                        138.79884708146855,
                        34.62302187550571,
                        10
                    ],
                    [
                        138.7987119448424,
                        34.623107043585684,
                        10
                    ],
                    [
                        138.79849556886722,
                        34.6229064738528,
                        9
                    ],
                    [
                        138.79820994601693,
                        34.62272863362475,
                        7
                    ],
                    [
                        138.79826424090834,
                        34.62256983875328,
                        8
                    ],
                    [
                        138.79831886607334,
                        34.622488259531316,
                        7
                    ],
                    [
                        138.79831691967613,
                        34.62272972633693,
                        6
                    ],
                    [
                        138.79852003960616,
                        34.62293324195692,
                        8
                    ],
                    [
                        138.7987062755021,
                        34.62310740549355,
                        11
                    ],
                    [
                        138.79902094207335,
                        34.623248302001706,
                        8
                    ],
                    [
                        138.79905742408337,
                        34.6234252054185,
                        7
                    ],
                    [
                        138.79899890171373,
                        34.62374312737469,
                        9
                    ],
                    [
                        138.7987634116619,
                        34.623952986068744,
                        13
                    ],
                    [
                        138.79887849546265,
                        34.62416032262174,
                        20
                    ],
                    [
                        138.79908954294373,
                        34.624319579599884,
                        21
                    ],
                    [
                        138.79913048348425,
                        34.62443777706882,
                        24
                    ],
                    [
                        138.79902884625446,
                        34.62456504209554,
                        35
                    ],
                    [
                        138.79904498820693,
                        34.624748420042664,
                        49
                    ],
                    [
                        138.7990619878221,
                        34.62494433985003,
                        52
                    ],
                    [
                        138.79898655889005,
                        34.62503196964219,
                        54
                    ],
                    [
                        138.7987838381265,
                        34.62526611044934,
                        61
                    ],
                    [
                        138.79859572859328,
                        34.625474057093214,
                        68
                    ],
                    [
                        138.7986270420099,
                        34.62568586772272,
                        70
                    ],
                    [
                        138.79837280763468,
                        34.62581921947868,
                        72
                    ],
                    [
                        138.79810228365727,
                        34.6259198262938,
                        76
                    ],
                    [
                        138.79779971450816,
                        34.625937436372276,
                        82
                    ],
                    [
                        138.79755394510357,
                        34.62603779854913,
                        87
                    ],
                    [
                        138.79739963101716,
                        34.62617976163236,
                        88
                    ],
                    [
                        138.79719689970858,
                        34.626352339604004,
                        93
                    ],
                    [
                        138.79694957780006,
                        34.626494257379996,
                        97
                    ],
                    [
                        138.7967380200869,
                        34.626626842813096,
                        101
                    ],
                    [
                        138.7965397184699,
                        34.626755430586854,
                        106
                    ],
                    [
                        138.79630504830786,
                        34.62690659501223,
                        112
                    ],
                    [
                        138.79604839727594,
                        34.62705862213912,
                        115
                    ],
                    [
                        138.79586103241348,
                        34.627210677332364,
                        118
                    ],
                    [
                        138.7956328645866,
                        34.627350178840295,
                        113
                    ],
                    [
                        138.7954300406361,
                        34.627460794002324,
                        113
                    ],
                    [
                        138.79560300664832,
                        34.6275919893623,
                        123
                    ],
                    [
                        138.79584670102565,
                        34.627593362092,
                        132
                    ],
                    [
                        138.79611147474412,
                        34.62762863916714,
                        128
                    ],
                    [
                        138.79598110226698,
                        34.62779327636614,
                        126
                    ],
                    [
                        138.7959082089821,
                        34.62798986071472,
                        140
                    ],
                    [
                        138.79576828307967,
                        34.628146219440815,
                        160
                    ],
                    [
                        138.79581464927617,
                        34.628366087758515,
                        149
                    ],
                    [
                        138.79576815683077,
                        34.628653837338796,
                        148
                    ],
                    [
                        138.79589457656436,
                        34.62880392345008,
                        169
                    ],
                    [
                        138.79595646098142,
                        34.628994241659385,
                        152
                    ],
                    [
                        138.79571109046836,
                        34.62920532546319,
                        149
                    ],
                    [
                        138.79549355039217,
                        34.62937652340031,
                        149
                    ],
                    [
                        138.79540586758904,
                        34.62968604672818,
                        134
                    ],
                    [
                        138.795304893258,
                        34.62989665971965,
                        133
                    ],
                    [
                        138.7952541393171,
                        34.63011066665296,
                        125
                    ],
                    [
                        138.79518786439394,
                        34.63035232486167,
                        115
                    ],
                    [
                        138.79543725204292,
                        34.63041001084516,
                        108
                    ],
                    [
                        138.79538255713166,
                        34.63077754353558,
                        95
                    ],
                    [
                        138.79535850762636,
                        34.63098040678875,
                        89
                    ],
                    [
                        138.79521646934668,
                        34.6311452805658,
                        80
                    ],
                    [
                        138.7951231828589,
                        34.631335717273366,
                        66
                    ],
                    [
                        138.79501839872043,
                        34.63144384693179,
                        57
                    ],
                    [
                        138.79490519575205,
                        34.63165242358247,
                        51
                    ],
                    [
                        138.79481400043946,
                        34.63190835576623,
                        42
                    ],
                    [
                        138.79472612218046,
                        34.632031190036685,
                        44
                    ],
                    [
                        138.79458484103466,
                        34.63211280029565,
                        38
                    ],
                    [
                        138.7942981999832,
                        34.63210188898407,
                        26
                    ],
                    [
                        138.79427635090553,
                        34.632325617849425,
                        21
                    ],
                    [
                        138.7943183178025,
                        34.63252038325277,
                        21
                    ],
                    [
                        138.79434905105822,
                        34.63270283249009,
                        16
                    ],
                    [
                        138.7942258090253,
                        34.632956135622635,
                        9
                    ],
                    [
                        138.79406888223514,
                        34.63304214265043,
                        4
                    ],
                    [
                        138.79410507351903,
                        34.63325914971647,
                        3
                    ],
                    [
                        138.794199774808,
                        34.633487012121584,
                        3
                    ],
                    [
                        138.79422172209368,
                        34.6336727576175,
                        5
                    ],
                    [
                        138.79415907751863,
                        34.63378899660914,
                        4
                    ],
                    [
                        138.79429176869579,
                        34.6338875257792,
                        7
                    ],
                    [
                        138.79441938516536,
                        34.63402156380534,
                        12
                    ],
                    [
                        138.79443105495625,
                        34.634198852888865,
                        18
                    ],
                    [
                        138.79437814814193,
                        34.634373464042,
                        24
                    ],
                    [
                        138.79438325951853,
                        34.634506237926736,
                        30
                    ],
                    [
                        138.79427138274076,
                        34.6346497572563,
                        37
                    ],
                    [
                        138.79412720395501,
                        34.63478572824363,
                        43
                    ],
                    [
                        138.79394443531126,
                        34.6348308396766,
                        47
                    ],
                    [
                        138.79376340829805,
                        34.634833045415,
                        48
                    ],
                    [
                        138.79364846450255,
                        34.635004618195865,
                        59
                    ],
                    [
                        138.79364288358542,
                        34.63519065177638,
                        73
                    ],
                    [
                        138.79356816183633,
                        34.635403465560024,
                        88
                    ],
                    [
                        138.79350560198804,
                        34.63561212878961,
                        92
                    ],
                    [
                        138.79333976115205,
                        34.63573123522677,
                        99
                    ],
                    [
                        138.79316726939803,
                        34.635884992215004,
                        95
                    ],
                    [
                        138.79293869716287,
                        34.636014172993896,
                        91
                    ],
                    [
                        138.79281863751274,
                        34.63622994195873,
                        86
                    ],
                    [
                        138.79263676466218,
                        34.636368818130144,
                        81
                    ],
                    [
                        138.79254477117254,
                        34.636544764668045,
                        83
                    ],
                    [
                        138.79250526926603,
                        34.63675814484896,
                        89
                    ],
                    [
                        138.79234840369298,
                        34.63688969387087,
                        97
                    ],
                    [
                        138.79228465414215,
                        34.63699142402001,
                        110
                    ],
                    [
                        138.79213720853318,
                        34.637060581595655,
                        111
                    ],
                    [
                        138.79196995209855,
                        34.63720365346325,
                        106
                    ],
                    [
                        138.79170287011948,
                        34.637306342993696,
                        97
                    ],
                    [
                        138.79154748808534,
                        34.63720101452359,
                        95
                    ],
                    [
                        138.79135919338722,
                        34.63737028942437,
                        80
                    ],
                    [
                        138.79124709707546,
                        34.63758569785169,
                        77
                    ],
                    [
                        138.79124112146462,
                        34.6377952011953,
                        90
                    ],
                    [
                        138.79126762984336,
                        34.63801575823619,
                        90
                    ],
                    [
                        138.79113688100182,
                        34.63820885668344,
                        94
                    ],
                    [
                        138.79097175598432,
                        34.63842720141714,
                        96
                    ],
                    [
                        138.790800475109,
                        34.63856343202334,
                        97
                    ],
                    [
                        138.7908537125777,
                        34.638745205564206,
                        101
                    ],
                    [
                        138.79069503249835,
                        34.63899474686837,
                        102
                    ],
                    [
                        138.7904224281835,
                        34.63894283087644,
                        102
                    ],
                    [
                        138.7903046110119,
                        34.63922414430871,
                        95
                    ],
                    [
                        138.79026879490587,
                        34.639495858788315,
                        93
                    ],
                    [
                        138.7901644468969,
                        34.639742380005636,
                        84
                    ],
                    [
                        138.78995448324332,
                        34.63989056573489,
                        73
                    ],
                    [
                        138.78960708604282,
                        34.64000720390672,
                        62
                    ],
                    [
                        138.78929997785824,
                        34.64002129972518,
                        49
                    ],
                    [
                        138.7889573981089,
                        34.640170786053936,
                        44
                    ],
                    [
                        138.78866043034674,
                        34.6401426330432,
                        35
                    ],
                    [
                        138.78857090068624,
                        34.64026372950824,
                        31
                    ],
                    [
                        138.78830116080374,
                        34.640170699640635,
                        21
                    ],
                    [
                        138.7880662008439,
                        34.64017832982834,
                        14
                    ],
                    [
                        138.78779848572768,
                        34.64020537894733,
                        11
                    ],
                    [
                        138.78758142387508,
                        34.64044466360517,
                        10
                    ],
                    [
                        138.7872494028802,
                        34.640526075540464,
                        7
                    ],
                    [
                        138.78686204162597,
                        34.640556116171346,
                        6
                    ],
                    [
                        138.7865298438815,
                        34.640596741510485,
                        9
                    ],
                    [
                        138.78642350505004,
                        34.640804690699895,
                        9
                    ],
                    [
                        138.78648882082965,
                        34.64108658496258,
                        11
                    ],
                    [
                        138.78659541397337,
                        34.64134642777782,
                        10
                    ],
                    [
                        138.78665455894395,
                        34.641509853103805,
                        14
                    ],
                    [
                        138.7863506903268,
                        34.64175585350167,
                        15
                    ],
                    [
                        138.78611849757175,
                        34.64201993024287,
                        15
                    ],
                    [
                        138.7858734272293,
                        34.642286612247474,
                        14
                    ],
                    [
                        138.78566284025433,
                        34.642530269073916,
                        18
                    ],
                    [
                        138.78551641458438,
                        34.64280466152552,
                        18
                    ],
                    [
                        138.78541242509004,
                        34.64311475692881,
                        19
                    ],
                    [
                        138.78548365881736,
                        34.64345276322857,
                        19
                    ],
                    [
                        138.78536050540478,
                        34.6437491509749,
                        20
                    ],
                    [
                        138.78509874585401,
                        34.64401563820332,
                        27
                    ],
                    [
                        138.78478341460885,
                        34.64420310263384,
                        37
                    ],
                    [
                        138.78471550736398,
                        34.644280930262056,
                        45
                    ],
                    [
                        138.78465558502583,
                        34.6444666392869,
                        50
                    ],
                    [
                        138.78445348986224,
                        34.64459102151019,
                        57
                    ],
                    [
                        138.78430426627307,
                        34.644694333252325,
                        61
                    ],
                    [
                        138.78412582751417,
                        34.644777115942716,
                        66
                    ],
                    [
                        138.7838118822679,
                        34.644845388649046,
                        68
                    ],
                    [
                        138.7835592640369,
                        34.644828463249404,
                        71
                    ],
                    [
                        138.7833584893556,
                        34.64475445479207,
                        74
                    ],
                    [
                        138.78309565572675,
                        34.64470987999104,
                        76
                    ],
                    [
                        138.7828534221115,
                        34.6447093228538,
                        81
                    ],
                    [
                        138.78257526768863,
                        34.64470742094958,
                        81
                    ],
                    [
                        138.78228852467447,
                        34.64461521862899,
                        87
                    ],
                    [
                        138.78215067410494,
                        34.644447248809996,
                        87
                    ],
                    [
                        138.7820011136489,
                        34.64452358707822,
                        104
                    ],
                    [
                        138.7817428112056,
                        34.644665326582796,
                        103
                    ],
                    [
                        138.7814715224311,
                        34.64475115462295,
                        112
                    ],
                    [
                        138.78122326195648,
                        34.64474807643521,
                        121
                    ],
                    [
                        138.78104714149612,
                        34.64461536547144,
                        121
                    ],
                    [
                        138.78082817070518,
                        34.64469367303615,
                        132
                    ],
                    [
                        138.7805760585719,
                        34.64467302044978,
                        135
                    ],
                    [
                        138.78032401065423,
                        34.644723303443634,
                        144
                    ],
                    [
                        138.7801201129291,
                        34.644768317145044,
                        149
                    ],
                    [
                        138.77987047648682,
                        34.64474122396227,
                        153
                    ],
                    [
                        138.77958935095575,
                        34.644733665139015,
                        157
                    ],
                    [
                        138.7793631059463,
                        34.644737029763284,
                        163
                    ],
                    [
                        138.7790850787156,
                        34.644694386424405,
                        168
                    ],
                    [
                        138.77892834574706,
                        34.644721758799214,
                        174
                    ],
                    [
                        138.77876057166856,
                        34.644765687850764,
                        182
                    ],
                    [
                        138.7786225170588,
                        34.644591045432186,
                        185
                    ],
                    [
                        138.77846268225127,
                        34.64445913696221,
                        195
                    ],
                    [
                        138.77812036781415,
                        34.64430581808417,
                        201
                    ],
                    [
                        138.77798783702232,
                        34.644379889162174,
                        206
                    ],
                    [
                        138.77780816479506,
                        34.644395754825354,
                        209
                    ],
                    [
                        138.77755916970145,
                        34.64437588701893,
                        215
                    ],
                    [
                        138.7773227205302,
                        34.64440558168945,
                        221
                    ],
                    [
                        138.77703583456983,
                        34.64435510170725,
                        224
                    ],
                    [
                        138.77709696283102,
                        34.64449580894527,
                        228
                    ],
                    [
                        138.77690270420533,
                        34.64461536955634,
                        227
                    ],
                    [
                        138.77670877927451,
                        34.64481677769964,
                        229
                    ],
                    [
                        138.7765905500039,
                        34.64503019228705,
                        232
                    ],
                    [
                        138.77639735092995,
                        34.64524150029251,
                        229
                    ],
                    [
                        138.77632258175925,
                        34.645460027429586,
                        229
                    ],
                    [
                        138.7763141507632,
                        34.64576115007275,
                        226
                    ],
                    [
                        138.77631462932786,
                        34.646090120508546,
                        221
                    ],
                    [
                        138.7763528300303,
                        34.64626077860138,
                        220
                    ],
                    [
                        138.77635610487638,
                        34.6465067307836,
                        217
                    ],
                    [
                        138.7763593473949,
                        34.64670786409191,
                        212
                    ],
                    [
                        138.7761867427306,
                        34.64689212862986,
                        211
                    ],
                    [
                        138.77602008686978,
                        34.647130744703276,
                        201
                    ],
                    [
                        138.77594409189462,
                        34.64735630945097,
                        205
                    ],
                    [
                        138.775734783262,
                        34.647507946557184,
                        202
                    ],
                    [
                        138.77554780336266,
                        34.64768957160951,
                        198
                    ],
                    [
                        138.77566450695403,
                        34.647926571059884,
                        203
                    ],
                    [
                        138.77542487920465,
                        34.64800651659856,
                        195
                    ],
                    [
                        138.7752246351622,
                        34.648117941670876,
                        190
                    ],
                    [
                        138.77506502346694,
                        34.64814825040073,
                        183
                    ],
                    [
                        138.77494961545736,
                        34.64813049240599,
                        181
                    ],
                    [
                        138.774875762228,
                        34.64826604335167,
                        179
                    ],
                    [
                        138.77487937246164,
                        34.64843933096063,
                        180
                    ],
                    [
                        138.7747877839574,
                        34.64868238264809,
                        175
                    ],
                    [
                        138.7747224432121,
                        34.648876152148794,
                        172
                    ],
                    [
                        138.774823280557,
                        34.64908387276593,
                        167
                    ],
                    [
                        138.77478002229992,
                        34.64929340696414,
                        155
                    ],
                    [
                        138.7747526044103,
                        34.64949355786063,
                        145
                    ],
                    [
                        138.7747893990571,
                        34.64966031170743,
                        141
                    ],
                    [
                        138.77495179600263,
                        34.64991455263402,
                        144
                    ],
                    [
                        138.77512440426483,
                        34.65011571358385,
                        140
                    ],
                    [
                        138.77515821870728,
                        34.65029763324288,
                        135
                    ],
                    [
                        138.7752887457521,
                        34.65049356060922,
                        133
                    ],
                    [
                        138.7752120849115,
                        34.65081352968464,
                        124
                    ],
                    [
                        138.77528674183677,
                        34.651074824538185,
                        118
                    ],
                    [
                        138.77547182323514,
                        34.65131889194629,
                        123
                    ],
                    [
                        138.77548266519625,
                        34.651600775702654,
                        123
                    ],
                    [
                        138.77552541174214,
                        34.65189998248884,
                        123
                    ],
                    [
                        138.775679058894,
                        34.65217667538835,
                        123
                    ],
                    [
                        138.77572681474334,
                        34.652434753282996,
                        121
                    ],
                    [
                        138.77576474533092,
                        34.65267574356548,
                        114
                    ],
                    [
                        138.7757959373059,
                        34.652923807578844,
                        109
                    ],
                    [
                        138.77584756211337,
                        34.65314881775485,
                        102
                    ],
                    [
                        138.77611238388167,
                        34.65333725529866,
                        99
                    ],
                    [
                        138.7763479081704,
                        34.65353248155694,
                        96
                    ],
                    [
                        138.7765485306365,
                        34.65363835895779,
                        97
                    ],
                    [
                        138.77674837742114,
                        34.65370659423827,
                        99
                    ],
                    [
                        138.77701291050772,
                        34.6536868101992,
                        103
                    ],
                    [
                        138.7771574676848,
                        34.653734858868155,
                        108
                    ],
                    [
                        138.77737765356176,
                        34.6538168998506,
                        103
                    ],
                    [
                        138.77747811703748,
                        34.65397339622088,
                        91
                    ],
                    [
                        138.77754125273572,
                        34.65414742491245,
                        90
                    ],
                    [
                        138.77787690699725,
                        34.6542152343804,
                        87
                    ],
                    [
                        138.7780057960908,
                        34.65429779550615,
                        82
                    ],
                    [
                        138.77828175444137,
                        34.654355690059276,
                        76
                    ],
                    [
                        138.77842003138193,
                        34.65424786856466,
                        72
                    ],
                    [
                        138.77855363019168,
                        34.65428506317552,
                        53
                    ],
                    [
                        138.77868728659234,
                        34.654372600931055,
                        57
                    ],
                    [
                        138.77894397595531,
                        34.65443588895783,
                        59
                    ],
                    [
                        138.77901187536685,
                        34.65460642106514,
                        31
                    ],
                    [
                        138.77913170148912,
                        34.654536936636426,
                        51
                    ],
                    [
                        138.77929354951954,
                        34.6546206992364,
                        41
                    ],
                    [
                        138.77948989643312,
                        34.65478645958616,
                        30
                    ],
                    [
                        138.7797619277332,
                        34.654744223409956,
                        31
                    ],
                    [
                        138.77990887653377,
                        34.654721656385064,
                        36
                    ],
                    [
                        138.78004547827544,
                        34.654683729980654,
                        39
                    ],
                    [
                        138.78025725364225,
                        34.65470148341422,
                        31
                    ],
                    [
                        138.78047375732487,
                        34.654710256353184,
                        46
                    ],
                    [
                        138.78068584422874,
                        34.65463595969452,
                        53
                    ],
                    [
                        138.78086117425502,
                        34.65447525551556,
                        62
                    ],
                    [
                        138.78111733725365,
                        34.65440243181893,
                        64
                    ],
                    [
                        138.7814356974925,
                        34.654470629646795,
                        66
                    ],
                    [
                        138.7816976232592,
                        34.65453906360577,
                        74
                    ],
                    [
                        138.78175676829548,
                        34.65466722686471,
                        76
                    ],
                    [
                        138.78179850682534,
                        34.65483207852387,
                        82
                    ],
                    [
                        138.78176233275735,
                        34.655047961248,
                        92
                    ],
                    [
                        138.78191243112545,
                        34.65509515658042,
                        98
                    ],
                    [
                        138.78218796356754,
                        34.655247236357084,
                        106
                    ],
                    [
                        138.78240187625372,
                        34.65542017204552,
                        114
                    ],
                    [
                        138.78278060303964,
                        34.65550382333351,
                        118
                    ],
                    [
                        138.7830497085281,
                        34.65557591215868,
                        119
                    ],
                    [
                        138.7831645440932,
                        34.65586508039179,
                        120
                    ],
                    [
                        138.78322479461383,
                        34.65613690935233,
                        122
                    ],
                    [
                        138.78349323990005,
                        34.65597849397895,
                        125
                    ],
                    [
                        138.78379681080435,
                        34.65582864506531,
                        132
                    ],
                    [
                        138.78424956241577,
                        34.65588578175508,
                        130
                    ],
                    [
                        138.78472576063302,
                        34.65604036410546,
                        121
                    ],
                    [
                        138.78507061444466,
                        34.65626953936086,
                        112
                    ],
                    [
                        138.78528357054705,
                        34.65660985595665,
                        109
                    ],
                    [
                        138.785016465909,
                        34.656953425726236,
                        100
                    ],
                    [
                        138.78475786692732,
                        34.65716867343896,
                        98
                    ],
                    [
                        138.78460417361336,
                        34.65767335523101,
                        91
                    ],
                    [
                        138.78446966050558,
                        34.65807966148648,
                        87
                    ],
                    [
                        138.78444176468327,
                        34.65843515076848,
                        86
                    ],
                    [
                        138.78438862953683,
                        34.658625101892504,
                        89
                    ],
                    [
                        138.7842668265092,
                        34.658875349581535,
                        88
                    ],
                    [
                        138.7841756985696,
                        34.65913802349688,
                        90
                    ],
                    [
                        138.7841281490089,
                        34.65936916449297,
                        91
                    ],
                    [
                        138.7840070034457,
                        34.65924318768852,
                        92
                    ],
                    [
                        138.7841327738988,
                        34.65932978100866,
                        90
                    ],
                    [
                        138.78416622553175,
                        34.65906393463346,
                        88
                    ],
                    [
                        138.7842495885481,
                        34.65872819659514,
                        85
                    ],
                    [
                        138.78437181489616,
                        34.65859448938097,
                        81
                    ],
                    [
                        138.78460818015233,
                        34.65844230670075,
                        84
                    ],
                    [
                        138.78505056332867,
                        34.65862253054681,
                        86
                    ],
                    [
                        138.78553980630602,
                        34.658730440916756,
                        84
                    ],
                    [
                        138.78584254203807,
                        34.65910456050512,
                        74
                    ],
                    [
                        138.7861866630544,
                        34.65919987944558,
                        74
                    ],
                    [
                        138.78653375203393,
                        34.6592024938843,
                        76
                    ],
                    [
                        138.7869035004811,
                        34.65917482465006,
                        71
                    ],
                    [
                        138.78725550315949,
                        34.659101619894635,
                        67
                    ],
                    [
                        138.7875678783609,
                        34.65916872443454,
                        66
                    ],
                    [
                        138.78798489982816,
                        34.65909977770108,
                        58
                    ],
                    [
                        138.78845918098855,
                        34.658931159097726,
                        64
                    ],
                    [
                        138.78886563561366,
                        34.658674871520084,
                        61
                    ],
                    [
                        138.78918043867566,
                        34.658324825361426,
                        62
                    ],
                    [
                        138.7895239457112,
                        34.65807651355436,
                        55
                    ],
                    [
                        138.78975395413545,
                        34.65780146111905,
                        43
                    ],
                    [
                        138.78957882879254,
                        34.65743447866939,
                        30
                    ],
                    [
                        138.7895512731539,
                        34.657147171699236,
                        27
                    ],
                    [
                        138.78998309118694,
                        34.65705434560829,
                        21
                    ],
                    [
                        138.78994408799005,
                        34.657490068943574,
                        19
                    ],
                    [
                        138.79047780488386,
                        34.65760705110071,
                        15
                    ],
                    [
                        138.79063915732596,
                        34.65806720996834,
                        8
                    ],
                    [
                        138.79079513246833,
                        34.65851220398927,
                        6
                    ],
                    [
                        138.79077830280232,
                        34.658873947439126,
                        7
                    ],
                    [
                        138.7906034268591,
                        34.65920408471322,
                        4
                    ],
                    [
                        138.79068567245304,
                        34.65952035783041,
                        2
                    ],
                    [
                        138.7909493696063,
                        34.65974313418214,
                        2
                    ],
                    [
                        138.79129463694576,
                        34.65998512511023,
                        5
                    ],
                    [
                        138.79161460158502,
                        34.66022495514662,
                        12
                    ],
                    [
                        138.79197992418077,
                        34.6603563293503,
                        22
                    ],
                    [
                        138.79222971435343,
                        34.66036241470561,
                        30
                    ],
                    [
                        138.79241060447322,
                        34.66076409572675,
                        36
                    ],
                    [
                        138.79304535549005,
                        34.66132326868237,
                        29
                    ],
                    [
                        138.79320243167322,
                        34.66163621823945,
                        16
                    ],
                    [
                        138.79337948390898,
                        34.66195310879845,
                        11
                    ],
                    [
                        138.79334582032794,
                        34.662331920593374,
                        11
                    ],
                    [
                        138.79323983730956,
                        34.66262607960045,
                        18
                    ],
                    [
                        138.79313076237796,
                        34.66299201524496,
                        26
                    ],
                    [
                        138.7928676610326,
                        34.66350082904253,
                        20
                    ],
                    [
                        138.79273083571618,
                        34.66384004835934,
                        21
                    ],
                    [
                        138.79255992455373,
                        34.66417224795878,
                        20
                    ],
                    [
                        138.79224820106512,
                        34.66438793601059,
                        23
                    ],
                    [
                        138.79185244431912,
                        34.66434084995427,
                        25
                    ],
                    [
                        138.79145085956546,
                        34.6644429864494,
                        24
                    ],
                    [
                        138.79121317570372,
                        34.66458647806767,
                        22
                    ],
                    [
                        138.7909697829168,
                        34.664837037501265,
                        23
                    ],
                    [
                        138.79085729033574,
                        34.66509915271372,
                        27
                    ],
                    [
                        138.79076624177813,
                        34.66539244012924,
                        26
                    ],
                    [
                        138.78983742649024,
                        34.66582010950898,
                        22
                    ],
                    [
                        138.7908030974364,
                        34.6662007402081,
                        34
                    ],
                    [
                        138.79092486825033,
                        34.666553303879205,
                        31
                    ],
                    [
                        138.79113762783024,
                        34.666870513335,
                        32
                    ],
                    [
                        138.7912807564033,
                        34.66722120913468,
                        30
                    ],
                    [
                        138.79125767714368,
                        34.667552043611046,
                        29
                    ],
                    [
                        138.79130878736325,
                        34.667955042393935,
                        31
                    ],
                    [
                        138.7915693382549,
                        34.66841398408347,
                        26
                    ],
                    [
                        138.79156489283793,
                        34.6687534708025,
                        20
                    ],
                    [
                        138.7912394306304,
                        34.668942974295135,
                        20
                    ],
                    [
                        138.7909752229246,
                        34.66897268355837,
                        19
                    ],
                    [
                        138.79057007990886,
                        34.66905362045077,
                        17
                    ],
                    [
                        138.7902631776988,
                        34.66920195766158,
                        17
                    ],
                    [
                        138.78994910249534,
                        34.669479086412025,
                        11
                    ],
                    [
                        138.78974865217597,
                        34.669760560615245,
                        9
                    ],
                    [
                        138.7896544435942,
                        34.67006522719283,
                        7
                    ],
                    [
                        138.7895538027114,
                        34.670366124106636,
                        5
                    ],
                    [
                        138.78937946087348,
                        34.670553895538916,
                        5
                    ],
                    [
                        138.78901681846315,
                        34.67052825276955,
                        3
                    ],
                    [
                        138.78862259020292,
                        34.670524882330746,
                        1
                    ],
                    [
                        138.78838146535998,
                        34.670327571461755,
                        0
                    ],
                    [
                        138.78822333453803,
                        34.67018294996296,
                        0
                    ],
                    [
                        138.78826266863783,
                        34.66998133497359,
                        -2
                    ],
                    [
                        138.78806941608747,
                        34.67001994702465,
                        -2
                    ],
                    [
                        138.78789323648067,
                        34.67011309010662,
                        0
                    ],
                    [
                        138.78753178532443,
                        34.67021908082284,
                        1
                    ],
                    [
                        138.78714882222494,
                        34.67022346616861,
                        2
                    ],
                    [
                        138.78677146125267,
                        34.67013854506576,
                        3
                    ],
                    [
                        138.786366530182,
                        34.67006593660483,
                        2
                    ],
                    [
                        138.7860156826345,
                        34.67010017308853,
                        4
                    ],
                    [
                        138.7857137639373,
                        34.66987139758846,
                        1
                    ],
                    [
                        138.78543234284783,
                        34.66970065580874,
                        2
                    ],
                    [
                        138.7851717747837,
                        34.669936714419066,
                        5
                    ],
                    [
                        138.78495368463848,
                        34.67012726815119,
                        6
                    ],
                    [
                        138.7846519938895,
                        34.67027237617207,
                        5
                    ],
                    [
                        138.78433354126958,
                        34.67034023077107,
                        10
                    ],
                    [
                        138.78428758247105,
                        34.670428969345494,
                        11
                    ]
                ]
            }
        },
        {
            "type": "Feature",
            "properties": {
                "name": "20251207",
                "time": "2025-12-06T23:08:43Z",
                "coordTimes": [
                    "2025-12-06T23:08:43Z",
                    "2025-12-06T23:09:08Z",
                    "2025-12-06T23:09:32Z",
                    "2025-12-06T23:09:59Z",
                    "2025-12-06T23:10:29Z",
                    "2025-12-06T23:10:55Z",
                    "2025-12-06T23:11:21Z",
                    "2025-12-06T23:11:49Z",
                    "2025-12-06T23:12:15Z",
                    "2025-12-06T23:12:40Z",
                    "2025-12-06T23:13:45Z",
                    "2025-12-06T23:14:20Z",
                    "2025-12-06T23:15:16Z",
                    "2025-12-06T23:15:43Z",
                    "2025-12-06T23:16:11Z",
                    "2025-12-06T23:16:46Z",
                    "2025-12-06T23:18:08Z",
                    "2025-12-06T23:18:33Z",
                    "2025-12-06T23:19:00Z",
                    "2025-12-06T23:19:38Z",
                    "2025-12-06T23:20:33Z",
                    "2025-12-06T23:21:10Z",
                    "2025-12-06T23:21:41Z",
                    "2025-12-06T23:22:14Z",
                    "2025-12-06T23:23:29Z",
                    "2025-12-06T23:24:04Z",
                    "2025-12-06T23:24:32Z",
                    "2025-12-06T23:25:02Z",
                    "2025-12-06T23:25:33Z",
                    "2025-12-06T23:26:00Z",
                    "2025-12-06T23:26:33Z",
                    "2025-12-06T23:27:04Z",
                    "2025-12-06T23:27:35Z",
                    "2025-12-06T23:28:03Z",
                    "2025-12-06T23:28:29Z",
                    "2025-12-06T23:29:05Z",
                    "2025-12-06T23:29:40Z",
                    "2025-12-06T23:30:15Z",
                    "2025-12-06T23:30:48Z",
                    "2025-12-06T23:31:25Z",
                    "2025-12-06T23:32:06Z",
                    "2025-12-06T23:32:54Z",
                    "2025-12-06T23:33:25Z",
                    "2025-12-06T23:33:54Z",
                    "2025-12-06T23:34:27Z",
                    "2025-12-06T23:35:04Z",
                    "2025-12-06T23:35:36Z",
                    "2025-12-06T23:36:05Z",
                    "2025-12-06T23:36:41Z",
                    "2025-12-06T23:37:24Z",
                    "2025-12-06T23:37:56Z",
                    "2025-12-06T23:38:23Z",
                    "2025-12-06T23:39:23Z",
                    "2025-12-06T23:39:49Z",
                    "2025-12-06T23:40:16Z",
                    "2025-12-06T23:40:42Z",
                    "2025-12-06T23:41:08Z",
                    "2025-12-06T23:41:35Z",
                    "2025-12-06T23:42:02Z",
                    "2025-12-06T23:42:30Z",
                    "2025-12-06T23:42:56Z",
                    "2025-12-06T23:43:24Z",
                    "2025-12-06T23:43:52Z",
                    "2025-12-06T23:45:29Z",
                    "2025-12-06T23:45:58Z",
                    "2025-12-06T23:46:26Z",
                    "2025-12-06T23:46:52Z",
                    "2025-12-06T23:47:17Z",
                    "2025-12-06T23:47:42Z",
                    "2025-12-06T23:48:08Z",
                    "2025-12-06T23:48:35Z",
                    "2025-12-06T23:49:00Z",
                    "2025-12-06T23:49:27Z",
                    "2025-12-06T23:49:53Z",
                    "2025-12-06T23:50:19Z",
                    "2025-12-06T23:50:45Z",
                    "2025-12-06T23:51:11Z",
                    "2025-12-06T23:51:38Z",
                    "2025-12-06T23:52:04Z",
                    "2025-12-06T23:52:32Z",
                    "2025-12-06T23:52:58Z",
                    "2025-12-06T23:53:24Z",
                    "2025-12-06T23:53:50Z",
                    "2025-12-06T23:54:16Z",
                    "2025-12-06T23:54:41Z",
                    "2025-12-06T23:55:05Z",
                    "2025-12-06T23:55:31Z",
                    "2025-12-06T23:55:56Z",
                    "2025-12-06T23:56:23Z",
                    "2025-12-06T23:56:49Z",
                    "2025-12-06T23:57:23Z",
                    "2025-12-06T23:57:50Z",
                    "2025-12-06T23:58:17Z",
                    "2025-12-06T23:58:43Z",
                    "2025-12-06T23:59:11Z",
                    "2025-12-06T23:59:38Z",
                    "2025-12-07T00:00:03Z",
                    "2025-12-07T00:00:27Z",
                    "2025-12-07T00:00:50Z",
                    "2025-12-07T00:01:14Z",
                    "2025-12-07T00:01:38Z",
                    "2025-12-07T00:02:02Z",
                    "2025-12-07T00:02:25Z",
                    "2025-12-07T00:02:50Z",
                    "2025-12-07T00:03:17Z",
                    "2025-12-07T00:03:43Z",
                    "2025-12-07T00:04:10Z",
                    "2025-12-07T00:04:37Z",
                    "2025-12-07T00:05:04Z",
                    "2025-12-07T00:05:30Z",
                    "2025-12-07T00:05:57Z",
                    "2025-12-07T00:06:23Z",
                    "2025-12-07T00:06:53Z",
                    "2025-12-07T00:07:17Z",
                    "2025-12-07T00:07:59Z",
                    "2025-12-07T00:08:20Z",
                    "2025-12-07T00:08:37Z",
                    "2025-12-07T00:09:03Z",
                    "2025-12-07T00:09:29Z",
                    "2025-12-07T00:09:54Z",
                    "2025-12-07T00:10:20Z",
                    "2025-12-07T00:10:58Z",
                    "2025-12-07T00:11:14Z",
                    "2025-12-07T00:11:41Z",
                    "2025-12-07T00:12:09Z",
                    "2025-12-07T00:12:36Z",
                    "2025-12-07T00:13:03Z",
                    "2025-12-07T00:13:29Z",
                    "2025-12-07T00:13:55Z",
                    "2025-12-07T00:14:22Z",
                    "2025-12-07T00:14:47Z",
                    "2025-12-07T00:15:14Z",
                    "2025-12-07T00:15:41Z",
                    "2025-12-07T00:16:05Z",
                    "2025-12-07T00:16:30Z",
                    "2025-12-07T00:16:55Z",
                    "2025-12-07T00:17:22Z",
                    "2025-12-07T00:17:46Z",
                    "2025-12-07T00:18:09Z",
                    "2025-12-07T00:18:35Z",
                    "2025-12-07T00:18:59Z",
                    "2025-12-07T00:19:26Z",
                    "2025-12-07T00:19:51Z",
                    "2025-12-07T00:20:14Z",
                    "2025-12-07T00:20:40Z",
                    "2025-12-07T00:21:05Z",
                    "2025-12-07T00:21:30Z",
                    "2025-12-07T00:21:53Z",
                    "2025-12-07T00:22:16Z",
                    "2025-12-07T00:22:40Z",
                    "2025-12-07T00:23:03Z",
                    "2025-12-07T00:23:30Z",
                    "2025-12-07T00:24:02Z",
                    "2025-12-07T00:24:25Z",
                    "2025-12-07T00:24:49Z",
                    "2025-12-07T00:25:14Z",
                    "2025-12-07T00:25:39Z",
                    "2025-12-07T00:26:04Z",
                    "2025-12-07T00:26:28Z",
                    "2025-12-07T00:26:52Z",
                    "2025-12-07T00:27:19Z",
                    "2025-12-07T00:27:45Z",
                    "2025-12-07T00:28:12Z",
                    "2025-12-07T00:28:35Z",
                    "2025-12-07T00:29:00Z",
                    "2025-12-07T00:29:37Z",
                    "2025-12-07T00:30:01Z",
                    "2025-12-07T00:30:33Z",
                    "2025-12-07T00:30:59Z",
                    "2025-12-07T00:31:25Z",
                    "2025-12-07T00:31:52Z",
                    "2025-12-07T00:32:17Z",
                    "2025-12-07T00:32:41Z",
                    "2025-12-07T00:33:04Z",
                    "2025-12-07T00:33:28Z",
                    "2025-12-07T00:34:19Z",
                    "2025-12-07T00:34:44Z",
                    "2025-12-07T00:35:08Z",
                    "2025-12-07T00:35:35Z",
                    "2025-12-07T00:36:01Z",
                    "2025-12-07T00:36:28Z",
                    "2025-12-07T00:36:54Z",
                    "2025-12-07T00:37:19Z",
                    "2025-12-07T00:37:45Z",
                    "2025-12-07T00:38:10Z",
                    "2025-12-07T00:38:33Z",
                    "2025-12-07T00:38:57Z",
                    "2025-12-07T00:39:33Z",
                    "2025-12-07T00:40:00Z",
                    "2025-12-07T00:40:25Z",
                    "2025-12-07T00:40:51Z",
                    "2025-12-07T00:41:16Z",
                    "2025-12-07T00:41:51Z",
                    "2025-12-07T00:42:22Z",
                    "2025-12-07T00:42:49Z",
                    "2025-12-07T00:43:17Z",
                    "2025-12-07T00:43:43Z",
                    "2025-12-07T00:44:09Z",
                    "2025-12-07T00:44:35Z",
                    "2025-12-07T00:45:00Z",
                    "2025-12-07T00:45:26Z",
                    "2025-12-07T00:45:52Z",
                    "2025-12-07T00:46:27Z",
                    "2025-12-07T00:46:53Z",
                    "2025-12-07T00:47:19Z",
                    "2025-12-07T00:47:46Z",
                    "2025-12-07T00:48:12Z",
                    "2025-12-07T00:48:39Z",
                    "2025-12-07T00:49:04Z",
                    "2025-12-07T00:49:30Z",
                    "2025-12-07T00:49:57Z",
                    "2025-12-07T00:50:23Z",
                    "2025-12-07T00:50:49Z",
                    "2025-12-07T00:51:15Z",
                    "2025-12-07T00:51:40Z",
                    "2025-12-07T00:52:07Z",
                    "2025-12-07T00:52:33Z",
                    "2025-12-07T00:52:59Z",
                    "2025-12-07T00:53:27Z",
                    "2025-12-07T00:53:55Z",
                    "2025-12-07T00:54:40Z",
                    "2025-12-07T00:55:55Z",
                    "2025-12-07T00:56:28Z",
                    "2025-12-07T00:57:06Z",
                    "2025-12-07T00:57:34Z",
                    "2025-12-07T00:58:03Z",
                    "2025-12-07T00:58:53Z",
                    "2025-12-07T00:59:19Z",
                    "2025-12-07T00:59:45Z",
                    "2025-12-07T01:00:12Z",
                    "2025-12-07T01:00:43Z",
                    "2025-12-07T01:01:09Z",
                    "2025-12-07T01:01:35Z",
                    "2025-12-07T01:02:03Z",
                    "2025-12-07T01:02:29Z",
                    "2025-12-07T01:02:55Z",
                    "2025-12-07T01:03:22Z",
                    "2025-12-07T01:03:46Z",
                    "2025-12-07T01:04:12Z",
                    "2025-12-07T01:04:39Z",
                    "2025-12-07T01:05:05Z",
                    "2025-12-07T01:05:35Z",
                    "2025-12-07T01:06:01Z",
                    "2025-12-07T01:06:30Z",
                    "2025-12-07T01:06:57Z",
                    "2025-12-07T01:07:21Z",
                    "2025-12-07T01:07:48Z",
                    "2025-12-07T01:08:15Z",
                    "2025-12-07T01:08:41Z",
                    "2025-12-07T01:09:07Z",
                    "2025-12-07T01:09:32Z",
                    "2025-12-07T01:10:05Z",
                    "2025-12-07T01:10:32Z",
                    "2025-12-07T01:11:00Z",
                    "2025-12-07T01:11:26Z",
                    "2025-12-07T01:11:52Z",
                    "2025-12-07T01:12:18Z",
                    "2025-12-07T01:12:45Z",
                    "2025-12-07T01:13:14Z",
                    "2025-12-07T01:13:40Z",
                    "2025-12-07T01:14:07Z",
                    "2025-12-07T01:14:33Z",
                    "2025-12-07T01:14:59Z",
                    "2025-12-07T01:15:27Z",
                    "2025-12-07T01:15:53Z",
                    "2025-12-07T01:16:19Z",
                    "2025-12-07T01:16:45Z",
                    "2025-12-07T01:17:12Z",
                    "2025-12-07T01:17:38Z",
                    "2025-12-07T01:18:06Z",
                    "2025-12-07T01:18:31Z",
                    "2025-12-07T01:18:57Z",
                    "2025-12-07T01:19:21Z",
                    "2025-12-07T01:19:46Z",
                    "2025-12-07T01:20:11Z",
                    "2025-12-07T01:20:37Z",
                    "2025-12-07T01:21:04Z",
                    "2025-12-07T01:21:30Z",
                    "2025-12-07T01:21:56Z",
                    "2025-12-07T01:22:20Z",
                    "2025-12-07T01:22:46Z",
                    "2025-12-07T01:23:12Z",
                    "2025-12-07T01:23:39Z",
                    "2025-12-07T01:24:05Z",
                    "2025-12-07T01:24:35Z",
                    "2025-12-07T01:25:01Z",
                    "2025-12-07T01:25:25Z",
                    "2025-12-07T01:25:54Z",
                    "2025-12-07T01:26:21Z",
                    "2025-12-07T01:26:48Z",
                    "2025-12-07T01:27:12Z",
                    "2025-12-07T01:27:39Z",
                    "2025-12-07T01:28:05Z",
                    "2025-12-07T01:28:32Z",
                    "2025-12-07T01:28:59Z",
                    "2025-12-07T01:29:26Z",
                    "2025-12-07T01:29:51Z",
                    "2025-12-07T01:30:16Z",
                    "2025-12-07T01:30:42Z",
                    "2025-12-07T01:31:08Z",
                    "2025-12-07T01:31:35Z",
                    "2025-12-07T01:31:59Z",
                    "2025-12-07T01:32:22Z",
                    "2025-12-07T01:32:50Z",
                    "2025-12-07T01:33:17Z",
                    "2025-12-07T01:33:43Z",
                    "2025-12-07T01:34:12Z",
                    "2025-12-07T01:34:42Z",
                    "2025-12-07T01:36:04Z",
                    "2025-12-07T01:38:27Z",
                    "2025-12-07T01:40:22Z",
                    "2025-12-07T01:41:00Z",
                    "2025-12-07T01:41:59Z",
                    "2025-12-07T01:42:36Z",
                    "2025-12-07T01:43:30Z",
                    "2025-12-07T01:44:05Z",
                    "2025-12-07T01:44:40Z",
                    "2025-12-07T01:45:14Z",
                    "2025-12-07T01:45:49Z",
                    "2025-12-07T01:46:17Z",
                    "2025-12-07T01:46:48Z",
                    "2025-12-07T01:47:33Z",
                    "2025-12-07T01:48:19Z",
                    "2025-12-07T01:48:52Z",
                    "2025-12-07T01:49:30Z",
                    "2025-12-07T01:50:06Z",
                    "2025-12-07T01:50:49Z",
                    "2025-12-07T01:51:42Z",
                    "2025-12-07T01:52:40Z",
                    "2025-12-07T01:53:17Z",
                    "2025-12-07T01:53:51Z",
                    "2025-12-07T01:54:40Z",
                    "2025-12-07T01:55:12Z",
                    "2025-12-07T01:56:39Z",
                    "2025-12-07T01:57:05Z",
                    "2025-12-07T01:57:44Z",
                    "2025-12-07T01:58:18Z",
                    "2025-12-07T01:58:51Z",
                    "2025-12-07T01:59:36Z",
                    "2025-12-07T02:00:13Z",
                    "2025-12-07T02:00:46Z",
                    "2025-12-07T02:01:23Z",
                    "2025-12-07T02:02:00Z",
                    "2025-12-07T02:02:37Z",
                    "2025-12-07T02:03:16Z",
                    "2025-12-07T02:03:55Z",
                    "2025-12-07T02:04:31Z",
                    "2025-12-07T02:05:43Z",
                    "2025-12-07T02:06:08Z",
                    "2025-12-07T02:06:35Z",
                    "2025-12-07T02:07:04Z",
                    "2025-12-07T02:07:31Z",
                    "2025-12-07T02:07:58Z",
                    "2025-12-07T02:12:33Z",
                    "2025-12-07T02:13:05Z",
                    "2025-12-07T02:13:32Z",
                    "2025-12-07T02:14:11Z",
                    "2025-12-07T02:14:36Z",
                    "2025-12-07T02:15:01Z",
                    "2025-12-07T02:15:33Z",
                    "2025-12-07T02:16:06Z",
                    "2025-12-07T02:16:41Z",
                    "2025-12-07T02:17:12Z",
                    "2025-12-07T02:17:53Z",
                    "2025-12-07T02:18:21Z",
                    "2025-12-07T02:19:01Z",
                    "2025-12-07T02:19:45Z",
                    "2025-12-07T02:20:27Z",
                    "2025-12-07T02:20:56Z",
                    "2025-12-07T02:21:43Z",
                    "2025-12-07T02:22:22Z",
                    "2025-12-07T02:23:03Z",
                    "2025-12-07T02:23:41Z",
                    "2025-12-07T02:24:10Z",
                    "2025-12-07T02:24:38Z",
                    "2025-12-07T02:25:14Z",
                    "2025-12-07T02:25:44Z",
                    "2025-12-07T02:26:09Z",
                    "2025-12-07T02:26:46Z",
                    "2025-12-07T02:27:17Z",
                    "2025-12-07T02:27:45Z",
                    "2025-12-07T02:28:12Z",
                    "2025-12-07T02:28:42Z",
                    "2025-12-07T02:29:09Z",
                    "2025-12-07T02:29:44Z",
                    "2025-12-07T02:30:19Z",
                    "2025-12-07T02:30:52Z",
                    "2025-12-07T02:31:27Z",
                    "2025-12-07T02:32:04Z",
                    "2025-12-07T02:32:47Z",
                    "2025-12-07T02:33:15Z",
                    "2025-12-07T02:33:43Z",
                    "2025-12-07T02:34:15Z",
                    "2025-12-07T02:34:46Z",
                    "2025-12-07T02:35:15Z",
                    "2025-12-07T02:35:45Z",
                    "2025-12-07T02:36:16Z",
                    "2025-12-07T02:36:45Z",
                    "2025-12-07T02:37:12Z",
                    "2025-12-07T02:37:38Z",
                    "2025-12-07T02:38:05Z",
                    "2025-12-07T02:38:34Z",
                    "2025-12-07T02:39:01Z",
                    "2025-12-07T02:39:46Z",
                    "2025-12-07T02:40:21Z",
                    "2025-12-07T02:40:49Z",
                    "2025-12-07T02:42:06Z",
                    "2025-12-07T02:42:34Z",
                    "2025-12-07T02:43:00Z",
                    "2025-12-07T02:43:26Z",
                    "2025-12-07T02:43:53Z",
                    "2025-12-07T02:44:17Z",
                    "2025-12-07T02:44:47Z",
                    "2025-12-07T02:45:13Z",
                    "2025-12-07T02:45:38Z",
                    "2025-12-07T02:46:04Z",
                    "2025-12-07T02:46:30Z",
                    "2025-12-07T02:46:56Z",
                    "2025-12-07T02:47:24Z",
                    "2025-12-07T02:47:51Z",
                    "2025-12-07T02:48:18Z",
                    "2025-12-07T02:48:43Z",
                    "2025-12-07T02:49:09Z",
                    "2025-12-07T02:49:35Z",
                    "2025-12-07T02:49:58Z",
                    "2025-12-07T02:50:22Z",
                    "2025-12-07T02:50:47Z",
                    "2025-12-07T02:51:11Z",
                    "2025-12-07T02:51:35Z",
                    "2025-12-07T02:51:59Z",
                    "2025-12-07T02:52:25Z",
                    "2025-12-07T02:52:51Z",
                    "2025-12-07T02:53:17Z",
                    "2025-12-07T02:53:43Z",
                    "2025-12-07T02:54:10Z",
                    "2025-12-07T02:54:37Z",
                    "2025-12-07T02:55:03Z",
                    "2025-12-07T02:55:29Z",
                    "2025-12-07T02:55:55Z",
                    "2025-12-07T02:56:22Z",
                    "2025-12-07T02:56:48Z",
                    "2025-12-07T02:57:15Z",
                    "2025-12-07T02:57:41Z",
                    "2025-12-07T02:58:11Z",
                    "2025-12-07T02:59:01Z",
                    "2025-12-07T02:59:34Z",
                    "2025-12-07T03:00:06Z",
                    "2025-12-07T03:00:39Z",
                    "2025-12-07T03:01:08Z",
                    "2025-12-07T03:01:43Z",
                    "2025-12-07T03:02:12Z",
                    "2025-12-07T03:02:42Z",
                    "2025-12-07T03:03:08Z",
                    "2025-12-07T03:03:37Z",
                    "2025-12-07T03:04:04Z",
                    "2025-12-07T03:04:33Z",
                    "2025-12-07T03:05:26Z",
                    "2025-12-07T03:06:35Z",
                    "2025-12-07T03:07:05Z",
                    "2025-12-07T03:07:42Z",
                    "2025-12-07T03:08:21Z",
                    "2025-12-07T03:08:57Z",
                    "2025-12-07T03:12:18Z",
                    "2025-12-07T03:12:53Z",
                    "2025-12-07T03:13:26Z",
                    "2025-12-07T03:14:01Z",
                    "2025-12-07T03:14:29Z",
                    "2025-12-07T03:14:59Z",
                    "2025-12-07T03:15:28Z",
                    "2025-12-07T03:15:58Z",
                    "2025-12-07T03:16:27Z",
                    "2025-12-07T03:16:56Z",
                    "2025-12-07T03:17:20Z",
                    "2025-12-07T03:18:01Z",
                    "2025-12-07T03:18:35Z",
                    "2025-12-07T03:19:05Z",
                    "2025-12-07T03:19:33Z",
                    "2025-12-07T03:20:04Z",
                    "2025-12-07T03:20:38Z",
                    "2025-12-07T03:21:04Z",
                    "2025-12-07T03:21:29Z",
                    "2025-12-07T03:21:58Z",
                    "2025-12-07T03:22:25Z",
                    "2025-12-07T03:22:52Z",
                    "2025-12-07T03:23:34Z",
                    "2025-12-07T03:24:00Z",
                    "2025-12-07T03:24:27Z",
                    "2025-12-07T03:24:53Z",
                    "2025-12-07T03:25:19Z",
                    "2025-12-07T03:25:45Z",
                    "2025-12-07T03:26:15Z",
                    "2025-12-07T03:26:55Z",
                    "2025-12-07T03:27:30Z",
                    "2025-12-07T03:27:56Z",
                    "2025-12-07T03:28:27Z",
                    "2025-12-07T03:29:24Z",
                    "2025-12-07T03:30:08Z",
                    "2025-12-07T03:30:34Z",
                    "2025-12-07T03:31:02Z",
                    "2025-12-07T03:31:54Z",
                    "2025-12-07T03:32:51Z",
                    "2025-12-07T03:33:28Z",
                    "2025-12-07T03:34:13Z",
                    "2025-12-07T03:35:36Z",
                    "2025-12-07T03:36:32Z",
                    "2025-12-07T03:37:11Z",
                    "2025-12-07T03:37:47Z",
                    "2025-12-07T03:38:36Z",
                    "2025-12-07T03:39:18Z",
                    "2025-12-07T03:39:54Z",
                    "2025-12-07T03:40:37Z",
                    "2025-12-07T03:41:14Z",
                    "2025-12-07T03:41:43Z",
                    "2025-12-07T03:42:18Z",
                    "2025-12-07T03:43:12Z",
                    "2025-12-07T03:43:54Z",
                    "2025-12-07T03:44:27Z",
                    "2025-12-07T03:45:05Z",
                    "2025-12-07T03:45:39Z",
                    "2025-12-07T03:46:10Z",
                    "2025-12-07T03:46:38Z",
                    "2025-12-07T03:47:16Z",
                    "2025-12-07T03:47:51Z",
                    "2025-12-07T03:48:22Z",
                    "2025-12-07T03:48:55Z",
                    "2025-12-07T03:49:22Z",
                    "2025-12-07T03:49:57Z",
                    "2025-12-07T03:50:54Z",
                    "2025-12-07T03:51:25Z",
                    "2025-12-07T03:51:59Z",
                    "2025-12-07T04:08:24Z",
                    "2025-12-07T04:08:52Z",
                    "2025-12-07T04:09:44Z",
                    "2025-12-07T04:10:48Z",
                    "2025-12-07T04:11:25Z",
                    "2025-12-07T04:12:12Z",
                    "2025-12-07T04:13:38Z",
                    "2025-12-07T04:14:20Z",
                    "2025-12-07T04:15:07Z",
                    "2025-12-07T04:15:49Z",
                    "2025-12-07T04:17:08Z",
                    "2025-12-07T04:17:44Z",
                    "2025-12-07T04:18:34Z",
                    "2025-12-07T04:19:09Z",
                    "2025-12-07T04:19:40Z",
                    "2025-12-07T04:20:15Z",
                    "2025-12-07T04:20:50Z",
                    "2025-12-07T04:21:18Z",
                    "2025-12-07T04:21:51Z",
                    "2025-12-07T04:22:34Z",
                    "2025-12-07T04:24:01Z",
                    "2025-12-07T04:24:27Z",
                    "2025-12-07T04:24:58Z",
                    "2025-12-07T04:25:28Z",
                    "2025-12-07T04:25:56Z",
                    "2025-12-07T04:26:25Z",
                    "2025-12-07T04:26:53Z",
                    "2025-12-07T04:27:24Z",
                    "2025-12-07T04:27:57Z",
                    "2025-12-07T04:28:27Z",
                    "2025-12-07T04:28:56Z",
                    "2025-12-07T04:29:24Z",
                    "2025-12-07T04:29:52Z",
                    "2025-12-07T04:30:20Z",
                    "2025-12-07T04:30:52Z",
                    "2025-12-07T04:31:36Z",
                    "2025-12-07T04:32:07Z",
                    "2025-12-07T04:32:41Z",
                    "2025-12-07T04:33:18Z",
                    "2025-12-07T04:33:48Z",
                    "2025-12-07T04:34:14Z",
                    "2025-12-07T04:34:41Z",
                    "2025-12-07T04:35:09Z",
                    "2025-12-07T04:35:37Z",
                    "2025-12-07T04:38:20Z",
                    "2025-12-07T04:38:47Z",
                    "2025-12-07T04:39:18Z",
                    "2025-12-07T04:39:46Z",
                    "2025-12-07T04:40:18Z",
                    "2025-12-07T04:40:48Z",
                    "2025-12-07T04:41:23Z",
                    "2025-12-07T04:42:01Z",
                    "2025-12-07T04:42:58Z",
                    "2025-12-07T04:43:38Z",
                    "2025-12-07T04:44:43Z",
                    "2025-12-07T04:45:14Z",
                    "2025-12-07T04:46:02Z",
                    "2025-12-07T04:46:40Z",
                    "2025-12-07T04:47:17Z",
                    "2025-12-07T04:47:49Z",
                    "2025-12-07T04:48:18Z",
                    "2025-12-07T04:48:46Z",
                    "2025-12-07T04:49:16Z",
                    "2025-12-07T04:49:49Z",
                    "2025-12-07T04:50:22Z",
                    "2025-12-07T04:50:49Z",
                    "2025-12-07T04:51:23Z",
                    "2025-12-07T04:52:01Z",
                    "2025-12-07T04:52:29Z",
                    "2025-12-07T04:53:07Z",
                    "2025-12-07T04:53:35Z",
                    "2025-12-07T04:54:02Z",
                    "2025-12-07T04:54:30Z",
                    "2025-12-07T04:54:57Z",
                    "2025-12-07T04:55:24Z",
                    "2025-12-07T04:56:03Z",
                    "2025-12-07T04:56:29Z",
                    "2025-12-07T04:56:56Z",
                    "2025-12-07T04:57:23Z",
                    "2025-12-07T04:57:54Z",
                    "2025-12-07T04:58:48Z",
                    "2025-12-07T04:59:37Z",
                    "2025-12-07T05:00:09Z",
                    "2025-12-07T05:00:39Z",
                    "2025-12-07T05:01:13Z",
                    "2025-12-07T05:01:47Z",
                    "2025-12-07T05:02:15Z",
                    "2025-12-07T05:02:49Z",
                    "2025-12-07T05:03:15Z",
                    "2025-12-07T05:03:56Z",
                    "2025-12-07T05:04:28Z",
                    "2025-12-07T05:04:57Z",
                    "2025-12-07T05:05:22Z",
                    "2025-12-07T05:05:51Z",
                    "2025-12-07T05:06:23Z",
                    "2025-12-07T05:06:53Z",
                    "2025-12-07T05:07:25Z",
                    "2025-12-07T05:07:51Z",
                    "2025-12-07T05:08:23Z",
                    "2025-12-07T05:09:12Z",
                    "2025-12-07T05:09:40Z",
                    "2025-12-07T05:10:16Z",
                    "2025-12-07T05:10:56Z",
                    "2025-12-07T05:11:28Z",
                    "2025-12-07T05:12:00Z",
                    "2025-12-07T05:12:39Z",
                    "2025-12-07T05:13:16Z",
                    "2025-12-07T05:13:46Z",
                    "2025-12-07T05:14:16Z",
                    "2025-12-07T05:15:15Z",
                    "2025-12-07T05:15:54Z",
                    "2025-12-07T05:16:25Z",
                    "2025-12-07T05:16:57Z",
                    "2025-12-07T05:17:32Z",
                    "2025-12-07T05:17:58Z",
                    "2025-12-07T05:18:29Z",
                    "2025-12-07T05:19:13Z",
                    "2025-12-07T05:19:40Z",
                    "2025-12-07T05:20:13Z",
                    "2025-12-07T05:20:42Z",
                    "2025-12-07T05:21:12Z",
                    "2025-12-07T05:21:45Z",
                    "2025-12-07T05:22:09Z",
                    "2025-12-07T05:22:36Z",
                    "2025-12-07T05:23:03Z",
                    "2025-12-07T05:23:34Z",
                    "2025-12-07T05:24:03Z",
                    "2025-12-07T05:24:28Z",
                    "2025-12-07T05:24:56Z",
                    "2025-12-07T05:25:25Z",
                    "2025-12-07T05:25:54Z",
                    "2025-12-07T05:26:20Z",
                    "2025-12-07T05:26:49Z",
                    "2025-12-07T05:27:16Z",
                    "2025-12-07T05:27:42Z",
                    "2025-12-07T05:28:12Z",
                    "2025-12-07T05:28:45Z",
                    "2025-12-07T05:29:21Z",
                    "2025-12-07T05:29:58Z",
                    "2025-12-07T05:30:34Z",
                    "2025-12-07T05:31:06Z",
                    "2025-12-07T05:31:37Z",
                    "2025-12-07T05:32:09Z",
                    "2025-12-07T05:32:40Z",
                    "2025-12-07T05:33:09Z",
                    "2025-12-07T05:33:36Z",
                    "2025-12-07T05:34:08Z",
                    "2025-12-07T05:34:46Z",
                    "2025-12-07T05:35:19Z",
                    "2025-12-07T05:35:48Z",
                    "2025-12-07T05:36:21Z",
                    "2025-12-07T05:36:46Z",
                    "2025-12-07T05:37:13Z",
                    "2025-12-07T05:37:42Z",
                    "2025-12-07T05:38:09Z",
                    "2025-12-07T05:38:36Z",
                    "2025-12-07T05:39:04Z",
                    "2025-12-07T05:39:31Z",
                    "2025-12-07T05:40:11Z",
                    "2025-12-07T05:40:37Z",
                    "2025-12-07T05:41:02Z",
                    "2025-12-07T05:41:29Z",
                    "2025-12-07T05:41:57Z",
                    "2025-12-07T05:42:24Z",
                    "2025-12-07T05:42:54Z",
                    "2025-12-07T05:43:18Z",
                    "2025-12-07T05:44:01Z",
                    "2025-12-07T05:44:56Z",
                    "2025-12-07T05:45:31Z",
                    "2025-12-07T05:46:01Z",
                    "2025-12-07T05:46:39Z",
                    "2025-12-07T05:47:10Z",
                    "2025-12-07T05:47:44Z",
                    "2025-12-07T05:48:16Z",
                    "2025-12-07T05:48:51Z",
                    "2025-12-07T05:49:21Z",
                    "2025-12-07T05:49:53Z",
                    "2025-12-07T05:50:27Z",
                    "2025-12-07T05:52:38Z",
                    "2025-12-07T05:53:10Z",
                    "2025-12-07T05:53:39Z",
                    "2025-12-07T05:54:29Z",
                    "2025-12-07T05:55:26Z",
                    "2025-12-07T05:55:56Z",
                    "2025-12-07T05:56:28Z",
                    "2025-12-07T05:56:58Z",
                    "2025-12-07T05:57:27Z",
                    "2025-12-07T05:57:58Z",
                    "2025-12-07T05:58:33Z",
                    "2025-12-07T05:59:09Z",
                    "2025-12-07T06:00:00Z",
                    "2025-12-07T06:00:39Z",
                    "2025-12-07T06:01:07Z",
                    "2025-12-07T06:01:36Z",
                    "2025-12-07T06:02:36Z",
                    "2025-12-07T06:03:16Z",
                    "2025-12-07T06:04:07Z",
                    "2025-12-07T06:04:42Z",
                    "2025-12-07T06:05:15Z",
                    "2025-12-07T06:05:43Z",
                    "2025-12-07T06:06:12Z",
                    "2025-12-07T06:06:43Z",
                    "2025-12-07T06:07:15Z",
                    "2025-12-07T06:07:48Z",
                    "2025-12-07T06:08:19Z",
                    "2025-12-07T06:09:04Z",
                    "2025-12-07T06:09:30Z",
                    "2025-12-07T06:10:05Z",
                    "2025-12-07T06:10:39Z",
                    "2025-12-07T06:11:07Z",
                    "2025-12-07T06:11:33Z",
                    "2025-12-07T06:11:59Z",
                    "2025-12-07T06:12:25Z",
                    "2025-12-07T06:12:51Z",
                    "2025-12-07T06:13:17Z",
                    "2025-12-07T06:13:44Z",
                    "2025-12-07T06:14:11Z",
                    "2025-12-07T06:14:37Z",
                    "2025-12-07T06:15:04Z",
                    "2025-12-07T06:15:31Z",
                    "2025-12-07T06:16:01Z",
                    "2025-12-07T06:16:28Z",
                    "2025-12-07T06:16:53Z",
                    "2025-12-07T06:17:19Z",
                    "2025-12-07T06:17:47Z",
                    "2025-12-07T06:18:14Z",
                    "2025-12-07T06:18:43Z",
                    "2025-12-07T06:19:11Z",
                    "2025-12-07T06:19:41Z",
                    "2025-12-07T06:20:24Z",
                    "2025-12-07T06:21:05Z",
                    "2025-12-07T06:22:02Z",
                    "2025-12-07T06:22:38Z",
                    "2025-12-07T06:23:07Z",
                    "2025-12-07T06:23:34Z",
                    "2025-12-07T06:23:58Z",
                    "2025-12-07T06:24:22Z",
                    "2025-12-07T06:24:46Z",
                    "2025-12-07T06:25:19Z",
                    "2025-12-07T06:25:44Z",
                    "2025-12-07T06:26:08Z",
                    "2025-12-07T06:26:32Z",
                    "2025-12-07T06:26:57Z",
                    "2025-12-07T06:27:28Z",
                    "2025-12-07T06:27:51Z",
                    "2025-12-07T06:28:14Z",
                    "2025-12-07T06:28:57Z",
                    "2025-12-07T06:29:27Z",
                    "2025-12-07T06:30:05Z",
                    "2025-12-07T06:30:36Z",
                    "2025-12-07T06:33:42Z",
                    "2025-12-07T06:34:05Z",
                    "2025-12-07T06:35:38Z",
                    "2025-12-07T06:36:02Z",
                    "2025-12-07T06:36:27Z",
                    "2025-12-07T06:37:01Z",
                    "2025-12-07T06:37:33Z",
                    "2025-12-07T06:38:02Z",
                    "2025-12-07T06:38:28Z",
                    "2025-12-07T06:38:51Z",
                    "2025-12-07T06:39:17Z",
                    "2025-12-07T06:39:40Z",
                    "2025-12-07T06:40:04Z",
                    "2025-12-07T06:40:30Z",
                    "2025-12-07T06:40:56Z",
                    "2025-12-07T06:41:23Z",
                    "2025-12-07T06:41:48Z",
                    "2025-12-07T06:42:13Z",
                    "2025-12-07T06:42:39Z",
                    "2025-12-07T06:43:03Z",
                    "2025-12-07T06:43:27Z",
                    "2025-12-07T06:43:51Z",
                    "2025-12-07T06:44:17Z",
                    "2025-12-07T06:44:40Z",
                    "2025-12-07T06:45:04Z",
                    "2025-12-07T06:45:27Z",
                    "2025-12-07T06:45:52Z",
                    "2025-12-07T06:46:18Z",
                    "2025-12-07T06:46:44Z",
                    "2025-12-07T06:47:12Z",
                    "2025-12-07T06:47:38Z",
                    "2025-12-07T06:48:05Z",
                    "2025-12-07T06:48:33Z",
                    "2025-12-07T06:48:58Z",
                    "2025-12-07T06:49:27Z",
                    "2025-12-07T06:58:08Z",
                    "2025-12-07T06:58:35Z",
                    "2025-12-07T06:59:01Z",
                    "2025-12-07T06:59:28Z",
                    "2025-12-07T06:59:56Z",
                    "2025-12-07T07:00:28Z",
                    "2025-12-07T07:00:54Z",
                    "2025-12-07T07:01:20Z",
                    "2025-12-07T07:01:47Z",
                    "2025-12-07T07:02:13Z",
                    "2025-12-07T07:02:41Z",
                    "2025-12-07T07:03:12Z",
                    "2025-12-07T07:03:36Z",
                    "2025-12-07T07:04:03Z",
                    "2025-12-07T07:04:30Z",
                    "2025-12-07T07:04:57Z",
                    "2025-12-07T07:05:23Z",
                    "2025-12-07T07:05:48Z",
                    "2025-12-07T07:06:21Z",
                    "2025-12-07T07:06:50Z",
                    "2025-12-07T07:07:17Z",
                    "2025-12-07T07:07:45Z",
                    "2025-12-07T07:08:13Z",
                    "2025-12-07T07:08:40Z",
                    "2025-12-07T07:09:07Z",
                    "2025-12-07T07:09:37Z",
                    "2025-12-07T07:10:05Z",
                    "2025-12-07T07:10:32Z",
                    "2025-12-07T07:10:59Z",
                    "2025-12-07T07:11:12Z"
                ]
            },
            "geometry": {
                "type": "LineString",
                "coordinates": [
                    [
                        138.78426593335286,
                        34.67036902694569,
                        15
                    ],
                    [
                        138.78433750970962,
                        34.67017437415548,
                        15
                    ],
                    [
                        138.78462697744283,
                        34.66995706029286,
                        14
                    ],
                    [
                        138.78497056803445,
                        34.669784652667914,
                        14
                    ],
                    [
                        138.78499017294516,
                        34.66948299930056,
                        20
                    ],
                    [
                        138.7852325016108,
                        34.669309968013216,
                        11
                    ],
                    [
                        138.78541745280134,
                        34.669011241473186,
                        10
                    ],
                    [
                        138.78546908629156,
                        34.66866750938497,
                        4
                    ],
                    [
                        138.7854132155553,
                        34.66833417036632,
                        5
                    ],
                    [
                        138.78539806983915,
                        34.66801451166119,
                        5
                    ],
                    [
                        138.78537351237821,
                        34.66792060248265,
                        4
                    ],
                    [
                        138.78516174906142,
                        34.667995690707414,
                        8
                    ],
                    [
                        138.78501645431842,
                        34.668176287699495,
                        18
                    ],
                    [
                        138.78484895263372,
                        34.66824900113877,
                        21
                    ],
                    [
                        138.78451570962838,
                        34.66818236211186,
                        24
                    ],
                    [
                        138.78441585281422,
                        34.66806828089875,
                        20
                    ],
                    [
                        138.78418399969675,
                        34.66809518595325,
                        10
                    ],
                    [
                        138.7838742509501,
                        34.668067001409234,
                        22
                    ],
                    [
                        138.78362882342105,
                        34.66821502434653,
                        33
                    ],
                    [
                        138.78354228002013,
                        34.668274065360485,
                        39
                    ],
                    [
                        138.78354714361024,
                        34.66811129181622,
                        33
                    ],
                    [
                        138.7835935447245,
                        34.667778489575774,
                        18
                    ],
                    [
                        138.78373843116256,
                        34.6675587217153,
                        15
                    ],
                    [
                        138.78392219178374,
                        34.667368021679025,
                        11
                    ],
                    [
                        138.78376081837493,
                        34.66755152774913,
                        14
                    ],
                    [
                        138.78362157299256,
                        34.66777580047235,
                        14
                    ],
                    [
                        138.7836115958728,
                        34.66801245924793,
                        24
                    ],
                    [
                        138.78357259646714,
                        34.6682508647254,
                        37
                    ],
                    [
                        138.7833800164289,
                        34.66822552492285,
                        41
                    ],
                    [
                        138.78323481363404,
                        34.668058481551085,
                        31
                    ],
                    [
                        138.7828935003897,
                        34.66807384371072,
                        37
                    ],
                    [
                        138.78259788431623,
                        34.66819070841005,
                        50
                    ],
                    [
                        138.78242641564913,
                        34.668019798837,
                        56
                    ],
                    [
                        138.78254821802935,
                        34.66773532749709,
                        47
                    ],
                    [
                        138.78257748853974,
                        34.66748879843241,
                        32
                    ],
                    [
                        138.78262686213463,
                        34.66734928952962,
                        28
                    ],
                    [
                        138.7825266708942,
                        34.66719367674927,
                        19
                    ],
                    [
                        138.7825797699476,
                        34.666938511276896,
                        12
                    ],
                    [
                        138.78240244253212,
                        34.667106546709476,
                        33
                    ],
                    [
                        138.78234007400786,
                        34.66729120682441,
                        43
                    ],
                    [
                        138.7820999405093,
                        34.66741738017374,
                        54
                    ],
                    [
                        138.7820868527613,
                        34.66761314813474,
                        61
                    ],
                    [
                        138.78184391426657,
                        34.66767285994166,
                        68
                    ],
                    [
                        138.78155870964952,
                        34.66790343411669,
                        75
                    ],
                    [
                        138.78147909198194,
                        34.668064123224475,
                        82
                    ],
                    [
                        138.78127316928595,
                        34.6680900771449,
                        87
                    ],
                    [
                        138.78110131514217,
                        34.66821259223017,
                        91
                    ],
                    [
                        138.78094046561316,
                        34.6683433637244,
                        96
                    ],
                    [
                        138.78094215788266,
                        34.66854253850476,
                        103
                    ],
                    [
                        138.78072758447334,
                        34.66849985648011,
                        98
                    ],
                    [
                        138.78064999290905,
                        34.66886598670082,
                        102
                    ],
                    [
                        138.7806155984973,
                        34.66916642320052,
                        106
                    ],
                    [
                        138.7805593216841,
                        34.66937571074589,
                        110
                    ],
                    [
                        138.78043866226042,
                        34.669631605478976,
                        113
                    ],
                    [
                        138.78021142229284,
                        34.66982337911738,
                        115
                    ],
                    [
                        138.7802005452384,
                        34.670143830754505,
                        112
                    ],
                    [
                        138.7801415819719,
                        34.67044188875771,
                        112
                    ],
                    [
                        138.78011798514964,
                        34.67078095731618,
                        109
                    ],
                    [
                        138.78015080584507,
                        34.671124830642405,
                        112
                    ],
                    [
                        138.78008666535828,
                        34.671440589711736,
                        111
                    ],
                    [
                        138.78004064568552,
                        34.67171377267392,
                        106
                    ],
                    [
                        138.78034449678657,
                        34.67187295443474,
                        106
                    ],
                    [
                        138.78051647393227,
                        34.672132529532945,
                        103
                    ],
                    [
                        138.78043030654308,
                        34.67228246521928,
                        102
                    ],
                    [
                        138.78020288896664,
                        34.67252544745938,
                        100
                    ],
                    [
                        138.78027405143,
                        34.67284307200166,
                        107
                    ],
                    [
                        138.78061965126648,
                        34.67299588436699,
                        110
                    ],
                    [
                        138.78099455608682,
                        34.67320933846448,
                        109
                    ],
                    [
                        138.78118058148837,
                        34.67349609676061,
                        113
                    ],
                    [
                        138.7814017648108,
                        34.67379915922817,
                        120
                    ],
                    [
                        138.7817732258483,
                        34.67373226592292,
                        117
                    ],
                    [
                        138.78204524662328,
                        34.673505954413294,
                        110
                    ],
                    [
                        138.7823798377139,
                        34.673269917468694,
                        108
                    ],
                    [
                        138.78275205487537,
                        34.6732016417525,
                        109
                    ],
                    [
                        138.78308747651118,
                        34.67331433587058,
                        112
                    ],
                    [
                        138.78328453312378,
                        34.673577575745306,
                        114
                    ],
                    [
                        138.78325986160527,
                        34.67388430363722,
                        116
                    ],
                    [
                        138.78302862557163,
                        34.67415936261508,
                        123
                    ],
                    [
                        138.78259666660668,
                        34.6741977777851,
                        127
                    ],
                    [
                        138.7822099335721,
                        34.67412230805347,
                        130
                    ],
                    [
                        138.78183146776175,
                        34.674040552126755,
                        130
                    ],
                    [
                        138.78145217395652,
                        34.67413034981313,
                        134
                    ],
                    [
                        138.78118072131434,
                        34.67435563552208,
                        143
                    ],
                    [
                        138.7808522222088,
                        34.67455066631596,
                        155
                    ],
                    [
                        138.780494389982,
                        34.67441336380733,
                        159
                    ],
                    [
                        138.78040404744556,
                        34.674020207648375,
                        148
                    ],
                    [
                        138.7803107858905,
                        34.67369623528561,
                        144
                    ],
                    [
                        138.7800591520254,
                        34.673448094712015,
                        138
                    ],
                    [
                        138.77962606878023,
                        34.67350363345824,
                        134
                    ],
                    [
                        138.77946679442397,
                        34.67365353209466,
                        135
                    ],
                    [
                        138.7794803869495,
                        34.674000608353644,
                        139
                    ],
                    [
                        138.77966290903174,
                        34.67430513639756,
                        146
                    ],
                    [
                        138.7798265849522,
                        34.674607622232955,
                        153
                    ],
                    [
                        138.78002708234496,
                        34.67488532815265,
                        159
                    ],
                    [
                        138.780165449725,
                        34.67519848236463,
                        162
                    ],
                    [
                        138.78015403145622,
                        34.67556690283324,
                        161
                    ],
                    [
                        138.78026147052327,
                        34.676027597967675,
                        160
                    ],
                    [
                        138.7806202670505,
                        34.676381165297684,
                        160
                    ],
                    [
                        138.78099305985373,
                        34.67673953393308,
                        156
                    ],
                    [
                        138.78080131414129,
                        34.677236335006675,
                        150
                    ],
                    [
                        138.78056121412274,
                        34.67769145562466,
                        143
                    ],
                    [
                        138.78072067712029,
                        34.67807399409157,
                        142
                    ],
                    [
                        138.78107610846757,
                        34.678453398954574,
                        146
                    ],
                    [
                        138.78139753430455,
                        34.67878918632372,
                        144
                    ],
                    [
                        138.78176883480867,
                        34.67900888832116,
                        150
                    ],
                    [
                        138.78207814585443,
                        34.67928670740314,
                        148
                    ],
                    [
                        138.78218914399284,
                        34.6795978387472,
                        147
                    ],
                    [
                        138.78196876326456,
                        34.679927056397645,
                        148
                    ],
                    [
                        138.78153153437506,
                        34.68004888424274,
                        151
                    ],
                    [
                        138.78114970920043,
                        34.67998052116665,
                        154
                    ],
                    [
                        138.7807756635327,
                        34.67991919091166,
                        158
                    ],
                    [
                        138.78039549571474,
                        34.67982951808135,
                        163
                    ],
                    [
                        138.77999006233944,
                        34.679714709718176,
                        167
                    ],
                    [
                        138.77959006328814,
                        34.67975672558273,
                        170
                    ],
                    [
                        138.77929222050554,
                        34.6799618739288,
                        177
                    ],
                    [
                        138.77916366999204,
                        34.68026636149547,
                        183
                    ],
                    [
                        138.77894839656975,
                        34.68052783825211,
                        182
                    ],
                    [
                        138.77863078649827,
                        34.68069768035657,
                        181
                    ],
                    [
                        138.77824471207984,
                        34.68080401123244,
                        185
                    ],
                    [
                        138.77792233928986,
                        34.68094028290065,
                        186
                    ],
                    [
                        138.7777130336292,
                        34.68124317065899,
                        187
                    ],
                    [
                        138.77774959968275,
                        34.681555590763395,
                        185
                    ],
                    [
                        138.77798151001195,
                        34.68186779926329,
                        188
                    ],
                    [
                        138.77817628887328,
                        34.682173940705695,
                        192
                    ],
                    [
                        138.77815462654954,
                        34.68249282291453,
                        192
                    ],
                    [
                        138.77809563059176,
                        34.68282249367931,
                        191
                    ],
                    [
                        138.77808190684223,
                        34.68320029712692,
                        193
                    ],
                    [
                        138.7782160132814,
                        34.683509425299285,
                        195
                    ],
                    [
                        138.77846828775506,
                        34.683773450457146,
                        199
                    ],
                    [
                        138.77864438915674,
                        34.68407635901993,
                        199
                    ],
                    [
                        138.77857045632445,
                        34.684459124338666,
                        201
                    ],
                    [
                        138.77819673296779,
                        34.684546375353,
                        199
                    ],
                    [
                        138.77788603832374,
                        34.6848477307558,
                        197
                    ],
                    [
                        138.77744309289295,
                        34.68488021871239,
                        201
                    ],
                    [
                        138.77714576169535,
                        34.68451506074026,
                        201
                    ],
                    [
                        138.77684652948105,
                        34.68424503993721,
                        198
                    ],
                    [
                        138.7764929749471,
                        34.683873358641854,
                        197
                    ],
                    [
                        138.77611853520224,
                        34.68356834601626,
                        201
                    ],
                    [
                        138.77612125282636,
                        34.683283206932316,
                        202
                    ],
                    [
                        138.77602152506526,
                        34.68298117529891,
                        195
                    ],
                    [
                        138.7755175139633,
                        34.682823600417706,
                        194
                    ],
                    [
                        138.77511324169373,
                        34.682574599811026,
                        196
                    ],
                    [
                        138.77460129126325,
                        34.682486546559645,
                        192
                    ],
                    [
                        138.77416034767523,
                        34.682560858799086,
                        187
                    ],
                    [
                        138.77376828371496,
                        34.68257248179275,
                        182
                    ],
                    [
                        138.77337428946333,
                        34.682515822967765,
                        179
                    ],
                    [
                        138.77283872270021,
                        34.68236075084228,
                        179
                    ],
                    [
                        138.772365333568,
                        34.682192564345854,
                        179
                    ],
                    [
                        138.77182723482096,
                        34.682133563412066,
                        169
                    ],
                    [
                        138.77145759070237,
                        34.682350943374274,
                        167
                    ],
                    [
                        138.77093423481833,
                        34.68262188452296,
                        158
                    ],
                    [
                        138.77088985839123,
                        34.68297339287398,
                        150
                    ],
                    [
                        138.7708647930638,
                        34.68335515212191,
                        150
                    ],
                    [
                        138.77034278890315,
                        34.683510209798094,
                        143
                    ],
                    [
                        138.76982435902386,
                        34.68364101435482,
                        134
                    ],
                    [
                        138.7697779920385,
                        34.683968370255876,
                        133
                    ],
                    [
                        138.76949815577282,
                        34.68439217347241,
                        130
                    ],
                    [
                        138.76927895871728,
                        34.68477636509856,
                        122
                    ],
                    [
                        138.7692277004326,
                        34.68519330051854,
                        122
                    ],
                    [
                        138.76900702210145,
                        34.685614604771246,
                        116
                    ],
                    [
                        138.76893819382147,
                        34.68594697177177,
                        109
                    ],
                    [
                        138.76881841775352,
                        34.686215296882985,
                        110
                    ],
                    [
                        138.76861254536098,
                        34.685935991075524,
                        100
                    ],
                    [
                        138.7686687292847,
                        34.68550085064025,
                        98
                    ],
                    [
                        138.7684667271814,
                        34.685137307471564,
                        93
                    ],
                    [
                        138.7683123922352,
                        34.68471025080569,
                        82
                    ],
                    [
                        138.76840029655446,
                        34.68431616843518,
                        81
                    ],
                    [
                        138.76842026367987,
                        34.683956990973435,
                        78
                    ],
                    [
                        138.76850059291573,
                        34.683612589621184,
                        77
                    ],
                    [
                        138.76854239068928,
                        34.68326628342297,
                        77
                    ],
                    [
                        138.76857445315642,
                        34.68289912705776,
                        70
                    ],
                    [
                        138.76881854138134,
                        34.68253851097632,
                        66
                    ],
                    [
                        138.76857399103397,
                        34.682210559572816,
                        60
                    ],
                    [
                        138.7686414098345,
                        34.68184054742248,
                        52
                    ],
                    [
                        138.76846909627056,
                        34.681738957642224,
                        44
                    ],
                    [
                        138.7684124069046,
                        34.68217158667987,
                        49
                    ],
                    [
                        138.7683500717342,
                        34.68259267051337,
                        54
                    ],
                    [
                        138.7680720943721,
                        34.6828195354173,
                        56
                    ],
                    [
                        138.76770486763277,
                        34.68298741198726,
                        58
                    ],
                    [
                        138.76749453949344,
                        34.68325475583623,
                        55
                    ],
                    [
                        138.76756024959005,
                        34.68362019644286,
                        48
                    ],
                    [
                        138.76765607675927,
                        34.68382646246734,
                        44
                    ],
                    [
                        138.76784203663607,
                        34.68410332311722,
                        42
                    ],
                    [
                        138.76780891583547,
                        34.6844868464026,
                        41
                    ],
                    [
                        138.76766032529943,
                        34.684892478317444,
                        33
                    ],
                    [
                        138.76766920686615,
                        34.685274854483374,
                        34
                    ],
                    [
                        138.76738641973438,
                        34.68553073303127,
                        28
                    ],
                    [
                        138.767118344311,
                        34.6858183112319,
                        26
                    ],
                    [
                        138.7668750623359,
                        34.686105976906425,
                        21
                    ],
                    [
                        138.76672124710004,
                        34.68638503209398,
                        20
                    ],
                    [
                        138.76675994544556,
                        34.686709986419054,
                        22
                    ],
                    [
                        138.76659899755455,
                        34.68697557180684,
                        20
                    ],
                    [
                        138.76639532560017,
                        34.687159749174256,
                        17
                    ],
                    [
                        138.76610318967596,
                        34.68692914055453,
                        13
                    ],
                    [
                        138.765847781048,
                        34.68666917352323,
                        11
                    ],
                    [
                        138.76549430558947,
                        34.68654411041019,
                        7
                    ],
                    [
                        138.76513358193958,
                        34.686687093335145,
                        6
                    ],
                    [
                        138.7647843952039,
                        34.686842051431384,
                        7
                    ],
                    [
                        138.7644298061712,
                        34.686983420377295,
                        6
                    ],
                    [
                        138.76409452921496,
                        34.68712657992184,
                        7
                    ],
                    [
                        138.7637517529377,
                        34.68730866713288,
                        8
                    ],
                    [
                        138.76340038554963,
                        34.68748688793401,
                        6
                    ],
                    [
                        138.76311372262035,
                        34.687693464685275,
                        9
                    ],
                    [
                        138.76277977666143,
                        34.687894604366534,
                        6
                    ],
                    [
                        138.7624506920542,
                        34.68807612856761,
                        7
                    ],
                    [
                        138.7620733200749,
                        34.688229100530364,
                        8
                    ],
                    [
                        138.76170554732937,
                        34.68838569135618,
                        7
                    ],
                    [
                        138.76134772347189,
                        34.68856316518104,
                        8
                    ],
                    [
                        138.760990542523,
                        34.68874031037512,
                        10
                    ],
                    [
                        138.76061656205636,
                        34.688949783576064,
                        8
                    ],
                    [
                        138.76030021208894,
                        34.68918567831842,
                        8
                    ],
                    [
                        138.75999980452605,
                        34.68942875677987,
                        6
                    ],
                    [
                        138.75984461498342,
                        34.68968577607996,
                        6
                    ],
                    [
                        138.7602269905616,
                        34.689746481410374,
                        10
                    ],
                    [
                        138.76062153719406,
                        34.68972134295816,
                        12
                    ],
                    [
                        138.76101590781548,
                        34.68974792737677,
                        15
                    ],
                    [
                        138.76135753883497,
                        34.68983999743195,
                        19
                    ],
                    [
                        138.76155295970563,
                        34.690121774990914,
                        23
                    ],
                    [
                        138.76159434604202,
                        34.69029743822884,
                        25
                    ],
                    [
                        138.7612959930284,
                        34.69038743799509,
                        27
                    ],
                    [
                        138.76110962362083,
                        34.690429913988055,
                        31
                    ],
                    [
                        138.76153168197254,
                        34.69031291193993,
                        26
                    ],
                    [
                        138.76180174553332,
                        34.690104675636036,
                        26
                    ],
                    [
                        138.76190381535065,
                        34.6899249985122,
                        25
                    ],
                    [
                        138.7620179841798,
                        34.68962372343652,
                        27
                    ],
                    [
                        138.76205075288553,
                        34.68936713770631,
                        25
                    ],
                    [
                        138.76238430321442,
                        34.68938446426563,
                        31
                    ],
                    [
                        138.76279438279445,
                        34.68940824669082,
                        34
                    ],
                    [
                        138.76313201901792,
                        34.689351187154536,
                        34
                    ],
                    [
                        138.76349116980725,
                        34.689427966577455,
                        40
                    ],
                    [
                        138.76365005233956,
                        34.68966170965656,
                        45
                    ],
                    [
                        138.76381596742624,
                        34.68986735946939,
                        50
                    ],
                    [
                        138.76410707005002,
                        34.69008859373208,
                        53
                    ],
                    [
                        138.7643989390189,
                        34.68994932450126,
                        58
                    ],
                    [
                        138.76464668974486,
                        34.69014940338824,
                        65
                    ],
                    [
                        138.76479846513908,
                        34.69043998628169,
                        72
                    ],
                    [
                        138.76489356481525,
                        34.690745709805675,
                        79
                    ],
                    [
                        138.76495626360906,
                        34.69103937872911,
                        82
                    ],
                    [
                        138.76488990549427,
                        34.691346248612916,
                        86
                    ],
                    [
                        138.76460300414607,
                        34.69160920526289,
                        88
                    ],
                    [
                        138.7643131493276,
                        34.6918190494268,
                        89
                    ],
                    [
                        138.76462641124047,
                        34.69182040785877,
                        94
                    ],
                    [
                        138.76495594901473,
                        34.69165846900622,
                        99
                    ],
                    [
                        138.76490297396708,
                        34.69192320204503,
                        107
                    ],
                    [
                        138.76481299609057,
                        34.692207771799325,
                        112
                    ],
                    [
                        138.76460088167508,
                        34.6924883541422,
                        114
                    ],
                    [
                        138.7643560540518,
                        34.692757763171215,
                        120
                    ],
                    [
                        138.76396973480573,
                        34.692837955016245,
                        121
                    ],
                    [
                        138.76367011627417,
                        34.69298402435848,
                        119
                    ],
                    [
                        138.76333633691868,
                        34.693134513623576,
                        121
                    ],
                    [
                        138.76294011334102,
                        34.69310478491833,
                        121
                    ],
                    [
                        138.76260168869206,
                        34.69318351383634,
                        121
                    ],
                    [
                        138.76232013312125,
                        34.69342849173872,
                        126
                    ],
                    [
                        138.76205337715717,
                        34.69373029618793,
                        130
                    ],
                    [
                        138.76182850665776,
                        34.694003073363156,
                        135
                    ],
                    [
                        138.76151057052084,
                        34.69422474353618,
                        137
                    ],
                    [
                        138.7611323737595,
                        34.694317949859744,
                        141
                    ],
                    [
                        138.76086871888626,
                        34.69449799038428,
                        144
                    ],
                    [
                        138.76070329686735,
                        34.694835039550426,
                        155
                    ],
                    [
                        138.76045388343073,
                        34.695059644808964,
                        163
                    ],
                    [
                        138.760130885545,
                        34.695262099359624,
                        167
                    ],
                    [
                        138.75981182206613,
                        34.69546855411681,
                        167
                    ],
                    [
                        138.75962264831796,
                        34.6957609025275,
                        167
                    ],
                    [
                        138.75928100238747,
                        34.69599543979041,
                        165
                    ],
                    [
                        138.75898020300602,
                        34.69619276638737,
                        166
                    ],
                    [
                        138.75867845101453,
                        34.696399172167744,
                        169
                    ],
                    [
                        138.75842236404637,
                        34.696636645690305,
                        173
                    ],
                    [
                        138.75832349253562,
                        34.696929042173814,
                        178
                    ],
                    [
                        138.75829857909372,
                        34.69725007908852,
                        181
                    ],
                    [
                        138.75853670586386,
                        34.697497615850665,
                        185
                    ],
                    [
                        138.7589418665099,
                        34.69755507570181,
                        195
                    ],
                    [
                        138.7591139013311,
                        34.69790113868735,
                        189
                    ],
                    [
                        138.75922115167927,
                        34.698196743684434,
                        185
                    ],
                    [
                        138.7594719779761,
                        34.69845138674533,
                        189
                    ],
                    [
                        138.75978760343887,
                        34.69866837498572,
                        192
                    ],
                    [
                        138.76009217733343,
                        34.698832814802394,
                        194
                    ],
                    [
                        138.76047726626442,
                        34.69892298099305,
                        204
                    ],
                    [
                        138.76078128909148,
                        34.69916065600305,
                        209
                    ],
                    [
                        138.7607961994144,
                        34.699530918935565,
                        201
                    ],
                    [
                        138.76051220828427,
                        34.69982527829177,
                        198
                    ],
                    [
                        138.76012936046126,
                        34.69995057403113,
                        205
                    ],
                    [
                        138.75969790318177,
                        34.70002010693917,
                        207
                    ],
                    [
                        138.75935148939936,
                        34.70020505640622,
                        215
                    ],
                    [
                        138.75916545002136,
                        34.70044494816288,
                        224
                    ],
                    [
                        138.75906464777643,
                        34.70078911440033,
                        235
                    ],
                    [
                        138.75897200176544,
                        34.701109268504446,
                        238
                    ],
                    [
                        138.75884560703417,
                        34.70141080874307,
                        239
                    ],
                    [
                        138.75864653314196,
                        34.701790089497315,
                        235
                    ],
                    [
                        138.75858779583837,
                        34.702107324838614,
                        239
                    ],
                    [
                        138.7584895139625,
                        34.70245110242973,
                        241
                    ],
                    [
                        138.75834744724673,
                        34.7027711781479,
                        240
                    ],
                    [
                        138.75835748981422,
                        34.703133891328754,
                        243
                    ],
                    [
                        138.7583638032068,
                        34.70349647419686,
                        240
                    ],
                    [
                        138.75845070711335,
                        34.703840294069785,
                        245
                    ],
                    [
                        138.7586618187483,
                        34.70413806211944,
                        251
                    ],
                    [
                        138.75876983092954,
                        34.704465780162,
                        254
                    ],
                    [
                        138.7588133089168,
                        34.704785610416785,
                        252
                    ],
                    [
                        138.75885729338677,
                        34.70511468305362,
                        256
                    ],
                    [
                        138.7587771170047,
                        34.70543169183707,
                        260
                    ],
                    [
                        138.75880449309906,
                        34.70574375290241,
                        266
                    ],
                    [
                        138.7588250658935,
                        34.706105452905376,
                        271
                    ],
                    [
                        138.75881077096477,
                        34.706453928865756,
                        273
                    ],
                    [
                        138.75859505342785,
                        34.706764290763694,
                        273
                    ],
                    [
                        138.75857570976413,
                        34.70713429616953,
                        271
                    ],
                    [
                        138.75843578851277,
                        34.707492039499975,
                        267
                    ],
                    [
                        138.75836258549236,
                        34.70780551723274,
                        265
                    ],
                    [
                        138.7581607002218,
                        34.70803144321147,
                        265
                    ],
                    [
                        138.75784827383922,
                        34.70820479393066,
                        266
                    ],
                    [
                        138.757925206301,
                        34.70799621460825,
                        270
                    ],
                    [
                        138.75796732670176,
                        34.70810672702358,
                        270
                    ],
                    [
                        138.75800035042275,
                        34.70792755908022,
                        270
                    ],
                    [
                        138.75793089856285,
                        34.708143554013304,
                        271
                    ],
                    [
                        138.75779462549147,
                        34.70801991148667,
                        270
                    ],
                    [
                        138.75758347536652,
                        34.70784569494374,
                        272
                    ],
                    [
                        138.75755323732162,
                        34.70807833998847,
                        277
                    ],
                    [
                        138.75729910260984,
                        34.708089388051675,
                        284
                    ],
                    [
                        138.75700637847498,
                        34.70805045407984,
                        290
                    ],
                    [
                        138.7567266792544,
                        34.70801102046119,
                        297
                    ],
                    [
                        138.75646019278918,
                        34.70800122847915,
                        308
                    ],
                    [
                        138.75627561076098,
                        34.70799110092567,
                        315
                    ],
                    [
                        138.75604100164927,
                        34.70800670949332,
                        319
                    ],
                    [
                        138.75580939720248,
                        34.70796685596603,
                        327
                    ],
                    [
                        138.7556658206589,
                        34.70795483706574,
                        319
                    ],
                    [
                        138.75545236662205,
                        34.707961664927296,
                        338
                    ],
                    [
                        138.75540576051048,
                        34.70779099127533,
                        354
                    ],
                    [
                        138.7553734499146,
                        34.707571597879316,
                        365
                    ],
                    [
                        138.75532484532346,
                        34.70736814666269,
                        368
                    ],
                    [
                        138.7550450417113,
                        34.70734799605261,
                        369
                    ],
                    [
                        138.75483150967472,
                        34.707387472616496,
                        391
                    ],
                    [
                        138.75474430556682,
                        34.70711862663405,
                        401
                    ],
                    [
                        138.7546335772726,
                        34.707013914585346,
                        400
                    ],
                    [
                        138.75451421789276,
                        34.70718520286261,
                        419
                    ],
                    [
                        138.7544064158096,
                        34.70728302310351,
                        424
                    ],
                    [
                        138.7542653197087,
                        34.7071931271035,
                        423
                    ],
                    [
                        138.75422992814634,
                        34.70701350494628,
                        429
                    ],
                    [
                        138.75412076182943,
                        34.70674507057864,
                        439
                    ],
                    [
                        138.75399587342807,
                        34.70665850466502,
                        445
                    ],
                    [
                        138.75389742539778,
                        34.70681343611008,
                        452
                    ],
                    [
                        138.7536297528468,
                        34.70698382519648,
                        464
                    ],
                    [
                        138.75342983139845,
                        34.706932233783036,
                        471
                    ],
                    [
                        138.75323100234067,
                        34.7069516226345,
                        479
                    ],
                    [
                        138.75302499349675,
                        34.707070725330276,
                        487
                    ],
                    [
                        138.75282735772333,
                        34.7070505780627,
                        494
                    ],
                    [
                        138.75258792768687,
                        34.70704040454338,
                        502
                    ],
                    [
                        138.7524144403797,
                        34.70697293906956,
                        509
                    ],
                    [
                        138.75213579172356,
                        34.70702064404305,
                        518
                    ],
                    [
                        138.75191384708106,
                        34.70694461303865,
                        515
                    ],
                    [
                        138.75192113246513,
                        34.707286732811866,
                        516
                    ],
                    [
                        138.75196407922056,
                        34.70771682869321,
                        514
                    ],
                    [
                        138.75188200848152,
                        34.707906580645336,
                        509
                    ],
                    [
                        138.7515611273024,
                        34.708102535993014,
                        500
                    ],
                    [
                        138.75131047487517,
                        34.70823089470546,
                        488
                    ],
                    [
                        138.75117009611603,
                        34.70843930281482,
                        482
                    ],
                    [
                        138.75106708575476,
                        34.708289970579656,
                        482
                    ],
                    [
                        138.7508827445705,
                        34.708108479034784,
                        473
                    ],
                    [
                        138.75067652240057,
                        34.70789237914986,
                        464
                    ],
                    [
                        138.7505365148954,
                        34.708108263230336,
                        455
                    ],
                    [
                        138.75043069130254,
                        34.708454060992835,
                        450
                    ],
                    [
                        138.75035736088122,
                        34.70871020456558,
                        443
                    ],
                    [
                        138.7502402175384,
                        34.708898711237794,
                        433
                    ],
                    [
                        138.75035920009182,
                        34.70906682245443,
                        431
                    ],
                    [
                        138.75040804277458,
                        34.70918928677464,
                        428
                    ],
                    [
                        138.75011768369257,
                        34.709288702737545,
                        419
                    ],
                    [
                        138.75018352597692,
                        34.709420038255836,
                        415
                    ],
                    [
                        138.75031446944828,
                        34.709600830785554,
                        409
                    ],
                    [
                        138.75063211991662,
                        34.70956682792218,
                        407
                    ],
                    [
                        138.7506664574167,
                        34.70968538682871,
                        396
                    ],
                    [
                        138.75076303929634,
                        34.70985135142142,
                        388
                    ],
                    [
                        138.75098925892826,
                        34.710000447269536,
                        380
                    ],
                    [
                        138.75088415479576,
                        34.71013243130063,
                        368
                    ],
                    [
                        138.7508604446063,
                        34.71033172601296,
                        359
                    ],
                    [
                        138.75072972621777,
                        34.71042749712746,
                        350
                    ],
                    [
                        138.75060129331393,
                        34.71056438964095,
                        344
                    ],
                    [
                        138.75034408983143,
                        34.71077507833757,
                        334
                    ],
                    [
                        138.75003435751051,
                        34.71088068256503,
                        323
                    ],
                    [
                        138.7497784195674,
                        34.71105442412563,
                        306
                    ],
                    [
                        138.74946008361712,
                        34.71119136056528,
                        292
                    ],
                    [
                        138.74926041903694,
                        34.71125390054455,
                        285
                    ],
                    [
                        138.74916354162974,
                        34.71097127332713,
                        282
                    ],
                    [
                        138.74888720553608,
                        34.71078673777097,
                        280
                    ],
                    [
                        138.74858409523998,
                        34.710814909860346,
                        272
                    ],
                    [
                        138.748256332742,
                        34.71088025341361,
                        262
                    ],
                    [
                        138.74797253605973,
                        34.71104466564229,
                        252
                    ],
                    [
                        138.74771012814134,
                        34.71122935869731,
                        239
                    ],
                    [
                        138.74751978434293,
                        34.71142402955789,
                        230
                    ],
                    [
                        138.747297426037,
                        34.711510105904175,
                        223
                    ],
                    [
                        138.74707564676126,
                        34.71163055301723,
                        216
                    ],
                    [
                        138.74684456826319,
                        34.71163096178573,
                        208
                    ],
                    [
                        138.74670786974667,
                        34.711740408197464,
                        201
                    ],
                    [
                        138.74649487481568,
                        34.71190878772382,
                        192
                    ],
                    [
                        138.746305922312,
                        34.712124943505245,
                        182
                    ],
                    [
                        138.7459858454335,
                        34.71226926866266,
                        169
                    ],
                    [
                        138.74572927062542,
                        34.71242644838183,
                        159
                    ],
                    [
                        138.7455214902682,
                        34.712618808084464,
                        153
                    ],
                    [
                        138.74529801607278,
                        34.71285003652627,
                        146
                    ],
                    [
                        138.7451584413184,
                        34.71316222710172,
                        141
                    ],
                    [
                        138.74501207015868,
                        34.713346669298616,
                        134
                    ],
                    [
                        138.7449527524512,
                        34.71309612333031,
                        134
                    ],
                    [
                        138.7450084160909,
                        34.71280183012482,
                        134
                    ],
                    [
                        138.74503334476108,
                        34.712517380441824,
                        136
                    ],
                    [
                        138.74504126604663,
                        34.71221705939365,
                        135
                    ],
                    [
                        138.74467449333963,
                        34.712253558279535,
                        136
                    ],
                    [
                        138.74430312710567,
                        34.712194869846925,
                        132
                    ],
                    [
                        138.74418462415744,
                        34.712249266000356,
                        129
                    ],
                    [
                        138.74412270769918,
                        34.71252917525026,
                        125
                    ],
                    [
                        138.74431993459135,
                        34.71277344978537,
                        123
                    ],
                    [
                        138.744513584538,
                        34.71278189822425,
                        126
                    ],
                    [
                        138.7445336089088,
                        34.713051836219094,
                        123
                    ],
                    [
                        138.7444118034782,
                        34.71331650562318,
                        122
                    ],
                    [
                        138.74415409337024,
                        34.7135635181859,
                        116
                    ],
                    [
                        138.74424007652144,
                        34.71400780763418,
                        110
                    ],
                    [
                        138.7443255625985,
                        34.714448127428604,
                        103
                    ],
                    [
                        138.74456281244565,
                        34.71465016466798,
                        104
                    ],
                    [
                        138.7442701194165,
                        34.714653684253676,
                        99
                    ],
                    [
                        138.74409690036268,
                        34.714351447155494,
                        97
                    ],
                    [
                        138.74386182934037,
                        34.714470960383125,
                        92
                    ],
                    [
                        138.74388937583012,
                        34.71478255633551,
                        90
                    ],
                    [
                        138.74404390665973,
                        34.715063105452515,
                        90
                    ],
                    [
                        138.74419409203907,
                        34.71536175607715,
                        89
                    ],
                    [
                        138.74441138212202,
                        34.71563230550603,
                        85
                    ],
                    [
                        138.74468720962778,
                        34.71583991693088,
                        87
                    ],
                    [
                        138.7449574933668,
                        34.716124917252415,
                        79
                    ],
                    [
                        138.74528544236662,
                        34.716299892753796,
                        78
                    ],
                    [
                        138.74545325056997,
                        34.716533195474,
                        77
                    ],
                    [
                        138.74540685375433,
                        34.716967202780026,
                        74
                    ],
                    [
                        138.74561426731694,
                        34.71735494350396,
                        68
                    ],
                    [
                        138.74596149155994,
                        34.717657864027125,
                        59
                    ],
                    [
                        138.74630966537114,
                        34.717937728180715,
                        57
                    ],
                    [
                        138.74654964505356,
                        34.71831528021239,
                        54
                    ],
                    [
                        138.7468335648614,
                        34.718740108659006,
                        50
                    ],
                    [
                        138.74692402548817,
                        34.71908312032494,
                        46
                    ],
                    [
                        138.74680107154097,
                        34.71942239236771,
                        40
                    ],
                    [
                        138.74676107472098,
                        34.71976259489624,
                        38
                    ],
                    [
                        138.74687582916906,
                        34.72006964254017,
                        32
                    ],
                    [
                        138.74694229270068,
                        34.720411516474805,
                        27
                    ],
                    [
                        138.74672332131743,
                        34.72057892976386,
                        26
                    ],
                    [
                        138.74635282675024,
                        34.72069575491493,
                        31
                    ],
                    [
                        138.74610713607106,
                        34.720959657869194,
                        36
                    ],
                    [
                        138.7459856737024,
                        34.721276617862586,
                        31
                    ],
                    [
                        138.7456634119867,
                        34.72150737077419,
                        35
                    ],
                    [
                        138.74542267973084,
                        34.7217078574263,
                        31
                    ],
                    [
                        138.74519529885293,
                        34.721961950188835,
                        29
                    ],
                    [
                        138.7449884836365,
                        34.722093293701256,
                        30
                    ],
                    [
                        138.74483176586872,
                        34.722019624141105,
                        38
                    ],
                    [
                        138.74452679841065,
                        34.72193967385241,
                        45
                    ],
                    [
                        138.7442780417113,
                        34.72182742531374,
                        47
                    ],
                    [
                        138.744076093481,
                        34.721600891070246,
                        43
                    ],
                    [
                        138.74387113683585,
                        34.721472628499576,
                        48
                    ],
                    [
                        138.74364603294833,
                        34.72128012175386,
                        51
                    ],
                    [
                        138.74359217682488,
                        34.720976151544086,
                        45
                    ],
                    [
                        138.74352057692383,
                        34.72085076345515,
                        42
                    ],
                    [
                        138.74331066599345,
                        34.72057053179349,
                        32
                    ],
                    [
                        138.74317208729443,
                        34.720282365446266,
                        12
                    ],
                    [
                        138.74298529439795,
                        34.72012682363926,
                        7
                    ],
                    [
                        138.74271692841825,
                        34.719932426398856,
                        4
                    ],
                    [
                        138.74257327989284,
                        34.719810527367784,
                        1
                    ],
                    [
                        138.74251159592987,
                        34.71988951837531,
                        1
                    ],
                    [
                        138.74244177069997,
                        34.71962867770462,
                        2
                    ],
                    [
                        138.74235246450468,
                        34.719379518078696,
                        1
                    ],
                    [
                        138.74232685969648,
                        34.71921571865807,
                        5
                    ],
                    [
                        138.74250229210304,
                        34.71909331088722,
                        3
                    ],
                    [
                        138.74260656134473,
                        34.71893333541745,
                        3
                    ],
                    [
                        138.7424805077101,
                        34.71911038339144,
                        4
                    ],
                    [
                        138.7423726178902,
                        34.719367567033885,
                        2
                    ],
                    [
                        138.74247491785724,
                        34.71966882742654,
                        3
                    ],
                    [
                        138.74263315113592,
                        34.71983893000417,
                        9
                    ],
                    [
                        138.74288192888392,
                        34.71999454341405,
                        8
                    ],
                    [
                        138.74300525600538,
                        34.72015083949566,
                        9
                    ],
                    [
                        138.74327382919793,
                        34.720307779209826,
                        13
                    ],
                    [
                        138.74345358698855,
                        34.720561952547556,
                        17
                    ],
                    [
                        138.74363431952557,
                        34.720833371765046,
                        16
                    ],
                    [
                        138.74370043464714,
                        34.721072758819744,
                        20
                    ],
                    [
                        138.74377104402873,
                        34.721341317407905,
                        19
                    ],
                    [
                        138.74398141184986,
                        34.72148584038642,
                        26
                    ],
                    [
                        138.74414839658888,
                        34.72168422779631,
                        40
                    ],
                    [
                        138.74439957619728,
                        34.72183779506348,
                        46
                    ],
                    [
                        138.74470020381878,
                        34.72195312503456,
                        42
                    ],
                    [
                        138.74499725498438,
                        34.72205506662269,
                        30
                    ],
                    [
                        138.74490848846867,
                        34.722296911397805,
                        28
                    ],
                    [
                        138.74495424145357,
                        34.722580418047606,
                        27
                    ],
                    [
                        138.74494075392641,
                        34.72287759003867,
                        26
                    ],
                    [
                        138.74479869856205,
                        34.7232288026853,
                        24
                    ],
                    [
                        138.744700299643,
                        34.72355149952426,
                        17
                    ],
                    [
                        138.74456953282797,
                        34.72387451596961,
                        13
                    ],
                    [
                        138.7444992417414,
                        34.72415554531355,
                        14
                    ],
                    [
                        138.74438582715797,
                        34.72445173618852,
                        15
                    ],
                    [
                        138.74438163384758,
                        34.7248005970366,
                        11
                    ],
                    [
                        138.74432803612663,
                        34.72510134863319,
                        12
                    ],
                    [
                        138.74434185392172,
                        34.725296626389444,
                        14
                    ],
                    [
                        138.7442607793914,
                        34.725589006542506,
                        12
                    ],
                    [
                        138.74405754065384,
                        34.72587931032894,
                        10
                    ],
                    [
                        138.74394133423473,
                        34.7259676878111,
                        9
                    ],
                    [
                        138.74423875279226,
                        34.72598245246701,
                        9
                    ],
                    [
                        138.74454212844907,
                        34.7259930930944,
                        9
                    ],
                    [
                        138.74465666345537,
                        34.725871051583894,
                        12
                    ],
                    [
                        138.74479014418426,
                        34.725598078899324,
                        10
                    ],
                    [
                        138.74514816791176,
                        34.725525482554445,
                        11
                    ],
                    [
                        138.74546169594444,
                        34.725490811382535,
                        16
                    ],
                    [
                        138.74570660153202,
                        34.72549584692437,
                        21
                    ],
                    [
                        138.745770652742,
                        34.72568539095291,
                        27
                    ],
                    [
                        138.74566745818595,
                        34.72586346597543,
                        26
                    ],
                    [
                        138.7456757019327,
                        34.72604384324541,
                        30
                    ],
                    [
                        138.74576526535338,
                        34.72597942074935,
                        34
                    ],
                    [
                        138.7458544789779,
                        34.72610709771057,
                        49
                    ],
                    [
                        138.74595561284428,
                        34.726278902654464,
                        51
                    ],
                    [
                        138.74593300157244,
                        34.726450120922934,
                        55
                    ],
                    [
                        138.7459545829801,
                        34.72661999745328,
                        59
                    ],
                    [
                        138.7459335724994,
                        34.72680145495647,
                        58
                    ],
                    [
                        138.7458013864614,
                        34.726950321101135,
                        60
                    ],
                    [
                        138.74577761125096,
                        34.72713899268592,
                        55
                    ],
                    [
                        138.7458964047596,
                        34.727270205780535,
                        52
                    ],
                    [
                        138.74598304219842,
                        34.727438520503846,
                        53
                    ],
                    [
                        138.74616676079359,
                        34.72746125110362,
                        60
                    ],
                    [
                        138.7464104143534,
                        34.727467058607424,
                        67
                    ],
                    [
                        138.74661296719415,
                        34.727421536725366,
                        70
                    ],
                    [
                        138.74688071463137,
                        34.727488562810144,
                        71
                    ],
                    [
                        138.7470964812644,
                        34.72745858697173,
                        63
                    ],
                    [
                        138.74729975084017,
                        34.72738878930286,
                        67
                    ],
                    [
                        138.7475747353546,
                        34.72733760319264,
                        64
                    ],
                    [
                        138.74783564965693,
                        34.72741009096674,
                        59
                    ],
                    [
                        138.7480576790587,
                        34.72746488617348,
                        53
                    ],
                    [
                        138.74825845566687,
                        34.72740851577741,
                        56
                    ],
                    [
                        138.74846050731247,
                        34.72739487193391,
                        62
                    ],
                    [
                        138.748673356372,
                        34.72746743636833,
                        54
                    ],
                    [
                        138.7487863773671,
                        34.72770783736034,
                        44
                    ],
                    [
                        138.74878397563214,
                        34.72789500698642,
                        42
                    ],
                    [
                        138.74894039613275,
                        34.728016712458846,
                        48
                    ],
                    [
                        138.748796835887,
                        34.72819751475089,
                        47
                    ],
                    [
                        138.7489841819598,
                        34.728141310150825,
                        50
                    ],
                    [
                        138.74882982812971,
                        34.7279291580188,
                        44
                    ],
                    [
                        138.74853239467052,
                        34.728115289975186,
                        38
                    ],
                    [
                        138.74838685937243,
                        34.72837777753669,
                        37
                    ],
                    [
                        138.74852586799003,
                        34.728453030736894,
                        44
                    ],
                    [
                        138.74869612344136,
                        34.72866089829806,
                        57
                    ],
                    [
                        138.74884040582154,
                        34.7287638895796,
                        65
                    ],
                    [
                        138.74891876193186,
                        34.7289202981774,
                        72
                    ],
                    [
                        138.74908544021247,
                        34.72903902666616,
                        87
                    ],
                    [
                        138.74918711802587,
                        34.72914816615055,
                        97
                    ],
                    [
                        138.7490969738247,
                        34.72936902317601,
                        99
                    ],
                    [
                        138.74890684778185,
                        34.729377229824415,
                        99
                    ],
                    [
                        138.74899353327922,
                        34.7294681021866,
                        126
                    ],
                    [
                        138.74912552988602,
                        34.72954395108099,
                        131
                    ],
                    [
                        138.7491836812778,
                        34.729686509677656,
                        142
                    ],
                    [
                        138.74914708632306,
                        34.72993937395618,
                        134
                    ],
                    [
                        138.74919519492659,
                        34.730137324200285,
                        141
                    ],
                    [
                        138.7491351985255,
                        34.730372160887285,
                        148
                    ],
                    [
                        138.7490354509507,
                        34.730673241143606,
                        148
                    ],
                    [
                        138.74896675374086,
                        34.7309240672258,
                        146
                    ],
                    [
                        138.74875796837551,
                        34.73116373282268,
                        142
                    ],
                    [
                        138.7486569190665,
                        34.73135351982222,
                        141
                    ],
                    [
                        138.74871261953544,
                        34.73124283275991,
                        140
                    ],
                    [
                        138.74891677227555,
                        34.73103605745502,
                        144
                    ],
                    [
                        138.74905027426183,
                        34.73077768137625,
                        146
                    ],
                    [
                        138.7491106093002,
                        34.73044347055524,
                        145
                    ],
                    [
                        138.74932722890256,
                        34.73025231571088,
                        144
                    ],
                    [
                        138.74958606564115,
                        34.73007621410671,
                        146
                    ],
                    [
                        138.74983487918203,
                        34.7298923867071,
                        149
                    ],
                    [
                        138.75007709479735,
                        34.72994913280227,
                        160
                    ],
                    [
                        138.75012093604934,
                        34.73018271579764,
                        159
                    ],
                    [
                        138.75038452515892,
                        34.73036775061782,
                        160
                    ],
                    [
                        138.75065526048488,
                        34.73052954855432,
                        160
                    ],
                    [
                        138.75085859804545,
                        34.730690049886164,
                        156
                    ],
                    [
                        138.75108518587638,
                        34.73083378261283,
                        155
                    ],
                    [
                        138.7513278920617,
                        34.730906458890786,
                        154
                    ],
                    [
                        138.75154865115422,
                        34.73094618176961,
                        151
                    ],
                    [
                        138.7517930594408,
                        34.73102962724033,
                        148
                    ],
                    [
                        138.75194551081188,
                        34.73110436641371,
                        150
                    ],
                    [
                        138.75207441995175,
                        34.73133805568351,
                        142
                    ],
                    [
                        138.75219638898898,
                        34.73147180454921,
                        143
                    ],
                    [
                        138.75209066754115,
                        34.73172674051596,
                        138
                    ],
                    [
                        138.75197547180625,
                        34.73200372652647,
                        131
                    ],
                    [
                        138.75200987346744,
                        34.73229308934377,
                        132
                    ],
                    [
                        138.75203905470684,
                        34.73259398143792,
                        133
                    ],
                    [
                        138.7520225592555,
                        34.732737732454936,
                        133
                    ],
                    [
                        138.7520779816705,
                        34.73243224363205,
                        133
                    ],
                    [
                        138.7519814784555,
                        34.732156617870054,
                        138
                    ],
                    [
                        138.7520618034464,
                        34.731880658502526,
                        132
                    ],
                    [
                        138.7521820922816,
                        34.73161061349675,
                        138
                    ],
                    [
                        138.75217816439485,
                        34.73140284251552,
                        141
                    ],
                    [
                        138.7520048315038,
                        34.73120490811526,
                        140
                    ],
                    [
                        138.75200998001114,
                        34.73103680699005,
                        148
                    ],
                    [
                        138.75224272076093,
                        34.731010679911044,
                        145
                    ],
                    [
                        138.7525277373113,
                        34.731009601049564,
                        138
                    ],
                    [
                        138.7527327439377,
                        34.73105370869925,
                        130
                    ],
                    [
                        138.75287576968014,
                        34.730985629071114,
                        126
                    ],
                    [
                        138.75308836206676,
                        34.73108036304752,
                        112
                    ],
                    [
                        138.75319860665596,
                        34.73098506341719,
                        105
                    ],
                    [
                        138.75346822889986,
                        34.731000216516755,
                        95
                    ],
                    [
                        138.75366115192512,
                        34.731054457552816,
                        83
                    ],
                    [
                        138.7537942831576,
                        34.73075962474215,
                        82
                    ],
                    [
                        138.75405066839605,
                        34.73089948205198,
                        78
                    ],
                    [
                        138.754276835409,
                        34.73104145800165,
                        75
                    ],
                    [
                        138.75446994530546,
                        34.73107863087775,
                        70
                    ],
                    [
                        138.75456470415875,
                        34.73078850916697,
                        77
                    ],
                    [
                        138.75467383302495,
                        34.73062690007578,
                        85
                    ],
                    [
                        138.75499351289088,
                        34.730733962048006,
                        72
                    ],
                    [
                        138.7550768019206,
                        34.7308235564367,
                        59
                    ],
                    [
                        138.75526457713784,
                        34.730882373698975,
                        51
                    ],
                    [
                        138.75557133553812,
                        34.73076701926881,
                        48
                    ],
                    [
                        138.7558376428613,
                        34.73074199386698,
                        28
                    ],
                    [
                        138.75611732631444,
                        34.73078579385497,
                        23
                    ],
                    [
                        138.75599227532797,
                        34.73110042951313,
                        15
                    ],
                    [
                        138.7557622170368,
                        34.73133266995886,
                        14
                    ],
                    [
                        138.75611664179664,
                        34.73151377508649,
                        10
                    ],
                    [
                        138.756278236829,
                        34.73177873612356,
                        7
                    ],
                    [
                        138.75612905523633,
                        34.732081645069556,
                        8
                    ],
                    [
                        138.75608616560618,
                        34.73240764015451,
                        8
                    ],
                    [
                        138.75627195122465,
                        34.73269808595017,
                        8
                    ],
                    [
                        138.7566699839735,
                        34.732799844799146,
                        5
                    ],
                    [
                        138.75678775910595,
                        34.73282553182279,
                        11
                    ],
                    [
                        138.75699844354736,
                        34.732851453067646,
                        24
                    ],
                    [
                        138.75708148662983,
                        34.73300360242704,
                        31
                    ],
                    [
                        138.75735440600883,
                        34.733106403847295,
                        38
                    ],
                    [
                        138.75753775041414,
                        34.733287252909754,
                        43
                    ],
                    [
                        138.75772636516825,
                        34.73348071110238,
                        48
                    ],
                    [
                        138.75791199535777,
                        34.73356354997414,
                        49
                    ],
                    [
                        138.7581439336196,
                        34.73345703321582,
                        58
                    ],
                    [
                        138.75849177514183,
                        34.73350459299302,
                        66
                    ],
                    [
                        138.75870704539696,
                        34.73366837530335,
                        67
                    ],
                    [
                        138.75893151104205,
                        34.7337140104776,
                        67
                    ],
                    [
                        138.75921617545197,
                        34.73380959300857,
                        73
                    ],
                    [
                        138.7595261856472,
                        34.733947236048365,
                        73
                    ],
                    [
                        138.75976723616586,
                        34.734057308850495,
                        76
                    ],
                    [
                        138.76004584282066,
                        34.73410306464057,
                        81
                    ],
                    [
                        138.7603997997113,
                        34.73419804237398,
                        84
                    ],
                    [
                        138.7606443923408,
                        34.734158404893634,
                        89
                    ],
                    [
                        138.76091945939058,
                        34.73409570364078,
                        96
                    ],
                    [
                        138.76121865766186,
                        34.733986063999616,
                        101
                    ],
                    [
                        138.7614728830993,
                        34.73399751740355,
                        104
                    ],
                    [
                        138.76175240384532,
                        34.73402614391811,
                        106
                    ],
                    [
                        138.76196817808,
                        34.73403331351242,
                        108
                    ],
                    [
                        138.7622309861104,
                        34.73406890597886,
                        115
                    ],
                    [
                        138.7625220427718,
                        34.734157464178416,
                        120
                    ],
                    [
                        138.76272474482778,
                        34.734234702326305,
                        125
                    ],
                    [
                        138.7629338901903,
                        34.734176771793514,
                        127
                    ],
                    [
                        138.7632126053617,
                        34.734195362481714,
                        128
                    ],
                    [
                        138.76347294362836,
                        34.73413732523623,
                        131
                    ],
                    [
                        138.76375354137724,
                        34.73415118028984,
                        129
                    ],
                    [
                        138.76382774619648,
                        34.73428864205156,
                        127
                    ],
                    [
                        138.76377156282044,
                        34.73442834218649,
                        122
                    ],
                    [
                        138.7634962483427,
                        34.734636993653695,
                        112
                    ],
                    [
                        138.7634538958235,
                        34.734834252887005,
                        113
                    ],
                    [
                        138.7636671709152,
                        34.73499351368382,
                        119
                    ],
                    [
                        138.76389274871278,
                        34.735021080956926,
                        129
                    ],
                    [
                        138.7639856988722,
                        34.73527452301823,
                        125
                    ],
                    [
                        138.76418224253848,
                        34.735310814379986,
                        122
                    ],
                    [
                        138.76443843895586,
                        34.735320738686326,
                        127
                    ],
                    [
                        138.7647554057948,
                        34.73539175704716,
                        124
                    ],
                    [
                        138.76502259328456,
                        34.73546304055745,
                        122
                    ],
                    [
                        138.7653628865735,
                        34.73553932966039,
                        124
                    ],
                    [
                        138.76557643334007,
                        34.73579135899858,
                        116
                    ],
                    [
                        138.7658946710183,
                        34.73590370425653,
                        114
                    ],
                    [
                        138.76622359157736,
                        34.73597298347585,
                        115
                    ],
                    [
                        138.7665109159395,
                        34.73611728711849,
                        114
                    ],
                    [
                        138.76656687784163,
                        34.736343281440675,
                        106
                    ],
                    [
                        138.76639652386282,
                        34.73642004776817,
                        100
                    ],
                    [
                        138.76655934476506,
                        34.736680526515315,
                        97
                    ],
                    [
                        138.7666076400452,
                        34.736969445096946,
                        97
                    ],
                    [
                        138.76650374223973,
                        34.737291366939026,
                        99
                    ],
                    [
                        138.7666630229335,
                        34.73756657219357,
                        104
                    ],
                    [
                        138.76672713025025,
                        34.73787399763694,
                        111
                    ],
                    [
                        138.7667233904405,
                        34.73817134595409,
                        116
                    ],
                    [
                        138.76639421688654,
                        34.73827568058364,
                        118
                    ],
                    [
                        138.76608023356985,
                        34.73845251229389,
                        125
                    ],
                    [
                        138.76593720229798,
                        34.738752473030274,
                        126
                    ],
                    [
                        138.76602324917218,
                        34.73903137029689,
                        125
                    ],
                    [
                        138.76579048648478,
                        34.73916892984763,
                        118
                    ],
                    [
                        138.76560526104387,
                        34.739258801698995,
                        109
                    ],
                    [
                        138.7653901683107,
                        34.73938639852828,
                        100
                    ],
                    [
                        138.76519420826878,
                        34.739512384489814,
                        89
                    ],
                    [
                        138.76492279897855,
                        34.739602589421075,
                        82
                    ],
                    [
                        138.7645629954875,
                        34.73963456257258,
                        72
                    ],
                    [
                        138.76424382702643,
                        34.739666012446,
                        67
                    ],
                    [
                        138.763931586809,
                        34.7396465733343,
                        62
                    ],
                    [
                        138.76375168678405,
                        34.73961106183726,
                        57
                    ],
                    [
                        138.76343055566127,
                        34.739478016094324,
                        45
                    ],
                    [
                        138.76322357716458,
                        34.73935115172292,
                        38
                    ],
                    [
                        138.76308186502587,
                        34.73923253027853,
                        33
                    ],
                    [
                        138.7629583338733,
                        34.73940882920374,
                        36
                    ],
                    [
                        138.76288500841306,
                        34.73970748156656,
                        35
                    ],
                    [
                        138.76261222286954,
                        34.739929764729865,
                        38
                    ],
                    [
                        138.76244425691416,
                        34.740181626473806,
                        40
                    ],
                    [
                        138.76256154179273,
                        34.74049162935927,
                        51
                    ],
                    [
                        138.7624317167458,
                        34.74087341657223,
                        60
                    ],
                    [
                        138.762195771848,
                        34.74112350829723,
                        58
                    ],
                    [
                        138.76213947972116,
                        34.741442538869165,
                        56
                    ],
                    [
                        138.7623650122722,
                        34.741710964320866,
                        62
                    ],
                    [
                        138.76254075705236,
                        34.74186776943855,
                        69
                    ],
                    [
                        138.76270822761188,
                        34.74215257429754,
                        72
                    ],
                    [
                        138.7627459618079,
                        34.742472351700236,
                        76
                    ],
                    [
                        138.76245553177822,
                        34.74272493718713,
                        74
                    ],
                    [
                        138.76216583480354,
                        34.74296943849337,
                        76
                    ],
                    [
                        138.76189113657267,
                        34.743208482793435,
                        79
                    ],
                    [
                        138.76165472217485,
                        34.74345245206239,
                        85
                    ],
                    [
                        138.76152071553852,
                        34.74362533500825,
                        89
                    ],
                    [
                        138.7612572890312,
                        34.74402855904425,
                        92
                    ],
                    [
                        138.760930297801,
                        34.74424272815683,
                        88
                    ],
                    [
                        138.76081924649216,
                        34.74441484020415,
                        84
                    ],
                    [
                        138.76066368554513,
                        34.744583023090094,
                        81
                    ],
                    [
                        138.7604263086433,
                        34.74468562061622,
                        77
                    ],
                    [
                        138.7603121234398,
                        34.74482345791625,
                        73
                    ],
                    [
                        138.7600490587877,
                        34.7449758383446,
                        68
                    ],
                    [
                        138.7599082396734,
                        34.74515787280451,
                        58
                    ],
                    [
                        138.7598260003662,
                        34.74540263528669,
                        48
                    ],
                    [
                        138.75966967827986,
                        34.74560255659621,
                        40
                    ],
                    [
                        138.75944316325672,
                        34.74574945479986,
                        33
                    ],
                    [
                        138.75916857766194,
                        34.74580037298371,
                        27
                    ],
                    [
                        138.758918392028,
                        34.74597423736019,
                        19
                    ],
                    [
                        138.7591127646827,
                        34.74583517205098,
                        23
                    ],
                    [
                        138.75893419278663,
                        34.74579683752913,
                        24
                    ],
                    [
                        138.75865445336245,
                        34.74579581786092,
                        19
                    ],
                    [
                        138.7585209297932,
                        34.745947145935524,
                        15
                    ],
                    [
                        138.75866480725333,
                        34.746016786066555,
                        12
                    ],
                    [
                        138.75855047086395,
                        34.745840394134426,
                        23
                    ],
                    [
                        138.75839593916623,
                        34.74558089630969,
                        23
                    ],
                    [
                        138.75824675677302,
                        34.74532614194932,
                        25
                    ],
                    [
                        138.7580592061305,
                        34.74520152312563,
                        28
                    ],
                    [
                        138.75779316411106,
                        34.74494810347858,
                        29
                    ],
                    [
                        138.75760056994605,
                        34.74482393580419,
                        29
                    ],
                    [
                        138.7574026817524,
                        34.7446629598741,
                        29
                    ],
                    [
                        138.75729826819577,
                        34.744538875249525,
                        26
                    ],
                    [
                        138.75764618298913,
                        34.7444619251074,
                        29
                    ],
                    [
                        138.7578661393265,
                        34.74428563179008,
                        29
                    ],
                    [
                        138.75790637625758,
                        34.744160856181736,
                        30
                    ],
                    [
                        138.75816581131673,
                        34.74413613693888,
                        38
                    ],
                    [
                        138.75831032203448,
                        34.744051645477555,
                        46
                    ],
                    [
                        138.75845062603975,
                        34.74409216192765,
                        73
                    ],
                    [
                        138.75870967557722,
                        34.74405638881846,
                        71
                    ],
                    [
                        138.75886003696084,
                        34.74427541745274,
                        77
                    ],
                    [
                        138.75914992045668,
                        34.744376877058876,
                        85
                    ],
                    [
                        138.75942422013844,
                        34.744365680782366,
                        91
                    ],
                    [
                        138.75969049999648,
                        34.7443177420812,
                        92
                    ],
                    [
                        138.76002203398892,
                        34.74422122636338,
                        94
                    ],
                    [
                        138.76022306797964,
                        34.74402646410832,
                        98
                    ],
                    [
                        138.7605196352295,
                        34.743942261780866,
                        95
                    ],
                    [
                        138.76075010227967,
                        34.74390289694805,
                        93
                    ],
                    [
                        138.76108984639467,
                        34.74383992863952,
                        91
                    ],
                    [
                        138.76106547275685,
                        34.74408441221165,
                        86
                    ],
                    [
                        138.76111134254782,
                        34.74440129092993,
                        85
                    ],
                    [
                        138.76120131006667,
                        34.74476322733908,
                        85
                    ],
                    [
                        138.761331223412,
                        34.74509991204674,
                        84
                    ],
                    [
                        138.76143405000295,
                        34.745392355134605,
                        84
                    ],
                    [
                        138.7614725079225,
                        34.74572026526707,
                        88
                    ],
                    [
                        138.76147671181187,
                        34.7460411840842,
                        87
                    ],
                    [
                        138.7615643466604,
                        34.746349149249156,
                        88
                    ],
                    [
                        138.76179353556665,
                        34.74660812666804,
                        91
                    ],
                    [
                        138.76180784410928,
                        34.74694285182128,
                        97
                    ],
                    [
                        138.76160695295653,
                        34.74727010852715,
                        95
                    ],
                    [
                        138.7614132851652,
                        34.747552954537696,
                        98
                    ],
                    [
                        138.7614583756905,
                        34.74781397304149,
                        99
                    ],
                    [
                        138.76160083942978,
                        34.748116262174484,
                        97
                    ],
                    [
                        138.76163509177601,
                        34.748424594264954,
                        99
                    ],
                    [
                        138.76170051429997,
                        34.748757492865494,
                        98
                    ],
                    [
                        138.76180639154066,
                        34.749009969990176,
                        94
                    ],
                    [
                        138.76213953862262,
                        34.749041314927524,
                        96
                    ],
                    [
                        138.76249194362828,
                        34.74907209672948,
                        101
                    ],
                    [
                        138.76271728235983,
                        34.74924833084544,
                        104
                    ],
                    [
                        138.76282371057152,
                        34.749555025916,
                        92
                    ],
                    [
                        138.7630846999384,
                        34.74970024018374,
                        89
                    ],
                    [
                        138.76345603321087,
                        34.74977176463337,
                        87
                    ],
                    [
                        138.76347868547316,
                        34.74997073896325,
                        82
                    ],
                    [
                        138.7638722988673,
                        34.75038536877001,
                        77
                    ],
                    [
                        138.76404294966324,
                        34.75062403109754,
                        75
                    ],
                    [
                        138.76453480619068,
                        34.750549011739814,
                        80
                    ],
                    [
                        138.76495465591555,
                        34.750464462028184,
                        88
                    ],
                    [
                        138.76532867625983,
                        34.75017754991785,
                        87
                    ],
                    [
                        138.76572805502823,
                        34.74978598137439,
                        92
                    ],
                    [
                        138.7661592982576,
                        34.74939058533275,
                        97
                    ],
                    [
                        138.7667643337707,
                        34.74942596525337,
                        87
                    ],
                    [
                        138.7671390471707,
                        34.74985125638862,
                        74
                    ],
                    [
                        138.76729270893864,
                        34.750330551112015,
                        65
                    ],
                    [
                        138.76749236369164,
                        34.75082545277686,
                        60
                    ],
                    [
                        138.7678320309563,
                        34.7510204992991,
                        56
                    ],
                    [
                        138.7683224146211,
                        34.75087322988451,
                        62
                    ],
                    [
                        138.7689511613063,
                        34.75083018701198,
                        62
                    ],
                    [
                        138.7694908122128,
                        34.75104609813428,
                        56
                    ],
                    [
                        138.7696312590297,
                        34.75121506108405,
                        53
                    ],
                    [
                        138.7694494212116,
                        34.75119553900122,
                        52
                    ],
                    [
                        138.76919158181107,
                        34.75127610467426,
                        39
                    ],
                    [
                        138.76890426463444,
                        34.75112409004259,
                        41
                    ],
                    [
                        138.7679004719291,
                        34.751164538185236,
                        50
                    ],
                    [
                        138.7683958042835,
                        34.75126453157962,
                        29
                    ],
                    [
                        138.76841367688232,
                        34.75101167798978,
                        28
                    ],
                    [
                        138.76866239203517,
                        34.75103970143029,
                        29
                    ],
                    [
                        138.76898222206756,
                        34.75117429694235,
                        44
                    ],
                    [
                        138.7692246454082,
                        34.75125778651958,
                        43
                    ],
                    [
                        138.7693798303242,
                        34.75121965941356,
                        50
                    ],
                    [
                        138.76949892790708,
                        34.75145632324055,
                        48
                    ],
                    [
                        138.7695047480015,
                        34.751924208444315,
                        38
                    ],
                    [
                        138.7698730452398,
                        34.7520805370962,
                        40
                    ],
                    [
                        138.77032452381246,
                        34.75229478161304,
                        48
                    ],
                    [
                        138.77098161432045,
                        34.752606282404486,
                        49
                    ],
                    [
                        138.7711645919624,
                        34.752944592647914,
                        36
                    ],
                    [
                        138.77151581029102,
                        34.75305904451988,
                        36
                    ],
                    [
                        138.77191262973724,
                        34.75309850705189,
                        35
                    ],
                    [
                        138.77222082587042,
                        34.75288831938759,
                        39
                    ],
                    [
                        138.77274388959182,
                        34.75297859047784,
                        35
                    ],
                    [
                        138.77304855957263,
                        34.753232235324134,
                        26
                    ],
                    [
                        138.7733850160221,
                        34.75315415808547,
                        26
                    ],
                    [
                        138.7735724531719,
                        34.75275316908976,
                        30
                    ],
                    [
                        138.77371815228045,
                        34.752288670183944,
                        33
                    ],
                    [
                        138.7741218265145,
                        34.751917740968565,
                        26
                    ],
                    [
                        138.77425188467933,
                        34.75147843055749,
                        12
                    ],
                    [
                        138.77396642987452,
                        34.75114636746139,
                        16
                    ],
                    [
                        138.77363292911946,
                        34.750707744942474,
                        15
                    ],
                    [
                        138.7736930887763,
                        34.750351278922274,
                        9
                    ],
                    [
                        138.77391889808516,
                        34.75005519786408,
                        6
                    ],
                    [
                        138.7741870984476,
                        34.74985308846412,
                        5
                    ],
                    [
                        138.7745468055007,
                        34.749769133450926,
                        6
                    ],
                    [
                        138.77493119142093,
                        34.74969397976768,
                        8
                    ],
                    [
                        138.77530504740866,
                        34.74970450560817,
                        6
                    ],
                    [
                        138.77566628155498,
                        34.74979758133985,
                        6
                    ],
                    [
                        138.77603061791189,
                        34.74991371983253,
                        5
                    ],
                    [
                        138.77633719991826,
                        34.750005325248424,
                        6
                    ],
                    [
                        138.77639874157498,
                        34.749866461633836,
                        5
                    ],
                    [
                        138.77660775727924,
                        34.75013713591449,
                        6
                    ],
                    [
                        138.77698744825474,
                        34.75027189402245,
                        6
                    ],
                    [
                        138.777358884353,
                        34.7504207439635,
                        6
                    ],
                    [
                        138.7777316911828,
                        34.7505456466521,
                        6
                    ],
                    [
                        138.77808767531968,
                        34.75068252747436,
                        5
                    ],
                    [
                        138.7780191680636,
                        34.75098260140177,
                        5
                    ],
                    [
                        138.77784680421502,
                        34.751309591996396,
                        8
                    ],
                    [
                        138.7776910631036,
                        34.75159191061077,
                        7
                    ],
                    [
                        138.77754651889117,
                        34.75186441848715,
                        8
                    ],
                    [
                        138.7773806581341,
                        34.75217374669694,
                        8
                    ],
                    [
                        138.77719962845867,
                        34.7524983991281,
                        8
                    ],
                    [
                        138.77702213648763,
                        34.75281019994008,
                        8
                    ],
                    [
                        138.77685854883896,
                        34.753097857759215,
                        9
                    ],
                    [
                        138.77667454888595,
                        34.7533937417271,
                        8
                    ],
                    [
                        138.776698527802,
                        34.75371320931489,
                        6
                    ],
                    [
                        138.77689422350525,
                        34.753994578227385,
                        9
                    ],
                    [
                        138.77707234709843,
                        34.75427839712575,
                        9
                    ],
                    [
                        138.77727268190355,
                        34.75453978814753,
                        9
                    ],
                    [
                        138.77741266876276,
                        34.754725428339306,
                        10
                    ],
                    [
                        138.77762401817677,
                        34.75505850100539,
                        11
                    ],
                    [
                        138.77780364079936,
                        34.75534935213377,
                        9
                    ],
                    [
                        138.77799568688388,
                        34.75565813805645,
                        11
                    ],
                    [
                        138.77814067152966,
                        34.75595510032083,
                        9
                    ],
                    [
                        138.77816925764006,
                        34.756261337404545,
                        14
                    ],
                    [
                        138.7781583570988,
                        34.75658634877826,
                        10
                    ],
                    [
                        138.77816559916513,
                        34.75691828659997,
                        10
                    ],
                    [
                        138.77817413874067,
                        34.757235533240994,
                        10
                    ],
                    [
                        138.77852901880033,
                        34.757316216637676,
                        9
                    ],
                    [
                        138.77887739628565,
                        34.75739393065593,
                        10
                    ],
                    [
                        138.7789677050929,
                        34.75747535213989,
                        8
                    ]
                ]
            }
        }
    ]
}